  0
SECTION
  2
HEADER
  9
$ANGBASE
  50
0.0
  9
$ANGDIR
  70
1
  9
$MEASUREMENT
  70
0
  0
ENDSEC
  0
SECTION
  2
TABLES
  0
TABLE
  2
LTYPE
  70
4
  0
LTYPE
  5
40F
  2
CONTINUOUS
  70
0
  3
Solid line
  72
65
  73
0
  40
0.0
  0
LTYPE
  5
410
  2
DASHDOT
 70
0
  3
Dash Dot ____ _ ____ _
 72
65
 73
4
 40
2.0
 49
1.25
 49
-0.25
 49
0.25
 49
-0.25
  0
LTYPE
  5
411
  2
DASHED
 70
0
  3
Dashed __ __ __ __ __
 72
65
 73
2
 40
0.75
 49
0.5
 49
-0.25
  0
LTYPE
  5
43B
  2
DOTTED
 70
0
  3
Dotted .  .  .  .
 72
65
 73
2
 40
0.2
 49
0.0
 49
-0.2
  0
ENDTAB
  0
TABLE
  2
STYLE
  70
4
  0
STYLE
  2
KICAD
  70
0
  40
0
  41
1
  42
1
  50
0
  71
0
  3
isocp.shx
  0
STYLE
  2
KICADB
  70
0
  40
0
  41
1
  42
1
  50
0
  71
0
  3
isocp.shx
  0
STYLE
  2
KICADI
  70
0
  40
0
  41
1
  42
1
  50
15
  71
0
  3
isocp.shx
  0
STYLE
  2
KICADBI
  70
0
  40
0
  41
1
  42
1
  50
15
  71
0
  3
isocp.shx
  0
ENDTAB
  0
TABLE
  2
LAYER
  70
1
  0
LAYER
  2
BLACK
  70
0
  62
7
  6
CONTINUOUS
  0
ENDTAB
  0
ENDSEC
  0
SECTION
  2
ENTITIES
0
LINE
8
BLACK
6
CONTINUOUS
10
5.861565905511811
20
-4.6745926377952758
11
5.8621048425196847
21
-4.6758937007874017
0
LINE
8
BLACK
6
CONTINUOUS
10
5.8621048425196847
20
-4.6758937007874017
11
5.8621048425196847
21
-4.7039832677165352
0
LINE
8
BLACK
6
CONTINUOUS
10
5.8621048425196847
20
-4.7039832677165352
11
5.9058600393700784
21
-4.6852310629921261
0
LINE
8
BLACK
6
CONTINUOUS
10
5.9058600393700784
20
-4.6852310629921261
11
5.9072681889763778
21
-4.6852138976377953
0
LINE
8
BLACK
6
CONTINUOUS
10
5.9072681889763778
20
-4.6852138976377953
11
5.908276062992126
21
-4.6861974803149602
0
LINE
8
BLACK
6
CONTINUOUS
10
5.908276062992126
20
-4.6861974803149602
11
5.9082932283464569
21
-4.6876056299212596
0
LINE
8
BLACK
6
CONTINUOUS
10
5.9082932283464569
20
-4.6876056299212596
11
5.9073096456692911
21
-4.6886135039370078
0
LINE
8
BLACK
6
CONTINUOUS
10
5.9073096456692911
20
-4.6886135039370078
11
5.8609896456692914
21
-4.7084649212598428
0
LINE
8
BLACK
6
CONTINUOUS
10
5.8609896456692914
20
-4.7084649212598428
11
5.8606129133858262
21
-4.7084694881889764
0
LINE
8
BLACK
6
CONTINUOUS
10
5.8606129133858262
20
-4.7084694881889764
11
5.860264842519685
21
-4.7086137007874012
0
LINE
8
BLACK
6
CONTINUOUS
10
5.860264842519685
20
-4.7086137007874012
11
5.8599366535433068
21
-4.7084777559055118
0
LINE
8
BLACK
6
CONTINUOUS
10
5.8599366535433068
20
-4.7084777559055118
11
5.8595814960629919
21
-4.7084820866141728
0
LINE
8
BLACK
6
CONTINUOUS
10
5.8595814960629919
20
-4.7084820866141728
11
5.8593118503937003
21
-4.7082189370078735
0
LINE
8
BLACK
6
CONTINUOUS
10
5.8593118503937003
20
-4.7082189370078735
11
5.8589637795275591
21
-4.7080747637795275
0
LINE
8
BLACK
6
CONTINUOUS
10
5.8589637795275591
20
-4.7080747637795275
11
5.8588278346456688
21
-4.7077465748031493
0
LINE
8
BLACK
6
CONTINUOUS
10
5.8588278346456688
20
-4.7077465748031493
11
5.8585736220472437
21
-4.7074985039370079
0
LINE
8
BLACK
6
CONTINUOUS
10
5.8585736220472437
20
-4.7074985039370079
11
5.8585690157480315
21
-4.7071217716535436
0
LINE
8
BLACK
6
CONTINUOUS
10
5.8585690157480315
20
-4.7071217716535436
11
5.8584248425196845
21
-4.7067737007874015
0
LINE
8
BLACK
6
CONTINUOUS
10
5.8584248425196845
20
-4.7067737007874015
11
5.8584248425196845
21
-4.6758937007874017
0
LINE
8
BLACK
6
CONTINUOUS
10
5.8584248425196845
20
-4.6758937007874017
11
5.8589637795275591
21
-4.6745926377952758
0
LINE
8
BLACK
6
CONTINUOUS
10
5.8589637795275591
20
-4.6745926377952758
11
5.860264842519685
21
-4.6740537007874012
0
LINE
8
BLACK
6
CONTINUOUS
10
5.860264842519685
20
-4.6740537007874012
11
5.861565905511811
21
-4.6745926377952758
0
LINE
8
BLACK
6
CONTINUOUS
10
5.8085000787401571
20
-4.6764233070866137
11
5.8089272834645671
21
-4.6764536614173231
0
LINE
8
BLACK
6
CONTINUOUS
10
5.8089272834645671
20
-4.6764536614173231
11
5.8133387401574801
21
-4.6786593700787398
0
LINE
8
BLACK
6
CONTINUOUS
10
5.8133387401574801
20
-4.6786593700787398
11
5.8135371653543304
21
-4.6788881496062995
0
LINE
8
BLACK
6
CONTINUOUS
10
5.8135371653543304
20
-4.6788881496062995
11
5.8138169291338579
21
-4.67900405511811
0
LINE
8
BLACK
6
CONTINUOUS
10
5.8138169291338579
20
-4.67900405511811
11
5.8160226377952755
21
-4.6812097244094488
0
LINE
8
BLACK
6
CONTINUOUS
10
5.8160226377952755
20
-4.6812097244094488
11
5.8161385039370082
21
-4.6814895275590551
0
LINE
8
BLACK
6
CONTINUOUS
10
5.8161385039370082
20
-4.6814895275590551
11
5.8163673228346457
21
-4.6816879527559054
0
LINE
8
BLACK
6
CONTINUOUS
10
5.8163673228346457
20
-4.6816879527559054
11
5.8169272440944884
21
-4.6828078740157482
0
LINE
8
BLACK
6
CONTINUOUS
10
5.8169272440944884
20
-4.6828078740157482
11
5.8174872440944885
21
-4.6816879527559054
0
LINE
8
BLACK
6
CONTINUOUS
10
5.8174872440944885
20
-4.6816879527559054
11
5.8177160236220473
21
-4.6814894881889764
0
LINE
8
BLACK
6
CONTINUOUS
10
5.8177160236220473
20
-4.6814894881889764
11
5.8178319291338578
21
-4.6812097637795276
0
LINE
8
BLACK
6
CONTINUOUS
10
5.8178319291338578
20
-4.6812097637795276
11
5.8200375984251966
21
-4.67900405511811
0
LINE
8
BLACK
6
CONTINUOUS
10
5.8200375984251966
20
-4.67900405511811
11
5.8203174015748029
21
-4.6788881496062995
0
LINE
8
BLACK
6
CONTINUOUS
10
5.8203174015748029
20
-4.6788881496062995
11
5.8205158267716532
21
-4.6786593700787398
0
LINE
8
BLACK
6
CONTINUOUS
10
5.8205158267716532
20
-4.6786593700787398
11
5.8249273228346459
21
-4.6764536614173231
0
LINE
8
BLACK
6
CONTINUOUS
10
5.8249273228346459
20
-4.6764536614173231
11
5.8253544488188975
21
-4.6764233070866137
0
LINE
8
BLACK
6
CONTINUOUS
10
5.8253544488188975
20
-4.6764233070866137
11
5.8257501574803152
21
-4.6762594094488188
0
LINE
8
BLACK
6
CONTINUOUS
10
5.8257501574803152
20
-4.6762594094488188
11
5.8345729921259837
21
-4.6762594094488188
0
LINE
8
BLACK
6
CONTINUOUS
10
5.8345729921259837
20
-4.6762594094488188
11
5.8349686614173226
21
-4.6764233070866137
0
LINE
8
BLACK
6
CONTINUOUS
10
5.8349686614173226
20
-4.6764233070866137
11
5.8353958661417318
21
-4.6764536614173231
0
LINE
8
BLACK
6
CONTINUOUS
10
5.8353958661417318
20
-4.6764536614173231
11
5.8398072834645669
21
-4.6786593700787398
0
LINE
8
BLACK
6
CONTINUOUS
10
5.8398072834645669
20
-4.6786593700787398
11
5.8400056692913385
21
-4.6788881102362208
0
LINE
8
BLACK
6
CONTINUOUS
10
5.8400056692913385
20
-4.6788881102362208
11
5.8402854724409448
21
-4.6790040157480313
0
LINE
8
BLACK
6
CONTINUOUS
10
5.8402854724409448
20
-4.6790040157480313
11
5.8424912204724411
21
-4.6812097244094488
0
LINE
8
BLACK
6
CONTINUOUS
10
5.8424912204724411
20
-4.6812097244094488
11
5.8426070866141728
21
-4.6814895275590551
0
LINE
8
BLACK
6
CONTINUOUS
10
5.8426070866141728
20
-4.6814895275590551
11
5.8428359055118113
21
-4.6816879527559054
0
LINE
8
BLACK
6
CONTINUOUS
10
5.8428359055118113
20
-4.6816879527559054
11
5.845041614173228
21
-4.6860994488188972
0
LINE
8
BLACK
6
CONTINUOUS
10
5.845041614173228
20
-4.6860994488188972
11
5.8450719291338578
21
-4.6865265748031497
0
LINE
8
BLACK
6
CONTINUOUS
10
5.8450719291338578
20
-4.6865265748031497
11
5.8452358661417323
21
-4.6869222834645665
0
LINE
8
BLACK
6
CONTINUOUS
10
5.8452358661417323
20
-4.6869222834645665
11
5.8452358661417323
21
-4.6957451181102359
0
LINE
8
BLACK
6
CONTINUOUS
10
5.8452358661417323
20
-4.6957451181102359
11
5.8450719291338578
21
-4.6961407874015748
0
LINE
8
BLACK
6
CONTINUOUS
10
5.8450719291338578
20
-4.6961407874015748
11
5.845041614173228
21
-4.6965679527559052
0
LINE
8
BLACK
6
CONTINUOUS
10
5.845041614173228
20
-4.6965679527559052
11
5.8428359055118113
21
-4.7009794488188978
0
LINE
8
BLACK
6
CONTINUOUS
10
5.8428359055118113
20
-4.7009794488188978
11
5.8426070866141728
21
-4.7011778346456694
0
LINE
8
BLACK
6
CONTINUOUS
10
5.8426070866141728
20
-4.7011778346456694
11
5.8424912204724411
21
-4.7014576771653545
0
LINE
8
BLACK
6
CONTINUOUS
10
5.8424912204724411
20
-4.7014576771653545
11
5.8402854724409448
21
-4.7036633858267711
0
LINE
8
BLACK
6
CONTINUOUS
10
5.8402854724409448
20
-4.7036633858267711
11
5.8400056692913385
21
-4.7037792519685038
0
LINE
8
BLACK
6
CONTINUOUS
10
5.8400056692913385
20
-4.7037792519685038
11
5.8398072834645669
21
-4.7040080314960626
0
LINE
8
BLACK
6
CONTINUOUS
10
5.8398072834645669
20
-4.7040080314960626
11
5.8353958661417318
21
-4.7062137401574802
0
LINE
8
BLACK
6
CONTINUOUS
10
5.8353958661417318
20
-4.7062137401574802
11
5.8349686614173226
21
-4.7062440551181099
0
LINE
8
BLACK
6
CONTINUOUS
10
5.8349686614173226
20
-4.7062440551181099
11
5.8345729921259837
21
-4.7064079921259845
0
LINE
8
BLACK
6
CONTINUOUS
10
5.8345729921259837
20
-4.7064079921259845
11
5.8257501574803152
21
-4.7064079921259845
0
LINE
8
BLACK
6
CONTINUOUS
10
5.8257501574803152
20
-4.7064079921259845
11
5.8253544488188975
21
-4.7062440551181099
0
LINE
8
BLACK
6
CONTINUOUS
10
5.8253544488188975
20
-4.7062440551181099
11
5.8249273228346459
21
-4.7062137401574802
0
LINE
8
BLACK
6
CONTINUOUS
10
5.8249273228346459
20
-4.7062137401574802
11
5.8205158267716532
21
-4.7040080314960626
0
LINE
8
BLACK
6
CONTINUOUS
10
5.8205158267716532
20
-4.7040080314960626
11
5.8203174015748029
21
-4.703779212598425
0
LINE
8
BLACK
6
CONTINUOUS
10
5.8203174015748029
20
-4.703779212598425
11
5.8200375984251966
21
-4.7036633464566924
0
LINE
8
BLACK
6
CONTINUOUS
10
5.8200375984251966
20
-4.7036633464566924
11
5.8178319291338578
21
-4.7014576377952757
0
LINE
8
BLACK
6
CONTINUOUS
10
5.8178319291338578
20
-4.7014576377952757
11
5.8177160236220473
21
-4.7011778740157482
0
LINE
8
BLACK
6
CONTINUOUS
10
5.8177160236220473
20
-4.7011778740157482
11
5.8174872440944885
21
-4.7009794488188978
0
LINE
8
BLACK
6
CONTINUOUS
10
5.8174872440944885
20
-4.7009794488188978
11
5.8169272440944884
21
-4.6998594881889764
0
LINE
8
BLACK
6
CONTINUOUS
10
5.8169272440944884
20
-4.6998594881889764
11
5.8163673228346457
21
-4.7009794488188978
0
LINE
8
BLACK
6
CONTINUOUS
10
5.8163673228346457
20
-4.7009794488188978
11
5.8161385039370082
21
-4.7011778346456694
0
LINE
8
BLACK
6
CONTINUOUS
10
5.8161385039370082
20
-4.7011778346456694
11
5.8160226377952755
21
-4.7014576771653545
0
LINE
8
BLACK
6
CONTINUOUS
10
5.8160226377952755
20
-4.7014576771653545
11
5.8138169291338579
21
-4.7036633464566924
0
LINE
8
BLACK
6
CONTINUOUS
10
5.8138169291338579
20
-4.7036633464566924
11
5.8135371653543304
21
-4.703779212598425
0
LINE
8
BLACK
6
CONTINUOUS
10
5.8135371653543304
20
-4.703779212598425
11
5.8133387401574801
21
-4.7040080314960626
0
LINE
8
BLACK
6
CONTINUOUS
10
5.8133387401574801
20
-4.7040080314960626
11
5.8089272834645671
21
-4.7062137401574802
0
LINE
8
BLACK
6
CONTINUOUS
10
5.8089272834645671
20
-4.7062137401574802
11
5.8085000787401571
21
-4.7062440551181099
0
LINE
8
BLACK
6
CONTINUOUS
10
5.8085000787401571
20
-4.7062440551181099
11
5.808104409448819
21
-4.7064079921259845
0
LINE
8
BLACK
6
CONTINUOUS
10
5.808104409448819
20
-4.7064079921259845
11
5.8058987007874014
21
-4.7064079921259845
0
LINE
8
BLACK
6
CONTINUOUS
10
5.8058987007874014
20
-4.7064079921259845
11
5.8055029921259838
21
-4.7062440551181099
0
LINE
8
BLACK
6
CONTINUOUS
10
5.8055029921259838
20
-4.7062440551181099
11
5.8050758267716533
21
-4.7062137401574802
0
LINE
8
BLACK
6
CONTINUOUS
10
5.8050758267716533
20
-4.7062137401574802
11
5.8006644094488191
21
-4.7040080314960626
0
LINE
8
BLACK
6
CONTINUOUS
10
5.8006644094488191
20
-4.7040080314960626
11
5.8004659842519688
21
-4.703779212598425
0
LINE
8
BLACK
6
CONTINUOUS
10
5.8004659842519688
20
-4.703779212598425
11
5.8001861811023625
21
-4.7036633464566924
0
LINE
8
BLACK
6
CONTINUOUS
10
5.8001861811023625
20
-4.7036633464566924
11
5.7979805118110237
21
-4.7014576377952757
0
LINE
8
BLACK
6
CONTINUOUS
10
5.7979805118110237
20
-4.7014576377952757
11
5.7978646062992123
21
-4.7011778740157482
0
LINE
8
BLACK
6
CONTINUOUS
10
5.7978646062992123
20
-4.7011778740157482
11
5.7976358267716535
21
-4.7009794488188978
0
LINE
8
BLACK
6
CONTINUOUS
10
5.7976358267716535
20
-4.7009794488188978
11
5.7954301181102359
21
-4.696567992125984
0
LINE
8
BLACK
6
CONTINUOUS
10
5.7954301181102359
20
-4.696567992125984
11
5.7953997637795274
21
-4.6961407874015748
0
LINE
8
BLACK
6
CONTINUOUS
10
5.7953997637795274
20
-4.6961407874015748
11
5.7952358661417325
21
-4.6957451181102359
0
LINE
8
BLACK
6
CONTINUOUS
10
5.7952358661417325
20
-4.6957451181102359
11
5.7952358661417325
21
-4.6869222834645665
0
LINE
8
BLACK
6
CONTINUOUS
10
5.7952358661417325
20
-4.6869222834645665
11
5.7953997637795274
21
-4.6865265748031497
0
LINE
8
BLACK
6
CONTINUOUS
10
5.7953997637795274
20
-4.6865265748031497
11
5.7954301181102359
21
-4.6860994094488184
0
LINE
8
BLACK
6
CONTINUOUS
10
5.7954301181102359
20
-4.6860994094488184
11
5.7976358267716535
21
-4.6816879527559054
0
LINE
8
BLACK
6
CONTINUOUS
10
5.7976358267716535
20
-4.6816879527559054
11
5.7978646062992123
21
-4.6814894881889764
0
LINE
8
BLACK
6
CONTINUOUS
10
5.7978646062992123
20
-4.6814894881889764
11
5.7979805118110237
21
-4.6812097637795276
0
LINE
8
BLACK
6
CONTINUOUS
10
5.7979805118110237
20
-4.6812097637795276
11
5.8001861811023625
21
-4.67900405511811
0
LINE
8
BLACK
6
CONTINUOUS
10
5.8001861811023625
20
-4.67900405511811
11
5.8004659842519688
21
-4.6788881496062995
0
LINE
8
BLACK
6
CONTINUOUS
10
5.8004659842519688
20
-4.6788881496062995
11
5.8006644094488191
21
-4.6786593700787398
0
LINE
8
BLACK
6
CONTINUOUS
10
5.8006644094488191
20
-4.6786593700787398
11
5.8050758267716533
21
-4.6764536614173231
0
LINE
8
BLACK
6
CONTINUOUS
10
5.8050758267716533
20
-4.6764536614173231
11
5.8055029921259838
21
-4.6764233070866137
0
LINE
8
BLACK
6
CONTINUOUS
10
5.8055029921259838
20
-4.6764233070866137
11
5.8058987007874014
21
-4.6762594094488188
0
LINE
8
BLACK
6
CONTINUOUS
10
5.8058987007874014
20
-4.6762594094488188
11
5.808104409448819
21
-4.6762594094488188
0
LINE
8
BLACK
6
CONTINUOUS
10
5.808104409448819
20
-4.6762594094488188
11
5.8085000787401571
21
-4.6764233070866137
0
LINE
8
BLACK
6
CONTINUOUS
10
5.8025772047244093
20
-4.6818173228346458
11
5.8007937795275586
21
-4.6836007480314956
0
LINE
8
BLACK
6
CONTINUOUS
10
5.8007937795275586
20
-4.6836007480314956
11
5.7989158661417317
21
-4.6873566141732281
0
LINE
8
BLACK
6
CONTINUOUS
10
5.7989158661417317
20
-4.6873566141732281
11
5.7989158661417317
21
-4.6953107480314964
0
LINE
8
BLACK
6
CONTINUOUS
10
5.7989158661417317
20
-4.6953107480314964
11
5.8007937795275586
21
-4.699066614173228
0
LINE
8
BLACK
6
CONTINUOUS
10
5.8007937795275586
20
-4.699066614173228
11
5.8025772047244093
21
-4.7008500393700787
0
LINE
8
BLACK
6
CONTINUOUS
10
5.8025772047244093
20
-4.7008500393700787
11
5.8063330708661418
21
-4.7027279921259844
0
LINE
8
BLACK
6
CONTINUOUS
10
5.8063330708661418
20
-4.7027279921259844
11
5.8076700393700786
21
-4.7027279921259844
0
LINE
8
BLACK
6
CONTINUOUS
10
5.8076700393700786
20
-4.7027279921259844
11
5.8114259055118112
21
-4.7008500393700787
0
LINE
8
BLACK
6
CONTINUOUS
10
5.8114259055118112
20
-4.7008500393700787
11
5.813209330708661
21
-4.699066614173228
0
LINE
8
BLACK
6
CONTINUOUS
10
5.813209330708661
20
-4.699066614173228
11
5.8150872834645666
21
-4.6953107480314964
0
LINE
8
BLACK
6
CONTINUOUS
10
5.8150872834645666
20
-4.6953107480314964
11
5.8150872834645666
21
-4.6873566141732281
0
LINE
8
BLACK
6
CONTINUOUS
10
5.8150872834645666
20
-4.6873566141732281
11
5.813209330708661
21
-4.6836007480314956
0
LINE
8
BLACK
6
CONTINUOUS
10
5.813209330708661
20
-4.6836007480314956
11
5.8114259055118112
21
-4.6818173228346458
0
LINE
8
BLACK
6
CONTINUOUS
10
5.8114259055118112
20
-4.6818173228346458
11
5.8076700393700786
21
-4.6799394094488189
0
LINE
8
BLACK
6
CONTINUOUS
10
5.8076700393700786
20
-4.6799394094488189
11
5.8063330708661418
21
-4.6799394094488189
0
LINE
8
BLACK
6
CONTINUOUS
10
5.8063330708661418
20
-4.6799394094488189
11
5.8025772047244093
21
-4.6818173228346458
0
LINE
8
BLACK
6
CONTINUOUS
10
5.8224286220472443
20
-4.6818173228346458
11
5.8206451968503936
21
-4.6836007480314956
0
LINE
8
BLACK
6
CONTINUOUS
10
5.8206451968503936
20
-4.6836007480314956
11
5.8187672834645667
21
-4.6873566141732281
0
LINE
8
BLACK
6
CONTINUOUS
10
5.8187672834645667
20
-4.6873566141732281
11
5.8187672834645667
21
-4.6953107480314964
0
LINE
8
BLACK
6
CONTINUOUS
10
5.8187672834645667
20
-4.6953107480314964
11
5.8206451968503936
21
-4.699066614173228
0
LINE
8
BLACK
6
CONTINUOUS
10
5.8206451968503936
20
-4.699066614173228
11
5.8224286220472443
21
-4.7008500393700787
0
LINE
8
BLACK
6
CONTINUOUS
10
5.8224286220472443
20
-4.7008500393700787
11
5.8261845275590547
21
-4.7027279921259844
0
LINE
8
BLACK
6
CONTINUOUS
10
5.8261845275590547
20
-4.7027279921259844
11
5.8341386220472442
21
-4.7027279921259844
0
LINE
8
BLACK
6
CONTINUOUS
10
5.8341386220472442
20
-4.7027279921259844
11
5.8378944488188971
21
-4.7008500393700787
0
LINE
8
BLACK
6
CONTINUOUS
10
5.8378944488188971
20
-4.7008500393700787
11
5.8396779527559053
21
-4.6990665748031493
0
LINE
8
BLACK
6
CONTINUOUS
10
5.8396779527559053
20
-4.6990665748031493
11
5.8415558661417322
21
-4.6953107480314964
0
LINE
8
BLACK
6
CONTINUOUS
10
5.8415558661417322
20
-4.6953107480314964
11
5.8415558661417322
21
-4.6873566141732281
0
LINE
8
BLACK
6
CONTINUOUS
10
5.8415558661417322
20
-4.6873566141732281
11
5.8396779527559053
21
-4.6836007874015744
0
LINE
8
BLACK
6
CONTINUOUS
10
5.8396779527559053
20
-4.6836007874015744
11
5.8378944488188971
21
-4.6818173228346458
0
LINE
8
BLACK
6
CONTINUOUS
10
5.8378944488188971
20
-4.6818173228346458
11
5.8341386220472442
21
-4.6799394094488189
0
LINE
8
BLACK
6
CONTINUOUS
10
5.8341386220472442
20
-4.6799394094488189
11
5.8261845275590547
21
-4.6799394094488189
0
LINE
8
BLACK
6
CONTINUOUS
10
5.8261845275590547
20
-4.6799394094488189
11
5.8224286220472443
21
-4.6818173228346458
0
LINE
8
BLACK
6
CONTINUOUS
10
5.7491339763779523
20
-4.6725453543307083
11
5.7495611811023624
21
-4.6725757086614168
0
LINE
8
BLACK
6
CONTINUOUS
10
5.7495611811023624
20
-4.6725757086614168
11
5.7539725984251966
21
-4.6747814173228344
0
LINE
8
BLACK
6
CONTINUOUS
10
5.7539725984251966
20
-4.6747814173228344
11
5.7541710236220469
21
-4.6750101968503932
0
LINE
8
BLACK
6
CONTINUOUS
10
5.7541710236220469
20
-4.6750101968503932
11
5.7544507874015745
21
-4.6751261023622046
0
LINE
8
BLACK
6
CONTINUOUS
10
5.7544507874015745
20
-4.6751261023622046
11
5.756656496062992
21
-4.6773317716535434
0
LINE
8
BLACK
6
CONTINUOUS
10
5.756656496062992
20
-4.6773317716535434
11
5.7567723622047247
21
-4.6776115748031497
0
LINE
8
BLACK
6
CONTINUOUS
10
5.7567723622047247
20
-4.6776115748031497
11
5.7570011811023623
21
-4.67781
0
LINE
8
BLACK
6
CONTINUOUS
10
5.7570011811023623
20
-4.67781
11
5.7592069291338586
21
-4.682221456692913
0
LINE
8
BLACK
6
CONTINUOUS
10
5.7592069291338586
20
-4.682221456692913
11
5.7592372440944883
21
-4.6826486220472443
0
LINE
8
BLACK
6
CONTINUOUS
10
5.7592372440944883
20
-4.6826486220472443
11
5.759401181102362
21
-4.6830443307086611
0
LINE
8
BLACK
6
CONTINUOUS
10
5.759401181102362
20
-4.6830443307086611
11
5.759401181102362
21
-4.6918671653543305
0
LINE
8
BLACK
6
CONTINUOUS
10
5.759401181102362
20
-4.6918671653543305
11
5.7592372440944883
21
-4.6922628346456694
0
LINE
8
BLACK
6
CONTINUOUS
10
5.7592372440944883
20
-4.6922628346456694
11
5.7592069291338586
21
-4.6926900393700786
0
LINE
8
BLACK
6
CONTINUOUS
10
5.7592069291338586
20
-4.6926900393700786
11
5.7570011811023623
21
-4.6971014960629924
0
LINE
8
BLACK
6
CONTINUOUS
10
5.7570011811023623
20
-4.6971014960629924
11
5.7567723622047247
21
-4.697299881889764
0
LINE
8
BLACK
6
CONTINUOUS
10
5.7567723622047247
20
-4.697299881889764
11
5.756656496062992
21
-4.697579724409449
0
LINE
8
BLACK
6
CONTINUOUS
10
5.756656496062992
20
-4.697579724409449
11
5.7554718897637791
21
-4.6987642519685036
0
LINE
8
BLACK
6
CONTINUOUS
10
5.7554718897637791
20
-4.6987642519685036
11
5.7634227952755905
21
-4.6967765354330711
0
LINE
8
BLACK
6
CONTINUOUS
10
5.7634227952755905
20
-4.6967765354330711
11
5.7696231496062991
21
-4.6926429527559055
0
LINE
8
BLACK
6
CONTINUOUS
10
5.7696231496062991
20
-4.6926429527559055
11
5.7714889763779524
21
-4.6907771653543309
0
LINE
8
BLACK
6
CONTINUOUS
10
5.7714889763779524
20
-4.6907771653543309
11
5.7733668897637793
21
-4.6870213779527559
0
LINE
8
BLACK
6
CONTINUOUS
10
5.7733668897637793
20
-4.6870213779527559
11
5.7733668897637793
21
-4.6786328740157481
0
LINE
8
BLACK
6
CONTINUOUS
10
5.7733668897637793
20
-4.6786328740157481
11
5.773905826771653
21
-4.6773318110236222
0
LINE
8
BLACK
6
CONTINUOUS
10
5.773905826771653
20
-4.6773318110236222
11
5.7752068897637798
21
-4.6767928740157476
0
LINE
8
BLACK
6
CONTINUOUS
10
5.7752068897637798
20
-4.6767928740157476
11
5.7765079527559058
21
-4.6773318110236222
0
LINE
8
BLACK
6
CONTINUOUS
10
5.7765079527559058
20
-4.6773318110236222
11
5.7770468897637794
21
-4.6786328740157481
0
LINE
8
BLACK
6
CONTINUOUS
10
5.7770468897637794
20
-4.6786328740157481
11
5.7770468897637794
21
-4.6874557480314962
0
LINE
8
BLACK
6
CONTINUOUS
10
5.7770468897637794
20
-4.6874557480314962
11
5.7768829527559058
21
-4.6878514173228343
0
LINE
8
BLACK
6
CONTINUOUS
10
5.7768829527559058
20
-4.6878514173228343
11
5.7768526377952751
21
-4.6882786220472443
0
LINE
8
BLACK
6
CONTINUOUS
10
5.7768526377952751
20
-4.6882786220472443
11
5.7746469291338585
21
-4.6926900393700786
0
LINE
8
BLACK
6
CONTINUOUS
10
5.7746469291338585
20
-4.6926900393700786
11
5.77441811023622
21
-4.6928884251968501
0
LINE
8
BLACK
6
CONTINUOUS
10
5.77441811023622
20
-4.6928884251968501
11
5.7743022440944882
21
-4.6931682677165352
0
LINE
8
BLACK
6
CONTINUOUS
10
5.7743022440944882
20
-4.6931682677165352
11
5.7720964960629919
21
-4.6953739763779527
0
LINE
8
BLACK
6
CONTINUOUS
10
5.7720964960629919
20
-4.6953739763779527
11
5.7719214566929136
21
-4.6954464566929133
0
LINE
8
BLACK
6
CONTINUOUS
10
5.7719214566929136
20
-4.6954464566929133
11
5.7718161023622043
21
-4.6956038188976379
0
LINE
8
BLACK
6
CONTINUOUS
10
5.7718161023622043
20
-4.6956038188976379
11
5.7651989763779525
21
-4.7000153149606296
0
LINE
8
BLACK
6
CONTINUOUS
10
5.7651989763779525
20
-4.7000153149606296
11
5.7648831496062991
21
-4.7000777559055118
0
LINE
8
BLACK
6
CONTINUOUS
10
5.7648831496062991
20
-4.7000777559055118
11
5.7646245669291334
21
-4.7002694094488184
0
LINE
8
BLACK
6
CONTINUOUS
10
5.7646245669291334
20
-4.7002694094488184
11
5.7558016929133853
21
-4.702475118110236
0
LINE
8
BLACK
6
CONTINUOUS
10
5.7558016929133853
20
-4.702475118110236
11
5.7555709055118109
21
-4.7024407480314956
0
LINE
8
BLACK
6
CONTINUOUS
10
5.7555709055118109
20
-4.7024407480314956
11
5.7553554330708661
21
-4.7025300393700791
0
LINE
8
BLACK
6
CONTINUOUS
10
5.7553554330708661
20
-4.7025300393700791
11
5.7377097244094486
21
-4.7025300393700791
0
LINE
8
BLACK
6
CONTINUOUS
10
5.7377097244094486
20
-4.7025300393700791
11
5.7373140157480318
21
-4.7023661023622045
0
LINE
8
BLACK
6
CONTINUOUS
10
5.7373140157480318
20
-4.7023661023622045
11
5.7368868503937005
21
-4.7023357874015748
0
LINE
8
BLACK
6
CONTINUOUS
10
5.7368868503937005
20
-4.7023357874015748
11
5.7324754330708663
21
-4.7001300787401572
0
LINE
8
BLACK
6
CONTINUOUS
10
5.7324754330708663
20
-4.7001300787401572
11
5.732277007874016
21
-4.6999012598425196
0
LINE
8
BLACK
6
CONTINUOUS
10
5.732277007874016
20
-4.6999012598425196
11
5.7319972047244097
21
-4.699785393700787
0
LINE
8
BLACK
6
CONTINUOUS
10
5.7319972047244097
20
-4.699785393700787
11
5.7297915354330708
21
-4.6975796850393703
0
LINE
8
BLACK
6
CONTINUOUS
10
5.7297915354330708
20
-4.6975796850393703
11
5.7296756299212594
21
-4.6972999212598427
0
LINE
8
BLACK
6
CONTINUOUS
10
5.7296756299212594
20
-4.6972999212598427
11
5.7294468503937006
21
-4.6971014960629924
0
LINE
8
BLACK
6
CONTINUOUS
10
5.7294468503937006
20
-4.6971014960629924
11
5.727241141732283
21
-4.6926900393700786
0
LINE
8
BLACK
6
CONTINUOUS
10
5.727241141732283
20
-4.6926900393700786
11
5.7272107874015745
21
-4.6922628346456694
0
LINE
8
BLACK
6
CONTINUOUS
10
5.7272107874015745
20
-4.6922628346456694
11
5.7270468897637796
21
-4.6918671653543305
0
LINE
8
BLACK
6
CONTINUOUS
10
5.7270468897637796
20
-4.6918671653543305
11
5.7270468897637796
21
-4.6830443307086611
0
LINE
8
BLACK
6
CONTINUOUS
10
5.7270468897637796
20
-4.6830443307086611
11
5.7272107874015745
21
-4.6826486220472443
0
LINE
8
BLACK
6
CONTINUOUS
10
5.7272107874015745
20
-4.6826486220472443
11
5.727241141732283
21
-4.682221456692913
0
LINE
8
BLACK
6
CONTINUOUS
10
5.727241141732283
20
-4.682221456692913
11
5.7294468503937006
21
-4.67781
0
LINE
8
BLACK
6
CONTINUOUS
10
5.7294468503937006
20
-4.67781
11
5.7296756299212594
21
-4.677611535433071
0
LINE
8
BLACK
6
CONTINUOUS
10
5.7296756299212594
20
-4.677611535433071
11
5.7297915354330708
21
-4.6773318110236222
0
LINE
8
BLACK
6
CONTINUOUS
10
5.7297915354330708
20
-4.6773318110236222
11
5.7319972047244097
21
-4.6751261023622046
0
LINE
8
BLACK
6
CONTINUOUS
10
5.7319972047244097
20
-4.6751261023622046
11
5.732277007874016
21
-4.6750101968503932
0
LINE
8
BLACK
6
CONTINUOUS
10
5.732277007874016
20
-4.6750101968503932
11
5.7324754330708663
21
-4.6747814173228344
0
LINE
8
BLACK
6
CONTINUOUS
10
5.7324754330708663
20
-4.6747814173228344
11
5.7368868503937005
21
-4.6725757086614168
0
LINE
8
BLACK
6
CONTINUOUS
10
5.7368868503937005
20
-4.6725757086614168
11
5.7373140157480318
21
-4.6725453543307083
0
LINE
8
BLACK
6
CONTINUOUS
10
5.7373140157480318
20
-4.6725453543307083
11
5.7377097244094486
21
-4.6723814566929134
0
LINE
8
BLACK
6
CONTINUOUS
10
5.7377097244094486
20
-4.6723814566929134
11
5.7487383070866143
21
-4.6723814566929134
0
LINE
8
BLACK
6
CONTINUOUS
10
5.7487383070866143
20
-4.6723814566929134
11
5.7491339763779523
21
-4.6725453543307083
0
LINE
8
BLACK
6
CONTINUOUS
10
5.7343882283464565
20
-4.6779393700787404
11
5.7326048031496057
21
-4.6797227952755902
0
LINE
8
BLACK
6
CONTINUOUS
10
5.7326048031496057
20
-4.6797227952755902
11
5.7307268897637798
21
-4.6834786614173227
0
LINE
8
BLACK
6
CONTINUOUS
10
5.7307268897637798
20
-4.6834786614173227
11
5.7307268897637798
21
-4.6914327952755901
0
LINE
8
BLACK
6
CONTINUOUS
10
5.7307268897637798
20
-4.6914327952755901
11
5.7326048031496057
21
-4.6951886614173226
0
LINE
8
BLACK
6
CONTINUOUS
10
5.7326048031496057
20
-4.6951886614173226
11
5.7343882283464565
21
-4.6969720866141733
0
LINE
8
BLACK
6
CONTINUOUS
10
5.7343882283464565
20
-4.6969720866141733
11
5.738144094488189
21
-4.6988500393700789
0
LINE
8
BLACK
6
CONTINUOUS
10
5.738144094488189
20
-4.6988500393700789
11
5.7483039370078739
21
-4.6988500393700789
0
LINE
8
BLACK
6
CONTINUOUS
10
5.7483039370078739
20
-4.6988500393700789
11
5.7520598031496064
21
-4.6969720866141733
0
LINE
8
BLACK
6
CONTINUOUS
10
5.7520598031496064
20
-4.6969720866141733
11
5.7538431889763775
21
-4.6951886614173226
0
LINE
8
BLACK
6
CONTINUOUS
10
5.7538431889763775
20
-4.6951886614173226
11
5.7557211811023619
21
-4.6914327559055113
0
LINE
8
BLACK
6
CONTINUOUS
10
5.7557211811023619
20
-4.6914327559055113
11
5.7557211811023619
21
-4.6834787007874015
0
LINE
8
BLACK
6
CONTINUOUS
10
5.7557211811023619
20
-4.6834787007874015
11
5.7538431889763775
21
-4.6797227952755902
0
LINE
8
BLACK
6
CONTINUOUS
10
5.7538431889763775
20
-4.6797227952755902
11
5.7520598031496064
21
-4.6779393700787404
0
LINE
8
BLACK
6
CONTINUOUS
10
5.7520598031496064
20
-4.6779393700787404
11
5.7483039370078739
21
-4.6760614566929135
0
LINE
8
BLACK
6
CONTINUOUS
10
5.7483039370078739
20
-4.6760614566929135
11
5.738144094488189
21
-4.6760614566929135
0
LINE
8
BLACK
6
CONTINUOUS
10
5.738144094488189
20
-4.6760614566929135
11
5.7343882283464565
21
-4.6779393700787404
0
LINE
8
BLACK
6
CONTINUOUS
10
5.8446969291338577
20
-4.6326840551181103
11
5.8452358661417323
21
-4.6339851181102363
0
LINE
8
BLACK
6
CONTINUOUS
10
5.8452358661417323
20
-4.6339851181102363
11
5.8452358661417323
21
-4.6604537007874018
0
LINE
8
BLACK
6
CONTINUOUS
10
5.8452358661417323
20
-4.6604537007874018
11
5.8446969291338577
21
-4.6617547637795278
0
LINE
8
BLACK
6
CONTINUOUS
10
5.8446969291338577
20
-4.6617547637795278
11
5.8433958661417318
21
-4.6622937007874015
0
LINE
8
BLACK
6
CONTINUOUS
10
5.8433958661417318
20
-4.6622937007874015
11
5.8420948031496058
21
-4.6617547637795278
0
LINE
8
BLACK
6
CONTINUOUS
10
5.8420948031496058
20
-4.6617547637795278
11
5.8415558661417322
21
-4.6604537007874018
0
LINE
8
BLACK
6
CONTINUOUS
10
5.8415558661417322
20
-4.6604537007874018
11
5.8415558661417322
21
-4.6490594094488191
0
LINE
8
BLACK
6
CONTINUOUS
10
5.8415558661417322
20
-4.6490594094488191
11
5.7970758661417321
21
-4.6490594094488191
0
LINE
8
BLACK
6
CONTINUOUS
10
5.7970758661417321
20
-4.6490594094488191
11
5.7969008267716537
21
-4.6489868897637798
0
LINE
8
BLACK
6
CONTINUOUS
10
5.7969008267716537
20
-4.6489868897637798
11
5.7967149999999998
21
-4.6490236614173224
0
LINE
8
BLACK
6
CONTINUOUS
10
5.7967149999999998
20
-4.6490236614173224
11
5.796269803149606
21
-4.6487255118110236
0
LINE
8
BLACK
6
CONTINUOUS
10
5.796269803149606
20
-4.6487255118110236
11
5.7957748031496061
21
-4.6485204724409446
0
LINE
8
BLACK
6
CONTINUOUS
10
5.7957748031496061
20
-4.6485204724409446
11
5.7957022834645668
21
-4.6483454330708662
0
LINE
8
BLACK
6
CONTINUOUS
10
5.7957022834645668
20
-4.6483454330708662
11
5.7955448818897635
21
-4.6482400393700782
0
LINE
8
BLACK
6
CONTINUOUS
10
5.7955448818897635
20
-4.6482400393700782
11
5.7954409055118106
21
-4.6477144094488185
0
LINE
8
BLACK
6
CONTINUOUS
10
5.7954409055118106
20
-4.6477144094488185
11
5.7952358661417325
21
-4.6472194094488186
0
LINE
8
BLACK
6
CONTINUOUS
10
5.7952358661417325
20
-4.6472194094488186
11
5.795308346456693
21
-4.6470443700787403
0
LINE
8
BLACK
6
CONTINUOUS
10
5.795308346456693
20
-4.6470443700787403
11
5.7952716141732283
21
-4.6468585433070864
0
LINE
8
BLACK
6
CONTINUOUS
10
5.7952716141732283
20
-4.6468585433070864
11
5.7955697244094484
21
-4.6464133464566926
0
LINE
8
BLACK
6
CONTINUOUS
10
5.7955697244094484
20
-4.6464133464566926
11
5.7957748031496061
21
-4.6459183464566927
0
LINE
8
BLACK
6
CONTINUOUS
10
5.7957748031496061
20
-4.6459183464566927
11
5.7959498031496057
21
-4.6458458267716534
0
LINE
8
BLACK
6
CONTINUOUS
10
5.7959498031496057
20
-4.6458458267716534
11
5.7960552362204725
21
-4.64568842519685
0
LINE
8
BLACK
6
CONTINUOUS
10
5.7960552362204725
20
-4.64568842519685
11
5.8025207874015745
21
-4.6413780314960631
0
LINE
8
BLACK
6
CONTINUOUS
10
5.8025207874015745
20
-4.6413780314960631
11
5.8065922047244092
21
-4.6373065748031497
0
LINE
8
BLACK
6
CONTINUOUS
10
5.8065922047244092
20
-4.6373065748031497
11
5.8086644094488191
21
-4.6331622440944882
0
LINE
8
BLACK
6
CONTINUOUS
10
5.8086644094488191
20
-4.6331622440944882
11
5.8097283070866137
21
-4.6322395669291341
0
LINE
8
BLACK
6
CONTINUOUS
10
5.8097283070866137
20
-4.6322395669291341
11
5.8111330314960625
21
-4.6323393700787401
0
LINE
8
BLACK
6
CONTINUOUS
10
5.8111330314960625
20
-4.6323393700787401
11
5.8120557086614175
21
-4.6334032677165355
0
LINE
8
BLACK
6
CONTINUOUS
10
5.8120557086614175
20
-4.6334032677165355
11
5.8119559055118106
21
-4.6348079921259844
0
LINE
8
BLACK
6
CONTINUOUS
10
5.8119559055118106
20
-4.6348079921259844
11
5.8097501574803152
21
-4.6392194094488186
0
LINE
8
BLACK
6
CONTINUOUS
10
5.8097501574803152
20
-4.6392194094488186
11
5.8095213385826767
21
-4.6394178346456689
0
LINE
8
BLACK
6
CONTINUOUS
10
5.8095213385826767
20
-4.6394178346456689
11
5.809405472440945
21
-4.6396975984251965
0
LINE
8
BLACK
6
CONTINUOUS
10
5.809405472440945
20
-4.6396975984251965
11
5.8049940551181098
21
-4.6441090551181103
0
LINE
8
BLACK
6
CONTINUOUS
10
5.8049940551181098
20
-4.6441090551181103
11
5.8048190157480315
21
-4.6441815354330709
0
LINE
8
BLACK
6
CONTINUOUS
10
5.8048190157480315
20
-4.6441815354330709
11
5.8047136220472444
21
-4.644338976377953
0
LINE
8
BLACK
6
CONTINUOUS
10
5.8047136220472444
20
-4.644338976377953
11
5.8031529527559051
21
-4.645379409448819
0
LINE
8
BLACK
6
CONTINUOUS
10
5.8031529527559051
20
-4.645379409448819
11
5.8415558661417322
21
-4.645379409448819
0
LINE
8
BLACK
6
CONTINUOUS
10
5.8415558661417322
20
-4.645379409448819
11
5.8415558661417322
21
-4.6339851181102363
0
LINE
8
BLACK
6
CONTINUOUS
10
5.8415558661417322
20
-4.6339851181102363
11
5.8420948031496058
21
-4.6326840551181103
0
LINE
8
BLACK
6
CONTINUOUS
10
5.8420948031496058
20
-4.6326840551181103
11
5.8433958661417318
21
-4.6321451181102358
0
LINE
8
BLACK
6
CONTINUOUS
10
5.8433958661417318
20
-4.6321451181102358
11
5.8446969291338577
21
-4.6326840551181103
0
LINE
8
BLACK
6
CONTINUOUS
10
5.9078859055118107
20
-4.6326840551181103
11
5.9084248425196852
21
-4.6339851181102363
0
LINE
8
BLACK
6
CONTINUOUS
10
5.9084248425196852
20
-4.6339851181102363
11
5.9084248425196852
21
-4.6604537007874018
0
LINE
8
BLACK
6
CONTINUOUS
10
5.9084248425196852
20
-4.6604537007874018
11
5.9078859055118107
21
-4.6617547637795278
0
LINE
8
BLACK
6
CONTINUOUS
10
5.9078859055118107
20
-4.6617547637795278
11
5.9065848425196847
21
-4.6622937007874015
0
LINE
8
BLACK
6
CONTINUOUS
10
5.9065848425196847
20
-4.6622937007874015
11
5.9052837795275588
21
-4.6617547637795278
0
LINE
8
BLACK
6
CONTINUOUS
10
5.9052837795275588
20
-4.6617547637795278
11
5.9047448425196851
21
-4.6604537007874018
0
LINE
8
BLACK
6
CONTINUOUS
10
5.9047448425196851
20
-4.6604537007874018
11
5.9047448425196851
21
-4.6490594094488191
0
LINE
8
BLACK
6
CONTINUOUS
10
5.9047448425196851
20
-4.6490594094488191
11
5.860264842519685
21
-4.6490594094488191
0
LINE
8
BLACK
6
CONTINUOUS
10
5.860264842519685
20
-4.6490594094488191
11
5.8600898031496058
21
-4.6489868897637798
0
LINE
8
BLACK
6
CONTINUOUS
10
5.8600898031496058
20
-4.6489868897637798
11
5.8599039763779528
21
-4.6490236614173224
0
LINE
8
BLACK
6
CONTINUOUS
10
5.8599039763779528
20
-4.6490236614173224
11
5.859458779527559
21
-4.6487255118110236
0
LINE
8
BLACK
6
CONTINUOUS
10
5.859458779527559
20
-4.6487255118110236
11
5.8589637795275591
21
-4.6485204724409446
0
LINE
8
BLACK
6
CONTINUOUS
10
5.8589637795275591
20
-4.6485204724409446
11
5.8588912598425198
21
-4.6483454330708662
0
LINE
8
BLACK
6
CONTINUOUS
10
5.8588912598425198
20
-4.6483454330708662
11
5.8587338582677164
21
-4.6482400393700782
0
LINE
8
BLACK
6
CONTINUOUS
10
5.8587338582677164
20
-4.6482400393700782
11
5.8586298818897635
21
-4.6477144094488185
0
LINE
8
BLACK
6
CONTINUOUS
10
5.8586298818897635
20
-4.6477144094488185
11
5.8584248425196845
21
-4.6472194094488186
0
LINE
8
BLACK
6
CONTINUOUS
10
5.8584248425196845
20
-4.6472194094488186
11
5.858497322834646
21
-4.6470443700787403
0
LINE
8
BLACK
6
CONTINUOUS
10
5.858497322834646
20
-4.6470443700787403
11
5.8584605905511813
21
-4.6468585433070864
0
LINE
8
BLACK
6
CONTINUOUS
10
5.8584605905511813
20
-4.6468585433070864
11
5.8587587007874014
21
-4.6464133464566926
0
LINE
8
BLACK
6
CONTINUOUS
10
5.8587587007874014
20
-4.6464133464566926
11
5.8589637795275591
21
-4.6459183464566927
0
LINE
8
BLACK
6
CONTINUOUS
10
5.8589637795275591
20
-4.6459183464566927
11
5.8591387795275587
21
-4.6458458267716534
0
LINE
8
BLACK
6
CONTINUOUS
10
5.8591387795275587
20
-4.6458458267716534
11
5.8592442125984254
21
-4.64568842519685
0
LINE
8
BLACK
6
CONTINUOUS
10
5.8592442125984254
20
-4.64568842519685
11
5.8657097637795275
21
-4.6413780314960631
0
LINE
8
BLACK
6
CONTINUOUS
10
5.8657097637795275
20
-4.6413780314960631
11
5.8697811811023621
21
-4.6373065748031497
0
LINE
8
BLACK
6
CONTINUOUS
10
5.8697811811023621
20
-4.6373065748031497
11
5.8718533858267712
21
-4.6331622440944882
0
LINE
8
BLACK
6
CONTINUOUS
10
5.8718533858267712
20
-4.6331622440944882
11
5.8729172834645667
21
-4.6322395669291341
0
LINE
8
BLACK
6
CONTINUOUS
10
5.8729172834645667
20
-4.6322395669291341
11
5.8743220078740155
21
-4.6323393700787401
0
LINE
8
BLACK
6
CONTINUOUS
10
5.8743220078740155
20
-4.6323393700787401
11
5.8752446850393696
21
-4.6334032677165355
0
LINE
8
BLACK
6
CONTINUOUS
10
5.8752446850393696
20
-4.6334032677165355
11
5.8751448818897636
21
-4.6348079921259844
0
LINE
8
BLACK
6
CONTINUOUS
10
5.8751448818897636
20
-4.6348079921259844
11
5.8729391338582673
21
-4.6392194094488186
0
LINE
8
BLACK
6
CONTINUOUS
10
5.8729391338582673
20
-4.6392194094488186
11
5.8727103149606297
21
-4.6394178346456689
0
LINE
8
BLACK
6
CONTINUOUS
10
5.8727103149606297
20
-4.6394178346456689
11
5.8725944488188979
21
-4.6396975984251965
0
LINE
8
BLACK
6
CONTINUOUS
10
5.8725944488188979
20
-4.6396975984251965
11
5.8681830314960628
21
-4.6441090551181103
0
LINE
8
BLACK
6
CONTINUOUS
10
5.8681830314960628
20
-4.6441090551181103
11
5.8680079921259845
21
-4.6441815354330709
0
LINE
8
BLACK
6
CONTINUOUS
10
5.8680079921259845
20
-4.6441815354330709
11
5.8679025984251965
21
-4.644338976377953
0
LINE
8
BLACK
6
CONTINUOUS
10
5.8679025984251965
20
-4.644338976377953
11
5.8663419291338581
21
-4.645379409448819
0
LINE
8
BLACK
6
CONTINUOUS
10
5.8663419291338581
20
-4.645379409448819
11
5.9047448425196851
21
-4.645379409448819
0
LINE
8
BLACK
6
CONTINUOUS
10
5.9047448425196851
20
-4.645379409448819
11
5.9047448425196851
21
-4.6339851181102363
0
LINE
8
BLACK
6
CONTINUOUS
10
5.9047448425196851
20
-4.6339851181102363
11
5.9052837795275588
21
-4.6326840551181103
0
LINE
8
BLACK
6
CONTINUOUS
10
5.9052837795275588
20
-4.6326840551181103
11
5.9065848425196847
21
-4.6321451181102358
0
LINE
8
BLACK
6
CONTINUOUS
10
5.9065848425196847
20
-4.6321451181102358
11
5.9078859055118107
21
-4.6326840551181103
0
LINE
8
BLACK
6
CONTINUOUS
10
5.7765079527559058
20
-4.6288061023622049
11
5.7770468897637794
21
-4.6301071653543309
0
LINE
8
BLACK
6
CONTINUOUS
10
5.7770468897637794
20
-4.6301071653543309
11
5.7770468897637794
21
-4.6565757480314955
0
LINE
8
BLACK
6
CONTINUOUS
10
5.7770468897637794
20
-4.6565757480314955
11
5.7765079527559058
21
-4.6578768110236215
0
LINE
8
BLACK
6
CONTINUOUS
10
5.7765079527559058
20
-4.6578768110236215
11
5.7752068897637798
21
-4.6584157480314961
0
LINE
8
BLACK
6
CONTINUOUS
10
5.7752068897637798
20
-4.6584157480314961
11
5.773905826771653
21
-4.6578768110236215
0
LINE
8
BLACK
6
CONTINUOUS
10
5.773905826771653
20
-4.6578768110236215
11
5.7733668897637793
21
-4.6565757480314955
0
LINE
8
BLACK
6
CONTINUOUS
10
5.7733668897637793
20
-4.6565757480314955
11
5.7733668897637793
21
-4.6451814566929137
0
LINE
8
BLACK
6
CONTINUOUS
10
5.7733668897637793
20
-4.6451814566929137
11
5.7288868897637792
21
-4.6451814566929137
0
LINE
8
BLACK
6
CONTINUOUS
10
5.7288868897637792
20
-4.6451814566929137
11
5.7287118503937009
21
-4.6451089370078735
0
LINE
8
BLACK
6
CONTINUOUS
10
5.7287118503937009
20
-4.6451089370078735
11
5.728526023622047
21
-4.645145708661417
0
LINE
8
BLACK
6
CONTINUOUS
10
5.728526023622047
20
-4.645145708661417
11
5.7280808267716532
21
-4.6448475590551181
0
LINE
8
BLACK
6
CONTINUOUS
10
5.7280808267716532
20
-4.6448475590551181
11
5.7275858267716533
21
-4.6446425196850392
0
LINE
8
BLACK
6
CONTINUOUS
10
5.7275858267716533
20
-4.6446425196850392
11
5.727513307086614
21
-4.6444674803149608
0
LINE
8
BLACK
6
CONTINUOUS
10
5.727513307086614
20
-4.6444674803149608
11
5.7273559055118106
21
-4.6443620866141728
0
LINE
8
BLACK
6
CONTINUOUS
10
5.7273559055118106
20
-4.6443620866141728
11
5.7272519291338577
21
-4.6438364566929131
0
LINE
8
BLACK
6
CONTINUOUS
10
5.7272519291338577
20
-4.6438364566929131
11
5.7270468897637796
21
-4.6433414566929132
0
LINE
8
BLACK
6
CONTINUOUS
10
5.7270468897637796
20
-4.6433414566929132
11
5.7271193700787402
21
-4.6431664173228349
0
LINE
8
BLACK
6
CONTINUOUS
10
5.7271193700787402
20
-4.6431664173228349
11
5.7270826377952755
21
-4.642980590551181
0
LINE
8
BLACK
6
CONTINUOUS
10
5.7270826377952755
20
-4.642980590551181
11
5.7273807480314955
21
-4.6425353937007872
0
LINE
8
BLACK
6
CONTINUOUS
10
5.7273807480314955
20
-4.6425353937007872
11
5.7275858267716533
21
-4.6420403937007872
0
LINE
8
BLACK
6
CONTINUOUS
10
5.7275858267716533
20
-4.6420403937007872
11
5.7277608267716538
21
-4.641967874015748
0
LINE
8
BLACK
6
CONTINUOUS
10
5.7277608267716538
20
-4.641967874015748
11
5.7278662598425196
21
-4.6418104724409446
0
LINE
8
BLACK
6
CONTINUOUS
10
5.7278662598425196
20
-4.6418104724409446
11
5.7343318110236217
21
-4.6375000787401577
0
LINE
8
BLACK
6
CONTINUOUS
10
5.7343318110236217
20
-4.6375000787401577
11
5.7384032283464563
21
-4.6334286220472443
0
LINE
8
BLACK
6
CONTINUOUS
10
5.7384032283464563
20
-4.6334286220472443
11
5.7404754330708663
21
-4.6292842913385828
0
LINE
8
BLACK
6
CONTINUOUS
10
5.7404754330708663
20
-4.6292842913385828
11
5.7415393307086608
21
-4.6283616141732287
0
LINE
8
BLACK
6
CONTINUOUS
10
5.7415393307086608
20
-4.6283616141732287
11
5.7429440551181097
21
-4.6284614173228347
0
LINE
8
BLACK
6
CONTINUOUS
10
5.7429440551181097
20
-4.6284614173228347
11
5.7438667322834647
21
-4.6295253149606301
0
LINE
8
BLACK
6
CONTINUOUS
10
5.7438667322834647
20
-4.6295253149606301
11
5.7437669291338578
21
-4.630930039370079
0
LINE
8
BLACK
6
CONTINUOUS
10
5.7437669291338578
20
-4.630930039370079
11
5.7415611811023624
21
-4.6353414566929132
0
LINE
8
BLACK
6
CONTINUOUS
10
5.7415611811023624
20
-4.6353414566929132
11
5.7413323622047239
21
-4.6355398818897635
0
LINE
8
BLACK
6
CONTINUOUS
10
5.7413323622047239
20
-4.6355398818897635
11
5.7412164960629921
21
-4.6358196456692911
0
LINE
8
BLACK
6
CONTINUOUS
10
5.7412164960629921
20
-4.6358196456692911
11
5.736805078740157
21
-4.6402311023622049
0
LINE
8
BLACK
6
CONTINUOUS
10
5.736805078740157
20
-4.6402311023622049
11
5.7366300393700786
21
-4.6403035826771655
0
LINE
8
BLACK
6
CONTINUOUS
10
5.7366300393700786
20
-4.6403035826771655
11
5.7365246456692915
21
-4.6404610236220467
0
LINE
8
BLACK
6
CONTINUOUS
10
5.7365246456692915
20
-4.6404610236220467
11
5.7349639763779523
21
-4.6415014566929136
0
LINE
8
BLACK
6
CONTINUOUS
10
5.7349639763779523
20
-4.6415014566929136
11
5.7733668897637793
21
-4.6415014566929136
0
LINE
8
BLACK
6
CONTINUOUS
10
5.7733668897637793
20
-4.6415014566929136
11
5.7733668897637793
21
-4.6301071653543309
0
LINE
8
BLACK
6
CONTINUOUS
10
5.7733668897637793
20
-4.6301071653543309
11
5.773905826771653
21
-4.6288061023622049
0
LINE
8
BLACK
6
CONTINUOUS
10
5.773905826771653
20
-4.6288061023622049
11
5.7752068897637798
21
-4.6282671653543304
0
LINE
8
BLACK
6
CONTINUOUS
10
5.7752068897637798
20
-4.6282671653543304
11
5.7765079527559058
21
-4.6288061023622049
0
LINE
8
BLACK
6
CONTINUOUS
10
5.8237598818897638
20
-4.5859143700787399
11
5.8239906692913381
21
-4.5858800393700783
0
LINE
8
BLACK
6
CONTINUOUS
10
5.8239906692913381
20
-4.5858800393700783
11
5.8328135433070862
21
-4.5880857480314958
0
LINE
8
BLACK
6
CONTINUOUS
10
5.8328135433070862
20
-4.5880857480314958
11
5.8329815748031493
21
-4.5882102362204726
0
LINE
8
BLACK
6
CONTINUOUS
10
5.8329815748031493
20
-4.5882102362204726
11
5.8331901574803151
21
-4.5882250787401571
0
LINE
8
BLACK
6
CONTINUOUS
10
5.8331901574803151
20
-4.5882250787401571
11
5.8376015748031493
21
-4.5904307874015746
0
LINE
8
BLACK
6
CONTINUOUS
10
5.8376015748031493
20
-4.5904307874015746
11
5.8377999999999997
21
-4.5906595669291335
0
LINE
8
BLACK
6
CONTINUOUS
10
5.8377999999999997
20
-4.5906595669291335
11
5.8380797637795272
21
-4.5907754724409449
0
LINE
8
BLACK
6
CONTINUOUS
10
5.8380797637795272
20
-4.5907754724409449
11
5.8424912204724411
21
-4.5951869291338578
0
LINE
8
BLACK
6
CONTINUOUS
10
5.8424912204724411
20
-4.5951869291338578
11
5.8426550393700785
21
-4.5955825196850393
0
LINE
8
BLACK
6
CONTINUOUS
10
5.8426550393700785
20
-4.5955825196850393
11
5.8429357480314961
21
-4.5959061417322831
0
LINE
8
BLACK
6
CONTINUOUS
10
5.8429357480314961
20
-4.5959061417322831
11
5.8451414566929136
21
-4.6025232677165357
0
LINE
8
BLACK
6
CONTINUOUS
10
5.8451414566929136
20
-4.6025232677165357
11
5.8451199606299209
21
-4.6028253543307089
0
LINE
8
BLACK
6
CONTINUOUS
10
5.8451199606299209
20
-4.6028253543307089
11
5.8452358661417323
21
-4.6031051181102365
0
LINE
8
BLACK
6
CONTINUOUS
10
5.8452358661417323
20
-4.6031051181102365
11
5.8452358661417323
21
-4.6075165354330707
0
LINE
8
BLACK
6
CONTINUOUS
10
5.8452358661417323
20
-4.6075165354330707
11
5.8451199606299209
21
-4.6077962598425195
0
LINE
8
BLACK
6
CONTINUOUS
10
5.8451199606299209
20
-4.6077962598425195
11
5.8451414566929136
21
-4.6080983858267714
0
LINE
8
BLACK
6
CONTINUOUS
10
5.8451414566929136
20
-4.6080983858267714
11
5.8429357480314961
21
-4.614715551181102
0
LINE
8
BLACK
6
CONTINUOUS
10
5.8429357480314961
20
-4.614715551181102
11
5.842655118110236
21
-4.6150390551181104
0
LINE
8
BLACK
6
CONTINUOUS
10
5.842655118110236
20
-4.6150390551181104
11
5.8424912204724411
21
-4.615434803149606
0
LINE
8
BLACK
6
CONTINUOUS
10
5.8424912204724411
20
-4.615434803149606
11
5.8402854724409448
21
-4.6176405118110235
0
LINE
8
BLACK
6
CONTINUOUS
10
5.8402854724409448
20
-4.6176405118110235
11
5.8389844094488188
21
-4.6181794094488184
0
LINE
8
BLACK
6
CONTINUOUS
10
5.8389844094488188
20
-4.6181794094488184
11
5.8376833070866141
21
-4.6176404724409448
0
LINE
8
BLACK
6
CONTINUOUS
10
5.8376833070866141
20
-4.6176404724409448
11
5.8371444094488192
21
-4.6163394094488188
0
LINE
8
BLACK
6
CONTINUOUS
10
5.8371444094488192
20
-4.6163394094488188
11
5.8376833464566928
21
-4.6150383070866141
0
LINE
8
BLACK
6
CONTINUOUS
10
5.8376833464566928
20
-4.6150383070866141
11
5.8395819291338578
21
-4.6131397244094483
0
LINE
8
BLACK
6
CONTINUOUS
10
5.8395819291338578
20
-4.6131397244094483
11
5.8415558661417322
21
-4.6072178740157481
0
LINE
8
BLACK
6
CONTINUOUS
10
5.8415558661417322
20
-4.6072178740157481
11
5.8415558661417322
21
-4.6034037401574803
0
LINE
8
BLACK
6
CONTINUOUS
10
5.8415558661417322
20
-4.6034037401574803
11
5.839581889763779
21
-4.5974818503937005
0
LINE
8
BLACK
6
CONTINUOUS
10
5.839581889763779
20
-4.5974818503937005
11
5.8356888188976379
21
-4.5935887795275585
0
LINE
8
BLACK
6
CONTINUOUS
10
5.8356888188976379
20
-4.5935887795275585
11
5.8317251181102359
21
-4.5916069291338584
0
LINE
8
BLACK
6
CONTINUOUS
10
5.8317251181102359
20
-4.5916069291338584
11
5.8233178346456693
21
-4.5895051181102362
0
LINE
8
BLACK
6
CONTINUOUS
10
5.8233178346456693
20
-4.5895051181102362
11
5.8171538582677167
21
-4.5895051181102362
0
LINE
8
BLACK
6
CONTINUOUS
10
5.8171538582677167
20
-4.5895051181102362
11
5.8087465354330705
21
-4.5916069291338584
0
LINE
8
BLACK
6
CONTINUOUS
10
5.8087465354330705
20
-4.5916069291338584
11
5.8047828740157481
21
-4.5935887401574806
0
LINE
8
BLACK
6
CONTINUOUS
10
5.8047828740157481
20
-4.5935887401574806
11
5.8008898031496061
21
-4.5974818503937005
0
LINE
8
BLACK
6
CONTINUOUS
10
5.8008898031496061
20
-4.5974818503937005
11
5.7989158661417317
21
-4.6034037401574803
0
LINE
8
BLACK
6
CONTINUOUS
10
5.7989158661417317
20
-4.6034037401574803
11
5.7989158661417317
21
-4.6072179133858269
0
LINE
8
BLACK
6
CONTINUOUS
10
5.7989158661417317
20
-4.6072179133858269
11
5.8008898031496061
21
-4.6131398031496058
0
LINE
8
BLACK
6
CONTINUOUS
10
5.8008898031496061
20
-4.6131398031496058
11
5.8027883464566932
21
-4.6150383070866141
0
LINE
8
BLACK
6
CONTINUOUS
10
5.8027883464566932
20
-4.6150383070866141
11
5.8033272440944881
21
-4.6163394094488188
0
LINE
8
BLACK
6
CONTINUOUS
10
5.8033272440944881
20
-4.6163394094488188
11
5.8027883464566932
21
-4.6176404724409448
0
LINE
8
BLACK
6
CONTINUOUS
10
5.8027883464566932
20
-4.6176404724409448
11
5.8014872834645672
21
-4.6181793700787397
0
LINE
8
BLACK
6
CONTINUOUS
10
5.8014872834645672
20
-4.6181793700787397
11
5.8001861811023625
21
-4.6176404724409448
0
LINE
8
BLACK
6
CONTINUOUS
10
5.8001861811023625
20
-4.6176404724409448
11
5.7979805118110237
21
-4.6154347637795272
0
LINE
8
BLACK
6
CONTINUOUS
10
5.7979805118110237
20
-4.6154347637795272
11
5.7978166535433067
21
-4.6150391732283467
0
LINE
8
BLACK
6
CONTINUOUS
10
5.7978166535433067
20
-4.6150391732283467
11
5.7975359842519687
21
-4.6147155905511807
0
LINE
8
BLACK
6
CONTINUOUS
10
5.7975359842519687
20
-4.6147155905511807
11
5.7953302755905511
21
-4.6080983858267714
0
LINE
8
BLACK
6
CONTINUOUS
10
5.7953302755905511
20
-4.6080983858267714
11
5.7953517322834642
21
-4.6077962992125983
0
LINE
8
BLACK
6
CONTINUOUS
10
5.7953517322834642
20
-4.6077962992125983
11
5.7952358661417325
21
-4.6075165354330707
0
LINE
8
BLACK
6
CONTINUOUS
10
5.7952358661417325
20
-4.6075165354330707
11
5.7952358661417325
21
-4.6031051181102365
0
LINE
8
BLACK
6
CONTINUOUS
10
5.7952358661417325
20
-4.6031051181102365
11
5.7953517322834642
21
-4.6028253543307089
0
LINE
8
BLACK
6
CONTINUOUS
10
5.7953517322834642
20
-4.6028253543307089
11
5.7953302755905511
21
-4.6025232677165357
0
LINE
8
BLACK
6
CONTINUOUS
10
5.7953302755905511
20
-4.6025232677165357
11
5.7975359842519687
21
-4.5959061023622043
0
LINE
8
BLACK
6
CONTINUOUS
10
5.7975359842519687
20
-4.5959061023622043
11
5.7978166535433067
21
-4.5955824803149605
0
LINE
8
BLACK
6
CONTINUOUS
10
5.7978166535433067
20
-4.5955824803149605
11
5.7979805118110237
21
-4.5951869291338578
0
LINE
8
BLACK
6
CONTINUOUS
10
5.7979805118110237
20
-4.5951869291338578
11
5.8023918897637792
21
-4.5907754724409449
0
LINE
8
BLACK
6
CONTINUOUS
10
5.8023918897637792
20
-4.5907754724409449
11
5.8026716929133855
21
-4.5906595669291335
0
LINE
8
BLACK
6
CONTINUOUS
10
5.8026716929133855
20
-4.5906595669291335
11
5.8028701181102358
21
-4.5904307874015746
0
LINE
8
BLACK
6
CONTINUOUS
10
5.8028701181102358
20
-4.5904307874015746
11
5.8072815354330709
21
-4.5882250787401571
0
LINE
8
BLACK
6
CONTINUOUS
10
5.8072815354330709
20
-4.5882250787401571
11
5.8074900787401571
21
-4.5882102362204726
0
LINE
8
BLACK
6
CONTINUOUS
10
5.8074900787401571
20
-4.5882102362204726
11
5.8076581496062989
21
-4.5880857480314958
0
LINE
8
BLACK
6
CONTINUOUS
10
5.8076581496062989
20
-4.5880857480314958
11
5.816481023622047
21
-4.5858800393700783
0
LINE
8
BLACK
6
CONTINUOUS
10
5.816481023622047
20
-4.5858800393700783
11
5.8167117716535435
21
-4.5859143700787399
0
LINE
8
BLACK
6
CONTINUOUS
10
5.8167117716535435
20
-4.5859143700787399
11
5.8169272834645671
21
-4.5858251181102361
0
LINE
8
BLACK
6
CONTINUOUS
10
5.8169272834645671
20
-4.5858251181102361
11
5.8235444094488189
21
-4.5858251181102361
0
LINE
8
BLACK
6
CONTINUOUS
10
5.8235444094488189
20
-4.5858251181102361
11
5.8237598818897638
21
-4.5859143700787399
0
LINE
8
BLACK
6
CONTINUOUS
10
5.8869488582677167
20
-4.5859143700787399
11
5.8871796456692911
21
-4.5858800393700783
0
LINE
8
BLACK
6
CONTINUOUS
10
5.8871796456692911
20
-4.5858800393700783
11
5.8960025196850392
21
-4.5880857480314958
0
LINE
8
BLACK
6
CONTINUOUS
10
5.8960025196850392
20
-4.5880857480314958
11
5.8961705511811022
21
-4.5882102362204726
0
LINE
8
BLACK
6
CONTINUOUS
10
5.8961705511811022
20
-4.5882102362204726
11
5.8963791338582672
21
-4.5882250787401571
0
LINE
8
BLACK
6
CONTINUOUS
10
5.8963791338582672
20
-4.5882250787401571
11
5.9007905511811023
21
-4.5904307874015746
0
LINE
8
BLACK
6
CONTINUOUS
10
5.9007905511811023
20
-4.5904307874015746
11
5.9009889763779526
21
-4.5906595669291335
0
LINE
8
BLACK
6
CONTINUOUS
10
5.9009889763779526
20
-4.5906595669291335
11
5.9012687401574802
21
-4.5907754724409449
0
LINE
8
BLACK
6
CONTINUOUS
10
5.9012687401574802
20
-4.5907754724409449
11
5.9056801968503931
21
-4.5951869291338578
0
LINE
8
BLACK
6
CONTINUOUS
10
5.9056801968503931
20
-4.5951869291338578
11
5.9058440157480314
21
-4.5955825196850393
0
LINE
8
BLACK
6
CONTINUOUS
10
5.9058440157480314
20
-4.5955825196850393
11
5.906124724409449
21
-4.5959061417322831
0
LINE
8
BLACK
6
CONTINUOUS
10
5.906124724409449
20
-4.5959061417322831
11
5.9083304330708657
21
-4.6025232677165357
0
LINE
8
BLACK
6
CONTINUOUS
10
5.9083304330708657
20
-4.6025232677165357
11
5.9083089370078739
21
-4.6028253543307089
0
LINE
8
BLACK
6
CONTINUOUS
10
5.9083089370078739
20
-4.6028253543307089
11
5.9084248425196852
21
-4.6031051181102365
0
LINE
8
BLACK
6
CONTINUOUS
10
5.9084248425196852
20
-4.6031051181102365
11
5.9084248425196852
21
-4.6075165354330707
0
LINE
8
BLACK
6
CONTINUOUS
10
5.9084248425196852
20
-4.6075165354330707
11
5.9083089370078739
21
-4.6077962598425195
0
LINE
8
BLACK
6
CONTINUOUS
10
5.9083089370078739
20
-4.6077962598425195
11
5.9083304330708657
21
-4.6080983858267714
0
LINE
8
BLACK
6
CONTINUOUS
10
5.9083304330708657
20
-4.6080983858267714
11
5.906124724409449
21
-4.614715551181102
0
LINE
8
BLACK
6
CONTINUOUS
10
5.906124724409449
20
-4.614715551181102
11
5.9058440944881889
21
-4.6150390551181104
0
LINE
8
BLACK
6
CONTINUOUS
10
5.9058440944881889
20
-4.6150390551181104
11
5.9056801968503931
21
-4.615434803149606
0
LINE
8
BLACK
6
CONTINUOUS
10
5.9056801968503931
20
-4.615434803149606
11
5.9034744488188977
21
-4.6176405118110235
0
LINE
8
BLACK
6
CONTINUOUS
10
5.9034744488188977
20
-4.6176405118110235
11
5.9021733858267718
21
-4.6181794094488184
0
LINE
8
BLACK
6
CONTINUOUS
10
5.9021733858267718
20
-4.6181794094488184
11
5.900872283464567
21
-4.6176404724409448
0
LINE
8
BLACK
6
CONTINUOUS
10
5.900872283464567
20
-4.6176404724409448
11
5.9003333858267712
21
-4.6163394094488188
0
LINE
8
BLACK
6
CONTINUOUS
10
5.9003333858267712
20
-4.6163394094488188
11
5.9008723228346458
21
-4.6150383070866141
0
LINE
8
BLACK
6
CONTINUOUS
10
5.9008723228346458
20
-4.6150383070866141
11
5.9027709055118107
21
-4.6131397244094483
0
LINE
8
BLACK
6
CONTINUOUS
10
5.9027709055118107
20
-4.6131397244094483
11
5.9047448425196851
21
-4.6072178740157481
0
LINE
8
BLACK
6
CONTINUOUS
10
5.9047448425196851
20
-4.6072178740157481
11
5.9047448425196851
21
-4.6034037401574803
0
LINE
8
BLACK
6
CONTINUOUS
10
5.9047448425196851
20
-4.6034037401574803
11
5.902770866141732
21
-4.5974818503937005
0
LINE
8
BLACK
6
CONTINUOUS
10
5.902770866141732
20
-4.5974818503937005
11
5.89887779527559
21
-4.5935887795275585
0
LINE
8
BLACK
6
CONTINUOUS
10
5.89887779527559
20
-4.5935887795275585
11
5.8949140944881888
21
-4.5916069291338584
0
LINE
8
BLACK
6
CONTINUOUS
10
5.8949140944881888
20
-4.5916069291338584
11
5.8865068110236223
21
-4.5895051181102362
0
LINE
8
BLACK
6
CONTINUOUS
10
5.8865068110236223
20
-4.5895051181102362
11
5.8803428346456688
21
-4.5895051181102362
0
LINE
8
BLACK
6
CONTINUOUS
10
5.8803428346456688
20
-4.5895051181102362
11
5.8719355118110235
21
-4.5916069291338584
0
LINE
8
BLACK
6
CONTINUOUS
10
5.8719355118110235
20
-4.5916069291338584
11
5.8679718503937011
21
-4.5935887401574806
0
LINE
8
BLACK
6
CONTINUOUS
10
5.8679718503937011
20
-4.5935887401574806
11
5.8640787795275591
21
-4.5974818503937005
0
LINE
8
BLACK
6
CONTINUOUS
10
5.8640787795275591
20
-4.5974818503937005
11
5.8621048425196847
21
-4.6034037401574803
0
LINE
8
BLACK
6
CONTINUOUS
10
5.8621048425196847
20
-4.6034037401574803
11
5.8621048425196847
21
-4.6072179133858269
0
LINE
8
BLACK
6
CONTINUOUS
10
5.8621048425196847
20
-4.6072179133858269
11
5.8640787795275591
21
-4.6131398031496058
0
LINE
8
BLACK
6
CONTINUOUS
10
5.8640787795275591
20
-4.6131398031496058
11
5.8659773228346452
21
-4.6150383070866141
0
LINE
8
BLACK
6
CONTINUOUS
10
5.8659773228346452
20
-4.6150383070866141
11
5.866516220472441
21
-4.6163394094488188
0
LINE
8
BLACK
6
CONTINUOUS
10
5.866516220472441
20
-4.6163394094488188
11
5.8659773228346452
21
-4.6176404724409448
0
LINE
8
BLACK
6
CONTINUOUS
10
5.8659773228346452
20
-4.6176404724409448
11
5.8646762598425193
21
-4.6181793700787397
0
LINE
8
BLACK
6
CONTINUOUS
10
5.8646762598425193
20
-4.6181793700787397
11
5.8633751574803146
21
-4.6176404724409448
0
LINE
8
BLACK
6
CONTINUOUS
10
5.8633751574803146
20
-4.6176404724409448
11
5.8611694881889767
21
-4.6154347637795272
0
LINE
8
BLACK
6
CONTINUOUS
10
5.8611694881889767
20
-4.6154347637795272
11
5.8610056299212596
21
-4.6150391732283467
0
LINE
8
BLACK
6
CONTINUOUS
10
5.8610056299212596
20
-4.6150391732283467
11
5.8607249606299208
21
-4.6147155905511807
0
LINE
8
BLACK
6
CONTINUOUS
10
5.8607249606299208
20
-4.6147155905511807
11
5.8585192519685041
21
-4.6080983858267714
0
LINE
8
BLACK
6
CONTINUOUS
10
5.8585192519685041
20
-4.6080983858267714
11
5.8585407086614172
21
-4.6077962992125983
0
LINE
8
BLACK
6
CONTINUOUS
10
5.8585407086614172
20
-4.6077962992125983
11
5.8584248425196845
21
-4.6075165354330707
0
LINE
8
BLACK
6
CONTINUOUS
10
5.8584248425196845
20
-4.6075165354330707
11
5.8584248425196845
21
-4.6031051181102365
0
LINE
8
BLACK
6
CONTINUOUS
10
5.8584248425196845
20
-4.6031051181102365
11
5.8585407086614172
21
-4.6028253543307089
0
LINE
8
BLACK
6
CONTINUOUS
10
5.8585407086614172
20
-4.6028253543307089
11
5.8585192519685041
21
-4.6025232677165357
0
LINE
8
BLACK
6
CONTINUOUS
10
5.8585192519685041
20
-4.6025232677165357
11
5.8607249606299208
21
-4.5959061023622043
0
LINE
8
BLACK
6
CONTINUOUS
10
5.8607249606299208
20
-4.5959061023622043
11
5.8610056299212596
21
-4.5955824803149605
0
LINE
8
BLACK
6
CONTINUOUS
10
5.8610056299212596
20
-4.5955824803149605
11
5.8611694881889767
21
-4.5951869291338578
0
LINE
8
BLACK
6
CONTINUOUS
10
5.8611694881889767
20
-4.5951869291338578
11
5.8655808661417321
21
-4.5907754724409449
0
LINE
8
BLACK
6
CONTINUOUS
10
5.8655808661417321
20
-4.5907754724409449
11
5.8658606692913384
21
-4.5906595669291335
0
LINE
8
BLACK
6
CONTINUOUS
10
5.8658606692913384
20
-4.5906595669291335
11
5.8660590944881887
21
-4.5904307874015746
0
LINE
8
BLACK
6
CONTINUOUS
10
5.8660590944881887
20
-4.5904307874015746
11
5.8704705118110239
21
-4.5882250787401571
0
LINE
8
BLACK
6
CONTINUOUS
10
5.8704705118110239
20
-4.5882250787401571
11
5.8706790551181101
21
-4.5882102362204726
0
LINE
8
BLACK
6
CONTINUOUS
10
5.8706790551181101
20
-4.5882102362204726
11
5.8708471259842518
21
-4.5880857480314958
0
LINE
8
BLACK
6
CONTINUOUS
10
5.8708471259842518
20
-4.5880857480314958
11
5.87967
21
-4.5858800393700783
0
LINE
8
BLACK
6
CONTINUOUS
10
5.87967
20
-4.5858800393700783
11
5.8799007480314955
21
-4.5859143700787399
0
LINE
8
BLACK
6
CONTINUOUS
10
5.8799007480314955
20
-4.5859143700787399
11
5.8801162598425192
21
-4.5858251181102361
0
LINE
8
BLACK
6
CONTINUOUS
10
5.8801162598425192
20
-4.5858251181102361
11
5.8867333858267719
21
-4.5858251181102361
0
LINE
8
BLACK
6
CONTINUOUS
10
5.8867333858267719
20
-4.5858251181102361
11
5.8869488582677167
21
-4.5859143700787399
0
LINE
8
BLACK
6
CONTINUOUS
10
5.7739979921259845
20
-4.5440242913385829
11
5.7745369291338582
21
-4.5453253543307088
0
LINE
8
BLACK
6
CONTINUOUS
10
5.7745369291338582
20
-4.5453253543307088
11
5.7745369291338582
21
-4.5916453543307085
0
LINE
8
BLACK
6
CONTINUOUS
10
5.7745369291338582
20
-4.5916453543307085
11
5.774497401574803
21
-4.5917407086614173
0
LINE
8
BLACK
6
CONTINUOUS
10
5.774497401574803
20
-4.5917407086614173
11
5.7747467716535432
21
-4.5920281889763777
0
LINE
8
BLACK
6
CONTINUOUS
10
5.7747467716535432
20
-4.5920281889763777
11
5.7769524803149608
21
-4.5986453149606294
0
LINE
8
BLACK
6
CONTINUOUS
10
5.7769524803149608
20
-4.5986453149606294
11
5.776930984251968
21
-4.5989474015748026
0
LINE
8
BLACK
6
CONTINUOUS
10
5.776930984251968
20
-4.5989474015748026
11
5.7770468897637794
21
-4.5992271653543302
0
LINE
8
BLACK
6
CONTINUOUS
10
5.7770468897637794
20
-4.5992271653543302
11
5.7770468897637794
21
-4.6036385826771653
0
LINE
8
BLACK
6
CONTINUOUS
10
5.7770468897637794
20
-4.6036385826771653
11
5.776930984251968
21
-4.6039183070866141
0
LINE
8
BLACK
6
CONTINUOUS
10
5.776930984251968
20
-4.6039183070866141
11
5.7769524803149608
21
-4.604220433070866
0
LINE
8
BLACK
6
CONTINUOUS
10
5.7769524803149608
20
-4.604220433070866
11
5.7747467716535432
21
-4.6108375984251966
0
LINE
8
BLACK
6
CONTINUOUS
10
5.7747467716535432
20
-4.6108375984251966
11
5.7744661417322831
21
-4.611161102362205
0
LINE
8
BLACK
6
CONTINUOUS
10
5.7744661417322831
20
-4.611161102362205
11
5.7743022440944882
21
-4.6115568503937006
0
LINE
8
BLACK
6
CONTINUOUS
10
5.7743022440944882
20
-4.6115568503937006
11
5.7720964960629919
21
-4.6137625590551181
0
LINE
8
BLACK
6
CONTINUOUS
10
5.7720964960629919
20
-4.6137625590551181
11
5.770795433070866
21
-4.614301456692913
0
LINE
8
BLACK
6
CONTINUOUS
10
5.770795433070866
20
-4.614301456692913
11
5.7694943307086612
21
-4.6137625196850394
0
LINE
8
BLACK
6
CONTINUOUS
10
5.7694943307086612
20
-4.6137625196850394
11
5.7689554330708663
21
-4.6124614566929134
0
LINE
8
BLACK
6
CONTINUOUS
10
5.7689554330708663
20
-4.6124614566929134
11
5.76949437007874
21
-4.6111603543307087
0
LINE
8
BLACK
6
CONTINUOUS
10
5.76949437007874
20
-4.6111603543307087
11
5.7713929527559058
21
-4.6092617716535429
0
LINE
8
BLACK
6
CONTINUOUS
10
5.7713929527559058
20
-4.6092617716535429
11
5.7733668897637793
21
-4.6033399212598427
0
LINE
8
BLACK
6
CONTINUOUS
10
5.7733668897637793
20
-4.6033399212598427
11
5.7733668897637793
21
-4.5995257874015749
0
LINE
8
BLACK
6
CONTINUOUS
10
5.7733668897637793
20
-4.5995257874015749
11
5.7713929133858271
21
-4.5936038976377951
0
LINE
8
BLACK
6
CONTINUOUS
10
5.7713929133858271
20
-4.5936038976377951
11
5.7674998425196851
21
-4.5897108267716531
0
LINE
8
BLACK
6
CONTINUOUS
10
5.7674998425196851
20
-4.5897108267716531
11
5.763536141732283
21
-4.587728976377953
0
LINE
8
BLACK
6
CONTINUOUS
10
5.763536141732283
20
-4.587728976377953
11
5.7551288582677165
21
-4.5856271653543308
0
LINE
8
BLACK
6
CONTINUOUS
10
5.7551288582677165
20
-4.5856271653543308
11
5.7526870866141735
21
-4.5856271653543308
0
LINE
8
BLACK
6
CONTINUOUS
10
5.7526870866141735
20
-4.5856271653543308
11
5.7477357480314959
21
-4.5927005118110236
0
LINE
8
BLACK
6
CONTINUOUS
10
5.7477357480314959
20
-4.5927005118110236
11
5.7465481102362199
21
-4.5934573228346451
0
LINE
8
BLACK
6
CONTINUOUS
10
5.7465481102362199
20
-4.5934573228346451
11
5.745173188976378
21
-4.5931527559055114
0
LINE
8
BLACK
6
CONTINUOUS
10
5.745173188976378
20
-4.5931527559055114
11
5.7444163779527555
21
-4.5919651181102363
0
LINE
8
BLACK
6
CONTINUOUS
10
5.7444163779527555
20
-4.5919651181102363
11
5.7447209448818892
21
-4.5905901968503935
0
LINE
8
BLACK
6
CONTINUOUS
10
5.7447209448818892
20
-4.5905901968503935
11
5.7480317322834642
21
-4.5858604330708657
0
LINE
8
BLACK
6
CONTINUOUS
10
5.7480317322834642
20
-4.5858604330708657
11
5.7405575590551177
21
-4.587728976377953
0
LINE
8
BLACK
6
CONTINUOUS
10
5.7405575590551177
20
-4.587728976377953
11
5.7365938976377953
21
-4.5897107874015743
0
LINE
8
BLACK
6
CONTINUOUS
10
5.7365938976377953
20
-4.5897107874015743
11
5.7327008267716533
21
-4.5936038976377951
0
LINE
8
BLACK
6
CONTINUOUS
10
5.7327008267716533
20
-4.5936038976377951
11
5.7307268897637798
21
-4.5995257874015749
0
LINE
8
BLACK
6
CONTINUOUS
10
5.7307268897637798
20
-4.5995257874015749
11
5.7307268897637798
21
-4.6033399606299215
0
LINE
8
BLACK
6
CONTINUOUS
10
5.7307268897637798
20
-4.6033399606299215
11
5.7327008267716533
21
-4.6092618503937004
0
LINE
8
BLACK
6
CONTINUOUS
10
5.7327008267716533
20
-4.6092618503937004
11
5.7345993700787403
21
-4.6111603543307087
0
LINE
8
BLACK
6
CONTINUOUS
10
5.7345993700787403
20
-4.6111603543307087
11
5.7351382677165352
21
-4.6124614566929134
0
LINE
8
BLACK
6
CONTINUOUS
10
5.7351382677165352
20
-4.6124614566929134
11
5.7345993700787403
21
-4.6137625196850394
0
LINE
8
BLACK
6
CONTINUOUS
10
5.7345993700787403
20
-4.6137625196850394
11
5.7332983070866144
21
-4.6143014173228343
0
LINE
8
BLACK
6
CONTINUOUS
10
5.7332983070866144
20
-4.6143014173228343
11
5.7319972047244097
21
-4.6137625196850394
0
LINE
8
BLACK
6
CONTINUOUS
10
5.7319972047244097
20
-4.6137625196850394
11
5.7297915354330708
21
-4.6115568110236218
0
LINE
8
BLACK
6
CONTINUOUS
10
5.7297915354330708
20
-4.6115568110236218
11
5.7296276771653538
21
-4.6111612204724413
0
LINE
8
BLACK
6
CONTINUOUS
10
5.7296276771653538
20
-4.6111612204724413
11
5.7293470078740159
21
-4.6108376377952753
0
LINE
8
BLACK
6
CONTINUOUS
10
5.7293470078740159
20
-4.6108376377952753
11
5.7271412992125983
21
-4.604220433070866
0
LINE
8
BLACK
6
CONTINUOUS
10
5.7271412992125983
20
-4.604220433070866
11
5.7271627559055114
21
-4.6039183464566928
0
LINE
8
BLACK
6
CONTINUOUS
10
5.7271627559055114
20
-4.6039183464566928
11
5.7270468897637796
21
-4.6036385826771653
0
LINE
8
BLACK
6
CONTINUOUS
10
5.7270468897637796
20
-4.6036385826771653
11
5.7270468897637796
21
-4.5992271653543302
0
LINE
8
BLACK
6
CONTINUOUS
10
5.7270468897637796
20
-4.5992271653543302
11
5.7271627559055114
21
-4.5989474015748026
0
LINE
8
BLACK
6
CONTINUOUS
10
5.7271627559055114
20
-4.5989474015748026
11
5.7271412992125983
21
-4.5986453149606294
0
LINE
8
BLACK
6
CONTINUOUS
10
5.7271412992125983
20
-4.5986453149606294
11
5.7289059055118106
21
-4.5933514173228343
0
LINE
8
BLACK
6
CONTINUOUS
10
5.7289059055118106
20
-4.5933514173228343
11
5.7285826377952755
21
-4.5934853543307081
0
LINE
8
BLACK
6
CONTINUOUS
10
5.7285826377952755
20
-4.5934853543307081
11
5.7153483464566932
21
-4.5934853543307081
0
LINE
8
BLACK
6
CONTINUOUS
10
5.7153483464566932
20
-4.5934853543307081
11
5.70211405511811
21
-4.5934853543307081
0
LINE
8
BLACK
6
CONTINUOUS
10
5.70211405511811
20
-4.5934853543307081
11
5.700812992125984
21
-4.5929464173228345
0
LINE
8
BLACK
6
CONTINUOUS
10
5.700812992125984
20
-4.5929464173228345
11
5.7002740551181104
21
-4.5916453543307085
0
LINE
8
BLACK
6
CONTINUOUS
10
5.7002740551181104
20
-4.5916453543307085
11
5.700812992125984
21
-4.5903442913385826
0
LINE
8
BLACK
6
CONTINUOUS
10
5.700812992125984
20
-4.5903442913385826
11
5.70211405511811
21
-4.5898053543307089
0
LINE
8
BLACK
6
CONTINUOUS
10
5.70211405511811
20
-4.5898053543307089
11
5.7135083464566927
21
-4.5898053543307089
0
LINE
8
BLACK
6
CONTINUOUS
10
5.7135083464566927
20
-4.5898053543307089
11
5.7135083464566927
21
-4.5453253543307088
0
LINE
8
BLACK
6
CONTINUOUS
10
5.7135083464566927
20
-4.5453253543307088
11
5.7135808267716532
21
-4.5451503149606296
0
LINE
8
BLACK
6
CONTINUOUS
10
5.7135808267716532
20
-4.5451503149606296
11
5.7135440944881886
21
-4.5449644881889766
0
LINE
8
BLACK
6
CONTINUOUS
10
5.7135440944881886
20
-4.5449644881889766
11
5.7138422047244095
21
-4.5445192913385828
0
LINE
8
BLACK
6
CONTINUOUS
10
5.7138422047244095
20
-4.5445192913385828
11
5.7140472834645664
21
-4.5440242913385829
0
LINE
8
BLACK
6
CONTINUOUS
10
5.7140472834645664
20
-4.5440242913385829
11
5.7142222834645668
21
-4.5439517716535436
0
LINE
8
BLACK
6
CONTINUOUS
10
5.7142222834645668
20
-4.5439517716535436
11
5.7143277165354327
21
-4.5437943700787402
0
LINE
8
BLACK
6
CONTINUOUS
10
5.7143277165354327
20
-4.5437943700787402
11
5.7148533070866137
21
-4.5436903937007873
0
LINE
8
BLACK
6
CONTINUOUS
10
5.7148533070866137
20
-4.5436903937007873
11
5.7153483464566932
21
-4.5434853543307083
0
LINE
8
BLACK
6
CONTINUOUS
10
5.7153483464566932
20
-4.5434853543307083
11
5.7155233464566928
21
-4.5435578346456689
0
LINE
8
BLACK
6
CONTINUOUS
10
5.7155233464566928
20
-4.5435578346456689
11
5.7157092125984255
21
-4.5435211023622042
0
LINE
8
BLACK
6
CONTINUOUS
10
5.7157092125984255
20
-4.5435211023622042
11
5.7161543700787396
21
-4.5438192125984251
0
LINE
8
BLACK
6
CONTINUOUS
10
5.7161543700787396
20
-4.5438192125984251
11
5.7166494094488192
21
-4.5440242913385829
0
LINE
8
BLACK
6
CONTINUOUS
10
5.7166494094488192
20
-4.5440242913385829
11
5.7167218897637797
21
-4.5441992913385825
0
LINE
8
BLACK
6
CONTINUOUS
10
5.7167218897637797
20
-4.5441992913385825
11
5.7168793307086609
21
-4.5443047244094483
0
LINE
8
BLACK
6
CONTINUOUS
10
5.7168793307086609
20
-4.5443047244094483
11
5.72118968503937
21
-4.5507702755905513
0
LINE
8
BLACK
6
CONTINUOUS
10
5.72118968503937
20
-4.5507702755905513
11
5.7252611417322834
21
-4.5548416929133859
0
LINE
8
BLACK
6
CONTINUOUS
10
5.7252611417322834
20
-4.5548416929133859
11
5.7294055118110236
21
-4.556913897637795
0
LINE
8
BLACK
6
CONTINUOUS
10
5.7294055118110236
20
-4.556913897637795
11
5.7303281889763777
21
-4.5579777952755904
0
LINE
8
BLACK
6
CONTINUOUS
10
5.7303281889763777
20
-4.5579777952755904
11
5.7302283858267717
21
-4.5593825196850393
0
LINE
8
BLACK
6
CONTINUOUS
10
5.7302283858267717
20
-4.5593825196850393
11
5.7291644881889763
21
-4.5603051968503934
0
LINE
8
BLACK
6
CONTINUOUS
10
5.7291644881889763
20
-4.5603051968503934
11
5.7277597637795274
21
-4.5602053937007874
0
LINE
8
BLACK
6
CONTINUOUS
10
5.7277597637795274
20
-4.5602053937007874
11
5.7233483464566932
21
-4.5579996456692911
0
LINE
8
BLACK
6
CONTINUOUS
10
5.7233483464566932
20
-4.5579996456692911
11
5.7231498818897633
21
-4.5577708267716535
0
LINE
8
BLACK
6
CONTINUOUS
10
5.7231498818897633
20
-4.5577708267716535
11
5.7228701574803145
21
-4.5576549606299208
0
LINE
8
BLACK
6
CONTINUOUS
10
5.7228701574803145
20
-4.5576549606299208
11
5.7184587007874015
21
-4.5532435433070866
0
LINE
8
BLACK
6
CONTINUOUS
10
5.7184587007874015
20
-4.5532435433070866
11
5.7183861811023622
21
-4.5530685039370073
0
LINE
8
BLACK
6
CONTINUOUS
10
5.7183861811023622
20
-4.5530685039370073
11
5.7182287795275588
21
-4.5529631102362202
0
LINE
8
BLACK
6
CONTINUOUS
10
5.7182287795275588
20
-4.5529631102362202
11
5.7171883464566928
21
-4.5514024409448819
0
LINE
8
BLACK
6
CONTINUOUS
10
5.7171883464566928
20
-4.5514024409448819
11
5.7171883464566928
21
-4.5898053543307089
0
LINE
8
BLACK
6
CONTINUOUS
10
5.7171883464566928
20
-4.5898053543307089
11
5.7285826377952755
21
-4.5898053543307089
0
LINE
8
BLACK
6
CONTINUOUS
10
5.7285826377952755
20
-4.5898053543307089
11
5.7298837007874015
21
-4.5903442913385826
0
LINE
8
BLACK
6
CONTINUOUS
10
5.7298837007874015
20
-4.5903442913385826
11
5.7301392519685042
21
-4.5909612204724413
0
LINE
8
BLACK
6
CONTINUOUS
10
5.7301392519685042
20
-4.5909612204724413
11
5.7342029133858263
21
-4.5868975196850394
0
LINE
8
BLACK
6
CONTINUOUS
10
5.7342029133858263
20
-4.5868975196850394
11
5.7344827165354326
21
-4.586781614173228
0
LINE
8
BLACK
6
CONTINUOUS
10
5.7344827165354326
20
-4.586781614173228
11
5.7346811417322829
21
-4.5865528346456692
0
LINE
8
BLACK
6
CONTINUOUS
10
5.7346811417322829
20
-4.5865528346456692
11
5.7390925590551181
21
-4.5843471259842516
0
LINE
8
BLACK
6
CONTINUOUS
10
5.7390925590551181
20
-4.5843471259842516
11
5.7393011023622043
21
-4.5843322834645672
0
LINE
8
BLACK
6
CONTINUOUS
10
5.7393011023622043
20
-4.5843322834645672
11
5.739469173228346
21
-4.5842077952755904
0
LINE
8
BLACK
6
CONTINUOUS
10
5.739469173228346
20
-4.5842077952755904
11
5.7482920472440941
21
-4.5820020866141729
0
LINE
8
BLACK
6
CONTINUOUS
10
5.7482920472440941
20
-4.5820020866141729
11
5.7485227952755906
21
-4.5820364173228345
0
LINE
8
BLACK
6
CONTINUOUS
10
5.7485227952755906
20
-4.5820364173228345
11
5.7487383070866143
21
-4.5819471653543307
0
LINE
8
BLACK
6
CONTINUOUS
10
5.7487383070866143
20
-4.5819471653543307
11
5.7507710629921256
21
-4.5819471653543307
0
LINE
8
BLACK
6
CONTINUOUS
10
5.7507710629921256
20
-4.5819471653543307
11
5.7581343307086614
21
-4.5714281889763777
0
LINE
8
BLACK
6
CONTINUOUS
10
5.7581343307086614
20
-4.5714281889763777
11
5.7550512204724411
21
-4.5714281889763777
0
LINE
8
BLACK
6
CONTINUOUS
10
5.7550512204724411
20
-4.5714281889763777
11
5.7546555118110234
21
-4.5712642519685041
0
LINE
8
BLACK
6
CONTINUOUS
10
5.7546555118110234
20
-4.5712642519685041
11
5.7542283858267718
21
-4.5712339370078743
0
LINE
8
BLACK
6
CONTINUOUS
10
5.7542283858267718
20
-4.5712339370078743
11
5.7498168897637791
21
-4.5690282283464567
0
LINE
8
BLACK
6
CONTINUOUS
10
5.7498168897637791
20
-4.5690282283464567
11
5.7496184645669288
21
-4.5687994094488191
0
LINE
8
BLACK
6
CONTINUOUS
10
5.7496184645669288
20
-4.5687994094488191
11
5.7493386614173225
21
-4.5686835433070865
0
LINE
8
BLACK
6
CONTINUOUS
10
5.7493386614173225
20
-4.5686835433070865
11
5.7471329921259837
21
-4.5664778346456689
0
LINE
8
BLACK
6
CONTINUOUS
10
5.7471329921259837
20
-4.5664778346456689
11
5.7470170866141732
21
-4.5661980708661414
0
LINE
8
BLACK
6
CONTINUOUS
10
5.7470170866141732
20
-4.5661980708661414
11
5.7467883070866144
21
-4.5659996456692911
0
LINE
8
BLACK
6
CONTINUOUS
10
5.7467883070866144
20
-4.5659996456692911
11
5.7445825984251968
21
-4.5615882283464568
0
LINE
8
BLACK
6
CONTINUOUS
10
5.7445825984251968
20
-4.5615882283464568
11
5.7445522440944883
21
-4.5611610236220468
0
LINE
8
BLACK
6
CONTINUOUS
10
5.7445522440944883
20
-4.5611610236220468
11
5.7443883464566925
21
-4.5607653543307087
0
LINE
8
BLACK
6
CONTINUOUS
10
5.7443883464566925
20
-4.5607653543307087
11
5.7443883464566925
21
-4.5541481889763782
0
LINE
8
BLACK
6
CONTINUOUS
10
5.7443883464566925
20
-4.5541481889763782
11
5.7445522440944883
21
-4.5537524803149605
0
LINE
8
BLACK
6
CONTINUOUS
10
5.7445522440944883
20
-4.5537524803149605
11
5.7445825984251968
21
-4.5533253149606301
0
LINE
8
BLACK
6
CONTINUOUS
10
5.7445825984251968
20
-4.5533253149606301
11
5.7467883070866144
21
-4.548913897637795
0
LINE
8
BLACK
6
CONTINUOUS
10
5.7467883070866144
20
-4.548913897637795
11
5.7470170866141732
21
-4.5487154330708659
0
LINE
8
BLACK
6
CONTINUOUS
10
5.7470170866141732
20
-4.5487154330708659
11
5.7471329921259837
21
-4.5484357086614171
0
LINE
8
BLACK
6
CONTINUOUS
10
5.7471329921259837
20
-4.5484357086614171
11
5.7493386614173225
21
-4.5462299999999995
0
LINE
8
BLACK
6
CONTINUOUS
10
5.7493386614173225
20
-4.5462299999999995
11
5.7496184645669288
21
-4.546114094488189
0
LINE
8
BLACK
6
CONTINUOUS
10
5.7496184645669288
20
-4.546114094488189
11
5.7498168897637791
21
-4.5458853149606302
0
LINE
8
BLACK
6
CONTINUOUS
10
5.7498168897637791
20
-4.5458853149606302
11
5.7542283858267718
21
-4.5436796062992126
0
LINE
8
BLACK
6
CONTINUOUS
10
5.7542283858267718
20
-4.5436796062992126
11
5.7546555118110234
21
-4.5436492519685041
0
LINE
8
BLACK
6
CONTINUOUS
10
5.7546555118110234
20
-4.5436492519685041
11
5.7550512204724411
21
-4.5434853543307083
0
LINE
8
BLACK
6
CONTINUOUS
10
5.7550512204724411
20
-4.5434853543307083
11
5.7726969291338586
21
-4.5434853543307083
0
LINE
8
BLACK
6
CONTINUOUS
10
5.7726969291338586
20
-4.5434853543307083
11
5.7739979921259845
21
-4.5440242913385829
0
LINE
8
BLACK
6
CONTINUOUS
10
5.7552630708661416
20
-4.5819471653543307
11
5.7553554330708661
21
-4.5819471653543307
0
LINE
8
BLACK
6
CONTINUOUS
10
5.7553554330708661
20
-4.5819471653543307
11
5.7555709055118109
21
-4.5820364173228345
0
LINE
8
BLACK
6
CONTINUOUS
10
5.7555709055118109
20
-4.5820364173228345
11
5.7558016929133853
21
-4.5820020866141729
0
LINE
8
BLACK
6
CONTINUOUS
10
5.7558016929133853
20
-4.5820020866141729
11
5.7646245669291334
21
-4.5842077952755904
0
LINE
8
BLACK
6
CONTINUOUS
10
5.7646245669291334
20
-4.5842077952755904
11
5.7647925984251964
21
-4.5843322834645672
0
LINE
8
BLACK
6
CONTINUOUS
10
5.7647925984251964
20
-4.5843322834645672
11
5.7650011811023623
21
-4.5843471259842516
0
LINE
8
BLACK
6
CONTINUOUS
10
5.7650011811023623
20
-4.5843471259842516
11
5.7694125984251965
21
-4.5865528346456692
0
LINE
8
BLACK
6
CONTINUOUS
10
5.7694125984251965
20
-4.5865528346456692
11
5.7696110236220468
21
-4.586781614173228
0
LINE
8
BLACK
6
CONTINUOUS
10
5.7696110236220468
20
-4.586781614173228
11
5.7698907874015744
21
-4.5868975196850394
0
LINE
8
BLACK
6
CONTINUOUS
10
5.7698907874015744
20
-4.5868975196850394
11
5.7708569291338581
21
-4.5878636614173232
0
LINE
8
BLACK
6
CONTINUOUS
10
5.7708569291338581
20
-4.5878636614173232
11
5.7708569291338581
21
-4.5714281889763777
0
LINE
8
BLACK
6
CONTINUOUS
10
5.7708569291338581
20
-4.5714281889763777
11
5.7626263385826775
21
-4.5714281889763777
0
LINE
8
BLACK
6
CONTINUOUS
10
5.7626263385826775
20
-4.5714281889763777
11
5.7552630708661416
21
-4.5819471653543307
0
LINE
8
BLACK
6
CONTINUOUS
10
5.7517296850393702
20
-4.5490432677165353
11
5.7499462598425195
21
-4.5508266535433073
0
LINE
8
BLACK
6
CONTINUOUS
10
5.7499462598425195
20
-4.5508266535433073
11
5.7480683464566926
21
-4.5545825590551177
0
LINE
8
BLACK
6
CONTINUOUS
10
5.7480683464566926
20
-4.5545825590551177
11
5.7480683464566926
21
-4.5603309842519684
0
LINE
8
BLACK
6
CONTINUOUS
10
5.7480683464566926
20
-4.5603309842519684
11
5.7499462598425195
21
-4.5640868503937009
0
LINE
8
BLACK
6
CONTINUOUS
10
5.7499462598425195
20
-4.5640868503937009
11
5.7517296850393702
21
-4.5658702362204719
0
LINE
8
BLACK
6
CONTINUOUS
10
5.7517296850393702
20
-4.5658702362204719
11
5.7554855905511806
21
-4.5677481889763776
0
LINE
8
BLACK
6
CONTINUOUS
10
5.7554855905511806
20
-4.5677481889763776
11
5.7708569291338581
21
-4.5677481889763776
0
LINE
8
BLACK
6
CONTINUOUS
10
5.7708569291338581
20
-4.5677481889763776
11
5.7708569291338581
21
-4.5471653543307085
0
LINE
8
BLACK
6
CONTINUOUS
10
5.7708569291338581
20
-4.5471653543307085
11
5.7554855905511806
21
-4.5471653543307085
0
LINE
8
BLACK
6
CONTINUOUS
10
5.7554855905511806
20
-4.5471653543307085
11
5.7517296850393702
21
-4.5490432677165353
0
LINE
8
BLACK
6
CONTINUOUS
10
5.6738354330708658
20
-4.5436492519685041
11
5.6742626377952758
21
-4.5436796062992126
0
LINE
8
BLACK
6
CONTINUOUS
10
5.6742626377952758
20
-4.5436796062992126
11
5.6786740944881888
21
-4.5458853149606302
0
LINE
8
BLACK
6
CONTINUOUS
10
5.6786740944881888
20
-4.5458853149606302
11
5.6788725196850391
21
-4.546114094488189
0
LINE
8
BLACK
6
CONTINUOUS
10
5.6788725196850391
20
-4.546114094488189
11
5.6791522834645667
21
-4.5462299999999995
0
LINE
8
BLACK
6
CONTINUOUS
10
5.6791522834645667
20
-4.5462299999999995
11
5.6813579921259842
21
-4.5484356692913384
0
LINE
8
BLACK
6
CONTINUOUS
10
5.6813579921259842
20
-4.5484356692913384
11
5.681473858267716
21
-4.5487154724409447
0
LINE
8
BLACK
6
CONTINUOUS
10
5.681473858267716
20
-4.5487154724409447
11
5.6817026771653545
21
-4.548913897637795
0
LINE
8
BLACK
6
CONTINUOUS
10
5.6817026771653545
20
-4.548913897637795
11
5.6839083858267712
21
-4.5533253149606301
0
LINE
8
BLACK
6
CONTINUOUS
10
5.6839083858267712
20
-4.5533253149606301
11
5.6839231889763777
21
-4.5535338582677163
0
LINE
8
BLACK
6
CONTINUOUS
10
5.6839231889763777
20
-4.5535338582677163
11
5.6840477165354333
21
-4.5537019291338581
0
LINE
8
BLACK
6
CONTINUOUS
10
5.6840477165354333
20
-4.5537019291338581
11
5.68625342519685
21
-4.5625248031496062
0
LINE
8
BLACK
6
CONTINUOUS
10
5.68625342519685
20
-4.5625248031496062
11
5.6862190551181104
21
-4.5627555511811027
0
LINE
8
BLACK
6
CONTINUOUS
10
5.6862190551181104
20
-4.5627555511811027
11
5.686308346456693
21
-4.5629710629921263
0
LINE
8
BLACK
6
CONTINUOUS
10
5.686308346456693
20
-4.5629710629921263
11
5.686308346456693
21
-4.5739996456692911
0
LINE
8
BLACK
6
CONTINUOUS
10
5.686308346456693
20
-4.5739996456692911
11
5.6862190551181104
21
-4.574215118110236
0
LINE
8
BLACK
6
CONTINUOUS
10
5.6862190551181104
20
-4.574215118110236
11
5.68625342519685
21
-4.5744459055118112
0
LINE
8
BLACK
6
CONTINUOUS
10
5.68625342519685
20
-4.5744459055118112
11
5.6840477165354333
21
-4.5832687401574805
0
LINE
8
BLACK
6
CONTINUOUS
10
5.6840477165354333
20
-4.5832687401574805
11
5.6839231889763777
21
-4.5834367716535436
0
LINE
8
BLACK
6
CONTINUOUS
10
5.6839231889763777
20
-4.5834367716535436
11
5.6839083858267712
21
-4.5836453543307085
0
LINE
8
BLACK
6
CONTINUOUS
10
5.6839083858267712
20
-4.5836453543307085
11
5.6817026771653545
21
-4.5880567716535436
0
LINE
8
BLACK
6
CONTINUOUS
10
5.6817026771653545
20
-4.5880567716535436
11
5.6814738976377948
21
-4.5882551574803152
0
LINE
8
BLACK
6
CONTINUOUS
10
5.6814738976377948
20
-4.5882551574803152
11
5.681358031496063
21
-4.5885349606299215
0
LINE
8
BLACK
6
CONTINUOUS
10
5.681358031496063
20
-4.5885349606299215
11
5.6791523228346454
21
-4.5907407086614169
0
LINE
8
BLACK
6
CONTINUOUS
10
5.6791523228346454
20
-4.5907407086614169
11
5.6788725196850391
21
-4.5908565748031496
0
LINE
8
BLACK
6
CONTINUOUS
10
5.6788725196850391
20
-4.5908565748031496
11
5.6786740944881888
21
-4.5910853937007872
0
LINE
8
BLACK
6
CONTINUOUS
10
5.6786740944881888
20
-4.5910853937007872
11
5.6742626377952758
21
-4.5932911023622047
0
LINE
8
BLACK
6
CONTINUOUS
10
5.6742626377952758
20
-4.5932911023622047
11
5.6738354330708658
21
-4.5933214173228345
0
LINE
8
BLACK
6
CONTINUOUS
10
5.6738354330708658
20
-4.5933214173228345
11
5.6734397637795277
21
-4.5934853543307081
0
LINE
8
BLACK
6
CONTINUOUS
10
5.6734397637795277
20
-4.5934853543307081
11
5.6690283464566926
21
-4.5934853543307081
0
LINE
8
BLACK
6
CONTINUOUS
10
5.6690283464566926
20
-4.5934853543307081
11
5.6686326377952758
21
-4.5933214173228345
0
LINE
8
BLACK
6
CONTINUOUS
10
5.6686326377952758
20
-4.5933214173228345
11
5.6682054724409445
21
-4.5932911023622047
0
LINE
8
BLACK
6
CONTINUOUS
10
5.6682054724409445
20
-4.5932911023622047
11
5.6637940551181103
21
-4.5910853937007872
0
LINE
8
BLACK
6
CONTINUOUS
10
5.6637940551181103
20
-4.5910853937007872
11
5.66359562992126
21
-4.5908565748031496
0
LINE
8
BLACK
6
CONTINUOUS
10
5.66359562992126
20
-4.5908565748031496
11
5.6633158267716537
21
-4.5907407086614169
0
LINE
8
BLACK
6
CONTINUOUS
10
5.6633158267716537
20
-4.5907407086614169
11
5.6611101181102361
21
-4.5885349606299215
0
LINE
8
BLACK
6
CONTINUOUS
10
5.6611101181102361
20
-4.5885349606299215
11
5.6609942125984247
21
-4.5882551574803152
0
LINE
8
BLACK
6
CONTINUOUS
10
5.6609942125984247
20
-4.5882551574803152
11
5.6607654724409446
21
-4.5880567716535436
0
LINE
8
BLACK
6
CONTINUOUS
10
5.6607654724409446
20
-4.5880567716535436
11
5.6585597244094483
21
-4.5836453543307085
0
LINE
8
BLACK
6
CONTINUOUS
10
5.6585597244094483
20
-4.5836453543307085
11
5.6585448818897639
21
-4.5834367716535436
0
LINE
8
BLACK
6
CONTINUOUS
10
5.6585448818897639
20
-4.5834367716535436
11
5.6584203937007871
21
-4.5832687401574805
0
LINE
8
BLACK
6
CONTINUOUS
10
5.6584203937007871
20
-4.5832687401574805
11
5.6562146850393695
21
-4.5744459055118112
0
LINE
8
BLACK
6
CONTINUOUS
10
5.6562146850393695
20
-4.5744459055118112
11
5.6562490157480312
21
-4.574215118110236
0
LINE
8
BLACK
6
CONTINUOUS
10
5.6562490157480312
20
-4.574215118110236
11
5.6561597637795273
21
-4.5739996456692911
0
LINE
8
BLACK
6
CONTINUOUS
10
5.6561597637795273
20
-4.5739996456692911
11
5.6561597637795273
21
-4.5629710629921263
0
LINE
8
BLACK
6
CONTINUOUS
10
5.6561597637795273
20
-4.5629710629921263
11
5.6562490157480312
21
-4.5627555511811027
0
LINE
8
BLACK
6
CONTINUOUS
10
5.6562490157480312
20
-4.5627555511811027
11
5.6562146850393695
21
-4.5625248031496062
0
LINE
8
BLACK
6
CONTINUOUS
10
5.6562146850393695
20
-4.5625248031496062
11
5.6584203937007871
21
-4.5537019291338581
0
LINE
8
BLACK
6
CONTINUOUS
10
5.6584203937007871
20
-4.5537019291338581
11
5.6585448818897639
21
-4.5535338582677163
0
LINE
8
BLACK
6
CONTINUOUS
10
5.6585448818897639
20
-4.5535338582677163
11
5.6585597244094483
21
-4.5533253149606301
0
LINE
8
BLACK
6
CONTINUOUS
10
5.6585597244094483
20
-4.5533253149606301
11
5.6607654724409446
21
-4.548913897637795
0
LINE
8
BLACK
6
CONTINUOUS
10
5.6607654724409446
20
-4.548913897637795
11
5.6609942519685035
21
-4.5487154330708659
0
LINE
8
BLACK
6
CONTINUOUS
10
5.6609942519685035
20
-4.5487154330708659
11
5.6611101574803149
21
-4.5484357086614171
0
LINE
8
BLACK
6
CONTINUOUS
10
5.6611101574803149
20
-4.5484357086614171
11
5.6633158267716537
21
-4.5462299999999995
0
LINE
8
BLACK
6
CONTINUOUS
10
5.6633158267716537
20
-4.5462299999999995
11
5.66359562992126
21
-4.546114094488189
0
LINE
8
BLACK
6
CONTINUOUS
10
5.66359562992126
20
-4.546114094488189
11
5.6637940551181103
21
-4.5458853149606302
0
LINE
8
BLACK
6
CONTINUOUS
10
5.6637940551181103
20
-4.5458853149606302
11
5.6682054724409445
21
-4.5436796062992126
0
LINE
8
BLACK
6
CONTINUOUS
10
5.6682054724409445
20
-4.5436796062992126
11
5.6686326377952758
21
-4.5436492519685041
0
LINE
8
BLACK
6
CONTINUOUS
10
5.6686326377952758
20
-4.5436492519685041
11
5.6690283464566926
21
-4.5434853543307083
0
LINE
8
BLACK
6
CONTINUOUS
10
5.6690283464566926
20
-4.5434853543307083
11
5.6734397637795277
21
-4.5434853543307083
0
LINE
8
BLACK
6
CONTINUOUS
10
5.6734397637795277
20
-4.5434853543307083
11
5.6738354330708658
21
-4.5436492519685041
0
LINE
8
BLACK
6
CONTINUOUS
10
5.6657068503937005
20
-4.5490432677165353
11
5.6639234251968507
21
-4.5508266535433073
0
LINE
8
BLACK
6
CONTINUOUS
10
5.6639234251968507
20
-4.5508266535433073
11
5.6619415354330709
21
-4.5547903543307084
0
LINE
8
BLACK
6
CONTINUOUS
10
5.6619415354330709
20
-4.5547903543307084
11
5.6598397637795275
21
-4.5631975984251971
0
LINE
8
BLACK
6
CONTINUOUS
10
5.6598397637795275
20
-4.5631975984251971
11
5.6598397637795275
21
-4.5737730708661415
0
LINE
8
BLACK
6
CONTINUOUS
10
5.6598397637795275
20
-4.5737730708661415
11
5.6619415354330709
21
-4.5821802755905514
0
LINE
8
BLACK
6
CONTINUOUS
10
5.6619415354330709
20
-4.5821802755905514
11
5.6639233858267719
21
-4.5861439370078738
0
LINE
8
BLACK
6
CONTINUOUS
10
5.6639233858267719
20
-4.5861439370078738
11
5.6657068897637792
21
-4.587927440944882
0
LINE
8
BLACK
6
CONTINUOUS
10
5.6657068897637792
20
-4.587927440944882
11
5.669462716535433
21
-4.5898053543307089
0
LINE
8
BLACK
6
CONTINUOUS
10
5.669462716535433
20
-4.5898053543307089
11
5.6730053937007874
21
-4.5898053543307089
0
LINE
8
BLACK
6
CONTINUOUS
10
5.6730053937007874
20
-4.5898053543307089
11
5.6767611811023624
21
-4.587927440944882
0
LINE
8
BLACK
6
CONTINUOUS
10
5.6767611811023624
20
-4.587927440944882
11
5.6785446850393697
21
-4.5861439370078738
0
LINE
8
BLACK
6
CONTINUOUS
10
5.6785446850393697
20
-4.5861439370078738
11
5.6805265354330707
21
-4.5821803149606302
0
LINE
8
BLACK
6
CONTINUOUS
10
5.6805265354330707
20
-4.5821803149606302
11
5.6826283464566929
21
-4.5737730708661415
0
LINE
8
BLACK
6
CONTINUOUS
10
5.6826283464566929
20
-4.5737730708661415
11
5.6826283464566929
21
-4.5631975984251971
0
LINE
8
BLACK
6
CONTINUOUS
10
5.6826283464566929
20
-4.5631975984251971
11
5.680526496062992
21
-4.5547903149606297
0
LINE
8
BLACK
6
CONTINUOUS
10
5.680526496062992
20
-4.5547903149606297
11
5.6785446850393697
21
-4.550826692913386
0
LINE
8
BLACK
6
CONTINUOUS
10
5.6785446850393697
20
-4.550826692913386
11
5.6767612598425199
21
-4.5490432677165353
0
LINE
8
BLACK
6
CONTINUOUS
10
5.6767612598425199
20
-4.5490432677165353
11
5.6730053937007874
21
-4.5471653543307085
0
LINE
8
BLACK
6
CONTINUOUS
10
5.6730053937007874
20
-4.5471653543307085
11
5.669462716535433
21
-4.5471653543307085
0
LINE
8
BLACK
6
CONTINUOUS
10
5.669462716535433
20
-4.5471653543307085
11
5.6657068503937005
21
-4.5490432677165353
0
LINE
8
BLACK
6
CONTINUOUS
10
5.6518636614173223
20
-4.3501288582677162
11
5.652049527559055
21
-4.3500921259842515
0
LINE
8
BLACK
6
CONTINUOUS
10
5.652049527559055
20
-4.3500921259842515
11
5.65249468503937
21
-4.3503902362204725
0
LINE
8
BLACK
6
CONTINUOUS
10
5.65249468503937
20
-4.3503902362204725
11
5.6529897244094487
21
-4.3505953149606302
0
LINE
8
BLACK
6
CONTINUOUS
10
5.6529897244094487
20
-4.3505953149606302
11
5.6530622047244092
21
-4.3507703149606298
0
LINE
8
BLACK
6
CONTINUOUS
10
5.6530622047244092
20
-4.3507703149606298
11
5.6532196456692914
21
-4.3508757480314957
0
LINE
8
BLACK
6
CONTINUOUS
10
5.6532196456692914
20
-4.3508757480314957
11
5.6565776771653544
21
-4.3559127952755903
0
LINE
8
BLACK
6
CONTINUOUS
10
5.6565776771653544
20
-4.3559127952755903
11
5.6596966535433069
21
-4.3590317716535436
0
LINE
8
BLACK
6
CONTINUOUS
10
5.6596966535433069
20
-4.3590317716535436
11
5.6628887007874011
21
-4.3606277952755903
0
LINE
8
BLACK
6
CONTINUOUS
10
5.6628887007874011
20
-4.3606277952755903
11
5.6638113779527561
21
-4.3616916929133858
0
LINE
8
BLACK
6
CONTINUOUS
10
5.6638113779527561
20
-4.3616916929133858
11
5.6637115748031492
21
-4.3630964173228346
0
LINE
8
BLACK
6
CONTINUOUS
10
5.6637115748031492
20
-4.3630964173228346
11
5.6626476771653538
21
-4.3640190944881887
0
LINE
8
BLACK
6
CONTINUOUS
10
5.6626476771653538
20
-4.3640190944881887
11
5.6612429527559049
21
-4.3639192913385827
0
LINE
8
BLACK
6
CONTINUOUS
10
5.6612429527559049
20
-4.3639192913385827
11
5.6577838976377954
21
-4.3621897637795275
0
LINE
8
BLACK
6
CONTINUOUS
10
5.6577838976377954
20
-4.3621897637795275
11
5.6575854330708664
21
-4.3619609448818899
0
LINE
8
BLACK
6
CONTINUOUS
10
5.6575854330708664
20
-4.3619609448818899
11
5.6573057086614176
21
-4.3618450787401573
0
LINE
8
BLACK
6
CONTINUOUS
10
5.6573057086614176
20
-4.3618450787401573
11
5.6538466535433072
21
-4.3583860236220469
0
LINE
8
BLACK
6
CONTINUOUS
10
5.6538466535433072
20
-4.3583860236220469
11
5.6537741732283466
21
-4.358211062992126
0
LINE
8
BLACK
6
CONTINUOUS
10
5.6537741732283466
20
-4.358211062992126
11
5.6536167322834645
21
-4.3581056299212602
0
LINE
8
BLACK
6
CONTINUOUS
10
5.6536167322834645
20
-4.3581056299212602
11
5.6535286614173224
21
-4.357973503937008
0
LINE
8
BLACK
6
CONTINUOUS
10
5.6535286614173224
20
-4.357973503937008
11
5.6535286614173224
21
-4.3863763779527556
0
LINE
8
BLACK
6
CONTINUOUS
10
5.6535286614173224
20
-4.3863763779527556
11
5.662065826771653
21
-4.3863763779527556
0
LINE
8
BLACK
6
CONTINUOUS
10
5.662065826771653
20
-4.3863763779527556
11
5.663366889763779
21
-4.3869153149606301
0
LINE
8
BLACK
6
CONTINUOUS
10
5.663366889763779
20
-4.3869153149606301
11
5.6639058267716536
21
-4.3882163779527561
0
LINE
8
BLACK
6
CONTINUOUS
10
5.6639058267716536
20
-4.3882163779527561
11
5.663366889763779
21
-4.3895174409448821
0
LINE
8
BLACK
6
CONTINUOUS
10
5.663366889763779
20
-4.3895174409448821
11
5.662065826771653
21
-4.3900563779527557
0
LINE
8
BLACK
6
CONTINUOUS
10
5.662065826771653
20
-4.3900563779527557
11
5.6516886614173227
21
-4.3900563779527557
0
LINE
8
BLACK
6
CONTINUOUS
10
5.6516886614173227
20
-4.3900563779527557
11
5.6413115354330712
21
-4.3900563779527557
0
LINE
8
BLACK
6
CONTINUOUS
10
5.6413115354330712
20
-4.3900563779527557
11
5.6400104724409443
21
-4.3895174409448821
0
LINE
8
BLACK
6
CONTINUOUS
10
5.6400104724409443
20
-4.3895174409448821
11
5.6394715354330707
21
-4.3882163779527561
0
LINE
8
BLACK
6
CONTINUOUS
10
5.6394715354330707
20
-4.3882163779527561
11
5.6400104724409443
21
-4.3869153149606301
0
LINE
8
BLACK
6
CONTINUOUS
10
5.6400104724409443
20
-4.3869153149606301
11
5.6413115354330712
21
-4.3863763779527556
0
LINE
8
BLACK
6
CONTINUOUS
10
5.6413115354330712
20
-4.3863763779527556
11
5.6498486614173231
21
-4.3863763779527556
0
LINE
8
BLACK
6
CONTINUOUS
10
5.6498486614173231
20
-4.3863763779527556
11
5.6498486614173231
21
-4.3518963779527562
0
LINE
8
BLACK
6
CONTINUOUS
10
5.6498486614173231
20
-4.3518963779527562
11
5.6499211417322837
21
-4.351721338582677
0
LINE
8
BLACK
6
CONTINUOUS
10
5.6499211417322837
20
-4.351721338582677
11
5.649884409448819
21
-4.3515355118110239
0
LINE
8
BLACK
6
CONTINUOUS
10
5.649884409448819
20
-4.3515355118110239
11
5.650182519685039
21
-4.3510903149606301
0
LINE
8
BLACK
6
CONTINUOUS
10
5.650182519685039
20
-4.3510903149606301
11
5.6503875984251968
21
-4.3505953149606302
0
LINE
8
BLACK
6
CONTINUOUS
10
5.6503875984251968
20
-4.3505953149606302
11
5.6505625984251964
21
-4.35052279527559
0
LINE
8
BLACK
6
CONTINUOUS
10
5.6505625984251964
20
-4.35052279527559
11
5.6506680314960631
21
-4.3503653937007876
0
LINE
8
BLACK
6
CONTINUOUS
10
5.6506680314960631
20
-4.3503653937007876
11
5.6511936220472441
21
-4.3502614173228347
0
LINE
8
BLACK
6
CONTINUOUS
10
5.6511936220472441
20
-4.3502614173228347
11
5.6516886614173227
21
-4.3500563779527557
0
LINE
8
BLACK
6
CONTINUOUS
10
5.6516886614173227
20
-4.3500563779527557
11
5.6518636614173223
21
-4.3501288582677162
0
LINE
8
BLACK
6
CONTINUOUS
10
5.6918633858267711
20
-4.3502202755905515
11
5.6922905905511811
21
-4.35025062992126
0
LINE
8
BLACK
6
CONTINUOUS
10
5.6922905905511811
20
-4.35025062992126
11
5.6957496456692915
21
-4.3519801574803152
0
LINE
8
BLACK
6
CONTINUOUS
10
5.6957496456692915
20
-4.3519801574803152
11
5.6959480708661419
21
-4.352208937007874
0
LINE
8
BLACK
6
CONTINUOUS
10
5.6959480708661419
20
-4.352208937007874
11
5.6962278346456694
21
-4.3523248425196845
0
LINE
8
BLACK
6
CONTINUOUS
10
5.6962278346456694
20
-4.3523248425196845
11
5.6979573622047246
21
-4.354054330708661
0
LINE
8
BLACK
6
CONTINUOUS
10
5.6979573622047246
20
-4.354054330708661
11
5.6984962598425195
21
-4.3553554330708657
0
LINE
8
BLACK
6
CONTINUOUS
10
5.6984962598425195
20
-4.3553554330708657
11
5.6979573622047246
21
-4.3566564960629917
0
LINE
8
BLACK
6
CONTINUOUS
10
5.6979573622047246
20
-4.3566564960629917
11
5.6966562992125986
21
-4.3571953937007875
0
LINE
8
BLACK
6
CONTINUOUS
10
5.6966562992125986
20
-4.3571953937007875
11
5.6953551968503939
21
-4.3566564960629917
0
LINE
8
BLACK
6
CONTINUOUS
10
5.6953551968503939
20
-4.3566564960629917
11
5.6938368503937005
21
-4.3551381102362203
0
LINE
8
BLACK
6
CONTINUOUS
10
5.6938368503937005
20
-4.3551381102362203
11
5.6910333464566927
21
-4.3537363779527558
0
LINE
8
BLACK
6
CONTINUOUS
10
5.6910333464566927
20
-4.3537363779527558
11
5.6832544881889762
21
-4.3537363779527558
0
LINE
8
BLACK
6
CONTINUOUS
10
5.6832544881889762
20
-4.3537363779527558
11
5.6804509842519684
21
-4.3551381102362203
0
LINE
8
BLACK
6
CONTINUOUS
10
5.6804509842519684
20
-4.3551381102362203
11
5.67914374015748
21
-4.3564453149606299
0
LINE
8
BLACK
6
CONTINUOUS
10
5.67914374015748
20
-4.3564453149606299
11
5.6777420078740155
21
-4.3592488582677165
0
LINE
8
BLACK
6
CONTINUOUS
10
5.6777420078740155
20
-4.3592488582677165
11
5.6777420078740155
21
-4.3619749212598427
0
LINE
8
BLACK
6
CONTINUOUS
10
5.6777420078740155
20
-4.3619749212598427
11
5.6792397637795276
21
-4.3664682283464566
0
LINE
8
BLACK
6
CONTINUOUS
10
5.6792397637795276
20
-4.3664682283464566
11
5.6996869291338585
21
-4.3869153149606301
0
LINE
8
BLACK
6
CONTINUOUS
10
5.6996869291338585
20
-4.3869153149606301
11
5.7002258267716535
21
-4.3882163779527561
0
LINE
8
BLACK
6
CONTINUOUS
10
5.7002258267716535
20
-4.3882163779527561
11
5.6996869291338585
21
-4.3895174803149608
0
LINE
8
BLACK
6
CONTINUOUS
10
5.6996869291338585
20
-4.3895174803149608
11
5.6983858267716538
21
-4.3900563779527557
0
LINE
8
BLACK
6
CONTINUOUS
10
5.6983858267716538
20
-4.3900563779527557
11
5.6759020078740159
21
-4.3900563779527557
0
LINE
8
BLACK
6
CONTINUOUS
10
5.6759020078740159
20
-4.3900563779527557
11
5.6746009448818899
21
-4.3895174409448821
0
LINE
8
BLACK
6
CONTINUOUS
10
5.6746009448818899
20
-4.3895174409448821
11
5.6740620078740154
21
-4.3882163779527561
0
LINE
8
BLACK
6
CONTINUOUS
10
5.6740620078740154
20
-4.3882163779527561
11
5.6746009448818899
21
-4.3869153149606301
0
LINE
8
BLACK
6
CONTINUOUS
10
5.6746009448818899
20
-4.3869153149606301
11
5.6759020078740159
21
-4.3863763779527556
0
LINE
8
BLACK
6
CONTINUOUS
10
5.6759020078740159
20
-4.3863763779527556
11
5.6939436614173227
21
-4.3863763779527556
0
LINE
8
BLACK
6
CONTINUOUS
10
5.6939436614173227
20
-4.3863763779527556
11
5.6763304724409451
21
-4.3687631889763781
0
LINE
8
BLACK
6
CONTINUOUS
10
5.6763304724409451
20
-4.3687631889763781
11
5.6761665748031493
21
-4.3683675590551179
0
LINE
8
BLACK
6
CONTINUOUS
10
5.6761665748031493
20
-4.3683675590551179
11
5.6758859448818892
21
-4.3680439763779528
0
LINE
8
BLACK
6
CONTINUOUS
10
5.6758859448818892
20
-4.3680439763779528
11
5.6741564173228349
21
-4.3628553937007872
0
LINE
8
BLACK
6
CONTINUOUS
10
5.6741564173228349
20
-4.3628553937007872
11
5.674177874015748
21
-4.3625532677165353
0
LINE
8
BLACK
6
CONTINUOUS
10
5.674177874015748
20
-4.3625532677165353
11
5.6740620078740154
21
-4.3622735433070865
0
LINE
8
BLACK
6
CONTINUOUS
10
5.6740620078740154
20
-4.3622735433070865
11
5.6740620078740154
21
-4.3588144881889761
0
LINE
8
BLACK
6
CONTINUOUS
10
5.6740620078740154
20
-4.3588144881889761
11
5.6742259055118112
21
-4.3584187795275593
0
LINE
8
BLACK
6
CONTINUOUS
10
5.6742259055118112
20
-4.3584187795275593
11
5.6742562598425197
21
-4.357991614173228
0
LINE
8
BLACK
6
CONTINUOUS
10
5.6742562598425197
20
-4.357991614173228
11
5.6759857874015749
21
-4.3545325590551176
0
LINE
8
BLACK
6
CONTINUOUS
10
5.6759857874015749
20
-4.3545325590551176
11
5.6762145669291337
21
-4.3543340944881885
0
LINE
8
BLACK
6
CONTINUOUS
10
5.6762145669291337
20
-4.3543340944881885
11
5.6763304724409451
21
-4.3540543700787397
0
LINE
8
BLACK
6
CONTINUOUS
10
5.6763304724409451
20
-4.3540543700787397
11
5.6780599606299207
21
-4.3523248425196845
0
LINE
8
BLACK
6
CONTINUOUS
10
5.6780599606299207
20
-4.3523248425196845
11
5.6783397637795279
21
-4.352208937007874
0
LINE
8
BLACK
6
CONTINUOUS
10
5.6783397637795279
20
-4.352208937007874
11
5.6785381889763782
21
-4.3519801574803152
0
LINE
8
BLACK
6
CONTINUOUS
10
5.6785381889763782
20
-4.3519801574803152
11
5.6819972440944877
21
-4.35025062992126
0
LINE
8
BLACK
6
CONTINUOUS
10
5.6819972440944877
20
-4.35025062992126
11
5.682424409448819
21
-4.3502202755905515
0
LINE
8
BLACK
6
CONTINUOUS
10
5.682424409448819
20
-4.3502202755905515
11
5.6828201181102358
21
-4.3500563779527557
0
LINE
8
BLACK
6
CONTINUOUS
10
5.6828201181102358
20
-4.3500563779527557
11
5.691467716535433
21
-4.3500563779527557
0
LINE
8
BLACK
6
CONTINUOUS
10
5.691467716535433
20
-4.3500563779527557
11
5.6918633858267711
21
-4.3502202755905515
0
LINE
8
BLACK
6
CONTINUOUS
10
5.7211493700787397
20
-4.3501722440944883
11
5.7214514960629916
21
-4.3501507874015743
0
LINE
8
BLACK
6
CONTINUOUS
10
5.7214514960629916
20
-4.3501507874015743
11
5.7266400393700785
21
-4.3518803149606295
0
LINE
8
BLACK
6
CONTINUOUS
10
5.7266400393700785
20
-4.3518803149606295
11
5.7269636220472444
21
-4.3521609448818896
0
LINE
8
BLACK
6
CONTINUOUS
10
5.7269636220472444
20
-4.3521609448818896
11
5.7273592519685037
21
-4.3523248425196845
0
LINE
8
BLACK
6
CONTINUOUS
10
5.7273592519685037
20
-4.3523248425196845
11
5.7308183070866141
21
-4.3557838976377949
0
LINE
8
BLACK
6
CONTINUOUS
10
5.7308183070866141
20
-4.3557838976377949
11
5.7309341732283468
21
-4.3560636220472437
0
LINE
8
BLACK
6
CONTINUOUS
10
5.7309341732283468
20
-4.3560636220472437
11
5.7311629921259843
21
-4.3562620866141728
0
LINE
8
BLACK
6
CONTINUOUS
10
5.7311629921259843
20
-4.3562620866141728
11
5.7328925196850395
21
-4.3597211417322832
0
LINE
8
BLACK
6
CONTINUOUS
10
5.7328925196850395
20
-4.3597211417322832
11
5.7329073228346452
21
-4.3599296850393703
0
LINE
8
BLACK
6
CONTINUOUS
10
5.7329073228346452
20
-4.3599296850393703
11
5.7330318503937008
21
-4.3600977559055121
0
LINE
8
BLACK
6
CONTINUOUS
10
5.7330318503937008
20
-4.3600977559055121
11
5.734761377952756
21
-4.367015866141732
0
LINE
8
BLACK
6
CONTINUOUS
10
5.734761377952756
20
-4.367015866141732
11
5.7347270078740156
21
-4.3672466141732285
0
LINE
8
BLACK
6
CONTINUOUS
10
5.7347270078740156
20
-4.3672466141732285
11
5.7348162992125982
21
-4.3674621259842521
0
LINE
8
BLACK
6
CONTINUOUS
10
5.7348162992125982
20
-4.3674621259842521
11
5.7348162992125982
21
-4.3726506692913381
0
LINE
8
BLACK
6
CONTINUOUS
10
5.7348162992125982
20
-4.3726506692913381
11
5.7347270078740156
21
-4.3728661417322829
0
LINE
8
BLACK
6
CONTINUOUS
10
5.7347270078740156
20
-4.3728661417322829
11
5.734761377952756
21
-4.3730969291338582
0
LINE
8
BLACK
6
CONTINUOUS
10
5.734761377952756
20
-4.3730969291338582
11
5.7330318503937008
21
-4.380015039370079
0
LINE
8
BLACK
6
CONTINUOUS
10
5.7330318503937008
20
-4.380015039370079
11
5.7329073228346452
21
-4.380183070866142
0
LINE
8
BLACK
6
CONTINUOUS
10
5.7329073228346452
20
-4.380183070866142
11
5.7328925196850395
21
-4.380391653543307
0
LINE
8
BLACK
6
CONTINUOUS
10
5.7328925196850395
20
-4.380391653543307
11
5.7311629921259843
21
-4.3838507086614174
0
LINE
8
BLACK
6
CONTINUOUS
10
5.7311629921259843
20
-4.3838507086614174
11
5.7309341732283468
21
-4.3840491338582677
0
LINE
8
BLACK
6
CONTINUOUS
10
5.7309341732283468
20
-4.3840491338582677
11
5.7308183070866141
21
-4.3843288976377952
0
LINE
8
BLACK
6
CONTINUOUS
10
5.7308183070866141
20
-4.3843288976377952
11
5.7273592519685037
21
-4.3877879527559056
0
LINE
8
BLACK
6
CONTINUOUS
10
5.7273592519685037
20
-4.3877879527559056
11
5.7269636220472444
21
-4.3879518110236218
0
LINE
8
BLACK
6
CONTINUOUS
10
5.7269636220472444
20
-4.3879518110236218
11
5.7266400393700785
21
-4.3882324803149606
0
LINE
8
BLACK
6
CONTINUOUS
10
5.7266400393700785
20
-4.3882324803149606
11
5.7214514960629916
21
-4.3899619685039371
0
LINE
8
BLACK
6
CONTINUOUS
10
5.7214514960629916
20
-4.3899619685039371
11
5.7211494094488184
21
-4.3899404724409452
0
LINE
8
BLACK
6
CONTINUOUS
10
5.7211494094488184
20
-4.3899404724409452
11
5.7208696456692909
21
-4.3900563779527557
0
LINE
8
BLACK
6
CONTINUOUS
10
5.7208696456692909
20
-4.3900563779527557
11
5.7174105905511814
21
-4.3900563779527557
0
LINE
8
BLACK
6
CONTINUOUS
10
5.7174105905511814
20
-4.3900563779527557
11
5.7171308267716539
21
-4.3899404724409452
0
LINE
8
BLACK
6
CONTINUOUS
10
5.7171308267716539
20
-4.3899404724409452
11
5.7168287795275585
21
-4.3899619685039371
0
LINE
8
BLACK
6
CONTINUOUS
10
5.7168287795275585
20
-4.3899619685039371
11
5.7116401574803151
21
-4.3882324803149606
0
LINE
8
BLACK
6
CONTINUOUS
10
5.7116401574803151
20
-4.3882324803149606
11
5.7113165748031491
21
-4.3879518110236218
0
LINE
8
BLACK
6
CONTINUOUS
10
5.7113165748031491
20
-4.3879518110236218
11
5.7109209055118111
21
-4.3877879527559056
0
LINE
8
BLACK
6
CONTINUOUS
10
5.7109209055118111
20
-4.3877879527559056
11
5.7091914173228346
21
-4.3860584251968504
0
LINE
8
BLACK
6
CONTINUOUS
10
5.7091914173228346
20
-4.3860584251968504
11
5.7086524803149601
21
-4.3847573622047245
0
LINE
8
BLACK
6
CONTINUOUS
10
5.7086524803149601
20
-4.3847573622047245
11
5.7091914173228346
21
-4.3834562992125985
0
LINE
8
BLACK
6
CONTINUOUS
10
5.7091914173228346
20
-4.3834562992125985
11
5.7104924803149606
21
-4.3829173622047239
0
LINE
8
BLACK
6
CONTINUOUS
10
5.7104924803149606
20
-4.3829173622047239
11
5.7117935433070866
21
-4.3834562992125985
0
LINE
8
BLACK
6
CONTINUOUS
10
5.7117935433070866
20
-4.3834562992125985
11
5.7132159055118112
21
-4.3848786220472444
0
LINE
8
BLACK
6
CONTINUOUS
10
5.7132159055118112
20
-4.3848786220472444
11
5.7177092125984252
21
-4.3863763779527556
0
LINE
8
BLACK
6
CONTINUOUS
10
5.7177092125984252
20
-4.3863763779527556
11
5.7205710236220471
21
-4.3863763779527556
0
LINE
8
BLACK
6
CONTINUOUS
10
5.7205710236220471
20
-4.3863763779527556
11
5.7250642913385823
21
-4.3848786220472444
0
LINE
8
BLACK
6
CONTINUOUS
10
5.7250642913385823
20
-4.3848786220472444
11
5.7280049999999996
21
-4.381937952755905
0
LINE
8
BLACK
6
CONTINUOUS
10
5.7280049999999996
20
-4.381937952755905
11
5.7295106692913382
21
-4.3789266141732286
0
LINE
8
BLACK
6
CONTINUOUS
10
5.7295106692913382
20
-4.3789266141732286
11
5.731136299212598
21
-4.3724240944881885
0
LINE
8
BLACK
6
CONTINUOUS
10
5.731136299212598
20
-4.3724240944881885
11
5.731136299212598
21
-4.3676887007874017
0
LINE
8
BLACK
6
CONTINUOUS
10
5.731136299212598
20
-4.3676887007874017
11
5.7295106692913382
21
-4.3611861811023624
0
LINE
8
BLACK
6
CONTINUOUS
10
5.7295106692913382
20
-4.3611861811023624
11
5.7280049999999996
21
-4.3581748425196851
0
LINE
8
BLACK
6
CONTINUOUS
10
5.7280049999999996
20
-4.3581748425196851
11
5.7250642913385823
21
-4.3552341338582679
0
LINE
8
BLACK
6
CONTINUOUS
10
5.7250642913385823
20
-4.3552341338582679
11
5.7205710236220471
21
-4.3537363779527558
0
LINE
8
BLACK
6
CONTINUOUS
10
5.7205710236220471
20
-4.3537363779527558
11
5.7177092125984252
21
-4.3537363779527558
0
LINE
8
BLACK
6
CONTINUOUS
10
5.7177092125984252
20
-4.3537363779527558
11
5.7132159055118112
21
-4.3552341338582679
0
LINE
8
BLACK
6
CONTINUOUS
10
5.7132159055118112
20
-4.3552341338582679
11
5.7117935433070866
21
-4.3566564960629917
0
LINE
8
BLACK
6
CONTINUOUS
10
5.7117935433070866
20
-4.3566564960629917
11
5.7104924803149606
21
-4.3571954330708662
0
LINE
8
BLACK
6
CONTINUOUS
10
5.7104924803149606
20
-4.3571954330708662
11
5.7091914173228346
21
-4.3566564960629917
0
LINE
8
BLACK
6
CONTINUOUS
10
5.7091914173228346
20
-4.3566564960629917
11
5.7086524803149601
21
-4.3553554330708657
0
LINE
8
BLACK
6
CONTINUOUS
10
5.7086524803149601
20
-4.3553554330708657
11
5.7091914173228346
21
-4.3540543700787397
0
LINE
8
BLACK
6
CONTINUOUS
10
5.7091914173228346
20
-4.3540543700787397
11
5.7109209055118111
21
-4.3523248425196845
0
LINE
8
BLACK
6
CONTINUOUS
10
5.7109209055118111
20
-4.3523248425196845
11
5.7113165354330704
21
-4.3521609448818896
0
LINE
8
BLACK
6
CONTINUOUS
10
5.7113165354330704
20
-4.3521609448818896
11
5.7116401574803151
21
-4.3518803149606295
0
LINE
8
BLACK
6
CONTINUOUS
10
5.7116401574803151
20
-4.3518803149606295
11
5.7168287401574798
21
-4.3501507874015743
0
LINE
8
BLACK
6
CONTINUOUS
10
5.7168287401574798
20
-4.3501507874015743
11
5.7171308267716539
21
-4.3501722440944883
0
LINE
8
BLACK
6
CONTINUOUS
10
5.7171308267716539
20
-4.3501722440944883
11
5.7174105905511814
21
-4.3500563779527557
0
LINE
8
BLACK
6
CONTINUOUS
10
5.7174105905511814
20
-4.3500563779527557
11
5.7208696456692909
21
-4.3500563779527557
0
LINE
8
BLACK
6
CONTINUOUS
10
5.7208696456692909
20
-4.3500563779527557
11
5.7211493700787397
21
-4.3501722440944883
0
LINE
8
BLACK
6
CONTINUOUS
10
5.8625382283464562
20
-4.2195744488188973
11
5.8629654330708663
21
-4.2196048031496058
0
LINE
8
BLACK
6
CONTINUOUS
10
5.8629654330708663
20
-4.2196048031496058
11
5.8673768503937005
21
-4.2218105118110234
0
LINE
8
BLACK
6
CONTINUOUS
10
5.8673768503937005
20
-4.2218105118110234
11
5.8675752755905508
21
-4.2220392913385822
0
LINE
8
BLACK
6
CONTINUOUS
10
5.8675752755905508
20
-4.2220392913385822
11
5.8678550393700784
21
-4.2221551968503936
0
LINE
8
BLACK
6
CONTINUOUS
10
5.8678550393700784
20
-4.2221551968503936
11
5.8700607480314959
21
-4.2243608661417325
0
LINE
8
BLACK
6
CONTINUOUS
10
5.8700607480314959
20
-4.2243608661417325
11
5.8705996456692908
21
-4.2256619685039372
0
LINE
8
BLACK
6
CONTINUOUS
10
5.8705996456692908
20
-4.2256619685039372
11
5.8700607480314959
21
-4.2269630314960631
0
LINE
8
BLACK
6
CONTINUOUS
10
5.8700607480314959
20
-4.2269630314960631
11
5.86875968503937
21
-4.227501929133858
0
LINE
8
BLACK
6
CONTINUOUS
10
5.86875968503937
20
-4.227501929133858
11
5.8674585826771652
21
-4.2269630314960631
0
LINE
8
BLACK
6
CONTINUOUS
10
5.8674585826771652
20
-4.2269630314960631
11
5.8654640551181103
21
-4.2249684645669294
0
LINE
8
BLACK
6
CONTINUOUS
10
5.8654640551181103
20
-4.2249684645669294
11
5.8617081889763778
21
-4.2230905511811025
0
LINE
8
BLACK
6
CONTINUOUS
10
5.8617081889763778
20
-4.2230905511811025
11
5.8515483464566929
21
-4.2230905511811025
0
LINE
8
BLACK
6
CONTINUOUS
10
5.8515483464566929
20
-4.2230905511811025
11
5.8477924803149604
21
-4.2249684645669294
0
LINE
8
BLACK
6
CONTINUOUS
10
5.8477924803149604
20
-4.2249684645669294
11
5.846008976377953
21
-4.226751929133858
0
LINE
8
BLACK
6
CONTINUOUS
10
5.846008976377953
20
-4.226751929133858
11
5.8441311023622049
21
-4.2305077559055118
0
LINE
8
BLACK
6
CONTINUOUS
10
5.8441311023622049
20
-4.2305077559055118
11
5.8441311023622049
21
-4.2341862204724405
0
LINE
8
BLACK
6
CONTINUOUS
10
5.8441311023622049
20
-4.2341862204724405
11
5.8461050393700784
21
-4.2401080708661416
0
LINE
8
BLACK
6
CONTINUOUS
10
5.8461050393700784
20
-4.2401080708661416
11
5.8722664960629922
21
-4.2662694881889767
0
LINE
8
BLACK
6
CONTINUOUS
10
5.8722664960629922
20
-4.2662694881889767
11
5.8728053937007871
21
-4.2675705511811026
0
LINE
8
BLACK
6
CONTINUOUS
10
5.8728053937007871
20
-4.2675705511811026
11
5.8722664960629922
21
-4.2688716535433073
0
LINE
8
BLACK
6
CONTINUOUS
10
5.8722664960629922
20
-4.2688716535433073
11
5.8709653937007875
21
-4.2694105511811022
0
LINE
8
BLACK
6
CONTINUOUS
10
5.8709653937007875
20
-4.2694105511811022
11
5.8422911023622044
21
-4.2694105511811022
0
LINE
8
BLACK
6
CONTINUOUS
10
5.8422911023622044
20
-4.2694105511811022
11
5.8409900393700784
21
-4.2688716141732286
0
LINE
8
BLACK
6
CONTINUOUS
10
5.8409900393700784
20
-4.2688716141732286
11
5.8404511023622048
21
-4.2675705511811026
0
LINE
8
BLACK
6
CONTINUOUS
10
5.8404511023622048
20
-4.2675705511811026
11
5.8409900393700784
21
-4.2662694881889767
0
LINE
8
BLACK
6
CONTINUOUS
10
5.8409900393700784
20
-4.2662694881889767
11
5.8422911023622044
21
-4.2657305511811021
0
LINE
8
BLACK
6
CONTINUOUS
10
5.8422911023622044
20
-4.2657305511811021
11
5.8665232283464563
21
-4.2657305511811021
0
LINE
8
BLACK
6
CONTINUOUS
10
5.8665232283464563
20
-4.2657305511811021
11
5.843195748031496
21
-4.242403031496063
0
LINE
8
BLACK
6
CONTINUOUS
10
5.843195748031496
20
-4.242403031496063
11
5.843031889763779
21
-4.2420074409448816
0
LINE
8
BLACK
6
CONTINUOUS
10
5.843031889763779
20
-4.2420074409448816
11
5.842751220472441
21
-4.2416838582677165
0
LINE
8
BLACK
6
CONTINUOUS
10
5.842751220472441
20
-4.2416838582677165
11
5.8405455118110234
21
-4.235066692913386
0
LINE
8
BLACK
6
CONTINUOUS
10
5.8405455118110234
20
-4.235066692913386
11
5.8405669685039365
21
-4.2347645669291341
0
LINE
8
BLACK
6
CONTINUOUS
10
5.8405669685039365
20
-4.2347645669291341
11
5.8404511023622048
21
-4.2344848425196853
0
LINE
8
BLACK
6
CONTINUOUS
10
5.8404511023622048
20
-4.2344848425196853
11
5.8404511023622048
21
-4.2300733858267714
0
LINE
8
BLACK
6
CONTINUOUS
10
5.8404511023622048
20
-4.2300733858267714
11
5.8406149999999997
21
-4.2296776771653546
0
LINE
8
BLACK
6
CONTINUOUS
10
5.8406149999999997
20
-4.2296776771653546
11
5.8406453543307082
21
-4.2292505118110233
0
LINE
8
BLACK
6
CONTINUOUS
10
5.8406453543307082
20
-4.2292505118110233
11
5.8428510629921258
21
-4.2248390944881891
0
LINE
8
BLACK
6
CONTINUOUS
10
5.8428510629921258
20
-4.2248390944881891
11
5.8430798425196846
21
-4.2246406692913387
0
LINE
8
BLACK
6
CONTINUOUS
10
5.8430798425196846
20
-4.2246406692913387
11
5.843195748031496
21
-4.2243608661417325
0
LINE
8
BLACK
6
CONTINUOUS
10
5.843195748031496
20
-4.2243608661417325
11
5.8454014960629923
21
-4.2221551574803149
0
LINE
8
BLACK
6
CONTINUOUS
10
5.8454014960629923
20
-4.2221551574803149
11
5.8456812598425199
21
-4.2220392519685035
0
LINE
8
BLACK
6
CONTINUOUS
10
5.8456812598425199
20
-4.2220392519685035
11
5.8458796850393702
21
-4.2218105118110234
0
LINE
8
BLACK
6
CONTINUOUS
10
5.8458796850393702
20
-4.2218105118110234
11
5.8502911023622044
21
-4.2196048031496058
0
LINE
8
BLACK
6
CONTINUOUS
10
5.8502911023622044
20
-4.2196048031496058
11
5.8507182677165357
21
-4.2195744488188973
0
LINE
8
BLACK
6
CONTINUOUS
10
5.8507182677165357
20
-4.2195744488188973
11
5.8511139763779525
21
-4.2194105511811024
0
LINE
8
BLACK
6
CONTINUOUS
10
5.8511139763779525
20
-4.2194105511811024
11
5.8621425590551182
21
-4.2194105511811024
0
LINE
8
BLACK
6
CONTINUOUS
10
5.8621425590551182
20
-4.2194105511811024
11
5.8625382283464562
21
-4.2195744488188973
0
LINE
8
BLACK
6
CONTINUOUS
10
5.9053521653543308
20
-4.2199494881889761
11
5.9058911023622045
21
-4.221250551181102
0
LINE
8
BLACK
6
CONTINUOUS
10
5.9058911023622045
20
-4.221250551181102
11
5.9058911023622045
21
-4.2675705511811026
0
LINE
8
BLACK
6
CONTINUOUS
10
5.9058911023622045
20
-4.2675705511811026
11
5.9053521653543308
21
-4.2688716141732286
0
LINE
8
BLACK
6
CONTINUOUS
10
5.9053521653543308
20
-4.2688716141732286
11
5.9040511023622049
21
-4.2694105511811022
0
LINE
8
BLACK
6
CONTINUOUS
10
5.9040511023622049
20
-4.2694105511811022
11
5.8819939370078735
21
-4.2694105511811022
0
LINE
8
BLACK
6
CONTINUOUS
10
5.8819939370078735
20
-4.2694105511811022
11
5.8806928740157476
21
-4.2688716141732286
0
LINE
8
BLACK
6
CONTINUOUS
10
5.8806928740157476
20
-4.2688716141732286
11
5.8801539370078739
21
-4.2675705511811026
0
LINE
8
BLACK
6
CONTINUOUS
10
5.8801539370078739
20
-4.2675705511811026
11
5.8806928740157476
21
-4.2662694881889767
0
LINE
8
BLACK
6
CONTINUOUS
10
5.8806928740157476
20
-4.2662694881889767
11
5.8819939370078735
21
-4.2657305511811021
0
LINE
8
BLACK
6
CONTINUOUS
10
5.8819939370078735
20
-4.2657305511811021
11
5.9022111023622044
21
-4.2657305511811021
0
LINE
8
BLACK
6
CONTINUOUS
10
5.9022111023622044
20
-4.2657305511811021
11
5.9022111023622044
21
-4.221250551181102
0
LINE
8
BLACK
6
CONTINUOUS
10
5.9022111023622044
20
-4.221250551181102
11
5.9027500393700789
21
-4.2199494881889761
0
LINE
8
BLACK
6
CONTINUOUS
10
5.9027500393700789
20
-4.2199494881889761
11
5.9040511023622049
21
-4.2194105511811024
0
LINE
8
BLACK
6
CONTINUOUS
10
5.9040511023622049
20
-4.2194105511811024
11
5.9053521653543308
21
-4.2199494881889761
0
LINE
8
BLACK
6
CONTINUOUS
10
5.9423661417322835
20
-4.1731338582677164
11
5.9441338976377951
21
-4.1738661023622043
0
LINE
8
BLACK
6
CONTINUOUS
10
5.9441338976377951
20
-4.1738661023622043
11
5.944866141732283
21
-4.1756338582677168
0
LINE
8
BLACK
6
CONTINUOUS
10
5.944866141732283
20
-4.1756338582677168
11
5.944866141732283
21
-4.3173661417322835
0
LINE
8
BLACK
6
CONTINUOUS
10
5.944866141732283
20
-4.3173661417322835
11
5.9441338976377951
21
-4.3191338976377951
0
LINE
8
BLACK
6
CONTINUOUS
10
5.9441338976377951
20
-4.3191338976377951
11
5.9423661417322835
21
-4.319866141732283
0
LINE
8
BLACK
6
CONTINUOUS
10
5.9423661417322835
20
-4.319866141732283
11
5.8006338582677168
21
-4.319866141732283
0
LINE
8
BLACK
6
CONTINUOUS
10
5.8006338582677168
20
-4.319866141732283
11
5.7988661023622043
21
-4.3191338976377951
0
LINE
8
BLACK
6
CONTINUOUS
10
5.7988661023622043
20
-4.3191338976377951
11
5.7981338582677164
21
-4.3173661417322835
0
LINE
8
BLACK
6
CONTINUOUS
10
5.7981338582677164
20
-4.3173661417322835
11
5.7981338582677164
21
-4.1756338582677168
0
LINE
8
BLACK
6
CONTINUOUS
10
5.7981338582677164
20
-4.1756338582677168
11
5.7988661023622043
21
-4.1738661023622043
0
LINE
8
BLACK
6
CONTINUOUS
10
5.7988661023622043
20
-4.1738661023622043
11
5.8006338582677168
21
-4.1731338582677164
0
LINE
8
BLACK
6
CONTINUOUS
10
5.8006338582677168
20
-4.1731338582677164
11
5.9423661417322835
21
-4.1731338582677164
0
LINE
8
BLACK
6
CONTINUOUS
10
5.8031338582677163
20
-4.1781338582677163
11
5.8031338582677163
21
-4.3148661417322831
0
LINE
8
BLACK
6
CONTINUOUS
10
5.8031338582677163
20
-4.3148661417322831
11
5.9398661417322831
21
-4.3148661417322831
0
LINE
8
BLACK
6
CONTINUOUS
10
5.9398661417322831
20
-4.3148661417322831
11
5.9398661417322831
21
-4.1781338582677163
0
LINE
8
BLACK
6
CONTINUOUS
10
5.9398661417322831
20
-4.1781338582677163
11
5.8031338582677163
21
-4.1781338582677163
0
LINE
8
BLACK
6
CONTINUOUS
10
5.6611536220472436
20
-4.2321100393700783
11
5.6615808267716536
21
-4.2321403937007869
0
LINE
8
BLACK
6
CONTINUOUS
10
5.6615808267716536
20
-4.2321403937007869
11
5.665039881889764
21
-4.2338699212598421
0
LINE
8
BLACK
6
CONTINUOUS
10
5.665039881889764
20
-4.2338699212598421
11
5.6652383070866144
21
-4.2340987007874018
0
LINE
8
BLACK
6
CONTINUOUS
10
5.6652383070866144
20
-4.2340987007874018
11
5.6655180708661419
21
-4.2342146062992123
0
LINE
8
BLACK
6
CONTINUOUS
10
5.6655180708661419
20
-4.2342146062992123
11
5.6672475984251971
21
-4.2359440944881888
0
LINE
8
BLACK
6
CONTINUOUS
10
5.6672475984251971
20
-4.2359440944881888
11
5.6673634645669289
21
-4.2362238976377951
0
LINE
8
BLACK
6
CONTINUOUS
10
5.6673634645669289
20
-4.2362238976377951
11
5.6675922834645664
21
-4.2364223228346454
0
LINE
8
BLACK
6
CONTINUOUS
10
5.6675922834645664
20
-4.2364223228346454
11
5.6693218110236216
21
-4.2398813779527558
0
LINE
8
BLACK
6
CONTINUOUS
10
5.6693218110236216
20
-4.2398813779527558
11
5.6693521259842514
21
-4.2403085433070862
0
LINE
8
BLACK
6
CONTINUOUS
10
5.6693521259842514
20
-4.2403085433070862
11
5.669516062992126
21
-4.2407042519685039
0
LINE
8
BLACK
6
CONTINUOUS
10
5.669516062992126
20
-4.2407042519685039
11
5.669516062992126
21
-4.2424337795275591
0
LINE
8
BLACK
6
CONTINUOUS
10
5.669516062992126
20
-4.2424337795275591
11
5.6693521259842514
21
-4.2428294488188971
0
LINE
8
BLACK
6
CONTINUOUS
10
5.6693521259842514
20
-4.2428294488188971
11
5.6693218110236216
21
-4.2432566535433072
0
LINE
8
BLACK
6
CONTINUOUS
10
5.6693218110236216
20
-4.2432566535433072
11
5.6675922834645664
21
-4.2467157086614176
0
LINE
8
BLACK
6
CONTINUOUS
10
5.6675922834645664
20
-4.2467157086614176
11
5.6673634645669289
21
-4.2469140944881891
0
LINE
8
BLACK
6
CONTINUOUS
10
5.6673634645669289
20
-4.2469140944881891
11
5.6672475984251971
21
-4.2471939370078742
0
LINE
8
BLACK
6
CONTINUOUS
10
5.6672475984251971
20
-4.2471939370078742
11
5.6655180708661419
21
-4.2489234251968506
0
LINE
8
BLACK
6
CONTINUOUS
10
5.6655180708661419
20
-4.2489234251968506
11
5.6652383070866144
21
-4.2490392913385824
0
LINE
8
BLACK
6
CONTINUOUS
10
5.6652383070866144
20
-4.2490392913385824
11
5.665039881889764
21
-4.24926811023622
0
LINE
8
BLACK
6
CONTINUOUS
10
5.665039881889764
20
-4.24926811023622
11
5.6648723228346451
21
-4.2493518503937011
0
LINE
8
BLACK
6
CONTINUOUS
10
5.6648723228346451
20
-4.2493518503937011
11
5.665039881889764
21
-4.2494356299212601
0
LINE
8
BLACK
6
CONTINUOUS
10
5.665039881889764
20
-4.2494356299212601
11
5.6652383070866144
21
-4.249664409448819
0
LINE
8
BLACK
6
CONTINUOUS
10
5.6652383070866144
20
-4.249664409448819
11
5.6655180708661419
21
-4.2497803149606295
0
LINE
8
BLACK
6
CONTINUOUS
10
5.6655180708661419
20
-4.2497803149606295
11
5.6672475984251971
21
-4.2515098031496059
0
LINE
8
BLACK
6
CONTINUOUS
10
5.6672475984251971
20
-4.2515098031496059
11
5.6673634645669289
21
-4.2517896062992122
0
LINE
8
BLACK
6
CONTINUOUS
10
5.6673634645669289
20
-4.2517896062992122
11
5.6675922834645664
21
-4.2519880314960625
0
LINE
8
BLACK
6
CONTINUOUS
10
5.6675922834645664
20
-4.2519880314960625
11
5.6693218110236216
21
-4.2554470866141729
0
LINE
8
BLACK
6
CONTINUOUS
10
5.6693218110236216
20
-4.2554470866141729
11
5.6693521259842514
21
-4.2558742519685042
0
LINE
8
BLACK
6
CONTINUOUS
10
5.6693521259842514
20
-4.2558742519685042
11
5.669516062992126
21
-4.256269960629921
0
LINE
8
BLACK
6
CONTINUOUS
10
5.669516062992126
20
-4.256269960629921
11
5.669516062992126
21
-4.2631880708661418
0
LINE
8
BLACK
6
CONTINUOUS
10
5.669516062992126
20
-4.2631880708661418
11
5.6693521259842514
21
-4.2635837401574799
0
LINE
8
BLACK
6
CONTINUOUS
10
5.6693521259842514
20
-4.2635837401574799
11
5.6693218110236216
21
-4.2640109448818899
0
LINE
8
BLACK
6
CONTINUOUS
10
5.6693218110236216
20
-4.2640109448818899
11
5.6675922834645664
21
-4.2674700000000003
0
LINE
8
BLACK
6
CONTINUOUS
10
5.6675922834645664
20
-4.2674700000000003
11
5.6673634645669289
21
-4.2676683858267719
0
LINE
8
BLACK
6
CONTINUOUS
10
5.6673634645669289
20
-4.2676683858267719
11
5.6672475984251971
21
-4.2679482283464569
0
LINE
8
BLACK
6
CONTINUOUS
10
5.6672475984251971
20
-4.2679482283464569
11
5.6655180708661419
21
-4.2696777165354334
0
LINE
8
BLACK
6
CONTINUOUS
10
5.6655180708661419
20
-4.2696777165354334
11
5.6652383070866144
21
-4.2697935826771651
0
LINE
8
BLACK
6
CONTINUOUS
10
5.6652383070866144
20
-4.2697935826771651
11
5.665039881889764
21
-4.2700224015748027
0
LINE
8
BLACK
6
CONTINUOUS
10
5.665039881889764
20
-4.2700224015748027
11
5.6615808267716536
21
-4.2717518897637792
0
LINE
8
BLACK
6
CONTINUOUS
10
5.6615808267716536
20
-4.2717518897637792
11
5.6611536220472436
21
-4.2717822047244089
0
LINE
8
BLACK
6
CONTINUOUS
10
5.6611536220472436
20
-4.2717822047244089
11
5.6607579527559055
21
-4.2719461417322835
0
LINE
8
BLACK
6
CONTINUOUS
10
5.6607579527559055
20
-4.2719461417322835
11
5.6538398818897635
21
-4.2719461417322835
0
LINE
8
BLACK
6
CONTINUOUS
10
5.6538398818897635
20
-4.2719461417322835
11
5.6534441732283467
21
-4.2717822047244089
0
LINE
8
BLACK
6
CONTINUOUS
10
5.6534441732283467
20
-4.2717822047244089
11
5.6530170078740154
21
-4.2717518897637792
0
LINE
8
BLACK
6
CONTINUOUS
10
5.6530170078740154
20
-4.2717518897637792
11
5.649557952755905
21
-4.2700224015748027
0
LINE
8
BLACK
6
CONTINUOUS
10
5.649557952755905
20
-4.2700224015748027
11
5.6493595275590547
21
-4.2697935826771651
0
LINE
8
BLACK
6
CONTINUOUS
10
5.6493595275590547
20
-4.2697935826771651
11
5.6490797244094484
21
-4.2696777165354334
0
LINE
8
BLACK
6
CONTINUOUS
10
5.6490797244094484
20
-4.2696777165354334
11
5.6473502362204719
21
-4.2679481889763782
0
LINE
8
BLACK
6
CONTINUOUS
10
5.6473502362204719
20
-4.2679481889763782
11
5.6472343307086614
21
-4.2676684251968506
0
LINE
8
BLACK
6
CONTINUOUS
10
5.6472343307086614
20
-4.2676684251968506
11
5.6470055511811026
21
-4.2674700000000003
0
LINE
8
BLACK
6
CONTINUOUS
10
5.6470055511811026
20
-4.2674700000000003
11
5.6452760236220474
21
-4.2640109448818899
0
LINE
8
BLACK
6
CONTINUOUS
10
5.6452760236220474
20
-4.2640109448818899
11
5.6452456692913389
21
-4.2635837401574799
0
LINE
8
BLACK
6
CONTINUOUS
10
5.6452456692913389
20
-4.2635837401574799
11
5.6450817716535431
21
-4.2631880708661418
0
LINE
8
BLACK
6
CONTINUOUS
10
5.6450817716535431
20
-4.2631880708661418
11
5.6450817716535431
21
-4.256269960629921
0
LINE
8
BLACK
6
CONTINUOUS
10
5.6450817716535431
20
-4.256269960629921
11
5.6452456692913389
21
-4.2558742519685042
0
LINE
8
BLACK
6
CONTINUOUS
10
5.6452456692913389
20
-4.2558742519685042
11
5.6452760236220474
21
-4.2554470866141729
0
LINE
8
BLACK
6
CONTINUOUS
10
5.6452760236220474
20
-4.2554470866141729
11
5.6470055511811026
21
-4.2519880314960625
0
LINE
8
BLACK
6
CONTINUOUS
10
5.6470055511811026
20
-4.2519880314960625
11
5.6472343307086614
21
-4.2517895669291335
0
LINE
8
BLACK
6
CONTINUOUS
10
5.6472343307086614
20
-4.2517895669291335
11
5.6473502362204719
21
-4.2515098425196847
0
LINE
8
BLACK
6
CONTINUOUS
10
5.6473502362204719
20
-4.2515098425196847
11
5.6490797244094484
21
-4.2497803149606295
0
LINE
8
BLACK
6
CONTINUOUS
10
5.6490797244094484
20
-4.2497803149606295
11
5.6493595275590547
21
-4.249664409448819
0
LINE
8
BLACK
6
CONTINUOUS
10
5.6493595275590547
20
-4.249664409448819
11
5.649557952755905
21
-4.2494356299212601
0
LINE
8
BLACK
6
CONTINUOUS
10
5.649557952755905
20
-4.2494356299212601
11
5.6497254724409451
21
-4.2493518503937011
0
LINE
8
BLACK
6
CONTINUOUS
10
5.6497254724409451
20
-4.2493518503937011
11
5.649557952755905
21
-4.24926811023622
0
LINE
8
BLACK
6
CONTINUOUS
10
5.649557952755905
20
-4.24926811023622
11
5.6493595275590547
21
-4.2490392913385824
0
LINE
8
BLACK
6
CONTINUOUS
10
5.6493595275590547
20
-4.2490392913385824
11
5.6490797244094484
21
-4.2489234251968506
0
LINE
8
BLACK
6
CONTINUOUS
10
5.6490797244094484
20
-4.2489234251968506
11
5.6473502362204719
21
-4.2471938976377954
0
LINE
8
BLACK
6
CONTINUOUS
10
5.6473502362204719
20
-4.2471938976377954
11
5.6472343307086614
21
-4.2469141338582679
0
LINE
8
BLACK
6
CONTINUOUS
10
5.6472343307086614
20
-4.2469141338582679
11
5.6470055511811026
21
-4.2467157086614176
0
LINE
8
BLACK
6
CONTINUOUS
10
5.6470055511811026
20
-4.2467157086614176
11
5.6452760236220474
21
-4.2432566535433072
0
LINE
8
BLACK
6
CONTINUOUS
10
5.6452760236220474
20
-4.2432566535433072
11
5.6452456692913389
21
-4.2428294488188971
0
LINE
8
BLACK
6
CONTINUOUS
10
5.6452456692913389
20
-4.2428294488188971
11
5.6450817716535431
21
-4.2424337795275591
0
LINE
8
BLACK
6
CONTINUOUS
10
5.6450817716535431
20
-4.2424337795275591
11
5.6450817716535431
21
-4.2407042519685039
0
LINE
8
BLACK
6
CONTINUOUS
10
5.6450817716535431
20
-4.2407042519685039
11
5.6452456692913389
21
-4.2403085433070862
0
LINE
8
BLACK
6
CONTINUOUS
10
5.6452456692913389
20
-4.2403085433070862
11
5.6452760236220474
21
-4.2398813779527558
0
LINE
8
BLACK
6
CONTINUOUS
10
5.6452760236220474
20
-4.2398813779527558
11
5.6470055511811026
21
-4.2364223228346454
0
LINE
8
BLACK
6
CONTINUOUS
10
5.6470055511811026
20
-4.2364223228346454
11
5.6472343307086614
21
-4.2362238582677163
0
LINE
8
BLACK
6
CONTINUOUS
10
5.6472343307086614
20
-4.2362238582677163
11
5.6473502362204719
21
-4.2359441338582675
0
LINE
8
BLACK
6
CONTINUOUS
10
5.6473502362204719
20
-4.2359441338582675
11
5.6490797244094484
21
-4.2342146062992123
0
LINE
8
BLACK
6
CONTINUOUS
10
5.6490797244094484
20
-4.2342146062992123
11
5.6493595275590547
21
-4.2340987007874018
0
LINE
8
BLACK
6
CONTINUOUS
10
5.6493595275590547
20
-4.2340987007874018
11
5.649557952755905
21
-4.2338699212598421
0
LINE
8
BLACK
6
CONTINUOUS
10
5.649557952755905
20
-4.2338699212598421
11
5.6530170078740154
21
-4.2321403937007869
0
LINE
8
BLACK
6
CONTINUOUS
10
5.6530170078740154
20
-4.2321403937007869
11
5.6534441732283467
21
-4.2321100393700783
0
LINE
8
BLACK
6
CONTINUOUS
10
5.6534441732283467
20
-4.2321100393700783
11
5.6538398818897635
21
-4.2319461417322835
0
LINE
8
BLACK
6
CONTINUOUS
10
5.6538398818897635
20
-4.2319461417322835
11
5.6607579527559055
21
-4.2319461417322835
0
LINE
8
BLACK
6
CONTINUOUS
10
5.6607579527559055
20
-4.2319461417322835
11
5.6611536220472436
21
-4.2321100393700783
0
LINE
8
BLACK
6
CONTINUOUS
10
5.6514707480314961
20
-4.2525935826771653
11
5.6501635039370077
21
-4.2539007874015748
0
LINE
8
BLACK
6
CONTINUOUS
10
5.6501635039370077
20
-4.2539007874015748
11
5.6487617716535432
21
-4.2567043307086614
0
LINE
8
BLACK
6
CONTINUOUS
10
5.6487617716535432
20
-4.2567043307086614
11
5.6487617716535432
21
-4.2627537007874015
0
LINE
8
BLACK
6
CONTINUOUS
10
5.6487617716535432
20
-4.2627537007874015
11
5.6501635039370077
21
-4.2655572047244092
0
LINE
8
BLACK
6
CONTINUOUS
10
5.6501635039370077
20
-4.2655572047244092
11
5.6514707480314961
21
-4.2668644094488188
0
LINE
8
BLACK
6
CONTINUOUS
10
5.6514707480314961
20
-4.2668644094488188
11
5.6542742519685039
21
-4.2682661417322834
0
LINE
8
BLACK
6
CONTINUOUS
10
5.6542742519685039
20
-4.2682661417322834
11
5.6603235826771652
21
-4.2682661417322834
0
LINE
8
BLACK
6
CONTINUOUS
10
5.6603235826771652
20
-4.2682661417322834
11
5.663127086614173
21
-4.2668643700787401
0
LINE
8
BLACK
6
CONTINUOUS
10
5.663127086614173
20
-4.2668643700787401
11
5.6644342913385826
21
-4.2655571653543305
0
LINE
8
BLACK
6
CONTINUOUS
10
5.6644342913385826
20
-4.2655571653543305
11
5.6658360629921258
21
-4.2627537007874015
0
LINE
8
BLACK
6
CONTINUOUS
10
5.6658360629921258
20
-4.2627537007874015
11
5.6658360629921258
21
-4.2567043307086614
0
LINE
8
BLACK
6
CONTINUOUS
10
5.6658360629921258
20
-4.2567043307086614
11
5.6644342913385826
21
-4.2539008267716536
0
LINE
8
BLACK
6
CONTINUOUS
10
5.6644342913385826
20
-4.2539008267716536
11
5.663127086614173
21
-4.252593622047244
0
LINE
8
BLACK
6
CONTINUOUS
10
5.663127086614173
20
-4.252593622047244
11
5.6603235826771652
21
-4.2511918897637795
0
LINE
8
BLACK
6
CONTINUOUS
10
5.6603235826771652
20
-4.2511918897637795
11
5.6542742519685039
21
-4.2511918897637795
0
LINE
8
BLACK
6
CONTINUOUS
10
5.6542742519685039
20
-4.2511918897637795
11
5.6514707480314961
21
-4.2525935826771653
0
LINE
8
BLACK
6
CONTINUOUS
10
5.6514707480314961
20
-4.2370278740157481
11
5.6501635039370077
21
-4.2383350787401577
0
LINE
8
BLACK
6
CONTINUOUS
10
5.6501635039370077
20
-4.2383350787401577
11
5.6487617716535432
21
-4.2411386220472442
0
LINE
8
BLACK
6
CONTINUOUS
10
5.6487617716535432
20
-4.2411386220472442
11
5.6487617716535432
21
-4.2419994094488187
0
LINE
8
BLACK
6
CONTINUOUS
10
5.6487617716535432
20
-4.2419994094488187
11
5.6501635039370077
21
-4.2448029133858265
0
LINE
8
BLACK
6
CONTINUOUS
10
5.6501635039370077
20
-4.2448029133858265
11
5.6514707480314961
21
-4.2461101181102361
0
LINE
8
BLACK
6
CONTINUOUS
10
5.6514707480314961
20
-4.2461101181102361
11
5.6542742519685039
21
-4.2475118897637794
0
LINE
8
BLACK
6
CONTINUOUS
10
5.6542742519685039
20
-4.2475118897637794
11
5.6603235826771652
21
-4.2475118897637794
0
LINE
8
BLACK
6
CONTINUOUS
10
5.6603235826771652
20
-4.2475118897637794
11
5.663127086614173
21
-4.2461101181102361
0
LINE
8
BLACK
6
CONTINUOUS
10
5.663127086614173
20
-4.2461101181102361
11
5.6644342913385826
21
-4.2448028740157477
0
LINE
8
BLACK
6
CONTINUOUS
10
5.6644342913385826
20
-4.2448028740157477
11
5.6658360629921258
21
-4.2419994094488187
0
LINE
8
BLACK
6
CONTINUOUS
10
5.6658360629921258
20
-4.2419994094488187
11
5.6658360629921258
21
-4.2411386220472442
0
LINE
8
BLACK
6
CONTINUOUS
10
5.6658360629921258
20
-4.2411386220472442
11
5.6644342913385826
21
-4.2383351181102364
0
LINE
8
BLACK
6
CONTINUOUS
10
5.6644342913385826
20
-4.2383351181102364
11
5.663127086614173
21
-4.2370278740157481
0
LINE
8
BLACK
6
CONTINUOUS
10
5.663127086614173
20
-4.2370278740157481
11
5.6603235826771652
21
-4.2356261417322836
0
LINE
8
BLACK
6
CONTINUOUS
10
5.6603235826771652
20
-4.2356261417322836
11
5.6542742519685039
21
-4.2356261417322836
0
LINE
8
BLACK
6
CONTINUOUS
10
5.6542742519685039
20
-4.2356261417322836
11
5.6514707480314961
21
-4.2370278740157481
0
LINE
8
BLACK
6
CONTINUOUS
10
5.6974736220472444
20
-4.2321100393700783
11
5.6979008267716535
21
-4.2321403937007869
0
LINE
8
BLACK
6
CONTINUOUS
10
5.6979008267716535
20
-4.2321403937007869
11
5.7013598818897639
21
-4.2338699212598421
0
LINE
8
BLACK
6
CONTINUOUS
10
5.7013598818897639
20
-4.2338699212598421
11
5.7015583070866143
21
-4.2340987007874018
0
LINE
8
BLACK
6
CONTINUOUS
10
5.7015583070866143
20
-4.2340987007874018
11
5.7018380708661418
21
-4.2342146062992123
0
LINE
8
BLACK
6
CONTINUOUS
10
5.7018380708661418
20
-4.2342146062992123
11
5.703567598425197
21
-4.2359440944881888
0
LINE
8
BLACK
6
CONTINUOUS
10
5.703567598425197
20
-4.2359440944881888
11
5.7041064960629919
21
-4.2372451968503935
0
LINE
8
BLACK
6
CONTINUOUS
10
5.7041064960629919
20
-4.2372451968503935
11
5.703567598425197
21
-4.2385462598425194
0
LINE
8
BLACK
6
CONTINUOUS
10
5.703567598425197
20
-4.2385462598425194
11
5.702266535433071
21
-4.2390851574803152
0
LINE
8
BLACK
6
CONTINUOUS
10
5.702266535433071
20
-4.2390851574803152
11
5.7009654330708663
21
-4.2385462598425194
0
LINE
8
BLACK
6
CONTINUOUS
10
5.7009654330708663
20
-4.2385462598425194
11
5.6994470866141729
21
-4.2370278740157481
0
LINE
8
BLACK
6
CONTINUOUS
10
5.6994470866141729
20
-4.2370278740157481
11
5.6966435826771651
21
-4.2356261417322836
0
LINE
8
BLACK
6
CONTINUOUS
10
5.6966435826771651
20
-4.2356261417322836
11
5.6888647244094486
21
-4.2356261417322836
0
LINE
8
BLACK
6
CONTINUOUS
10
5.6888647244094486
20
-4.2356261417322836
11
5.6860612204724408
21
-4.2370278740157481
0
LINE
8
BLACK
6
CONTINUOUS
10
5.6860612204724408
20
-4.2370278740157481
11
5.6847539763779524
21
-4.2383350787401577
0
LINE
8
BLACK
6
CONTINUOUS
10
5.6847539763779524
20
-4.2383350787401577
11
5.6833522440944879
21
-4.2411386220472442
0
LINE
8
BLACK
6
CONTINUOUS
10
5.6833522440944879
20
-4.2411386220472442
11
5.6833522440944879
21
-4.2438646850393704
0
LINE
8
BLACK
6
CONTINUOUS
10
5.6833522440944879
20
-4.2438646850393704
11
5.68485
21
-4.2483579921259844
0
LINE
8
BLACK
6
CONTINUOUS
10
5.68485
20
-4.2483579921259844
11
5.705297165354331
21
-4.268805078740157
0
LINE
8
BLACK
6
CONTINUOUS
10
5.705297165354331
20
-4.268805078740157
11
5.7058360629921259
21
-4.270106141732283
0
LINE
8
BLACK
6
CONTINUOUS
10
5.7058360629921259
20
-4.270106141732283
11
5.705297165354331
21
-4.2714072440944877
0
LINE
8
BLACK
6
CONTINUOUS
10
5.705297165354331
20
-4.2714072440944877
11
5.7039960629921262
21
-4.2719461417322835
0
LINE
8
BLACK
6
CONTINUOUS
10
5.7039960629921262
20
-4.2719461417322835
11
5.6815122440944883
21
-4.2719461417322835
0
LINE
8
BLACK
6
CONTINUOUS
10
5.6815122440944883
20
-4.2719461417322835
11
5.6802111811023623
21
-4.2714072047244089
0
LINE
8
BLACK
6
CONTINUOUS
10
5.6802111811023623
20
-4.2714072047244089
11
5.6796722440944878
21
-4.270106141732283
0
LINE
8
BLACK
6
CONTINUOUS
10
5.6796722440944878
20
-4.270106141732283
11
5.6802111811023623
21
-4.268805078740157
0
LINE
8
BLACK
6
CONTINUOUS
10
5.6802111811023623
20
-4.268805078740157
11
5.6815122440944883
21
-4.2682661417322834
0
LINE
8
BLACK
6
CONTINUOUS
10
5.6815122440944883
20
-4.2682661417322834
11
5.6995538976377951
21
-4.2682661417322834
0
LINE
8
BLACK
6
CONTINUOUS
10
5.6995538976377951
20
-4.2682661417322834
11
5.6819407086614175
21
-4.2506529527559058
0
LINE
8
BLACK
6
CONTINUOUS
10
5.6819407086614175
20
-4.2506529527559058
11
5.6817768110236218
21
-4.2502573228346456
0
LINE
8
BLACK
6
CONTINUOUS
10
5.6817768110236218
20
-4.2502573228346456
11
5.6814961811023617
21
-4.2499337401574806
0
LINE
8
BLACK
6
CONTINUOUS
10
5.6814961811023617
20
-4.2499337401574806
11
5.6797666535433073
21
-4.244745157480315
0
LINE
8
BLACK
6
CONTINUOUS
10
5.6797666535433073
20
-4.244745157480315
11
5.6797881102362204
21
-4.2444430314960631
0
LINE
8
BLACK
6
CONTINUOUS
10
5.6797881102362204
20
-4.2444430314960631
11
5.6796722440944878
21
-4.2441633070866143
0
LINE
8
BLACK
6
CONTINUOUS
10
5.6796722440944878
20
-4.2441633070866143
11
5.6796722440944878
21
-4.2407042519685039
0
LINE
8
BLACK
6
CONTINUOUS
10
5.6796722440944878
20
-4.2407042519685039
11
5.6798361417322836
21
-4.2403085433070862
0
LINE
8
BLACK
6
CONTINUOUS
10
5.6798361417322836
20
-4.2403085433070862
11
5.6798664960629921
21
-4.2398813779527558
0
LINE
8
BLACK
6
CONTINUOUS
10
5.6798664960629921
20
-4.2398813779527558
11
5.6815960236220473
21
-4.2364223228346454
0
LINE
8
BLACK
6
CONTINUOUS
10
5.6815960236220473
20
-4.2364223228346454
11
5.6818248031496061
21
-4.2362238582677163
0
LINE
8
BLACK
6
CONTINUOUS
10
5.6818248031496061
20
-4.2362238582677163
11
5.6819407086614175
21
-4.2359441338582675
0
LINE
8
BLACK
6
CONTINUOUS
10
5.6819407086614175
20
-4.2359441338582675
11
5.683670196850394
21
-4.2342146062992123
0
LINE
8
BLACK
6
CONTINUOUS
10
5.683670196850394
20
-4.2342146062992123
11
5.6839500000000003
21
-4.2340987007874018
0
LINE
8
BLACK
6
CONTINUOUS
10
5.6839500000000003
20
-4.2340987007874018
11
5.6841484251968506
21
-4.2338699212598421
0
LINE
8
BLACK
6
CONTINUOUS
10
5.6841484251968506
20
-4.2338699212598421
11
5.6876074803149601
21
-4.2321403937007869
0
LINE
8
BLACK
6
CONTINUOUS
10
5.6876074803149601
20
-4.2321403937007869
11
5.6880346456692914
21
-4.2321100393700783
0
LINE
8
BLACK
6
CONTINUOUS
10
5.6880346456692914
20
-4.2321100393700783
11
5.6884303543307082
21
-4.2319461417322835
0
LINE
8
BLACK
6
CONTINUOUS
10
5.6884303543307082
20
-4.2319461417322835
11
5.6970779527559055
21
-4.2319461417322835
0
LINE
8
BLACK
6
CONTINUOUS
10
5.6970779527559055
20
-4.2319461417322835
11
5.6974736220472444
21
-4.2321100393700783
0
LINE
8
BLACK
6
CONTINUOUS
10
5.7381580708661417
20
-4.2324850787401571
11
5.7386970078740154
21
-4.2337861417322831
0
LINE
8
BLACK
6
CONTINUOUS
10
5.7386970078740154
20
-4.2337861417322831
11
5.7386970078740154
21
-4.270106141732283
0
LINE
8
BLACK
6
CONTINUOUS
10
5.7386970078740154
20
-4.270106141732283
11
5.7381580708661417
21
-4.2714072047244089
0
LINE
8
BLACK
6
CONTINUOUS
10
5.7381580708661417
20
-4.2714072047244089
11
5.7368570078740158
21
-4.2719461417322835
0
LINE
8
BLACK
6
CONTINUOUS
10
5.7368570078740158
20
-4.2719461417322835
11
5.7355559448818898
21
-4.2714072047244089
0
LINE
8
BLACK
6
CONTINUOUS
10
5.7355559448818898
20
-4.2714072047244089
11
5.7350170078740152
21
-4.270106141732283
0
LINE
8
BLACK
6
CONTINUOUS
10
5.7350170078740152
20
-4.270106141732283
11
5.7350170078740152
21
-4.2546509055118111
0
LINE
8
BLACK
6
CONTINUOUS
10
5.7350170078740152
20
-4.2546509055118111
11
5.7291674015748031
21
-4.2546509055118111
0
LINE
8
BLACK
6
CONTINUOUS
10
5.7291674015748031
20
-4.2546509055118111
11
5.7176101181102359
21
-4.271161299212598
0
LINE
8
BLACK
6
CONTINUOUS
10
5.7176101181102359
20
-4.271161299212598
11
5.7164224803149608
21
-4.2719181102362205
0
LINE
8
BLACK
6
CONTINUOUS
10
5.7164224803149608
20
-4.2719181102362205
11
5.715047559055118
21
-4.2716135433070868
0
LINE
8
BLACK
6
CONTINUOUS
10
5.715047559055118
20
-4.2716135433070868
11
5.7142907480314955
21
-4.2704259055118108
0
LINE
8
BLACK
6
CONTINUOUS
10
5.7142907480314955
20
-4.2704259055118108
11
5.7145953149606301
21
-4.2690509842519688
0
LINE
8
BLACK
6
CONTINUOUS
10
5.7145953149606301
20
-4.2690509842519688
11
5.7246753543307083
21
-4.2546509055118111
0
LINE
8
BLACK
6
CONTINUOUS
10
5.7246753543307083
20
-4.2546509055118111
11
5.7230208267716538
21
-4.2546509055118111
0
LINE
8
BLACK
6
CONTINUOUS
10
5.7230208267716538
20
-4.2546509055118111
11
5.7226251181102361
21
-4.2544869685039366
0
LINE
8
BLACK
6
CONTINUOUS
10
5.7226251181102361
20
-4.2544869685039366
11
5.7221979527559057
21
-4.2544566535433068
0
LINE
8
BLACK
6
CONTINUOUS
10
5.7221979527559057
20
-4.2544566535433068
11
5.7187388976377953
21
-4.2527271259842516
0
LINE
8
BLACK
6
CONTINUOUS
10
5.7187388976377953
20
-4.2527271259842516
11
5.718540472440945
21
-4.2524983464566928
0
LINE
8
BLACK
6
CONTINUOUS
10
5.718540472440945
20
-4.2524983464566928
11
5.7182607086614174
21
-4.2523824803149601
0
LINE
8
BLACK
6
CONTINUOUS
10
5.7182607086614174
20
-4.2523824803149601
11
5.7165311811023622
21
-4.2506529921259846
0
LINE
8
BLACK
6
CONTINUOUS
10
5.7165311811023622
20
-4.2506529921259846
11
5.7164152362204721
21
-4.2503731496062995
0
LINE
8
BLACK
6
CONTINUOUS
10
5.7164152362204721
20
-4.2503731496062995
11
5.716186496062992
21
-4.2501747637795271
0
LINE
8
BLACK
6
CONTINUOUS
10
5.716186496062992
20
-4.2501747637795271
11
5.7144569685039368
21
-4.2467157086614176
0
LINE
8
BLACK
6
CONTINUOUS
10
5.7144569685039368
20
-4.2467157086614176
11
5.7144266141732283
21
-4.2462885039370075
0
LINE
8
BLACK
6
CONTINUOUS
10
5.7144266141732283
20
-4.2462885039370075
11
5.7142627165354334
21
-4.2458928346456695
0
LINE
8
BLACK
6
CONTINUOUS
10
5.7142627165354334
20
-4.2458928346456695
11
5.7142627165354334
21
-4.2407042519685039
0
LINE
8
BLACK
6
CONTINUOUS
10
5.7142627165354334
20
-4.2407042519685039
11
5.7144266141732283
21
-4.2403085433070862
0
LINE
8
BLACK
6
CONTINUOUS
10
5.7144266141732283
20
-4.2403085433070862
11
5.7144569685039368
21
-4.2398813779527558
0
LINE
8
BLACK
6
CONTINUOUS
10
5.7144569685039368
20
-4.2398813779527558
11
5.716186496062992
21
-4.2364223228346454
0
LINE
8
BLACK
6
CONTINUOUS
10
5.716186496062992
20
-4.2364223228346454
11
5.7164152755905508
21
-4.2362238582677163
0
LINE
8
BLACK
6
CONTINUOUS
10
5.7164152755905508
20
-4.2362238582677163
11
5.7165311811023622
21
-4.2359441338582675
0
LINE
8
BLACK
6
CONTINUOUS
10
5.7165311811023622
20
-4.2359441338582675
11
5.7182606692913387
21
-4.2342146062992123
0
LINE
8
BLACK
6
CONTINUOUS
10
5.7182606692913387
20
-4.2342146062992123
11
5.718540472440945
21
-4.2340987007874018
0
LINE
8
BLACK
6
CONTINUOUS
10
5.718540472440945
20
-4.2340987007874018
11
5.7187388976377953
21
-4.2338699212598421
0
LINE
8
BLACK
6
CONTINUOUS
10
5.7187388976377953
20
-4.2338699212598421
11
5.7221979527559057
21
-4.2321403937007869
0
LINE
8
BLACK
6
CONTINUOUS
10
5.7221979527559057
20
-4.2321403937007869
11
5.7226251181102361
21
-4.2321100393700783
0
LINE
8
BLACK
6
CONTINUOUS
10
5.7226251181102361
20
-4.2321100393700783
11
5.7230208267716538
21
-4.2319461417322835
0
LINE
8
BLACK
6
CONTINUOUS
10
5.7230208267716538
20
-4.2319461417322835
11
5.7368570078740158
21
-4.2319461417322835
0
LINE
8
BLACK
6
CONTINUOUS
10
5.7368570078740158
20
-4.2319461417322835
11
5.7381580708661417
21
-4.2324850787401571
0
LINE
8
BLACK
6
CONTINUOUS
10
5.7206516929133855
20
-4.2370278740157481
11
5.7193444488188971
21
-4.2383350787401577
0
LINE
8
BLACK
6
CONTINUOUS
10
5.7193444488188971
20
-4.2383350787401577
11
5.7179427165354326
21
-4.2411386220472442
0
LINE
8
BLACK
6
CONTINUOUS
10
5.7179427165354326
20
-4.2411386220472442
11
5.7179427165354326
21
-4.2454584645669291
0
LINE
8
BLACK
6
CONTINUOUS
10
5.7179427165354326
20
-4.2454584645669291
11
5.7193444094488184
21
-4.2482618897637794
0
LINE
8
BLACK
6
CONTINUOUS
10
5.7193444094488184
20
-4.2482618897637794
11
5.7206516929133855
21
-4.2495691338582677
0
LINE
8
BLACK
6
CONTINUOUS
10
5.7206516929133855
20
-4.2495691338582677
11
5.7234551968503933
21
-4.250970905511811
0
LINE
8
BLACK
6
CONTINUOUS
10
5.7234551968503933
20
-4.250970905511811
11
5.7350170078740152
21
-4.250970905511811
0
LINE
8
BLACK
6
CONTINUOUS
10
5.7350170078740152
20
-4.250970905511811
11
5.7350170078740152
21
-4.2356261417322836
0
LINE
8
BLACK
6
CONTINUOUS
10
5.7350170078740152
20
-4.2356261417322836
11
5.7234551968503933
21
-4.2356261417322836
0
LINE
8
BLACK
6
CONTINUOUS
10
5.7234551968503933
20
-4.2356261417322836
11
5.7206516929133855
21
-4.2370278740157481
0
LINE
8
BLACK
6
CONTINUOUS
10
5.7862637795275589
20
-4.215299212598425
11
5.7783897637795274
21
-4.215299212598425
0
LINE
8
BLACK
6
CONTINUOUS
10
5.7783897637795274
20
-4.215299212598425
11
5.7783897637795274
21
-4.212346456692913
0
LINE
8
BLACK
6
CONTINUOUS
10
5.7783897637795274
20
-4.212346456692913
11
5.7862637795275589
21
-4.212346456692913
0
LINE
8
BLACK
6
CONTINUOUS
10
5.7862637795275589
20
-4.212346456692913
11
5.7862637795275589
21
-4.215299212598425
0
LINE
8
BLACK
6
CONTINUOUS
10
5.672868976377953
20
-4.1649643700787404
11
5.6732961811023621
21
-4.164994724409449
0
LINE
8
BLACK
6
CONTINUOUS
10
5.6732961811023621
20
-4.164994724409449
11
5.6767552362204725
21
-4.1667242519685042
0
LINE
8
BLACK
6
CONTINUOUS
10
5.6767552362204725
20
-4.1667242519685042
11
5.6769536614173228
21
-4.166953031496063
0
LINE
8
BLACK
6
CONTINUOUS
10
5.6769536614173228
20
-4.166953031496063
11
5.6772334251968504
21
-4.1670689370078735
0
LINE
8
BLACK
6
CONTINUOUS
10
5.6772334251968504
20
-4.1670689370078735
11
5.6789629527559056
21
-4.16879842519685
0
LINE
8
BLACK
6
CONTINUOUS
10
5.6789629527559056
20
-4.16879842519685
11
5.6790788188976373
21
-4.1690782283464562
0
LINE
8
BLACK
6
CONTINUOUS
10
5.6790788188976373
20
-4.1690782283464562
11
5.6793076377952758
21
-4.1692766535433066
0
LINE
8
BLACK
6
CONTINUOUS
10
5.6793076377952758
20
-4.1692766535433066
11
5.681037165354331
21
-4.172735708661417
0
LINE
8
BLACK
6
CONTINUOUS
10
5.681037165354331
20
-4.172735708661417
11
5.6810519685039367
21
-4.172944251968504
0
LINE
8
BLACK
6
CONTINUOUS
10
5.6810519685039367
20
-4.172944251968504
11
5.6811764960629922
21
-4.1731123228346458
0
LINE
8
BLACK
6
CONTINUOUS
10
5.6811764960629922
20
-4.1731123228346458
11
5.6829060236220474
21
-4.1800304330708657
0
LINE
8
BLACK
6
CONTINUOUS
10
5.6829060236220474
20
-4.1800304330708657
11
5.682871653543307
21
-4.1802611811023622
0
LINE
8
BLACK
6
CONTINUOUS
10
5.682871653543307
20
-4.1802611811023622
11
5.6829609448818896
21
-4.1804766929133859
0
LINE
8
BLACK
6
CONTINUOUS
10
5.6829609448818896
20
-4.1804766929133859
11
5.6829609448818896
21
-4.1891242913385822
0
LINE
8
BLACK
6
CONTINUOUS
10
5.6829609448818896
20
-4.1891242913385822
11
5.682871653543307
21
-4.1893397637795271
0
LINE
8
BLACK
6
CONTINUOUS
10
5.682871653543307
20
-4.1893397637795271
11
5.6829060236220474
21
-4.1895705511811023
0
LINE
8
BLACK
6
CONTINUOUS
10
5.6829060236220474
20
-4.1895705511811023
11
5.6811764960629922
21
-4.1964886614173231
0
LINE
8
BLACK
6
CONTINUOUS
10
5.6811764960629922
20
-4.1964886614173231
11
5.6810519685039367
21
-4.1966566929133862
0
LINE
8
BLACK
6
CONTINUOUS
10
5.6810519685039367
20
-4.1966566929133862
11
5.681037165354331
21
-4.1968652755905511
0
LINE
8
BLACK
6
CONTINUOUS
10
5.681037165354331
20
-4.1968652755905511
11
5.6793076377952758
21
-4.2003243307086615
0
LINE
8
BLACK
6
CONTINUOUS
10
5.6793076377952758
20
-4.2003243307086615
11
5.6790788188976373
21
-4.2005227165354331
0
LINE
8
BLACK
6
CONTINUOUS
10
5.6790788188976373
20
-4.2005227165354331
11
5.6789629527559056
21
-4.2008025590551181
0
LINE
8
BLACK
6
CONTINUOUS
10
5.6789629527559056
20
-4.2008025590551181
11
5.6772334251968504
21
-4.2025320472440946
0
LINE
8
BLACK
6
CONTINUOUS
10
5.6772334251968504
20
-4.2025320472440946
11
5.6769536614173228
21
-4.2026479133858263
0
LINE
8
BLACK
6
CONTINUOUS
10
5.6769536614173228
20
-4.2026479133858263
11
5.6767552362204725
21
-4.2028767322834648
0
LINE
8
BLACK
6
CONTINUOUS
10
5.6767552362204725
20
-4.2028767322834648
11
5.6732961811023621
21
-4.2046062204724413
0
LINE
8
BLACK
6
CONTINUOUS
10
5.6732961811023621
20
-4.2046062204724413
11
5.672868976377953
21
-4.204636535433071
0
LINE
8
BLACK
6
CONTINUOUS
10
5.672868976377953
20
-4.204636535433071
11
5.672473307086614
21
-4.2048004724409447
0
LINE
8
BLACK
6
CONTINUOUS
10
5.672473307086614
20
-4.2048004724409447
11
5.6690142913385824
21
-4.2048004724409447
0
LINE
8
BLACK
6
CONTINUOUS
10
5.6690142913385824
20
-4.2048004724409447
11
5.6686185826771656
21
-4.204636535433071
0
LINE
8
BLACK
6
CONTINUOUS
10
5.6686185826771656
20
-4.204636535433071
11
5.6681914173228343
21
-4.2046062204724413
0
LINE
8
BLACK
6
CONTINUOUS
10
5.6681914173228343
20
-4.2046062204724413
11
5.6647323622047239
21
-4.2028767322834648
0
LINE
8
BLACK
6
CONTINUOUS
10
5.6647323622047239
20
-4.2028767322834648
11
5.6645339370078736
21
-4.2026479133858263
0
LINE
8
BLACK
6
CONTINUOUS
10
5.6645339370078736
20
-4.2026479133858263
11
5.6642541338582673
21
-4.2025320472440946
0
LINE
8
BLACK
6
CONTINUOUS
10
5.6642541338582673
20
-4.2025320472440946
11
5.6625246456692908
21
-4.2008025196850394
0
LINE
8
BLACK
6
CONTINUOUS
10
5.6625246456692908
20
-4.2008025196850394
11
5.6624087401574803
21
-4.2005227559055118
0
LINE
8
BLACK
6
CONTINUOUS
10
5.6624087401574803
20
-4.2005227559055118
11
5.6621799606299215
21
-4.2003243307086615
0
LINE
8
BLACK
6
CONTINUOUS
10
5.6621799606299215
20
-4.2003243307086615
11
5.6604504330708663
21
-4.1968652755905511
0
LINE
8
BLACK
6
CONTINUOUS
10
5.6604504330708663
20
-4.1968652755905511
11
5.660435590551181
21
-4.1966566929133862
0
LINE
8
BLACK
6
CONTINUOUS
10
5.660435590551181
20
-4.1966566929133862
11
5.660311102362205
21
-4.1964886614173231
0
LINE
8
BLACK
6
CONTINUOUS
10
5.660311102362205
20
-4.1964886614173231
11
5.6585815748031498
21
-4.1895705511811023
0
LINE
8
BLACK
6
CONTINUOUS
10
5.6585815748031498
20
-4.1895705511811023
11
5.6586159055118106
21
-4.1893397637795271
0
LINE
8
BLACK
6
CONTINUOUS
10
5.6586159055118106
20
-4.1893397637795271
11
5.6585266535433068
21
-4.1891242913385822
0
LINE
8
BLACK
6
CONTINUOUS
10
5.6585266535433068
20
-4.1891242913385822
11
5.6585266535433068
21
-4.1804766929133859
0
LINE
8
BLACK
6
CONTINUOUS
10
5.6585266535433068
20
-4.1804766929133859
11
5.6586159055118106
21
-4.1802611811023622
0
LINE
8
BLACK
6
CONTINUOUS
10
5.6586159055118106
20
-4.1802611811023622
11
5.6585815748031498
21
-4.1800304330708657
0
LINE
8
BLACK
6
CONTINUOUS
10
5.6585815748031498
20
-4.1800304330708657
11
5.660311102362205
21
-4.1731123228346458
0
LINE
8
BLACK
6
CONTINUOUS
10
5.660311102362205
20
-4.1731123228346458
11
5.660435590551181
21
-4.172944251968504
0
LINE
8
BLACK
6
CONTINUOUS
10
5.660435590551181
20
-4.172944251968504
11
5.6604504330708663
21
-4.172735708661417
0
LINE
8
BLACK
6
CONTINUOUS
10
5.6604504330708663
20
-4.172735708661417
11
5.6621799606299215
21
-4.1692766535433066
0
LINE
8
BLACK
6
CONTINUOUS
10
5.6621799606299215
20
-4.1692766535433066
11
5.6624087401574803
21
-4.1690781889763775
0
LINE
8
BLACK
6
CONTINUOUS
10
5.6624087401574803
20
-4.1690781889763775
11
5.6625246456692908
21
-4.1687984645669287
0
LINE
8
BLACK
6
CONTINUOUS
10
5.6625246456692908
20
-4.1687984645669287
11
5.6642541338582673
21
-4.1670689370078735
0
LINE
8
BLACK
6
CONTINUOUS
10
5.6642541338582673
20
-4.1670689370078735
11
5.6645339370078736
21
-4.166953031496063
0
LINE
8
BLACK
6
CONTINUOUS
10
5.6645339370078736
20
-4.166953031496063
11
5.6647323622047239
21
-4.1667242519685042
0
LINE
8
BLACK
6
CONTINUOUS
10
5.6647323622047239
20
-4.1667242519685042
11
5.6681914173228343
21
-4.164994724409449
0
LINE
8
BLACK
6
CONTINUOUS
10
5.6681914173228343
20
-4.164994724409449
11
5.6686185826771656
21
-4.1649643700787404
0
LINE
8
BLACK
6
CONTINUOUS
10
5.6686185826771656
20
-4.1649643700787404
11
5.6690142913385824
21
-4.1648004724409446
0
LINE
8
BLACK
6
CONTINUOUS
10
5.6690142913385824
20
-4.1648004724409446
11
5.672473307086614
21
-4.1648004724409446
0
LINE
8
BLACK
6
CONTINUOUS
10
5.672473307086614
20
-4.1648004724409446
11
5.672868976377953
21
-4.1649643700787404
0
LINE
8
BLACK
6
CONTINUOUS
10
5.6666451574803149
20
-4.1698822047244093
11
5.6653379133858266
21
-4.1711894094488189
0
LINE
8
BLACK
6
CONTINUOUS
10
5.6653379133858266
20
-4.1711894094488189
11
5.6638322834645667
21
-4.1742007480314962
0
LINE
8
BLACK
6
CONTINUOUS
10
5.6638322834645667
20
-4.1742007480314962
11
5.6622066535433069
21
-4.1807032677165354
0
LINE
8
BLACK
6
CONTINUOUS
10
5.6622066535433069
20
-4.1807032677165354
11
5.6622066535433069
21
-4.1888977165354326
0
LINE
8
BLACK
6
CONTINUOUS
10
5.6622066535433069
20
-4.1888977165354326
11
5.6638322834645667
21
-4.1954002362204728
0
LINE
8
BLACK
6
CONTINUOUS
10
5.6638322834645667
20
-4.1954002362204728
11
5.6653379133858266
21
-4.1984115354330704
0
LINE
8
BLACK
6
CONTINUOUS
10
5.6653379133858266
20
-4.1984115354330704
11
5.6666451574803149
21
-4.19971874015748
0
LINE
8
BLACK
6
CONTINUOUS
10
5.6666451574803149
20
-4.19971874015748
11
5.6694486614173227
21
-4.2011204724409446
0
LINE
8
BLACK
6
CONTINUOUS
10
5.6694486614173227
20
-4.2011204724409446
11
5.6720389370078736
21
-4.2011204724409446
0
LINE
8
BLACK
6
CONTINUOUS
10
5.6720389370078736
20
-4.2011204724409446
11
5.6748424409448814
21
-4.1997187007874013
0
LINE
8
BLACK
6
CONTINUOUS
10
5.6748424409448814
20
-4.1997187007874013
11
5.676149645669291
21
-4.1984114960629917
0
LINE
8
BLACK
6
CONTINUOUS
10
5.676149645669291
20
-4.1984114960629917
11
5.6776553149606297
21
-4.1954002362204728
0
LINE
8
BLACK
6
CONTINUOUS
10
5.6776553149606297
20
-4.1954002362204728
11
5.6792809448818895
21
-4.1888977165354326
0
LINE
8
BLACK
6
CONTINUOUS
10
5.6792809448818895
20
-4.1888977165354326
11
5.6792809448818895
21
-4.1807032677165354
0
LINE
8
BLACK
6
CONTINUOUS
10
5.6792809448818895
20
-4.1807032677165354
11
5.6776553149606297
21
-4.1742007480314962
0
LINE
8
BLACK
6
CONTINUOUS
10
5.6776553149606297
20
-4.1742007480314962
11
5.676149645669291
21
-4.1711894488188976
0
LINE
8
BLACK
6
CONTINUOUS
10
5.676149645669291
20
-4.1711894488188976
11
5.6748424409448814
21
-4.1698822047244093
0
LINE
8
BLACK
6
CONTINUOUS
10
5.6748424409448814
20
-4.1698822047244093
11
5.6720389370078736
21
-4.1684804724409448
0
LINE
8
BLACK
6
CONTINUOUS
10
5.6720389370078736
20
-4.1684804724409448
11
5.6694486614173227
21
-4.1684804724409448
0
LINE
8
BLACK
6
CONTINUOUS
10
5.6694486614173227
20
-4.1684804724409448
11
5.6666451574803149
21
-4.1698822047244093
0
LINE
8
BLACK
6
CONTINUOUS
10
5.705509251968504
20
-4.1648729527559052
11
5.7056951181102358
21
-4.1648362204724405
0
LINE
8
BLACK
6
CONTINUOUS
10
5.7056951181102358
20
-4.1648362204724405
11
5.7061402755905508
21
-4.1651343307086615
0
LINE
8
BLACK
6
CONTINUOUS
10
5.7061402755905508
20
-4.1651343307086615
11
5.7066353149606295
21
-4.1653394094488192
0
LINE
8
BLACK
6
CONTINUOUS
10
5.7066353149606295
20
-4.1653394094488192
11
5.70670779527559
21
-4.1655144094488188
0
LINE
8
BLACK
6
CONTINUOUS
10
5.70670779527559
20
-4.1655144094488188
11
5.7068652362204721
21
-4.1656198425196846
0
LINE
8
BLACK
6
CONTINUOUS
10
5.7068652362204721
20
-4.1656198425196846
11
5.7102232677165352
21
-4.1706568897637792
0
LINE
8
BLACK
6
CONTINUOUS
10
5.7102232677165352
20
-4.1706568897637792
11
5.7133422440944877
21
-4.1737758661417326
0
LINE
8
BLACK
6
CONTINUOUS
10
5.7133422440944877
20
-4.1737758661417326
11
5.7165342913385828
21
-4.1753718897637793
0
LINE
8
BLACK
6
CONTINUOUS
10
5.7165342913385828
20
-4.1753718897637793
11
5.7174569685039369
21
-4.1764357874015747
0
LINE
8
BLACK
6
CONTINUOUS
10
5.7174569685039369
20
-4.1764357874015747
11
5.7173571653543309
21
-4.1778405118110236
0
LINE
8
BLACK
6
CONTINUOUS
10
5.7173571653543309
20
-4.1778405118110236
11
5.7162932677165355
21
-4.1787631889763777
0
LINE
8
BLACK
6
CONTINUOUS
10
5.7162932677165355
20
-4.1787631889763777
11
5.7148885433070866
21
-4.1786633858267717
0
LINE
8
BLACK
6
CONTINUOUS
10
5.7148885433070866
20
-4.1786633858267717
11
5.7114294881889762
21
-4.1769338582677165
0
LINE
8
BLACK
6
CONTINUOUS
10
5.7114294881889762
20
-4.1769338582677165
11
5.7112310236220472
21
-4.1767050393700789
0
LINE
8
BLACK
6
CONTINUOUS
10
5.7112310236220472
20
-4.1767050393700789
11
5.7109512992125984
21
-4.1765891732283462
0
LINE
8
BLACK
6
CONTINUOUS
10
5.7109512992125984
20
-4.1765891732283462
11
5.707492244094488
21
-4.1731301181102358
0
LINE
8
BLACK
6
CONTINUOUS
10
5.707492244094488
20
-4.1731301181102358
11
5.7074197637795274
21
-4.172955157480315
0
LINE
8
BLACK
6
CONTINUOUS
10
5.7074197637795274
20
-4.172955157480315
11
5.7072623228346453
21
-4.1728497244094491
0
LINE
8
BLACK
6
CONTINUOUS
10
5.7072623228346453
20
-4.1728497244094491
11
5.707174251968504
21
-4.172717598425197
0
LINE
8
BLACK
6
CONTINUOUS
10
5.707174251968504
20
-4.172717598425197
11
5.707174251968504
21
-4.2011204724409446
0
LINE
8
BLACK
6
CONTINUOUS
10
5.707174251968504
20
-4.2011204724409446
11
5.7157114173228347
21
-4.2011204724409446
0
LINE
8
BLACK
6
CONTINUOUS
10
5.7157114173228347
20
-4.2011204724409446
11
5.7170124803149607
21
-4.2016594094488191
0
LINE
8
BLACK
6
CONTINUOUS
10
5.7170124803149607
20
-4.2016594094488191
11
5.7175514173228343
21
-4.2029604724409451
0
LINE
8
BLACK
6
CONTINUOUS
10
5.7175514173228343
20
-4.2029604724409451
11
5.7170124803149607
21
-4.204261535433071
0
LINE
8
BLACK
6
CONTINUOUS
10
5.7170124803149607
20
-4.204261535433071
11
5.7157114173228347
21
-4.2048004724409447
0
LINE
8
BLACK
6
CONTINUOUS
10
5.7157114173228347
20
-4.2048004724409447
11
5.7053342519685035
21
-4.2048004724409447
0
LINE
8
BLACK
6
CONTINUOUS
10
5.7053342519685035
20
-4.2048004724409447
11
5.694957125984252
21
-4.2048004724409447
0
LINE
8
BLACK
6
CONTINUOUS
10
5.694957125984252
20
-4.2048004724409447
11
5.693656062992126
21
-4.204261535433071
0
LINE
8
BLACK
6
CONTINUOUS
10
5.693656062992126
20
-4.204261535433071
11
5.6931171259842515
21
-4.2029604724409451
0
LINE
8
BLACK
6
CONTINUOUS
10
5.6931171259842515
20
-4.2029604724409451
11
5.693656062992126
21
-4.2016594094488191
0
LINE
8
BLACK
6
CONTINUOUS
10
5.693656062992126
20
-4.2016594094488191
11
5.694957125984252
21
-4.2011204724409446
0
LINE
8
BLACK
6
CONTINUOUS
10
5.694957125984252
20
-4.2011204724409446
11
5.7034942519685039
21
-4.2011204724409446
0
LINE
8
BLACK
6
CONTINUOUS
10
5.7034942519685039
20
-4.2011204724409446
11
5.7034942519685039
21
-4.1666404724409452
0
LINE
8
BLACK
6
CONTINUOUS
10
5.7034942519685039
20
-4.1666404724409452
11
5.7035667322834644
21
-4.1664654330708659
0
LINE
8
BLACK
6
CONTINUOUS
10
5.7035667322834644
20
-4.1664654330708659
11
5.7035299999999998
21
-4.1662796062992129
0
LINE
8
BLACK
6
CONTINUOUS
10
5.7035299999999998
20
-4.1662796062992129
11
5.7038281102362207
21
-4.1658344094488191
0
LINE
8
BLACK
6
CONTINUOUS
10
5.7038281102362207
20
-4.1658344094488191
11
5.7040331889763776
21
-4.1653394094488192
0
LINE
8
BLACK
6
CONTINUOUS
10
5.7040331889763776
20
-4.1653394094488192
11
5.704208188976378
21
-4.165266889763779
0
LINE
8
BLACK
6
CONTINUOUS
10
5.704208188976378
20
-4.165266889763779
11
5.7043136220472439
21
-4.1651094881889765
0
LINE
8
BLACK
6
CONTINUOUS
10
5.7043136220472439
20
-4.1651094881889765
11
5.7048392125984249
21
-4.1650055118110236
0
LINE
8
BLACK
6
CONTINUOUS
10
5.7048392125984249
20
-4.1650055118110236
11
5.7053342519685035
21
-4.1648004724409446
0
LINE
8
BLACK
6
CONTINUOUS
10
5.7053342519685035
20
-4.1648004724409446
11
5.705509251968504
21
-4.1648729527559052
0
LINE
8
BLACK
6
CONTINUOUS
10
5.753052086614173
20
-4.1651094881889765
11
5.7538356692913384
21
-4.1662796062992129
0
LINE
8
BLACK
6
CONTINUOUS
10
5.7538356692913384
20
-4.1662796062992129
11
5.7535624015748033
21
-4.1676611023622048
0
LINE
8
BLACK
6
CONTINUOUS
10
5.7535624015748033
20
-4.1676611023622048
11
5.7421361417322831
21
-4.1848004724409451
0
LINE
8
BLACK
6
CONTINUOUS
10
5.7421361417322831
20
-4.1848004724409451
11
5.7535624015748033
21
-4.2019398425196846
0
LINE
8
BLACK
6
CONTINUOUS
10
5.7535624015748033
20
-4.2019398425196846
11
5.7538356692913384
21
-4.2033213385826773
0
LINE
8
BLACK
6
CONTINUOUS
10
5.7538356692913384
20
-4.2033213385826773
11
5.753052086614173
21
-4.2044914566929137
0
LINE
8
BLACK
6
CONTINUOUS
10
5.753052086614173
20
-4.2044914566929137
11
5.7516705905511811
21
-4.2047647244094488
0
LINE
8
BLACK
6
CONTINUOUS
10
5.7516705905511811
20
-4.2047647244094488
11
5.750500433070866
21
-4.2039811417322834
0
LINE
8
BLACK
6
CONTINUOUS
10
5.750500433070866
20
-4.2039811417322834
11
5.7399247244094491
21
-4.1881175590551178
0
LINE
8
BLACK
6
CONTINUOUS
10
5.7399247244094491
20
-4.1881175590551178
11
5.7293490551181101
21
-4.2039811023622047
0
LINE
8
BLACK
6
CONTINUOUS
10
5.7293490551181101
20
-4.2039811023622047
11
5.7281789370078737
21
-4.2047647244094488
0
LINE
8
BLACK
6
CONTINUOUS
10
5.7281789370078737
20
-4.2047647244094488
11
5.7267974409448819
21
-4.2044914566929137
0
LINE
8
BLACK
6
CONTINUOUS
10
5.7267974409448819
20
-4.2044914566929137
11
5.7260138188976377
21
-4.2033213385826773
0
LINE
8
BLACK
6
CONTINUOUS
10
5.7260138188976377
20
-4.2033213385826773
11
5.7262870866141728
21
-4.2019398425196846
0
LINE
8
BLACK
6
CONTINUOUS
10
5.7262870866141728
20
-4.2019398425196846
11
5.7377133070866142
21
-4.1848004724409451
0
LINE
8
BLACK
6
CONTINUOUS
10
5.7377133070866142
20
-4.1848004724409451
11
5.7262870866141728
21
-4.1676611023622048
0
LINE
8
BLACK
6
CONTINUOUS
10
5.7262870866141728
20
-4.1676611023622048
11
5.7260138188976377
21
-4.1662796062992129
0
LINE
8
BLACK
6
CONTINUOUS
10
5.7260138188976377
20
-4.1662796062992129
11
5.7267974409448819
21
-4.1651094881889765
0
LINE
8
BLACK
6
CONTINUOUS
10
5.7267974409448819
20
-4.1651094881889765
11
5.7281789370078737
21
-4.1648362204724405
0
LINE
8
BLACK
6
CONTINUOUS
10
5.7281789370078737
20
-4.1648362204724405
11
5.7293490551181101
21
-4.1656198425196846
0
LINE
8
BLACK
6
CONTINUOUS
10
5.7293490551181101
20
-4.1656198425196846
11
5.7399247244094491
21
-4.1814833464566927
0
LINE
8
BLACK
6
CONTINUOUS
10
5.7399247244094491
20
-4.1814833464566927
11
5.750500433070866
21
-4.1656198031496059
0
LINE
8
BLACK
6
CONTINUOUS
10
5.750500433070866
20
-4.1656198031496059
11
5.7516705905511811
21
-4.1648362204724405
0
LINE
8
BLACK
6
CONTINUOUS
10
5.7516705905511811
20
-4.1648362204724405
11
5.753052086614173
21
-4.1651094881889765
0
LINE
8
BLACK
6
CONTINUOUS
10
5.9170197244094487
20
-4.0947322440944882
11
5.9177519685039366
21
-4.0964999999999998
0
LINE
8
BLACK
6
CONTINUOUS
10
5.9177519685039366
20
-4.0964999999999998
11
5.9177519685039366
21
-4.1064999999999996
0
LINE
8
BLACK
6
CONTINUOUS
10
5.9177519685039366
20
-4.1064999999999996
11
5.9277519685039373
21
-4.1064999999999996
0
LINE
8
BLACK
6
CONTINUOUS
10
5.9277519685039373
20
-4.1064999999999996
11
5.9295197244094489
21
-4.1072322440944884
0
LINE
8
BLACK
6
CONTINUOUS
10
5.9295197244094489
20
-4.1072322440944884
11
5.9302519685039368
21
-4.109
0
LINE
8
BLACK
6
CONTINUOUS
10
5.9302519685039368
20
-4.109
11
5.9295197244094489
21
-4.1107677559055116
0
LINE
8
BLACK
6
CONTINUOUS
10
5.9295197244094489
20
-4.1107677559055116
11
5.9277519685039373
21
-4.1114999999999995
0
LINE
8
BLACK
6
CONTINUOUS
10
5.9277519685039373
20
-4.1114999999999995
11
5.9177519685039366
21
-4.1114999999999995
0
LINE
8
BLACK
6
CONTINUOUS
10
5.9177519685039366
20
-4.1114999999999995
11
5.9177519685039366
21
-4.1215000000000002
0
LINE
8
BLACK
6
CONTINUOUS
10
5.9177519685039366
20
-4.1215000000000002
11
5.9170197244094487
21
-4.1232677559055118
0
LINE
8
BLACK
6
CONTINUOUS
10
5.9170197244094487
20
-4.1232677559055118
11
5.9152519685039371
21
-4.1239999999999997
0
LINE
8
BLACK
6
CONTINUOUS
10
5.9152519685039371
20
-4.1239999999999997
11
5.9134842125984255
21
-4.1232677559055118
0
LINE
8
BLACK
6
CONTINUOUS
10
5.9134842125984255
20
-4.1232677559055118
11
5.9127519685039367
21
-4.1215000000000002
0
LINE
8
BLACK
6
CONTINUOUS
10
5.9127519685039367
20
-4.1215000000000002
11
5.9127519685039367
21
-4.1114999999999995
0
LINE
8
BLACK
6
CONTINUOUS
10
5.9127519685039367
20
-4.1114999999999995
11
5.9027519685039369
21
-4.1114999999999995
0
LINE
8
BLACK
6
CONTINUOUS
10
5.9027519685039369
20
-4.1114999999999995
11
5.9009842125984253
21
-4.1107677559055116
0
LINE
8
BLACK
6
CONTINUOUS
10
5.9009842125984253
20
-4.1107677559055116
11
5.9002519685039365
21
-4.109
0
LINE
8
BLACK
6
CONTINUOUS
10
5.9002519685039365
20
-4.109
11
5.9009842125984253
21
-4.1072322440944884
0
LINE
8
BLACK
6
CONTINUOUS
10
5.9009842125984253
20
-4.1072322440944884
11
5.9027519685039369
21
-4.1064999999999996
0
LINE
8
BLACK
6
CONTINUOUS
10
5.9027519685039369
20
-4.1064999999999996
11
5.9127519685039367
21
-4.1064999999999996
0
LINE
8
BLACK
6
CONTINUOUS
10
5.9127519685039367
20
-4.1064999999999996
11
5.9127519685039367
21
-4.0964999999999998
0
LINE
8
BLACK
6
CONTINUOUS
10
5.9127519685039367
20
-4.0964999999999998
11
5.9134842125984255
21
-4.0947322440944882
0
LINE
8
BLACK
6
CONTINUOUS
10
5.9134842125984255
20
-4.0947322440944882
11
5.9152519685039371
21
-4.0940000000000003
0
LINE
8
BLACK
6
CONTINUOUS
10
5.9152519685039371
20
-4.0940000000000003
11
5.9170197244094487
21
-4.0947322440944882
0
LINE
8
BLACK
6
CONTINUOUS
10
6.0089999999999995
20
-4.0502519685039369
11
6.0107677559055119
21
-4.0509842125984248
0
LINE
8
BLACK
6
CONTINUOUS
10
6.0107677559055119
20
-4.0509842125984248
11
6.0114999999999998
21
-4.0527519685039373
0
LINE
8
BLACK
6
CONTINUOUS
10
6.0114999999999998
20
-4.0527519685039373
11
6.0114999999999998
21
-4.1652480314960627
0
LINE
8
BLACK
6
CONTINUOUS
10
6.0114999999999998
20
-4.1652480314960627
11
6.0107677559055119
21
-4.1670157874015743
0
LINE
8
BLACK
6
CONTINUOUS
10
6.0107677559055119
20
-4.1670157874015743
11
6.0089999999999995
21
-4.1677480314960631
0
LINE
8
BLACK
6
CONTINUOUS
10
6.0089999999999995
20
-4.1677480314960631
11
5.8714960629921258
21
-4.1677480314960631
0
LINE
8
BLACK
6
CONTINUOUS
10
5.8714960629921258
20
-4.1677480314960631
11
5.8697283070866142
21
-4.1670157874015743
0
LINE
8
BLACK
6
CONTINUOUS
10
5.8697283070866142
20
-4.1670157874015743
11
5.8689960629921263
21
-4.1652480314960627
0
LINE
8
BLACK
6
CONTINUOUS
10
5.8689960629921263
20
-4.1652480314960627
11
5.8689960629921263
21
-4.0527519685039373
0
LINE
8
BLACK
6
CONTINUOUS
10
5.8689960629921263
20
-4.0527519685039373
11
5.8697283070866142
21
-4.0509842125984248
0
LINE
8
BLACK
6
CONTINUOUS
10
5.8697283070866142
20
-4.0509842125984248
11
5.8714960629921258
21
-4.0502519685039369
0
LINE
8
BLACK
6
CONTINUOUS
10
5.8714960629921258
20
-4.0502519685039369
11
6.0089999999999995
21
-4.0502519685039369
0
LINE
8
BLACK
6
CONTINUOUS
10
5.8739960629921262
20
-4.0552519685039368
11
5.8739960629921262
21
-4.1627480314960632
0
LINE
8
BLACK
6
CONTINUOUS
10
5.8739960629921262
20
-4.1627480314960632
11
6.0065
21
-4.1627480314960632
0
LINE
8
BLACK
6
CONTINUOUS
10
6.0065
20
-4.1627480314960632
11
6.0065
21
-4.0552519685039368
0
LINE
8
BLACK
6
CONTINUOUS
10
6.0065
20
-4.0552519685039368
11
5.8739960629921262
21
-4.0552519685039368
0
LINE
8
BLACK
6
CONTINUOUS
10
5.5735260629921255
20
-4.0601809055118112
11
5.575098070866142
21
-4.0614999999999997
0
LINE
8
BLACK
6
CONTINUOUS
10
5.575098070866142
20
-4.0614999999999997
11
5.5754544094488185
21
-4.0635209448818896
0
LINE
8
BLACK
6
CONTINUOUS
10
5.5754544094488185
20
-4.0635209448818896
11
5.5744283464566928
21
-4.0652981496062992
0
LINE
8
BLACK
6
CONTINUOUS
10
5.5744283464566928
20
-4.0652981496062992
11
5.5724999999999998
21
-4.0659999999999998
0
LINE
8
BLACK
6
CONTINUOUS
10
5.5724999999999998
20
-4.0659999999999998
11
5.5534999999999997
21
-4.0659999999999998
0
LINE
8
BLACK
6
CONTINUOUS
10
5.5534999999999997
20
-4.0659999999999998
11
5.5534999999999997
21
-4.0949999999999998
0
LINE
8
BLACK
6
CONTINUOUS
10
5.5534999999999997
20
-4.0949999999999998
11
5.5533190944881889
21
-4.0960260629921255
0
LINE
8
BLACK
6
CONTINUOUS
10
5.5533190944881889
20
-4.0960260629921255
11
5.5519999999999996
21
-4.0975980708661419
0
LINE
8
BLACK
6
CONTINUOUS
10
5.5519999999999996
20
-4.0975980708661419
11
5.5499790551181105
21
-4.0979544094488185
0
LINE
8
BLACK
6
CONTINUOUS
10
5.5499790551181105
20
-4.0979544094488185
11
5.548201850393701
21
-4.0969283464566928
0
LINE
8
BLACK
6
CONTINUOUS
10
5.548201850393701
20
-4.0969283464566928
11
5.5474999999999994
21
-4.0949999999999998
0
LINE
8
BLACK
6
CONTINUOUS
10
5.5474999999999994
20
-4.0949999999999998
11
5.5474999999999994
21
-4.0629999999999997
0
LINE
8
BLACK
6
CONTINUOUS
10
5.5474999999999994
20
-4.0629999999999997
11
5.5475687007874015
21
-4.062610196850394
0
LINE
8
BLACK
6
CONTINUOUS
10
5.5475687007874015
20
-4.062610196850394
11
5.5475455905511808
21
-4.0624790551181098
0
LINE
8
BLACK
6
CONTINUOUS
10
5.5475455905511808
20
-4.0624790551181098
11
5.5476121653543302
21
-4.0623637007874018
0
LINE
8
BLACK
6
CONTINUOUS
10
5.5476121653543302
20
-4.0623637007874018
11
5.547680905511811
21
-4.061973937007874
0
LINE
8
BLACK
6
CONTINUOUS
10
5.547680905511811
20
-4.061973937007874
11
5.5481819685039371
21
-4.0613767716535429
0
LINE
8
BLACK
6
CONTINUOUS
10
5.5481819685039371
20
-4.0613767716535429
11
5.5485716535433074
21
-4.0607018503937011
0
LINE
8
BLACK
6
CONTINUOUS
10
5.5485716535433074
20
-4.0607018503937011
11
5.5488259842519687
21
-4.0606092519685042
0
LINE
8
BLACK
6
CONTINUOUS
10
5.5488259842519687
20
-4.0606092519685042
11
5.5489999999999995
21
-4.0604019291338584
0
LINE
8
BLACK
6
CONTINUOUS
10
5.5489999999999995
20
-4.0604019291338584
11
5.5497674803149604
21
-4.0602665748031495
0
LINE
8
BLACK
6
CONTINUOUS
10
5.5497674803149604
20
-4.0602665748031495
11
5.5504999999999995
21
-4.0599999999999996
0
LINE
8
BLACK
6
CONTINUOUS
10
5.5504999999999995
20
-4.0599999999999996
11
5.5724999999999998
21
-4.0599999999999996
0
LINE
8
BLACK
6
CONTINUOUS
10
5.5724999999999998
20
-4.0599999999999996
11
5.5735260629921255
21
-4.0601809055118112
0
LINE
8
BLACK
6
CONTINUOUS
10
5.6628897637795275
20
-4.0600687007874017
11
5.6630209448818896
21
-4.060045590551181
0
LINE
8
BLACK
6
CONTINUOUS
10
5.6630209448818896
20
-4.060045590551181
11
5.6631362598425197
21
-4.0601121653543304
0
LINE
8
BLACK
6
CONTINUOUS
10
5.6631362598425197
20
-4.0601121653543304
11
5.6635260629921262
21
-4.0601809055118112
0
LINE
8
BLACK
6
CONTINUOUS
10
5.6635260629921262
20
-4.0601809055118112
11
5.6641231889763777
21
-4.0606819685039373
0
LINE
8
BLACK
6
CONTINUOUS
10
5.6641231889763777
20
-4.0606819685039373
11
5.6647981496062991
21
-4.0610716535433067
0
LINE
8
BLACK
6
CONTINUOUS
10
5.6647981496062991
20
-4.0610716535433067
11
5.6648907086614173
21
-4.061325984251968
0
LINE
8
BLACK
6
CONTINUOUS
10
5.6648907086614173
20
-4.061325984251968
11
5.6650980708661418
21
-4.0614999999999997
0
LINE
8
BLACK
6
CONTINUOUS
10
5.6650980708661418
20
-4.0614999999999997
11
5.6652333858267712
21
-4.0622674803149605
0
LINE
8
BLACK
6
CONTINUOUS
10
5.6652333858267712
20
-4.0622674803149605
11
5.6654999999999998
21
-4.0629999999999997
0
LINE
8
BLACK
6
CONTINUOUS
10
5.6654999999999998
20
-4.0629999999999997
11
5.6654999999999998
21
-4.0949999999999998
0
LINE
8
BLACK
6
CONTINUOUS
10
5.6654999999999998
20
-4.0949999999999998
11
5.665319094488189
21
-4.0960260629921255
0
LINE
8
BLACK
6
CONTINUOUS
10
5.665319094488189
20
-4.0960260629921255
11
5.6639999999999997
21
-4.0975980708661419
0
LINE
8
BLACK
6
CONTINUOUS
10
5.6639999999999997
20
-4.0975980708661419
11
5.6619790551181097
21
-4.0979544094488185
0
LINE
8
BLACK
6
CONTINUOUS
10
5.6619790551181097
20
-4.0979544094488185
11
5.6602018503937011
21
-4.0969283464566928
0
LINE
8
BLACK
6
CONTINUOUS
10
5.6602018503937011
20
-4.0969283464566928
11
5.6594999999999995
21
-4.0949999999999998
0
LINE
8
BLACK
6
CONTINUOUS
10
5.6594999999999995
20
-4.0949999999999998
11
5.6594999999999995
21
-4.0659999999999998
0
LINE
8
BLACK
6
CONTINUOUS
10
5.6594999999999995
20
-4.0659999999999998
11
5.6405000000000003
21
-4.0659999999999998
0
LINE
8
BLACK
6
CONTINUOUS
10
5.6405000000000003
20
-4.0659999999999998
11
5.6394739370078737
21
-4.0658190944881891
0
LINE
8
BLACK
6
CONTINUOUS
10
5.6394739370078737
20
-4.0658190944881891
11
5.6379019291338581
21
-4.0644999999999998
0
LINE
8
BLACK
6
CONTINUOUS
10
5.6379019291338581
20
-4.0644999999999998
11
5.6375455905511807
21
-4.0624790551181098
0
LINE
8
BLACK
6
CONTINUOUS
10
5.6375455905511807
20
-4.0624790551181098
11
5.6385716535433072
21
-4.0607018503937011
0
LINE
8
BLACK
6
CONTINUOUS
10
5.6385716535433072
20
-4.0607018503937011
11
5.6405000000000003
21
-4.0599999999999996
0
LINE
8
BLACK
6
CONTINUOUS
10
5.6405000000000003
20
-4.0599999999999996
11
5.6624999999999996
21
-4.0599999999999996
0
LINE
8
BLACK
6
CONTINUOUS
10
5.6624999999999996
20
-4.0599999999999996
11
5.6628897637795275
21
-4.0600687007874017
0
LINE
8
BLACK
6
CONTINUOUS
10
5.7213738188976375
20
-4.0376059448818893
11
5.7218010236220467
21
-4.0376362992125987
0
LINE
8
BLACK
6
CONTINUOUS
10
5.7218010236220467
20
-4.0376362992125987
11
5.7262124409448818
21
-4.0398420078740154
0
LINE
8
BLACK
6
CONTINUOUS
10
5.7262124409448818
20
-4.0398420078740154
11
5.7264108267716534
21
-4.0400707480314964
0
LINE
8
BLACK
6
CONTINUOUS
10
5.7264108267716534
20
-4.0400707480314964
11
5.7266906299212597
21
-4.0401866535433069
0
LINE
8
BLACK
6
CONTINUOUS
10
5.7266906299212597
20
-4.0401866535433069
11
5.728896377952756
21
-4.0423923622047244
0
LINE
8
BLACK
6
CONTINUOUS
10
5.728896377952756
20
-4.0423923622047244
11
5.7289688582677165
21
-4.0425674015748028
0
LINE
8
BLACK
6
CONTINUOUS
10
5.7289688582677165
20
-4.0425674015748028
11
5.7291262992125986
21
-4.0426728346456695
0
LINE
8
BLACK
6
CONTINUOUS
10
5.7291262992125986
20
-4.0426728346456695
11
5.7335377165354329
21
-4.0492899606299213
0
LINE
8
BLACK
6
CONTINUOUS
10
5.7335377165354329
20
-4.0492899606299213
11
5.733600157480315
21
-4.0496056692913385
0
LINE
8
BLACK
6
CONTINUOUS
10
5.733600157480315
20
-4.0496056692913385
11
5.7337918110236217
21
-4.0498643307086617
0
LINE
8
BLACK
6
CONTINUOUS
10
5.7337918110236217
20
-4.0498643307086617
11
5.7359975196850392
21
-4.0586872047244089
0
LINE
8
BLACK
6
CONTINUOUS
10
5.7359975196850392
20
-4.0586872047244089
11
5.7359631496062988
21
-4.0589179527559054
0
LINE
8
BLACK
6
CONTINUOUS
10
5.7359631496062988
20
-4.0589179527559054
11
5.7360524409448814
21
-4.059133464566929
0
LINE
8
BLACK
6
CONTINUOUS
10
5.7360524409448814
20
-4.059133464566929
11
5.7360524409448814
21
-4.0767791732283465
0
LINE
8
BLACK
6
CONTINUOUS
10
5.7360524409448814
20
-4.0767791732283465
11
5.7358885039370078
21
-4.0771748425196845
0
LINE
8
BLACK
6
CONTINUOUS
10
5.7358885039370078
20
-4.0771748425196845
11
5.735858188976378
21
-4.0776020472440946
0
LINE
8
BLACK
6
CONTINUOUS
10
5.735858188976378
20
-4.0776020472440946
11
5.7336524803149604
21
-4.0820134645669288
0
LINE
8
BLACK
6
CONTINUOUS
10
5.7336524803149604
20
-4.0820134645669288
11
5.7334237007874016
21
-4.0822118503937004
0
LINE
8
BLACK
6
CONTINUOUS
10
5.7334237007874016
20
-4.0822118503937004
11
5.733307834645669
21
-4.0824916535433067
0
LINE
8
BLACK
6
CONTINUOUS
10
5.733307834645669
20
-4.0824916535433067
11
5.7311021259842514
21
-4.084697401574803
0
LINE
8
BLACK
6
CONTINUOUS
10
5.7311021259842514
20
-4.084697401574803
11
5.7308223228346451
21
-4.0848132677165356
0
LINE
8
BLACK
6
CONTINUOUS
10
5.7308223228346451
20
-4.0848132677165356
11
5.7306238976377948
21
-4.0850420866141732
0
LINE
8
BLACK
6
CONTINUOUS
10
5.7306238976377948
20
-4.0850420866141732
11
5.7262124409448818
21
-4.0872477952755908
0
LINE
8
BLACK
6
CONTINUOUS
10
5.7262124409448818
20
-4.0872477952755908
11
5.7257852362204726
21
-4.0872781102362206
0
LINE
8
BLACK
6
CONTINUOUS
10
5.7257852362204726
20
-4.0872781102362206
11
5.7253895669291337
21
-4.0874420472440942
0
LINE
8
BLACK
6
CONTINUOUS
10
5.7253895669291337
20
-4.0874420472440942
11
5.7165667322834643
21
-4.0874420472440942
0
LINE
8
BLACK
6
CONTINUOUS
10
5.7165667322834643
20
-4.0874420472440942
11
5.7161710236220475
21
-4.0872781102362206
0
LINE
8
BLACK
6
CONTINUOUS
10
5.7161710236220475
20
-4.0872781102362206
11
5.7157438582677162
21
-4.0872477952755908
0
LINE
8
BLACK
6
CONTINUOUS
10
5.7157438582677162
20
-4.0872477952755908
11
5.711332440944882
21
-4.0850420866141732
0
LINE
8
BLACK
6
CONTINUOUS
10
5.711332440944882
20
-4.0850420866141732
11
5.7111340157480317
21
-4.0848133070866144
0
LINE
8
BLACK
6
CONTINUOUS
10
5.7111340157480317
20
-4.0848133070866144
11
5.7108542519685042
21
-4.0846974409448817
0
LINE
8
BLACK
6
CONTINUOUS
10
5.7108542519685042
20
-4.0846974409448817
11
5.7086485039370078
21
-4.0824916535433067
0
LINE
8
BLACK
6
CONTINUOUS
10
5.7086485039370078
20
-4.0824916535433067
11
5.7085325984251964
21
-4.0822118897637791
0
LINE
8
BLACK
6
CONTINUOUS
10
5.7085325984251964
20
-4.0822118897637791
11
5.7083038188976376
21
-4.0820134645669288
0
LINE
8
BLACK
6
CONTINUOUS
10
5.7083038188976376
20
-4.0820134645669288
11
5.70609811023622
21
-4.0776020472440946
0
LINE
8
BLACK
6
CONTINUOUS
10
5.70609811023622
20
-4.0776020472440946
11
5.7060677559055115
21
-4.0771748425196845
0
LINE
8
BLACK
6
CONTINUOUS
10
5.7060677559055115
20
-4.0771748425196845
11
5.7059038582677166
21
-4.0767791732283465
0
LINE
8
BLACK
6
CONTINUOUS
10
5.7059038582677166
20
-4.0767791732283465
11
5.7059038582677166
21
-4.0657505905511808
0
LINE
8
BLACK
6
CONTINUOUS
10
5.7059038582677166
20
-4.0657505905511808
11
5.7060677559055115
21
-4.065354881889764
0
LINE
8
BLACK
6
CONTINUOUS
10
5.7060677559055115
20
-4.065354881889764
11
5.70609811023622
21
-4.0649277165354327
0
LINE
8
BLACK
6
CONTINUOUS
10
5.70609811023622
20
-4.0649277165354327
11
5.7083038188976376
21
-4.0605162992125985
0
LINE
8
BLACK
6
CONTINUOUS
10
5.7083038188976376
20
-4.0605162992125985
11
5.7085325984251964
21
-4.0603178740157482
0
LINE
8
BLACK
6
CONTINUOUS
10
5.7085325984251964
20
-4.0603178740157482
11
5.7086485039370078
21
-4.0600380708661419
0
LINE
8
BLACK
6
CONTINUOUS
10
5.7086485039370078
20
-4.0600380708661419
11
5.7108542519685042
21
-4.0578323622047243
0
LINE
8
BLACK
6
CONTINUOUS
10
5.7108542519685042
20
-4.0578323622047243
11
5.7111340157480317
21
-4.0577164566929129
0
LINE
8
BLACK
6
CONTINUOUS
10
5.7111340157480317
20
-4.0577164566929129
11
5.711332440944882
21
-4.0574877165354328
0
LINE
8
BLACK
6
CONTINUOUS
10
5.711332440944882
20
-4.0574877165354328
11
5.7157438582677162
21
-4.0552820078740153
0
LINE
8
BLACK
6
CONTINUOUS
10
5.7157438582677162
20
-4.0552820078740153
11
5.7161710236220475
21
-4.0552516535433067
0
LINE
8
BLACK
6
CONTINUOUS
10
5.7161710236220475
20
-4.0552516535433067
11
5.7165667322834643
21
-4.0550877559055118
0
LINE
8
BLACK
6
CONTINUOUS
10
5.7165667322834643
20
-4.0550877559055118
11
5.7253895669291337
21
-4.0550877559055118
0
LINE
8
BLACK
6
CONTINUOUS
10
5.7253895669291337
20
-4.0550877559055118
11
5.7257852362204726
21
-4.0552516535433067
0
LINE
8
BLACK
6
CONTINUOUS
10
5.7257852362204726
20
-4.0552516535433067
11
5.7262124409448818
21
-4.0552820078740153
0
LINE
8
BLACK
6
CONTINUOUS
10
5.7262124409448818
20
-4.0552820078740153
11
5.7306238976377948
21
-4.0574877165354328
0
LINE
8
BLACK
6
CONTINUOUS
10
5.7306238976377948
20
-4.0574877165354328
11
5.7308223228346451
21
-4.0577164960629917
0
LINE
8
BLACK
6
CONTINUOUS
10
5.7308223228346451
20
-4.0577164960629917
11
5.7311020866141735
21
-4.0578324015748031
0
LINE
8
BLACK
6
CONTINUOUS
10
5.7311020866141735
20
-4.0578324015748031
11
5.7322866535433068
21
-4.0590169291338585
0
LINE
8
BLACK
6
CONTINUOUS
10
5.7322866535433068
20
-4.0590169291338585
11
5.7302989370078743
21
-4.0510659842519683
0
LINE
8
BLACK
6
CONTINUOUS
10
5.7302989370078743
20
-4.0510659842519683
11
5.7261654330708662
21
-4.044865748031496
0
LINE
8
BLACK
6
CONTINUOUS
10
5.7261654330708662
20
-4.044865748031496
11
5.7242996062992129
21
-4.0429999606299214
0
LINE
8
BLACK
6
CONTINUOUS
10
5.7242996062992129
20
-4.0429999606299214
11
5.7205437795275591
21
-4.0411220472440945
0
LINE
8
BLACK
6
CONTINUOUS
10
5.7205437795275591
20
-4.0411220472440945
11
5.7121553149606301
21
-4.0411220472440945
0
LINE
8
BLACK
6
CONTINUOUS
10
5.7121553149606301
20
-4.0411220472440945
11
5.7108542519685042
21
-4.04058311023622
0
LINE
8
BLACK
6
CONTINUOUS
10
5.7108542519685042
20
-4.04058311023622
11
5.7103153149606296
21
-4.039282047244094
0
LINE
8
BLACK
6
CONTINUOUS
10
5.7103153149606296
20
-4.039282047244094
11
5.7108542519685042
21
-4.0379809842519681
0
LINE
8
BLACK
6
CONTINUOUS
10
5.7108542519685042
20
-4.0379809842519681
11
5.7121553149606301
21
-4.0374420472440944
0
LINE
8
BLACK
6
CONTINUOUS
10
5.7121553149606301
20
-4.0374420472440944
11
5.7209781496062995
21
-4.0374420472440944
0
LINE
8
BLACK
6
CONTINUOUS
10
5.7209781496062995
20
-4.0374420472440944
11
5.7213738188976375
21
-4.0376059448818893
0
LINE
8
BLACK
6
CONTINUOUS
10
5.7132452362204722
20
-4.0606456692913389
11
5.7114617322834649
21
-4.0624291338582674
0
LINE
8
BLACK
6
CONTINUOUS
10
5.7114617322834649
20
-4.0624291338582674
11
5.7095838582677167
21
-4.0661849606299212
0
LINE
8
BLACK
6
CONTINUOUS
10
5.7095838582677167
20
-4.0661849606299212
11
5.7095838582677167
21
-4.0763448031496061
0
LINE
8
BLACK
6
CONTINUOUS
10
5.7095838582677167
20
-4.0763448031496061
11
5.7114617716535427
21
-4.0801006692913386
0
LINE
8
BLACK
6
CONTINUOUS
10
5.7114617716535427
20
-4.0801006692913386
11
5.7132452362204722
21
-4.0818840944881885
0
LINE
8
BLACK
6
CONTINUOUS
10
5.7132452362204722
20
-4.0818840944881885
11
5.7170011023622047
21
-4.0837620472440941
0
LINE
8
BLACK
6
CONTINUOUS
10
5.7170011023622047
20
-4.0837620472440941
11
5.7249551968503933
21
-4.0837620472440941
0
LINE
8
BLACK
6
CONTINUOUS
10
5.7249551968503933
20
-4.0837620472440941
11
5.7287109842519683
21
-4.0818841338582672
0
LINE
8
BLACK
6
CONTINUOUS
10
5.7287109842519683
20
-4.0818841338582672
11
5.7304944881889766
21
-4.0801006299212599
0
LINE
8
BLACK
6
CONTINUOUS
10
5.7304944881889766
20
-4.0801006299212599
11
5.7323724409448822
21
-4.0763448031496061
0
LINE
8
BLACK
6
CONTINUOUS
10
5.7323724409448822
20
-4.0763448031496061
11
5.7323724409448822
21
-4.0661849606299212
0
LINE
8
BLACK
6
CONTINUOUS
10
5.7323724409448822
20
-4.0661849606299212
11
5.7304944881889766
21
-4.0624290944881887
0
LINE
8
BLACK
6
CONTINUOUS
10
5.7304944881889766
20
-4.0624290944881887
11
5.7287110629921258
21
-4.0606456692913389
0
LINE
8
BLACK
6
CONTINUOUS
10
5.7287110629921258
20
-4.0606456692913389
11
5.7249551968503933
21
-4.058767755905512
0
LINE
8
BLACK
6
CONTINUOUS
10
5.7249551968503933
20
-4.058767755905512
11
5.7170011023622047
21
-4.058767755905512
0
LINE
8
BLACK
6
CONTINUOUS
10
5.7170011023622047
20
-4.058767755905512
11
5.7132452362204722
21
-4.0606456692913389
0
LINE
8
BLACK
6
CONTINUOUS
10
5.7652674409448821
20
-4.0375145275590549
11
5.7654533070866139
21
-4.0374777952755903
0
LINE
8
BLACK
6
CONTINUOUS
10
5.7654533070866139
20
-4.0374777952755903
11
5.7658984645669289
21
-4.0377759055118112
0
LINE
8
BLACK
6
CONTINUOUS
10
5.7658984645669289
20
-4.0377759055118112
11
5.7663935039370076
21
-4.0379809842519681
0
LINE
8
BLACK
6
CONTINUOUS
10
5.7663935039370076
20
-4.0379809842519681
11
5.7664659842519681
21
-4.0381559842519685
0
LINE
8
BLACK
6
CONTINUOUS
10
5.7664659842519681
20
-4.0381559842519685
11
5.7666234251968502
21
-4.0382614173228344
0
LINE
8
BLACK
6
CONTINUOUS
10
5.7666234251968502
20
-4.0382614173228344
11
5.7709337795275593
21
-4.0447269685039373
0
LINE
8
BLACK
6
CONTINUOUS
10
5.7709337795275593
20
-4.0447269685039373
11
5.7750052362204727
21
-4.048798385826772
0
LINE
8
BLACK
6
CONTINUOUS
10
5.7750052362204727
20
-4.048798385826772
11
5.779149606299212
21
-4.050870590551181
0
LINE
8
BLACK
6
CONTINUOUS
10
5.779149606299212
20
-4.050870590551181
11
5.780072283464567
21
-4.0519344881889765
0
LINE
8
BLACK
6
CONTINUOUS
10
5.780072283464567
20
-4.0519344881889765
11
5.7799724803149601
21
-4.0533392125984253
0
LINE
8
BLACK
6
CONTINUOUS
10
5.7799724803149601
20
-4.0533392125984253
11
5.7789085826771656
21
-4.0542618897637794
0
LINE
8
BLACK
6
CONTINUOUS
10
5.7789085826771656
20
-4.0542618897637794
11
5.7775038582677167
21
-4.0541620866141734
0
LINE
8
BLACK
6
CONTINUOUS
10
5.7775038582677167
20
-4.0541620866141734
11
5.7730924409448816
21
-4.0519563385826771
0
LINE
8
BLACK
6
CONTINUOUS
10
5.7730924409448816
20
-4.0519563385826771
11
5.7728939763779525
21
-4.0517275196850395
0
LINE
8
BLACK
6
CONTINUOUS
10
5.7728939763779525
20
-4.0517275196850395
11
5.7726142519685038
21
-4.0516116535433069
0
LINE
8
BLACK
6
CONTINUOUS
10
5.7726142519685038
20
-4.0516116535433069
11
5.7682027952755908
21
-4.0472002362204726
0
LINE
8
BLACK
6
CONTINUOUS
10
5.7682027952755908
20
-4.0472002362204726
11
5.7681302755905515
21
-4.0470251968503934
0
LINE
8
BLACK
6
CONTINUOUS
10
5.7681302755905515
20
-4.0470251968503934
11
5.7679728740157481
21
-4.0469198031496063
0
LINE
8
BLACK
6
CONTINUOUS
10
5.7679728740157481
20
-4.0469198031496063
11
5.7669324409448821
21
-4.045359133858268
0
LINE
8
BLACK
6
CONTINUOUS
10
5.7669324409448821
20
-4.045359133858268
11
5.7669324409448821
21
-4.0837620472440941
0
LINE
8
BLACK
6
CONTINUOUS
10
5.7669324409448821
20
-4.0837620472440941
11
5.7783267322834648
21
-4.0837620472440941
0
LINE
8
BLACK
6
CONTINUOUS
10
5.7783267322834648
20
-4.0837620472440941
11
5.7796277952755908
21
-4.0843009842519686
0
LINE
8
BLACK
6
CONTINUOUS
10
5.7796277952755908
20
-4.0843009842519686
11
5.7801667322834644
21
-4.0856020472440946
0
LINE
8
BLACK
6
CONTINUOUS
10
5.7801667322834644
20
-4.0856020472440946
11
5.7796277952755908
21
-4.0869031102362205
0
LINE
8
BLACK
6
CONTINUOUS
10
5.7796277952755908
20
-4.0869031102362205
11
5.7783267322834648
21
-4.0874420472440942
0
LINE
8
BLACK
6
CONTINUOUS
10
5.7783267322834648
20
-4.0874420472440942
11
5.7650924409448816
21
-4.0874420472440942
0
LINE
8
BLACK
6
CONTINUOUS
10
5.7650924409448816
20
-4.0874420472440942
11
5.7518581496062993
21
-4.0874420472440942
0
LINE
8
BLACK
6
CONTINUOUS
10
5.7518581496062993
20
-4.0874420472440942
11
5.7505570866141733
21
-4.0869031102362205
0
LINE
8
BLACK
6
CONTINUOUS
10
5.7505570866141733
20
-4.0869031102362205
11
5.7500181496062988
21
-4.0856020472440946
0
LINE
8
BLACK
6
CONTINUOUS
10
5.7500181496062988
20
-4.0856020472440946
11
5.7505570866141733
21
-4.0843009842519686
0
LINE
8
BLACK
6
CONTINUOUS
10
5.7505570866141733
20
-4.0843009842519686
11
5.7518581496062993
21
-4.0837620472440941
0
LINE
8
BLACK
6
CONTINUOUS
10
5.7518581496062993
20
-4.0837620472440941
11
5.763252440944882
21
-4.0837620472440941
0
LINE
8
BLACK
6
CONTINUOUS
10
5.763252440944882
20
-4.0837620472440941
11
5.763252440944882
21
-4.039282047244094
0
LINE
8
BLACK
6
CONTINUOUS
10
5.763252440944882
20
-4.039282047244094
11
5.7633249212598425
21
-4.0391070078740157
0
LINE
8
BLACK
6
CONTINUOUS
10
5.7633249212598425
20
-4.0391070078740157
11
5.7632881889763778
21
-4.0389211811023618
0
LINE
8
BLACK
6
CONTINUOUS
10
5.7632881889763778
20
-4.0389211811023618
11
5.7635862992125979
21
-4.0384759842519689
0
LINE
8
BLACK
6
CONTINUOUS
10
5.7635862992125979
20
-4.0384759842519689
11
5.7637913779527556
21
-4.0379809842519681
0
LINE
8
BLACK
6
CONTINUOUS
10
5.7637913779527556
20
-4.0379809842519681
11
5.7639663779527561
21
-4.0379084645669288
0
LINE
8
BLACK
6
CONTINUOUS
10
5.7639663779527561
20
-4.0379084645669288
11
5.764071811023622
21
-4.0377510629921263
0
LINE
8
BLACK
6
CONTINUOUS
10
5.764071811023622
20
-4.0377510629921263
11
5.7645974015748029
21
-4.0376470866141734
0
LINE
8
BLACK
6
CONTINUOUS
10
5.7645974015748029
20
-4.0376470866141734
11
5.7650924409448816
21
-4.0374420472440944
0
LINE
8
BLACK
6
CONTINUOUS
10
5.7650924409448816
20
-4.0374420472440944
11
5.7652674409448821
21
-4.0375145275590549
0
LINE
8
BLACK
6
CONTINUOUS
10
5.8094864566929134
20
-4.037557913385827
11
5.8097885826771654
21
-4.0375364566929131
0
LINE
8
BLACK
6
CONTINUOUS
10
5.8097885826771654
20
-4.0375364566929131
11
5.8164057480314959
21
-4.0397421653543306
0
LINE
8
BLACK
6
CONTINUOUS
10
5.8164057480314959
20
-4.0397421653543306
11
5.8167293307086609
21
-4.0400228346456695
0
LINE
8
BLACK
6
CONTINUOUS
10
5.8167293307086609
20
-4.0400228346456695
11
5.8171249212598424
21
-4.0401866929133856
0
LINE
8
BLACK
6
CONTINUOUS
10
5.8171249212598424
20
-4.0401866929133856
11
5.8215363779527554
21
-4.044598070866142
0
LINE
8
BLACK
6
CONTINUOUS
10
5.8215363779527554
20
-4.044598070866142
11
5.821652244094488
21
-4.0448778740157483
0
LINE
8
BLACK
6
CONTINUOUS
10
5.821652244094488
20
-4.0448778740157483
11
5.8218810629921256
21
-4.0450762992125986
0
LINE
8
BLACK
6
CONTINUOUS
10
5.8218810629921256
20
-4.0450762992125986
11
5.8240867716535432
21
-4.0494877165354328
0
LINE
8
BLACK
6
CONTINUOUS
10
5.8240867716535432
20
-4.0494877165354328
11
5.8241015748031497
21
-4.0496962598425199
0
LINE
8
BLACK
6
CONTINUOUS
10
5.8241015748031497
20
-4.0496962598425199
11
5.8242261023622044
21
-4.0498643307086617
0
LINE
8
BLACK
6
CONTINUOUS
10
5.8242261023622044
20
-4.0498643307086617
11
5.826431811023622
21
-4.0586872047244089
0
LINE
8
BLACK
6
CONTINUOUS
10
5.826431811023622
20
-4.0586872047244089
11
5.8263974409448815
21
-4.0589179527559054
0
LINE
8
BLACK
6
CONTINUOUS
10
5.8263974409448815
20
-4.0589179527559054
11
5.8264867322834641
21
-4.059133464566929
0
LINE
8
BLACK
6
CONTINUOUS
10
5.8264867322834641
20
-4.059133464566929
11
5.8264867322834641
21
-4.0657505905511808
0
LINE
8
BLACK
6
CONTINUOUS
10
5.8264867322834641
20
-4.0657505905511808
11
5.8263974409448815
21
-4.0659660629921257
0
LINE
8
BLACK
6
CONTINUOUS
10
5.8263974409448815
20
-4.0659660629921257
11
5.826431811023622
21
-4.0661968503937009
0
LINE
8
BLACK
6
CONTINUOUS
10
5.826431811023622
20
-4.0661968503937009
11
5.8242261023622044
21
-4.075019724409449
0
LINE
8
BLACK
6
CONTINUOUS
10
5.8242261023622044
20
-4.075019724409449
11
5.8241015748031497
21
-4.0751877559055121
0
LINE
8
BLACK
6
CONTINUOUS
10
5.8241015748031497
20
-4.0751877559055121
11
5.8240867716535432
21
-4.075396338582677
0
LINE
8
BLACK
6
CONTINUOUS
10
5.8240867716535432
20
-4.075396338582677
11
5.8218810629921256
21
-4.0798077559055121
0
LINE
8
BLACK
6
CONTINUOUS
10
5.8218810629921256
20
-4.0798077559055121
11
5.821652244094488
21
-4.0800061811023625
0
LINE
8
BLACK
6
CONTINUOUS
10
5.821652244094488
20
-4.0800061811023625
11
5.8215363779527554
21
-4.08028594488189
0
LINE
8
BLACK
6
CONTINUOUS
10
5.8215363779527554
20
-4.08028594488189
11
5.8171249212598424
21
-4.084697401574803
0
LINE
8
BLACK
6
CONTINUOUS
10
5.8171249212598424
20
-4.084697401574803
11
5.8167293307086609
21
-4.0848612204724413
0
LINE
8
BLACK
6
CONTINUOUS
10
5.8167293307086609
20
-4.0848612204724413
11
5.8164057480314959
21
-4.085141929133858
0
LINE
8
BLACK
6
CONTINUOUS
10
5.8164057480314959
20
-4.085141929133858
11
5.8097885826771654
21
-4.0873476377952755
0
LINE
8
BLACK
6
CONTINUOUS
10
5.8097885826771654
20
-4.0873476377952755
11
5.8094864566929134
21
-4.0873261417322837
0
LINE
8
BLACK
6
CONTINUOUS
10
5.8094864566929134
20
-4.0873261417322837
11
5.8092067322834646
21
-4.0874420472440942
0
LINE
8
BLACK
6
CONTINUOUS
10
5.8092067322834646
20
-4.0874420472440942
11
5.8047953149606295
21
-4.0874420472440942
0
LINE
8
BLACK
6
CONTINUOUS
10
5.8047953149606295
20
-4.0874420472440942
11
5.804515551181102
21
-4.0873261417322837
0
LINE
8
BLACK
6
CONTINUOUS
10
5.804515551181102
20
-4.0873261417322837
11
5.8042134645669288
21
-4.0873476377952755
0
LINE
8
BLACK
6
CONTINUOUS
10
5.8042134645669288
20
-4.0873476377952755
11
5.7975962992125982
21
-4.085141929133858
0
LINE
8
BLACK
6
CONTINUOUS
10
5.7975962992125982
20
-4.085141929133858
11
5.7972727559055119
21
-4.0848612992125988
0
LINE
8
BLACK
6
CONTINUOUS
10
5.7972727559055119
20
-4.0848612992125988
11
5.7968770472440942
21
-4.084697401574803
0
LINE
8
BLACK
6
CONTINUOUS
10
5.7968770472440942
20
-4.084697401574803
11
5.7946713385826767
21
-4.0824916535433067
0
LINE
8
BLACK
6
CONTINUOUS
10
5.7946713385826767
20
-4.0824916535433067
11
5.7941324409448818
21
-4.0811905905511807
0
LINE
8
BLACK
6
CONTINUOUS
10
5.7941324409448818
20
-4.0811905905511807
11
5.7946713779527554
21
-4.079889488188976
0
LINE
8
BLACK
6
CONTINUOUS
10
5.7946713779527554
20
-4.079889488188976
11
5.7959724409448814
21
-4.0793505905511811
0
LINE
8
BLACK
6
CONTINUOUS
10
5.7959724409448814
20
-4.0793505905511811
11
5.7972735433070861
21
-4.0798895275590548
0
LINE
8
BLACK
6
CONTINUOUS
10
5.7972735433070861
20
-4.0798895275590548
11
5.7991720866141732
21
-4.0817881102362206
0
LINE
8
BLACK
6
CONTINUOUS
10
5.7991720866141732
20
-4.0817881102362206
11
5.805093976377953
21
-4.0837620472440941
0
LINE
8
BLACK
6
CONTINUOUS
10
5.805093976377953
20
-4.0837620472440941
11
5.8089081102362208
21
-4.0837620472440941
0
LINE
8
BLACK
6
CONTINUOUS
10
5.8089081102362208
20
-4.0837620472440941
11
5.814829960629921
21
-4.0817880708661418
0
LINE
8
BLACK
6
CONTINUOUS
10
5.814829960629921
20
-4.0817880708661418
11
5.8187230708661417
21
-4.0778949999999998
0
LINE
8
BLACK
6
CONTINUOUS
10
5.8187230708661417
20
-4.0778949999999998
11
5.820704881889764
21
-4.0739312992125987
0
LINE
8
BLACK
6
CONTINUOUS
10
5.820704881889764
20
-4.0739312992125987
11
5.822806732283464
21
-4.0655240157480312
0
LINE
8
BLACK
6
CONTINUOUS
10
5.822806732283464
20
-4.0655240157480312
11
5.822806732283464
21
-4.0593599999999999
0
LINE
8
BLACK
6
CONTINUOUS
10
5.822806732283464
20
-4.0593599999999999
11
5.820704881889764
21
-4.0509527165354333
0
LINE
8
BLACK
6
CONTINUOUS
10
5.820704881889764
20
-4.0509527165354333
11
5.8187230708661417
21
-4.04698905511811
0
LINE
8
BLACK
6
CONTINUOUS
10
5.8187230708661417
20
-4.04698905511811
11
5.814829960629921
21
-4.043095984251968
0
LINE
8
BLACK
6
CONTINUOUS
10
5.814829960629921
20
-4.043095984251968
11
5.8089081102362208
21
-4.0411220472440945
0
LINE
8
BLACK
6
CONTINUOUS
10
5.8089081102362208
20
-4.0411220472440945
11
5.805093976377953
21
-4.0411220472440945
0
LINE
8
BLACK
6
CONTINUOUS
10
5.805093976377953
20
-4.0411220472440945
11
5.7991720472440944
21
-4.043095984251968
0
LINE
8
BLACK
6
CONTINUOUS
10
5.7991720472440944
20
-4.043095984251968
11
5.7972735039370074
21
-4.0449945275590551
0
LINE
8
BLACK
6
CONTINUOUS
10
5.7972735039370074
20
-4.0449945275590551
11
5.7959724409448814
21
-4.0455334645669287
0
LINE
8
BLACK
6
CONTINUOUS
10
5.7959724409448814
20
-4.0455334645669287
11
5.7946713779527554
21
-4.0449945275590551
0
LINE
8
BLACK
6
CONTINUOUS
10
5.7946713779527554
20
-4.0449945275590551
11
5.7941324409448818
21
-4.0436934645669291
0
LINE
8
BLACK
6
CONTINUOUS
10
5.7941324409448818
20
-4.0436934645669291
11
5.7946713779527554
21
-4.0423924015748032
0
LINE
8
BLACK
6
CONTINUOUS
10
5.7946713779527554
20
-4.0423924015748032
11
5.7968770472440942
21
-4.0401866929133856
0
LINE
8
BLACK
6
CONTINUOUS
10
5.7968770472440942
20
-4.0401866929133856
11
5.7972727165354332
21
-4.0400227952755907
0
LINE
8
BLACK
6
CONTINUOUS
10
5.7972727165354332
20
-4.0400227952755907
11
5.7975962992125982
21
-4.0397421653543306
0
LINE
8
BLACK
6
CONTINUOUS
10
5.7975962992125982
20
-4.0397421653543306
11
5.8042134645669288
21
-4.0375364566929131
0
LINE
8
BLACK
6
CONTINUOUS
10
5.8042134645669288
20
-4.0375364566929131
11
5.804515551181102
21
-4.037557913385827
0
LINE
8
BLACK
6
CONTINUOUS
10
5.804515551181102
20
-4.037557913385827
11
5.8047953149606295
21
-4.0374420472440944
0
LINE
8
BLACK
6
CONTINUOUS
10
5.8047953149606295
20
-4.0374420472440944
11
5.8092067322834646
21
-4.0374420472440944
0
LINE
8
BLACK
6
CONTINUOUS
10
5.8092067322834646
20
-4.0374420472440944
11
5.8094864566929134
21
-4.037557913385827
0
LINE
8
BLACK
6
CONTINUOUS
10
5.511415393700787
20
-3.9955769291338581
11
5.5118425984251971
21
-3.9956072834645666
0
LINE
8
BLACK
6
CONTINUOUS
10
5.5118425984251971
20
-3.9956072834645666
11
5.5162540551181101
21
-3.9978129921259842
0
LINE
8
BLACK
6
CONTINUOUS
10
5.5162540551181101
20
-3.9978129921259842
11
5.5164524803149604
21
-3.998041771653543
0
LINE
8
BLACK
6
CONTINUOUS
10
5.5164524803149604
20
-3.998041771653543
11
5.5167322440944879
21
-3.9981576771653544
0
LINE
8
BLACK
6
CONTINUOUS
10
5.5167322440944879
20
-3.9981576771653544
11
5.5189379527559055
21
-4.0003633464566928
0
LINE
8
BLACK
6
CONTINUOUS
10
5.5189379527559055
20
-4.0003633464566928
11
5.5190538188976372
21
-4.0006431496062991
0
LINE
8
BLACK
6
CONTINUOUS
10
5.5190538188976372
20
-4.0006431496062991
11
5.5192826377952757
21
-4.0008415748031494
0
LINE
8
BLACK
6
CONTINUOUS
10
5.5192826377952757
20
-4.0008415748031494
11
5.5214883464566924
21
-4.0052529921259845
0
LINE
8
BLACK
6
CONTINUOUS
10
5.5214883464566924
20
-4.0052529921259845
11
5.5215186614173231
21
-4.0056801574803149
0
LINE
8
BLACK
6
CONTINUOUS
10
5.5215186614173231
20
-4.0056801574803149
11
5.5216825984251967
21
-4.0060758661417326
0
LINE
8
BLACK
6
CONTINUOUS
10
5.5216825984251967
20
-4.0060758661417326
11
5.5216825984251967
21
-4.0171044488188974
0
LINE
8
BLACK
6
CONTINUOUS
10
5.5216825984251967
20
-4.0171044488188974
11
5.5215186614173231
21
-4.0175001181102363
0
LINE
8
BLACK
6
CONTINUOUS
10
5.5215186614173231
20
-4.0175001181102363
11
5.5214883464566924
21
-4.0179273228346455
0
LINE
8
BLACK
6
CONTINUOUS
10
5.5214883464566924
20
-4.0179273228346455
11
5.5192826377952757
21
-4.0223387401574806
0
LINE
8
BLACK
6
CONTINUOUS
10
5.5192826377952757
20
-4.0223387401574806
11
5.5190538188976372
21
-4.0225371259842522
0
LINE
8
BLACK
6
CONTINUOUS
10
5.5190538188976372
20
-4.0225371259842522
11
5.5189379527559055
21
-4.0228169685039372
0
LINE
8
BLACK
6
CONTINUOUS
10
5.5189379527559055
20
-4.0228169685039372
11
5.5167322440944879
21
-4.0250226377952751
0
LINE
8
BLACK
6
CONTINUOUS
10
5.5167322440944879
20
-4.0250226377952751
11
5.5164524803149604
21
-4.0251385039370078
0
LINE
8
BLACK
6
CONTINUOUS
10
5.5164524803149604
20
-4.0251385039370078
11
5.5162540551181101
21
-4.0253673228346454
0
LINE
8
BLACK
6
CONTINUOUS
10
5.5162540551181101
20
-4.0253673228346454
11
5.5118425984251971
21
-4.0275730708661417
0
LINE
8
BLACK
6
CONTINUOUS
10
5.5118425984251971
20
-4.0275730708661417
11
5.511415393700787
21
-4.0276033858267715
0
LINE
8
BLACK
6
CONTINUOUS
10
5.511415393700787
20
-4.0276033858267715
11
5.511019724409449
21
-4.027767322834646
0
LINE
8
BLACK
6
CONTINUOUS
10
5.511019724409449
20
-4.027767322834646
11
5.5021968897637796
21
-4.027767322834646
0
LINE
8
BLACK
6
CONTINUOUS
10
5.5021968897637796
20
-4.027767322834646
11
5.5018011811023619
21
-4.0276033858267715
0
LINE
8
BLACK
6
CONTINUOUS
10
5.5018011811023619
20
-4.0276033858267715
11
5.5013740157480315
21
-4.0275730708661417
0
LINE
8
BLACK
6
CONTINUOUS
10
5.5013740157480315
20
-4.0275730708661417
11
5.4969625984251964
21
-4.0253673228346454
0
LINE
8
BLACK
6
CONTINUOUS
10
5.4969625984251964
20
-4.0253673228346454
11
5.4967641732283461
21
-4.0251385433070865
0
LINE
8
BLACK
6
CONTINUOUS
10
5.4967641732283461
20
-4.0251385433070865
11
5.4964844094488186
21
-4.0250226771653539
0
LINE
8
BLACK
6
CONTINUOUS
10
5.4964844094488186
20
-4.0250226771653539
11
5.4952997637795278
21
-4.0238380708661419
0
LINE
8
BLACK
6
CONTINUOUS
10
5.4952997637795278
20
-4.0238380708661419
11
5.4972874803149603
21
-4.0317889370078737
0
LINE
8
BLACK
6
CONTINUOUS
10
5.4972874803149603
20
-4.0317889370078737
11
5.5014210629921259
21
-4.0379892913385822
0
LINE
8
BLACK
6
CONTINUOUS
10
5.5014210629921259
20
-4.0379892913385822
11
5.5032868503937005
21
-4.0398551181102365
0
LINE
8
BLACK
6
CONTINUOUS
10
5.5032868503937005
20
-4.0398551181102365
11
5.5070426771653542
21
-4.0417330314960633
0
LINE
8
BLACK
6
CONTINUOUS
10
5.5070426771653542
20
-4.0417330314960633
11
5.515431181102362
21
-4.0417330314960633
0
LINE
8
BLACK
6
CONTINUOUS
10
5.515431181102362
20
-4.0417330314960633
11
5.5167322440944879
21
-4.042271968503937
0
LINE
8
BLACK
6
CONTINUOUS
10
5.5167322440944879
20
-4.042271968503937
11
5.5172711811023625
21
-4.043573031496063
0
LINE
8
BLACK
6
CONTINUOUS
10
5.5172711811023625
20
-4.043573031496063
11
5.5167322440944879
21
-4.0448740944881889
0
LINE
8
BLACK
6
CONTINUOUS
10
5.5167322440944879
20
-4.0448740944881889
11
5.515431181102362
21
-4.0454130314960626
0
LINE
8
BLACK
6
CONTINUOUS
10
5.515431181102362
20
-4.0454130314960626
11
5.5066083070866139
21
-4.0454130314960626
0
LINE
8
BLACK
6
CONTINUOUS
10
5.5066083070866139
20
-4.0454130314960626
11
5.5062125984251971
21
-4.0452490944881889
0
LINE
8
BLACK
6
CONTINUOUS
10
5.5062125984251971
20
-4.0452490944881889
11
5.5057854330708658
21
-4.0452187795275591
0
LINE
8
BLACK
6
CONTINUOUS
10
5.5057854330708658
20
-4.0452187795275591
11
5.5013740157480315
21
-4.0430130708661416
0
LINE
8
BLACK
6
CONTINUOUS
10
5.5013740157480315
20
-4.0430130708661416
11
5.5011755905511812
21
-4.042784251968504
0
LINE
8
BLACK
6
CONTINUOUS
10
5.5011755905511812
20
-4.042784251968504
11
5.5008957874015749
21
-4.0426683858267713
0
LINE
8
BLACK
6
CONTINUOUS
10
5.5008957874015749
20
-4.0426683858267713
11
5.4986900787401574
21
-4.0404626377952759
0
LINE
8
BLACK
6
CONTINUOUS
10
5.4986900787401574
20
-4.0404626377952759
11
5.4986175590551181
21
-4.0402875984251967
0
LINE
8
BLACK
6
CONTINUOUS
10
5.4986175590551181
20
-4.0402875984251967
11
5.4984602362204722
21
-4.0401822440944883
0
LINE
8
BLACK
6
CONTINUOUS
10
5.4984602362204722
20
-4.0401822440944883
11
5.4940487401574805
21
-4.0335651181102365
0
LINE
8
BLACK
6
CONTINUOUS
10
5.4940487401574805
20
-4.0335651181102365
11
5.4939862598425195
21
-4.0332492913385822
0
LINE
8
BLACK
6
CONTINUOUS
10
5.4939862598425195
20
-4.0332492913385822
11
5.4937946456692917
21
-4.0329907086614174
0
LINE
8
BLACK
6
CONTINUOUS
10
5.4937946456692917
20
-4.0329907086614174
11
5.4915889370078741
21
-4.0241678346456693
0
LINE
8
BLACK
6
CONTINUOUS
10
5.4915889370078741
20
-4.0241678346456693
11
5.4916232677165358
21
-4.0239370472440941
0
LINE
8
BLACK
6
CONTINUOUS
10
5.4916232677165358
20
-4.0239370472440941
11
5.491534015748031
21
-4.0237215748031492
0
LINE
8
BLACK
6
CONTINUOUS
10
5.491534015748031
20
-4.0237215748031492
11
5.491534015748031
21
-4.0060758661417326
0
LINE
8
BLACK
6
CONTINUOUS
10
5.491534015748031
20
-4.0060758661417326
11
5.4916979133858268
21
-4.0056801574803149
0
LINE
8
BLACK
6
CONTINUOUS
10
5.4916979133858268
20
-4.0056801574803149
11
5.4917282677165353
21
-4.0052529921259845
0
LINE
8
BLACK
6
CONTINUOUS
10
5.4917282677165353
20
-4.0052529921259845
11
5.4939339763779529
21
-4.0008415748031494
0
LINE
8
BLACK
6
CONTINUOUS
10
5.4939339763779529
20
-4.0008415748031494
11
5.4941627559055117
21
-4.0006431496062991
0
LINE
8
BLACK
6
CONTINUOUS
10
5.4941627559055117
20
-4.0006431496062991
11
5.4942786614173231
21
-4.0003633464566928
0
LINE
8
BLACK
6
CONTINUOUS
10
5.4942786614173231
20
-4.0003633464566928
11
5.4964844094488186
21
-3.9981576377952757
0
LINE
8
BLACK
6
CONTINUOUS
10
5.4964844094488186
20
-3.9981576377952757
11
5.4967641732283461
21
-3.9980417322834643
0
LINE
8
BLACK
6
CONTINUOUS
10
5.4967641732283461
20
-3.9980417322834643
11
5.4969625984251964
21
-3.9978129921259842
0
LINE
8
BLACK
6
CONTINUOUS
10
5.4969625984251964
20
-3.9978129921259842
11
5.5013740157480315
21
-3.9956072834645666
0
LINE
8
BLACK
6
CONTINUOUS
10
5.5013740157480315
20
-3.9956072834645666
11
5.5018011811023619
21
-3.9955769291338581
0
LINE
8
BLACK
6
CONTINUOUS
10
5.5018011811023619
20
-3.9955769291338581
11
5.5021968897637796
21
-3.9954130314960628
0
LINE
8
BLACK
6
CONTINUOUS
10
5.5021968897637796
20
-3.9954130314960628
11
5.511019724409449
21
-3.9954130314960628
0
LINE
8
BLACK
6
CONTINUOUS
10
5.511019724409449
20
-3.9954130314960628
11
5.511415393700787
21
-3.9955769291338581
0
LINE
8
BLACK
6
CONTINUOUS
10
5.4988753937007875
20
-4.0009709448818898
11
5.4970918897637793
21
-4.0027544094488192
0
LINE
8
BLACK
6
CONTINUOUS
10
5.4970918897637793
20
-4.0027544094488192
11
5.4952140157480311
21
-4.0065102362204721
0
LINE
8
BLACK
6
CONTINUOUS
10
5.4952140157480311
20
-4.0065102362204721
11
5.4952140157480311
21
-4.016670078740157
0
LINE
8
BLACK
6
CONTINUOUS
10
5.4952140157480311
20
-4.016670078740157
11
5.4970918897637793
21
-4.020425866141732
0
LINE
8
BLACK
6
CONTINUOUS
10
5.4970918897637793
20
-4.020425866141732
11
5.4988753937007875
21
-4.0222093700787402
0
LINE
8
BLACK
6
CONTINUOUS
10
5.4988753937007875
20
-4.0222093700787402
11
5.50263125984252
21
-4.0240873228346459
0
LINE
8
BLACK
6
CONTINUOUS
10
5.50263125984252
20
-4.0240873228346459
11
5.5105853543307086
21
-4.0240873228346459
0
LINE
8
BLACK
6
CONTINUOUS
10
5.5105853543307086
20
-4.0240873228346459
11
5.5143412598425199
21
-4.0222093307086615
0
LINE
8
BLACK
6
CONTINUOUS
10
5.5143412598425199
20
-4.0222093307086615
11
5.5161246456692909
21
-4.0204259055118108
0
LINE
8
BLACK
6
CONTINUOUS
10
5.5161246456692909
20
-4.0204259055118108
11
5.5180025984251966
21
-4.016670078740157
0
LINE
8
BLACK
6
CONTINUOUS
10
5.5180025984251966
20
-4.016670078740157
11
5.5180025984251966
21
-4.0065102362204721
0
LINE
8
BLACK
6
CONTINUOUS
10
5.5180025984251966
20
-4.0065102362204721
11
5.5161246456692909
21
-4.0027543700787405
0
LINE
8
BLACK
6
CONTINUOUS
10
5.5161246456692909
20
-4.0027543700787405
11
5.5143412204724411
21
-4.0009709448818898
0
LINE
8
BLACK
6
CONTINUOUS
10
5.5143412204724411
20
-4.0009709448818898
11
5.5105853543307086
21
-3.9990930314960629
0
LINE
8
BLACK
6
CONTINUOUS
10
5.5105853543307086
20
-3.9990930314960629
11
5.50263125984252
21
-3.9990930314960629
0
LINE
8
BLACK
6
CONTINUOUS
10
5.50263125984252
20
-3.9990930314960629
11
5.4988753937007875
21
-4.0009709448818898
0
LINE
8
BLACK
6
CONTINUOUS
10
5.5671832677165352
20
-3.9957220472440942
11
5.5679668503937005
21
-3.9968921653543306
0
LINE
8
BLACK
6
CONTINUOUS
10
5.5679668503937005
20
-3.9968921653543306
11
5.5676935826771654
21
-3.9982736614173229
0
LINE
8
BLACK
6
CONTINUOUS
10
5.5676935826771654
20
-3.9982736614173229
11
5.5529339763779531
21
-4.0204130314960631
0
LINE
8
BLACK
6
CONTINUOUS
10
5.5529339763779531
20
-4.0204130314960631
11
5.5676935826771654
21
-4.0425524015748033
0
LINE
8
BLACK
6
CONTINUOUS
10
5.5676935826771654
20
-4.0425524015748033
11
5.5679668503937005
21
-4.0439338976377952
0
LINE
8
BLACK
6
CONTINUOUS
10
5.5679668503937005
20
-4.0439338976377952
11
5.5671832677165352
21
-4.0451040157480316
0
LINE
8
BLACK
6
CONTINUOUS
10
5.5671832677165352
20
-4.0451040157480316
11
5.5658017716535433
21
-4.0453772834645667
0
LINE
8
BLACK
6
CONTINUOUS
10
5.5658017716535433
20
-4.0453772834645667
11
5.5646316141732282
21
-4.0445937007874013
0
LINE
8
BLACK
6
CONTINUOUS
10
5.5646316141732282
20
-4.0445937007874013
11
5.5507225590551181
21
-4.0237301181102358
0
LINE
8
BLACK
6
CONTINUOUS
10
5.5507225590551181
20
-4.0237301181102358
11
5.5368135826771656
21
-4.0445936614173226
0
LINE
8
BLACK
6
CONTINUOUS
10
5.5368135826771656
20
-4.0445936614173226
11
5.5356434645669292
21
-4.0453772834645667
0
LINE
8
BLACK
6
CONTINUOUS
10
5.5356434645669292
20
-4.0453772834645667
11
5.5342619685039365
21
-4.0451040157480316
0
LINE
8
BLACK
6
CONTINUOUS
10
5.5342619685039365
20
-4.0451040157480316
11
5.5334783464566932
21
-4.0439338976377952
0
LINE
8
BLACK
6
CONTINUOUS
10
5.5334783464566932
20
-4.0439338976377952
11
5.5337516141732284
21
-4.0425524015748033
0
LINE
8
BLACK
6
CONTINUOUS
10
5.5337516141732284
20
-4.0425524015748033
11
5.548511181102362
21
-4.0204130314960631
0
LINE
8
BLACK
6
CONTINUOUS
10
5.548511181102362
20
-4.0204130314960631
11
5.5337516141732284
21
-3.9982736614173229
0
LINE
8
BLACK
6
CONTINUOUS
10
5.5337516141732284
20
-3.9982736614173229
11
5.5334783464566932
21
-3.9968921653543306
0
LINE
8
BLACK
6
CONTINUOUS
10
5.5334783464566932
20
-3.9968921653543306
11
5.5342619685039365
21
-3.9957220472440942
0
LINE
8
BLACK
6
CONTINUOUS
10
5.5342619685039365
20
-3.9957220472440942
11
5.5356434645669292
21
-3.9954487795275591
0
LINE
8
BLACK
6
CONTINUOUS
10
5.5356434645669292
20
-3.9954487795275591
11
5.5368135826771656
21
-3.9962324015748032
0
LINE
8
BLACK
6
CONTINUOUS
10
5.5368135826771656
20
-3.9962324015748032
11
5.5507225590551181
21
-4.0170959055118107
0
LINE
8
BLACK
6
CONTINUOUS
10
5.5507225590551181
20
-4.0170959055118107
11
5.5646316141732282
21
-3.9962323622047244
0
LINE
8
BLACK
6
CONTINUOUS
10
5.5646316141732282
20
-3.9962323622047244
11
5.5658017716535433
21
-3.9954487795275591
0
LINE
8
BLACK
6
CONTINUOUS
10
5.5658017716535433
20
-3.9954487795275591
11
5.5671832677165352
21
-3.9957220472440942
0
LINE
8
BLACK
6
CONTINUOUS
10
6.1246481889763782
20
-4.0013281102362201
11
6.1248789763779525
21
-4.0012937795275594
0
LINE
8
BLACK
6
CONTINUOUS
10
6.1248789763779525
20
-4.0012937795275594
11
6.1337018110236219
21
-4.0034994881889761
0
LINE
8
BLACK
6
CONTINUOUS
10
6.1337018110236219
20
-4.0034994881889761
11
6.1338698425196849
21
-4.0036239763779529
0
LINE
8
BLACK
6
CONTINUOUS
10
6.1338698425196849
20
-4.0036239763779529
11
6.1340784251968499
21
-4.0036388188976373
0
LINE
8
BLACK
6
CONTINUOUS
10
6.1340784251968499
20
-4.0036388188976373
11
6.138489842519685
21
-4.0058445275590548
0
LINE
8
BLACK
6
CONTINUOUS
10
6.138489842519685
20
-4.0058445275590548
11
6.1386882677165353
21
-4.0060733070866137
0
LINE
8
BLACK
6
CONTINUOUS
10
6.1386882677165353
20
-4.0060733070866137
11
6.1389680314960628
21
-4.0061892125984251
0
LINE
8
BLACK
6
CONTINUOUS
10
6.1389680314960628
20
-4.0061892125984251
11
6.1411738188976379
21
-4.0083949606299214
0
LINE
8
BLACK
6
CONTINUOUS
10
6.1411738188976379
20
-4.0083949606299214
11
6.1412896850393697
21
-4.0086747244094489
0
LINE
8
BLACK
6
CONTINUOUS
10
6.1412896850393697
20
-4.0086747244094489
11
6.1415184645669294
21
-4.0088731496062993
0
LINE
8
BLACK
6
CONTINUOUS
10
6.1415184645669294
20
-4.0088731496062993
11
6.1437241732283461
21
-4.0132845669291335
0
LINE
8
BLACK
6
CONTINUOUS
10
6.1437241732283461
20
-4.0132845669291335
11
6.1437544881889758
21
-4.0137117322834648
0
LINE
8
BLACK
6
CONTINUOUS
10
6.1437544881889758
20
-4.0137117322834648
11
6.1439184251968504
21
-4.0141074409448816
0
LINE
8
BLACK
6
CONTINUOUS
10
6.1439184251968504
20
-4.0141074409448816
11
6.1439184251968504
21
-4.0185188582677167
0
LINE
8
BLACK
6
CONTINUOUS
10
6.1439184251968504
20
-4.0185188582677167
11
6.1437544881889758
21
-4.0189145275590548
0
LINE
8
BLACK
6
CONTINUOUS
10
6.1437544881889758
20
-4.0189145275590548
11
6.1437241732283461
21
-4.0193417322834648
0
LINE
8
BLACK
6
CONTINUOUS
10
6.1437241732283461
20
-4.0193417322834648
11
6.1415184645669294
21
-4.023753149606299
0
LINE
8
BLACK
6
CONTINUOUS
10
6.1415184645669294
20
-4.023753149606299
11
6.1412896850393697
21
-4.0239515354330706
0
LINE
8
BLACK
6
CONTINUOUS
10
6.1412896850393697
20
-4.0239515354330706
11
6.1411738188976379
21
-4.0242313385826769
0
LINE
8
BLACK
6
CONTINUOUS
10
6.1411738188976379
20
-4.0242313385826769
11
6.1389680314960628
21
-4.0264370866141732
0
LINE
8
BLACK
6
CONTINUOUS
10
6.1389680314960628
20
-4.0264370866141732
11
6.1386882677165353
21
-4.0265529527559059
0
LINE
8
BLACK
6
CONTINUOUS
10
6.1386882677165353
20
-4.0265529527559059
11
6.138489842519685
21
-4.0267817716535435
0
LINE
8
BLACK
6
CONTINUOUS
10
6.138489842519685
20
-4.0267817716535435
11
6.1340784251968499
21
-4.0289874803149601
0
LINE
8
BLACK
6
CONTINUOUS
10
6.1340784251968499
20
-4.0289874803149601
11
6.1338698425196849
21
-4.0290022834645667
0
LINE
8
BLACK
6
CONTINUOUS
10
6.1338698425196849
20
-4.0290022834645667
11
6.1337018110236219
21
-4.0291268110236222
0
LINE
8
BLACK
6
CONTINUOUS
10
6.1337018110236219
20
-4.0291268110236222
11
6.1248789763779525
21
-4.0313325196850389
0
LINE
8
BLACK
6
CONTINUOUS
10
6.1248789763779525
20
-4.0313325196850389
11
6.1246481889763782
21
-4.0312981496062994
0
LINE
8
BLACK
6
CONTINUOUS
10
6.1246481889763782
20
-4.0312981496062994
11
6.1244327165354333
21
-4.031387440944882
0
LINE
8
BLACK
6
CONTINUOUS
10
6.1244327165354333
20
-4.031387440944882
11
6.1134041338582676
21
-4.031387440944882
0
LINE
8
BLACK
6
CONTINUOUS
10
6.1134041338582676
20
-4.031387440944882
11
6.113188622047244
21
-4.0312981496062994
0
LINE
8
BLACK
6
CONTINUOUS
10
6.113188622047244
20
-4.0312981496062994
11
6.1129578740157475
21
-4.0313325196850389
0
LINE
8
BLACK
6
CONTINUOUS
10
6.1129578740157475
20
-4.0313325196850389
11
6.1041349999999994
21
-4.0291268110236222
0
LINE
8
BLACK
6
CONTINUOUS
10
6.1041349999999994
20
-4.0291268110236222
11
6.1039669291338585
21
-4.0290022834645667
0
LINE
8
BLACK
6
CONTINUOUS
10
6.1039669291338585
20
-4.0290022834645667
11
6.1037583858267714
21
-4.0289874803149601
0
LINE
8
BLACK
6
CONTINUOUS
10
6.1037583858267714
20
-4.0289874803149601
11
6.0993469685039372
21
-4.0267817716535435
0
LINE
8
BLACK
6
CONTINUOUS
10
6.0993469685039372
20
-4.0267817716535435
11
6.0991485433070869
21
-4.0265529527559059
0
LINE
8
BLACK
6
CONTINUOUS
10
6.0991485433070869
20
-4.0265529527559059
11
6.0988687401574806
21
-4.0264370866141732
0
LINE
8
BLACK
6
CONTINUOUS
10
6.0988687401574806
20
-4.0264370866141732
11
6.096663031496063
21
-4.0242313385826769
0
LINE
8
BLACK
6
CONTINUOUS
10
6.096663031496063
20
-4.0242313385826769
11
6.0965471259842516
21
-4.0239515354330706
0
LINE
8
BLACK
6
CONTINUOUS
10
6.0965471259842516
20
-4.0239515354330706
11
6.0963183858267715
21
-4.023753149606299
0
LINE
8
BLACK
6
CONTINUOUS
10
6.0963183858267715
20
-4.023753149606299
11
6.094112677165354
21
-4.0193417322834648
0
LINE
8
BLACK
6
CONTINUOUS
10
6.094112677165354
20
-4.0193417322834648
11
6.0940823228346455
21
-4.0189145275590548
0
LINE
8
BLACK
6
CONTINUOUS
10
6.0940823228346455
20
-4.0189145275590548
11
6.0939184251968506
21
-4.0185188582677167
0
LINE
8
BLACK
6
CONTINUOUS
10
6.0939184251968506
20
-4.0185188582677167
11
6.0939184251968506
21
-4.0141074409448816
0
LINE
8
BLACK
6
CONTINUOUS
10
6.0939184251968506
20
-4.0141074409448816
11
6.0940823228346455
21
-4.0137117322834648
0
LINE
8
BLACK
6
CONTINUOUS
10
6.0940823228346455
20
-4.0137117322834648
11
6.094112677165354
21
-4.0132845669291335
0
LINE
8
BLACK
6
CONTINUOUS
10
6.094112677165354
20
-4.0132845669291335
11
6.0963183858267715
21
-4.0088731496062993
0
LINE
8
BLACK
6
CONTINUOUS
10
6.0963183858267715
20
-4.0088731496062993
11
6.0965471259842516
21
-4.0086747244094489
0
LINE
8
BLACK
6
CONTINUOUS
10
6.0965471259842516
20
-4.0086747244094489
11
6.096663031496063
21
-4.0083949606299214
0
LINE
8
BLACK
6
CONTINUOUS
10
6.096663031496063
20
-4.0083949606299214
11
6.0988687401574806
21
-4.0061892125984251
0
LINE
8
BLACK
6
CONTINUOUS
10
6.0988687401574806
20
-4.0061892125984251
11
6.0991485433070869
21
-4.0060733070866137
0
LINE
8
BLACK
6
CONTINUOUS
10
6.0991485433070869
20
-4.0060733070866137
11
6.0993469685039372
21
-4.0058445275590548
0
LINE
8
BLACK
6
CONTINUOUS
10
6.0993469685039372
20
-4.0058445275590548
11
6.1037583858267714
21
-4.0036388188976373
0
LINE
8
BLACK
6
CONTINUOUS
10
6.1037583858267714
20
-4.0036388188976373
11
6.1039669291338585
21
-4.0036239763779529
0
LINE
8
BLACK
6
CONTINUOUS
10
6.1039669291338585
20
-4.0036239763779529
11
6.1041349999999994
21
-4.0034994881889761
0
LINE
8
BLACK
6
CONTINUOUS
10
6.1041349999999994
20
-4.0034994881889761
11
6.1129578740157475
21
-4.0012937795275594
0
LINE
8
BLACK
6
CONTINUOUS
10
6.1129578740157475
20
-4.0012937795275594
11
6.113188622047244
21
-4.0013281102362201
0
LINE
8
BLACK
6
CONTINUOUS
10
6.113188622047244
20
-4.0013281102362201
11
6.1134041338582676
21
-4.0012388582677163
0
LINE
8
BLACK
6
CONTINUOUS
10
6.1134041338582676
20
-4.0012388582677163
11
6.1244327165354333
21
-4.0012388582677163
0
LINE
8
BLACK
6
CONTINUOUS
10
6.1244327165354333
20
-4.0012388582677163
11
6.1246481889763782
21
-4.0013281102362201
0
LINE
8
BLACK
6
CONTINUOUS
10
6.1052233858267719
20
-4.0070206692913386
11
6.1012598031496061
21
-4.0090024409448821
0
LINE
8
BLACK
6
CONTINUOUS
10
6.1012598031496061
20
-4.0090024409448821
11
6.0994763385826767
21
-4.0107859448818894
0
LINE
8
BLACK
6
CONTINUOUS
10
6.0994763385826767
20
-4.0107859448818894
11
6.0975984251968507
21
-4.014541811023622
0
LINE
8
BLACK
6
CONTINUOUS
10
6.0975984251968507
20
-4.014541811023622
11
6.0975984251968507
21
-4.0180844881889763
0
LINE
8
BLACK
6
CONTINUOUS
10
6.0975984251968507
20
-4.0180844881889763
11
6.0994763385826767
21
-4.0218403149606301
0
LINE
8
BLACK
6
CONTINUOUS
10
6.0994763385826767
20
-4.0218403149606301
11
6.1012598031496061
21
-4.0236238188976374
0
LINE
8
BLACK
6
CONTINUOUS
10
6.1012598031496061
20
-4.0236238188976374
11
6.1052233858267719
21
-4.0256055905511809
0
LINE
8
BLACK
6
CONTINUOUS
10
6.1052233858267719
20
-4.0256055905511809
11
6.1136307086614172
21
-4.0277074409448819
0
LINE
8
BLACK
6
CONTINUOUS
10
6.1136307086614172
20
-4.0277074409448819
11
6.1242061417322837
21
-4.0277074409448819
0
LINE
8
BLACK
6
CONTINUOUS
10
6.1242061417322837
20
-4.0277074409448819
11
6.1326133858267715
21
-4.0256056299212597
0
LINE
8
BLACK
6
CONTINUOUS
10
6.1326133858267715
20
-4.0256056299212597
11
6.1365770472440939
21
-4.0236237795275587
0
LINE
8
BLACK
6
CONTINUOUS
10
6.1365770472440939
20
-4.0236237795275587
11
6.1383604724409446
21
-4.0218403149606301
0
LINE
8
BLACK
6
CONTINUOUS
10
6.1383604724409446
20
-4.0218403149606301
11
6.1402384251968503
21
-4.0180844881889763
0
LINE
8
BLACK
6
CONTINUOUS
10
6.1402384251968503
20
-4.0180844881889763
11
6.1402384251968503
21
-4.014541811023622
0
LINE
8
BLACK
6
CONTINUOUS
10
6.1402384251968503
20
-4.014541811023622
11
6.1383604724409446
21
-4.0107859448818894
0
LINE
8
BLACK
6
CONTINUOUS
10
6.1383604724409446
20
-4.0107859448818894
11
6.1365770472440939
21
-4.0090024803149609
0
LINE
8
BLACK
6
CONTINUOUS
10
6.1365770472440939
20
-4.0090024803149609
11
6.1326133858267715
21
-4.0070206692913386
0
LINE
8
BLACK
6
CONTINUOUS
10
6.1326133858267715
20
-4.0070206692913386
11
6.1242061417322837
21
-4.0049188582677164
0
LINE
8
BLACK
6
CONTINUOUS
10
6.1242061417322837
20
-4.0049188582677164
11
6.1136307086614172
21
-4.0049188582677164
0
LINE
8
BLACK
6
CONTINUOUS
10
6.1136307086614172
20
-4.0049188582677164
11
6.1052233858267719
21
-4.0070206692913386
0
LINE
8
BLACK
6
CONTINUOUS
10
6.1433795275590546
20
-3.9554577559055115
11
6.1439184251968504
21
-3.9567588582677162
0
LINE
8
BLACK
6
CONTINUOUS
10
6.1439184251968504
20
-3.9567588582677162
11
6.1439184251968504
21
-3.9854331496062989
0
LINE
8
BLACK
6
CONTINUOUS
10
6.1439184251968504
20
-3.9854331496062989
11
6.1433794881889758
21
-3.9867342125984253
0
LINE
8
BLACK
6
CONTINUOUS
10
6.1433794881889758
20
-3.9867342125984253
11
6.1420784251968499
21
-3.987273149606299
0
LINE
8
BLACK
6
CONTINUOUS
10
6.1420784251968499
20
-3.987273149606299
11
6.1407773622047239
21
-3.9867342125984253
0
LINE
8
BLACK
6
CONTINUOUS
10
6.1407773622047239
20
-3.9867342125984253
11
6.1402384251968503
21
-3.9854331496062989
0
LINE
8
BLACK
6
CONTINUOUS
10
6.1402384251968503
20
-3.9854331496062989
11
6.1402384251968503
21
-3.9612009842519682
0
LINE
8
BLACK
6
CONTINUOUS
10
6.1402384251968503
20
-3.9612009842519682
11
6.1169109055118112
21
-3.9845285039370077
0
LINE
8
BLACK
6
CONTINUOUS
10
6.1169109055118112
20
-3.9845285039370077
11
6.1165153149606297
21
-3.9846923228346456
0
LINE
8
BLACK
6
CONTINUOUS
10
6.1165153149606297
20
-3.9846923228346456
11
6.1161917322834647
21
-3.9849730314960627
0
LINE
8
BLACK
6
CONTINUOUS
10
6.1161917322834647
20
-3.9849730314960627
11
6.1095745669291341
21
-3.9871787401574803
0
LINE
8
BLACK
6
CONTINUOUS
10
6.1095745669291341
20
-3.9871787401574803
11
6.1092724409448813
21
-3.987157244094488
0
LINE
8
BLACK
6
CONTINUOUS
10
6.1092724409448813
20
-3.987157244094488
11
6.1089927165354325
21
-3.987273149606299
0
LINE
8
BLACK
6
CONTINUOUS
10
6.1089927165354325
20
-3.987273149606299
11
6.1045812598425195
21
-3.987273149606299
0
LINE
8
BLACK
6
CONTINUOUS
10
6.1045812598425195
20
-3.987273149606299
11
6.1041855511811018
21
-3.9871092125984253
0
LINE
8
BLACK
6
CONTINUOUS
10
6.1041855511811018
20
-3.9871092125984253
11
6.1037583858267714
21
-3.9870788976377951
0
LINE
8
BLACK
6
CONTINUOUS
10
6.1037583858267714
20
-3.9870788976377951
11
6.0993469685039372
21
-3.984873188976378
0
LINE
8
BLACK
6
CONTINUOUS
10
6.0993469685039372
20
-3.984873188976378
11
6.0991485433070869
21
-3.98464437007874
0
LINE
8
BLACK
6
CONTINUOUS
10
6.0991485433070869
20
-3.98464437007874
11
6.0988687401574806
21
-3.9845285039370077
0
LINE
8
BLACK
6
CONTINUOUS
10
6.0988687401574806
20
-3.9845285039370077
11
6.0966630708661418
21
-3.9823227952755906
0
LINE
8
BLACK
6
CONTINUOUS
10
6.0966630708661418
20
-3.9823227952755906
11
6.0965471653543304
21
-3.9820430314960631
0
LINE
8
BLACK
6
CONTINUOUS
10
6.0965471653543304
20
-3.9820430314960631
11
6.0963183858267715
21
-3.9818446062992123
0
LINE
8
BLACK
6
CONTINUOUS
10
6.0963183858267715
20
-3.9818446062992123
11
6.094112677165354
21
-3.9774331496062989
0
LINE
8
BLACK
6
CONTINUOUS
10
6.094112677165354
20
-3.9774331496062989
11
6.0940823228346455
21
-3.9770059448818897
0
LINE
8
BLACK
6
CONTINUOUS
10
6.0940823228346455
20
-3.9770059448818897
11
6.0939184251968506
21
-3.9766102755905512
0
LINE
8
BLACK
6
CONTINUOUS
10
6.0939184251968506
20
-3.9766102755905512
11
6.0939184251968506
21
-3.9655817322834643
0
LINE
8
BLACK
6
CONTINUOUS
10
6.0939184251968506
20
-3.9655817322834643
11
6.0940823228346455
21
-3.9651860236220471
0
LINE
8
BLACK
6
CONTINUOUS
10
6.0940823228346455
20
-3.9651860236220471
11
6.094112677165354
21
-3.9647588582677162
0
LINE
8
BLACK
6
CONTINUOUS
10
6.094112677165354
20
-3.9647588582677162
11
6.0963183858267715
21
-3.9603474015748032
0
LINE
8
BLACK
6
CONTINUOUS
10
6.0963183858267715
20
-3.9603474015748032
11
6.0965471653543304
21
-3.9601489370078737
0
LINE
8
BLACK
6
CONTINUOUS
10
6.0965471653543304
20
-3.9601489370078737
11
6.0966630708661418
21
-3.9598692125984249
0
LINE
8
BLACK
6
CONTINUOUS
10
6.0966630708661418
20
-3.9598692125984249
11
6.0988687401574806
21
-3.9576635039370078
0
LINE
8
BLACK
6
CONTINUOUS
10
6.0988687401574806
20
-3.9576635039370078
11
6.1001698425196853
21
-3.9571246062992125
0
LINE
8
BLACK
6
CONTINUOUS
10
6.1001698425196853
20
-3.9571246062992125
11
6.1014709055118113
21
-3.9576635039370078
0
LINE
8
BLACK
6
CONTINUOUS
10
6.1014709055118113
20
-3.9576635039370078
11
6.1020098031496062
21
-3.9589645669291338
0
LINE
8
BLACK
6
CONTINUOUS
10
6.1020098031496062
20
-3.9589645669291338
11
6.1014709055118113
21
-3.9602656692913385
0
LINE
8
BLACK
6
CONTINUOUS
10
6.1014709055118113
20
-3.9602656692913385
11
6.0994763385826767
21
-3.9622601968503934
0
LINE
8
BLACK
6
CONTINUOUS
10
6.0994763385826767
20
-3.9622601968503934
11
6.0975984251968507
21
-3.9660160629921259
0
LINE
8
BLACK
6
CONTINUOUS
10
6.0975984251968507
20
-3.9660160629921259
11
6.0975984251968507
21
-3.9761759055118109
0
LINE
8
BLACK
6
CONTINUOUS
10
6.0975984251968507
20
-3.9761759055118109
11
6.0994763385826767
21
-3.9799317716535434
0
LINE
8
BLACK
6
CONTINUOUS
10
6.0994763385826767
20
-3.9799317716535434
11
6.1012597637795274
21
-3.9817151968503937
0
LINE
8
BLACK
6
CONTINUOUS
10
6.1012597637795274
20
-3.9817151968503937
11
6.1050156299212599
21
-3.9835931496062993
0
LINE
8
BLACK
6
CONTINUOUS
10
6.1050156299212599
20
-3.9835931496062993
11
6.1086940944881887
21
-3.9835931496062993
0
LINE
8
BLACK
6
CONTINUOUS
10
6.1086940944881887
20
-3.9835931496062993
11
6.1146159448818898
21
-3.9816191732283466
0
LINE
8
BLACK
6
CONTINUOUS
10
6.1146159448818898
20
-3.9816191732283466
11
6.1407773622047239
21
-3.9554577559055115
0
LINE
8
BLACK
6
CONTINUOUS
10
6.1407773622047239
20
-3.9554577559055115
11
6.1420784251968499
21
-3.9549188582677166
0
LINE
8
BLACK
6
CONTINUOUS
10
6.1420784251968499
20
-3.9549188582677166
11
6.1433795275590546
21
-3.9554577559055115
0
LINE
8
BLACK
6
CONTINUOUS
10
6.0857677559055121
20
-3.8634802755905513
11
6.0865
21
-3.8652480314960629
0
LINE
8
BLACK
6
CONTINUOUS
10
6.0865
20
-3.8652480314960629
11
6.0865
21
-3.8940000000000001
0
LINE
8
BLACK
6
CONTINUOUS
10
6.0865
20
-3.8940000000000001
11
6.1027519685039371
21
-3.8940000000000001
0
LINE
8
BLACK
6
CONTINUOUS
10
6.1027519685039371
20
-3.8940000000000001
11
6.103484212598425
21
-3.8943033070866142
0
LINE
8
BLACK
6
CONTINUOUS
10
6.103484212598425
20
-3.8943033070866142
11
6.1042520866141734
21
-3.8945000787401574
0
LINE
8
BLACK
6
CONTINUOUS
10
6.1042520866141734
20
-3.8945000787401574
11
6.1043472047244096
21
-3.8946607874015746
0
LINE
8
BLACK
6
CONTINUOUS
10
6.1043472047244096
20
-3.8946607874015746
11
6.1045197244094487
21
-3.894732244094488
0
LINE
8
BLACK
6
CONTINUOUS
10
6.1045197244094487
20
-3.894732244094488
11
6.1048229921259844
21
-3.8954644488188976
0
LINE
8
BLACK
6
CONTINUOUS
10
6.1048229921259844
20
-3.8954644488188976
11
6.1052268503937004
21
-3.8961465748031494
0
LINE
8
BLACK
6
CONTINUOUS
10
6.1052268503937004
20
-3.8961465748031494
11
6.1051804724409449
21
-3.8963274409448818
0
LINE
8
BLACK
6
CONTINUOUS
10
6.1051804724409449
20
-3.8963274409448818
11
6.1052519685039366
21
-3.8965000000000001
0
LINE
8
BLACK
6
CONTINUOUS
10
6.1052519685039366
20
-3.8965000000000001
11
6.1049486220472442
21
-3.897232244094488
0
LINE
8
BLACK
6
CONTINUOUS
10
6.1049486220472442
20
-3.897232244094488
11
6.1047518897637794
21
-3.8980001181102359
0
LINE
8
BLACK
6
CONTINUOUS
10
6.1047518897637794
20
-3.8980001181102359
11
6.0890003149606295
21
-3.919
0
LINE
8
BLACK
6
CONTINUOUS
10
6.0890003149606295
20
-3.919
11
6.0978294094488188
21
-3.919
0
LINE
8
BLACK
6
CONTINUOUS
10
6.0978294094488188
20
-3.919
11
6.1010744488188973
21
-3.9157549212598424
0
LINE
8
BLACK
6
CONTINUOUS
10
6.1010744488188973
20
-3.9157549212598424
11
6.1013542519685036
21
-3.9156390157480314
0
LINE
8
BLACK
6
CONTINUOUS
10
6.1013542519685036
20
-3.9156390157480314
11
6.1015526771653539
21
-3.9154102362204726
0
LINE
8
BLACK
6
CONTINUOUS
10
6.1015526771653539
20
-3.9154102362204726
11
6.105964094488189
21
-3.913204527559055
0
LINE
8
BLACK
6
CONTINUOUS
10
6.105964094488189
20
-3.913204527559055
11
6.1061726377952752
21
-3.9131896850393701
0
LINE
8
BLACK
6
CONTINUOUS
10
6.1061726377952752
20
-3.9131896850393701
11
6.106340708661417
21
-3.9130651968503938
0
LINE
8
BLACK
6
CONTINUOUS
10
6.106340708661417
20
-3.9130651968503938
11
6.1151635826771651
21
-3.9108594881889762
0
LINE
8
BLACK
6
CONTINUOUS
10
6.1151635826771651
20
-3.9108594881889762
11
6.1153943307086616
21
-3.9108938188976379
0
LINE
8
BLACK
6
CONTINUOUS
10
6.1153943307086616
20
-3.9108938188976379
11
6.1156098425196852
21
-3.9108045669291336
0
LINE
8
BLACK
6
CONTINUOUS
10
6.1156098425196852
20
-3.9108045669291336
11
6.122226968503937
21
-3.9108045669291336
0
LINE
8
BLACK
6
CONTINUOUS
10
6.122226968503937
20
-3.9108045669291336
11
6.1224424409448819
21
-3.9108938188976379
0
LINE
8
BLACK
6
CONTINUOUS
10
6.1224424409448819
20
-3.9108938188976379
11
6.1226732283464562
21
-3.9108594881889762
0
LINE
8
BLACK
6
CONTINUOUS
10
6.1226732283464562
20
-3.9108594881889762
11
6.1314961023622043
21
-3.9130651968503938
0
LINE
8
BLACK
6
CONTINUOUS
10
6.1314961023622043
20
-3.9130651968503938
11
6.1316641338582674
21
-3.9131896850393701
0
LINE
8
BLACK
6
CONTINUOUS
10
6.1316641338582674
20
-3.9131896850393701
11
6.1318727165354332
21
-3.913204527559055
0
LINE
8
BLACK
6
CONTINUOUS
10
6.1318727165354332
20
-3.913204527559055
11
6.1362841338582674
21
-3.9154102362204726
0
LINE
8
BLACK
6
CONTINUOUS
10
6.1362841338582674
20
-3.9154102362204726
11
6.1364825590551177
21
-3.9156390157480314
0
LINE
8
BLACK
6
CONTINUOUS
10
6.1364825590551177
20
-3.9156390157480314
11
6.1367623228346453
21
-3.9157549212598424
0
LINE
8
BLACK
6
CONTINUOUS
10
6.1367623228346453
20
-3.9157549212598424
11
6.1411737795275592
21
-3.9201663779527558
0
LINE
8
BLACK
6
CONTINUOUS
10
6.1411737795275592
20
-3.9201663779527558
11
6.1413375984251966
21
-3.9205619685039368
0
LINE
8
BLACK
6
CONTINUOUS
10
6.1413375984251966
20
-3.9205619685039368
11
6.1416183070866142
21
-3.920885590551181
0
LINE
8
BLACK
6
CONTINUOUS
10
6.1416183070866142
20
-3.920885590551181
11
6.1438240157480317
21
-3.9275027165354328
0
LINE
8
BLACK
6
CONTINUOUS
10
6.1438240157480317
20
-3.9275027165354328
11
6.143802519685039
21
-3.927804803149606
0
LINE
8
BLACK
6
CONTINUOUS
10
6.143802519685039
20
-3.927804803149606
11
6.1439184251968504
21
-3.9280845669291335
0
LINE
8
BLACK
6
CONTINUOUS
10
6.1439184251968504
20
-3.9280845669291335
11
6.1439184251968504
21
-3.9324959842519682
0
LINE
8
BLACK
6
CONTINUOUS
10
6.1439184251968504
20
-3.9324959842519682
11
6.143802519685039
21
-3.932775708661417
0
LINE
8
BLACK
6
CONTINUOUS
10
6.143802519685039
20
-3.932775708661417
11
6.1438240157480317
21
-3.9330778346456694
0
LINE
8
BLACK
6
CONTINUOUS
10
6.1438240157480317
20
-3.9330778346456694
11
6.1416183070866142
21
-3.9396949999999999
0
LINE
8
BLACK
6
CONTINUOUS
10
6.1416183070866142
20
-3.9396949999999999
11
6.1413376771653541
21
-3.9400185039370079
0
LINE
8
BLACK
6
CONTINUOUS
10
6.1413376771653541
20
-3.9400185039370079
11
6.1411737795275592
21
-3.9404142519685039
0
LINE
8
BLACK
6
CONTINUOUS
10
6.1411737795275592
20
-3.9404142519685039
11
6.1389680314960628
21
-3.942619960629921
0
LINE
8
BLACK
6
CONTINUOUS
10
6.1389680314960628
20
-3.942619960629921
11
6.1376669685039369
21
-3.9431588582677164
0
LINE
8
BLACK
6
CONTINUOUS
10
6.1376669685039369
20
-3.9431588582677164
11
6.1363658661417322
21
-3.9426199212598423
0
LINE
8
BLACK
6
CONTINUOUS
10
6.1363658661417322
20
-3.9426199212598423
11
6.1358269685039373
21
-3.9413188582677163
0
LINE
8
BLACK
6
CONTINUOUS
10
6.1358269685039373
20
-3.9413188582677163
11
6.1363659055118109
21
-3.9400177559055116
0
LINE
8
BLACK
6
CONTINUOUS
10
6.1363659055118109
20
-3.9400177559055116
11
6.1382644881889759
21
-3.9381191732283463
0
LINE
8
BLACK
6
CONTINUOUS
10
6.1382644881889759
20
-3.9381191732283463
11
6.1402384251968503
21
-3.9321973228346456
0
LINE
8
BLACK
6
CONTINUOUS
10
6.1402384251968503
20
-3.9321973228346456
11
6.1402384251968503
21
-3.9283831889763778
0
LINE
8
BLACK
6
CONTINUOUS
10
6.1402384251968503
20
-3.9283831889763778
11
6.1382644488188971
21
-3.9224612992125985
0
LINE
8
BLACK
6
CONTINUOUS
10
6.1382644488188971
20
-3.9224612992125985
11
6.134371377952756
21
-3.9185682283464565
0
LINE
8
BLACK
6
CONTINUOUS
10
6.134371377952756
20
-3.9185682283464565
11
6.130407677165354
21
-3.9165863779527559
0
LINE
8
BLACK
6
CONTINUOUS
10
6.130407677165354
20
-3.9165863779527559
11
6.1220003937007874
21
-3.9144845669291337
0
LINE
8
BLACK
6
CONTINUOUS
10
6.1220003937007874
20
-3.9144845669291337
11
6.1158364173228348
21
-3.9144845669291337
0
LINE
8
BLACK
6
CONTINUOUS
10
6.1158364173228348
20
-3.9144845669291337
11
6.1074290944881886
21
-3.9165863779527559
0
LINE
8
BLACK
6
CONTINUOUS
10
6.1074290944881886
20
-3.9165863779527559
11
6.1034654330708662
21
-3.9185681889763777
0
LINE
8
BLACK
6
CONTINUOUS
10
6.1034654330708662
20
-3.9185681889763777
11
6.1029511023622049
21
-3.9190824803149606
0
LINE
8
BLACK
6
CONTINUOUS
10
6.1029511023622049
20
-3.9190824803149606
11
6.1045197244094487
21
-3.9197322440944879
0
LINE
8
BLACK
6
CONTINUOUS
10
6.1045197244094487
20
-3.9197322440944879
11
6.1052519685039366
21
-3.9215
0
LINE
8
BLACK
6
CONTINUOUS
10
6.1052519685039366
20
-3.9215
11
6.1045197244094487
21
-3.9232677559055116
0
LINE
8
BLACK
6
CONTINUOUS
10
6.1045197244094487
20
-3.9232677559055116
11
6.1027519685039371
21
-3.9239999999999999
0
LINE
8
BLACK
6
CONTINUOUS
10
6.1027519685039371
20
-3.9239999999999999
11
6.0990594881889759
21
-3.9239999999999999
0
LINE
8
BLACK
6
CONTINUOUS
10
6.0990594881889759
20
-3.9239999999999999
11
6.0975984251968507
21
-3.9283831889763778
0
LINE
8
BLACK
6
CONTINUOUS
10
6.0975984251968507
20
-3.9283831889763778
11
6.0975984251968507
21
-3.9321973622047244
0
LINE
8
BLACK
6
CONTINUOUS
10
6.0975984251968507
20
-3.9321973622047244
11
6.0995723622047242
21
-3.9381192519685038
0
LINE
8
BLACK
6
CONTINUOUS
10
6.0995723622047242
20
-3.9381192519685038
11
6.1014709055118113
21
-3.9400177559055116
0
LINE
8
BLACK
6
CONTINUOUS
10
6.1014709055118113
20
-3.9400177559055116
11
6.1020098031496062
21
-3.9413188582677163
0
LINE
8
BLACK
6
CONTINUOUS
10
6.1020098031496062
20
-3.9413188582677163
11
6.1014709055118113
21
-3.9426199212598423
0
LINE
8
BLACK
6
CONTINUOUS
10
6.1014709055118113
20
-3.9426199212598423
11
6.1001698425196853
21
-3.9431588188976376
0
LINE
8
BLACK
6
CONTINUOUS
10
6.1001698425196853
20
-3.9431588188976376
11
6.0988687401574806
21
-3.9426199212598423
0
LINE
8
BLACK
6
CONTINUOUS
10
6.0988687401574806
20
-3.9426199212598423
11
6.0966630708661418
21
-3.9404142125984252
0
LINE
8
BLACK
6
CONTINUOUS
10
6.0966630708661418
20
-3.9404142125984252
11
6.0964992125984248
21
-3.9400186220472442
0
LINE
8
BLACK
6
CONTINUOUS
10
6.0964992125984248
20
-3.9400186220472442
11
6.0962185433070868
21
-3.9396950393700787
0
LINE
8
BLACK
6
CONTINUOUS
10
6.0962185433070868
20
-3.9396950393700787
11
6.0940128346456692
21
-3.9330778346456694
0
LINE
8
BLACK
6
CONTINUOUS
10
6.0940128346456692
20
-3.9330778346456694
11
6.0940342913385823
21
-3.9327757480314958
0
LINE
8
BLACK
6
CONTINUOUS
10
6.0940342913385823
20
-3.9327757480314958
11
6.0939184251968506
21
-3.9324959842519682
0
LINE
8
BLACK
6
CONTINUOUS
10
6.0939184251968506
20
-3.9324959842519682
11
6.0939184251968506
21
-3.9280845669291335
0
LINE
8
BLACK
6
CONTINUOUS
10
6.0939184251968506
20
-3.9280845669291335
11
6.0940342913385823
21
-3.927804803149606
0
LINE
8
BLACK
6
CONTINUOUS
10
6.0940342913385823
20
-3.927804803149606
11
6.0940128346456692
21
-3.9275027165354328
0
LINE
8
BLACK
6
CONTINUOUS
10
6.0940128346456692
20
-3.9275027165354328
11
6.0951803937007876
21
-3.9239999999999999
0
LINE
8
BLACK
6
CONTINUOUS
10
6.0951803937007876
20
-3.9239999999999999
11
6.0865
21
-3.9239999999999999
0
LINE
8
BLACK
6
CONTINUOUS
10
6.0865
20
-3.9239999999999999
11
6.0865
21
-3.9527519685039367
0
LINE
8
BLACK
6
CONTINUOUS
10
6.0865
20
-3.9527519685039367
11
6.0857677559055121
21
-3.9545197244094488
0
LINE
8
BLACK
6
CONTINUOUS
10
6.0857677559055121
20
-3.9545197244094488
11
6.0839999999999996
21
-3.9552519685039371
0
LINE
8
BLACK
6
CONTINUOUS
10
6.0839999999999996
20
-3.9552519685039371
11
6.082232244094488
21
-3.9545197244094488
0
LINE
8
BLACK
6
CONTINUOUS
10
6.082232244094488
20
-3.9545197244094488
11
6.0815000000000001
21
-3.9527519685039367
0
LINE
8
BLACK
6
CONTINUOUS
10
6.0815000000000001
20
-3.9527519685039367
11
6.0815000000000001
21
-3.9239999999999999
0
LINE
8
BLACK
6
CONTINUOUS
10
6.0815000000000001
20
-3.9239999999999999
11
6.0652480314960631
21
-3.9239999999999999
0
LINE
8
BLACK
6
CONTINUOUS
10
6.0652480314960631
20
-3.9239999999999999
11
6.0634802755905515
21
-3.9232677559055116
0
LINE
8
BLACK
6
CONTINUOUS
10
6.0634802755905515
20
-3.9232677559055116
11
6.0627480314960627
21
-3.9215
0
LINE
8
BLACK
6
CONTINUOUS
10
6.0627480314960627
20
-3.9215
11
6.0634802755905515
21
-3.9197322440944879
0
LINE
8
BLACK
6
CONTINUOUS
10
6.0634802755905515
20
-3.9197322440944879
11
6.0652480314960631
21
-3.919
0
LINE
8
BLACK
6
CONTINUOUS
10
6.0652480314960631
20
-3.919
11
6.0789996850393697
21
-3.919
0
LINE
8
BLACK
6
CONTINUOUS
10
6.0789996850393697
20
-3.919
11
6.0632481102362199
21
-3.8980001181102359
0
LINE
8
BLACK
6
CONTINUOUS
10
6.0632481102362199
20
-3.8980001181102359
11
6.0630513385826772
21
-3.897232244094488
0
LINE
8
BLACK
6
CONTINUOUS
10
6.0630513385826772
20
-3.897232244094488
11
6.0627480314960627
21
-3.8965000000000001
0
LINE
8
BLACK
6
CONTINUOUS
10
6.0627480314960627
20
-3.8965000000000001
11
6.0628194881889765
21
-3.8963274409448818
0
LINE
8
BLACK
6
CONTINUOUS
10
6.0628194881889765
20
-3.8963274409448818
11
6.0627731496062989
21
-3.8961465748031494
0
LINE
8
BLACK
6
CONTINUOUS
10
6.0627731496062989
20
-3.8961465748031494
11
6.0631769685039369
21
-3.8954644488188976
0
LINE
8
BLACK
6
CONTINUOUS
10
6.0631769685039369
20
-3.8954644488188976
11
6.0634802755905515
21
-3.894732244094488
0
LINE
8
BLACK
6
CONTINUOUS
10
6.0634802755905515
20
-3.894732244094488
11
6.0636527559055118
21
-3.8946607874015746
0
LINE
8
BLACK
6
CONTINUOUS
10
6.0636527559055118
20
-3.8946607874015746
11
6.0637479133858267
21
-3.8945000787401574
0
LINE
8
BLACK
6
CONTINUOUS
10
6.0637479133858267
20
-3.8945000787401574
11
6.0645157480314955
21
-3.8943033070866142
0
LINE
8
BLACK
6
CONTINUOUS
10
6.0645157480314955
20
-3.8943033070866142
11
6.0652480314960631
21
-3.8940000000000001
0
LINE
8
BLACK
6
CONTINUOUS
10
6.0652480314960631
20
-3.8940000000000001
11
6.0815000000000001
21
-3.8940000000000001
0
LINE
8
BLACK
6
CONTINUOUS
10
6.0815000000000001
20
-3.8940000000000001
11
6.0815000000000001
21
-3.8652480314960629
0
LINE
8
BLACK
6
CONTINUOUS
10
6.0815000000000001
20
-3.8652480314960629
11
6.082232244094488
21
-3.8634802755905513
0
LINE
8
BLACK
6
CONTINUOUS
10
6.082232244094488
20
-3.8634802755905513
11
6.0839999999999996
21
-3.8627480314960629
0
LINE
8
BLACK
6
CONTINUOUS
10
6.0839999999999996
20
-3.8627480314960629
11
6.0857677559055121
21
-3.8634802755905513
0
LINE
8
BLACK
6
CONTINUOUS
10
6.070248346456693
20
-3.899
11
6.0839999999999996
21
-3.9173335826771654
0
LINE
8
BLACK
6
CONTINUOUS
10
6.0839999999999996
20
-3.9173335826771654
11
6.0977516535433072
21
-3.899
0
LINE
8
BLACK
6
CONTINUOUS
10
6.0977516535433072
20
-3.899
11
6.0839999999999996
21
-3.899
0
LINE
8
BLACK
6
CONTINUOUS
10
6.0839999999999996
20
-3.899
11
6.070248346456693
21
-3.899
0
LINE
8
BLACK
6
CONTINUOUS
10
6.2246787007874014
20
-3.8512856692913386
11
6.225217637795275
21
-3.8525867322834646
0
LINE
8
BLACK
6
CONTINUOUS
10
6.225217637795275
20
-3.8525867322834646
11
6.225217637795275
21
-3.8790553149606297
0
LINE
8
BLACK
6
CONTINUOUS
10
6.225217637795275
20
-3.8790553149606297
11
6.2246787007874014
21
-3.8803563779527557
0
LINE
8
BLACK
6
CONTINUOUS
10
6.2246787007874014
20
-3.8803563779527557
11
6.2233776377952754
21
-3.8808953149606298
0
LINE
8
BLACK
6
CONTINUOUS
10
6.2233776377952754
20
-3.8808953149606298
11
6.2220765748031495
21
-3.8803563779527557
0
LINE
8
BLACK
6
CONTINUOUS
10
6.2220765748031495
20
-3.8803563779527557
11
6.2215376377952758
21
-3.8790553149606297
0
LINE
8
BLACK
6
CONTINUOUS
10
6.2215376377952758
20
-3.8790553149606297
11
6.2215376377952758
21
-3.867661023622047
0
LINE
8
BLACK
6
CONTINUOUS
10
6.2215376377952758
20
-3.867661023622047
11
6.1770576377952757
21
-3.867661023622047
0
LINE
8
BLACK
6
CONTINUOUS
10
6.1770576377952757
20
-3.867661023622047
11
6.1768825984251965
21
-3.8675885039370077
0
LINE
8
BLACK
6
CONTINUOUS
10
6.1768825984251965
20
-3.8675885039370077
11
6.1766967716535435
21
-3.8676252755905511
0
LINE
8
BLACK
6
CONTINUOUS
10
6.1766967716535435
20
-3.8676252755905511
11
6.1762515748031497
21
-3.8673271259842519
0
LINE
8
BLACK
6
CONTINUOUS
10
6.1762515748031497
20
-3.8673271259842519
11
6.1757565748031498
21
-3.8671220866141733
0
LINE
8
BLACK
6
CONTINUOUS
10
6.1757565748031498
20
-3.8671220866141733
11
6.1756840551181105
21
-3.8669470472440945
0
LINE
8
BLACK
6
CONTINUOUS
10
6.1756840551181105
20
-3.8669470472440945
11
6.1755266535433071
21
-3.866841653543307
0
LINE
8
BLACK
6
CONTINUOUS
10
6.1755266535433071
20
-3.866841653543307
11
6.1754226771653542
21
-3.8663160236220473
0
LINE
8
BLACK
6
CONTINUOUS
10
6.1754226771653542
20
-3.8663160236220473
11
6.1752176377952752
21
-3.8658210236220469
0
LINE
8
BLACK
6
CONTINUOUS
10
6.1752176377952752
20
-3.8658210236220469
11
6.1752901181102358
21
-3.8656459842519686
0
LINE
8
BLACK
6
CONTINUOUS
10
6.1752901181102358
20
-3.8656459842519686
11
6.1752533858267711
21
-3.8654601574803147
0
LINE
8
BLACK
6
CONTINUOUS
10
6.1752533858267711
20
-3.8654601574803147
11
6.175551496062992
21
-3.8650149606299213
0
LINE
8
BLACK
6
CONTINUOUS
10
6.175551496062992
20
-3.8650149606299213
11
6.1757565748031498
21
-3.864519960629921
0
LINE
8
BLACK
6
CONTINUOUS
10
6.1757565748031498
20
-3.864519960629921
11
6.1759315748031494
21
-3.8644474409448817
0
LINE
8
BLACK
6
CONTINUOUS
10
6.1759315748031494
20
-3.8644474409448817
11
6.1760370078740152
21
-3.8642900393700788
0
LINE
8
BLACK
6
CONTINUOUS
10
6.1760370078740152
20
-3.8642900393700788
11
6.1825025590551181
21
-3.8599796456692914
0
LINE
8
BLACK
6
CONTINUOUS
10
6.1825025590551181
20
-3.8599796456692914
11
6.1865739763779528
21
-3.855908188976378
0
LINE
8
BLACK
6
CONTINUOUS
10
6.1865739763779528
20
-3.855908188976378
11
6.1886461811023619
21
-3.8517638582677165
0
LINE
8
BLACK
6
CONTINUOUS
10
6.1886461811023619
20
-3.8517638582677165
11
6.1897100787401573
21
-3.850841181102362
0
LINE
8
BLACK
6
CONTINUOUS
10
6.1897100787401573
20
-3.850841181102362
11
6.1911148031496062
21
-3.8509409842519684
0
LINE
8
BLACK
6
CONTINUOUS
10
6.1911148031496062
20
-3.8509409842519684
11
6.1920374803149603
21
-3.8520048818897639
0
LINE
8
BLACK
6
CONTINUOUS
10
6.1920374803149603
20
-3.8520048818897639
11
6.1919376771653543
21
-3.8534096062992127
0
LINE
8
BLACK
6
CONTINUOUS
10
6.1919376771653543
20
-3.8534096062992127
11
6.1897319291338579
21
-3.8578210236220474
0
LINE
8
BLACK
6
CONTINUOUS
10
6.1897319291338579
20
-3.8578210236220474
11
6.1895031102362204
21
-3.8580194488188977
0
LINE
8
BLACK
6
CONTINUOUS
10
6.1895031102362204
20
-3.8580194488188977
11
6.1893872440944877
21
-3.8582992125984252
0
LINE
8
BLACK
6
CONTINUOUS
10
6.1893872440944877
20
-3.8582992125984252
11
6.1849758267716535
21
-3.8627106692913387
0
LINE
8
BLACK
6
CONTINUOUS
10
6.1849758267716535
20
-3.8627106692913387
11
6.1848007874015742
21
-3.8627831496062992
0
LINE
8
BLACK
6
CONTINUOUS
10
6.1848007874015742
20
-3.8627831496062992
11
6.1846953937007871
21
-3.8629405905511809
0
LINE
8
BLACK
6
CONTINUOUS
10
6.1846953937007871
20
-3.8629405905511809
11
6.1831347244094488
21
-3.8639810236220473
0
LINE
8
BLACK
6
CONTINUOUS
10
6.1831347244094488
20
-3.8639810236220473
11
6.2215376377952758
21
-3.8639810236220473
0
LINE
8
BLACK
6
CONTINUOUS
10
6.2215376377952758
20
-3.8639810236220473
11
6.2215376377952758
21
-3.8525867322834646
0
LINE
8
BLACK
6
CONTINUOUS
10
6.2215376377952758
20
-3.8525867322834646
11
6.2220765748031495
21
-3.8512856692913386
0
LINE
8
BLACK
6
CONTINUOUS
10
6.2220765748031495
20
-3.8512856692913386
11
6.2233776377952754
21
-3.8507467322834645
0
LINE
8
BLACK
6
CONTINUOUS
10
6.2233776377952754
20
-3.8507467322834645
11
6.2246787007874014
21
-3.8512856692913386
0
LINE
8
BLACK
6
CONTINUOUS
10
6.0135566535433069
20
-3.8304195275590551
11
6.0140955905511806
21
-3.8317205905511811
0
LINE
8
BLACK
6
CONTINUOUS
10
6.0140955905511806
20
-3.8317205905511811
11
6.0140955905511806
21
-3.8581891732283462
0
LINE
8
BLACK
6
CONTINUOUS
10
6.0140955905511806
20
-3.8581891732283462
11
6.0135566535433069
21
-3.8594902362204722
0
LINE
8
BLACK
6
CONTINUOUS
10
6.0135566535433069
20
-3.8594902362204722
11
6.012255590551181
21
-3.8600291732283463
0
LINE
8
BLACK
6
CONTINUOUS
10
6.012255590551181
20
-3.8600291732283463
11
6.010954527559055
21
-3.8594902362204722
0
LINE
8
BLACK
6
CONTINUOUS
10
6.010954527559055
20
-3.8594902362204722
11
6.0104155905511814
21
-3.8581891732283462
0
LINE
8
BLACK
6
CONTINUOUS
10
6.0104155905511814
20
-3.8581891732283462
11
6.0104155905511814
21
-3.8467948818897635
0
LINE
8
BLACK
6
CONTINUOUS
10
6.0104155905511814
20
-3.8467948818897635
11
5.9659355905511813
21
-3.8467948818897635
0
LINE
8
BLACK
6
CONTINUOUS
10
5.9659355905511813
20
-3.8467948818897635
11
5.965760551181102
21
-3.8467223622047242
0
LINE
8
BLACK
6
CONTINUOUS
10
5.965760551181102
20
-3.8467223622047242
11
5.965574724409449
21
-3.8467591338582676
0
LINE
8
BLACK
6
CONTINUOUS
10
5.965574724409449
20
-3.8467591338582676
11
5.9651295275590552
21
-3.8464609842519684
0
LINE
8
BLACK
6
CONTINUOUS
10
5.9651295275590552
20
-3.8464609842519684
11
5.9646345275590553
21
-3.8462559448818898
0
LINE
8
BLACK
6
CONTINUOUS
10
5.9646345275590553
20
-3.8462559448818898
11
5.964562007874016
21
-3.846080905511811
0
LINE
8
BLACK
6
CONTINUOUS
10
5.964562007874016
20
-3.846080905511811
11
5.9644046062992127
21
-3.8459755118110235
0
LINE
8
BLACK
6
CONTINUOUS
10
5.9644046062992127
20
-3.8459755118110235
11
5.9643006299212598
21
-3.8454498818897638
0
LINE
8
BLACK
6
CONTINUOUS
10
5.9643006299212598
20
-3.8454498818897638
11
5.9640955905511808
21
-3.8449548818897639
0
LINE
8
BLACK
6
CONTINUOUS
10
5.9640955905511808
20
-3.8449548818897639
11
5.9641680708661413
21
-3.8447798425196851
0
LINE
8
BLACK
6
CONTINUOUS
10
5.9641680708661413
20
-3.8447798425196851
11
5.9641313385826766
21
-3.8445940157480316
0
LINE
8
BLACK
6
CONTINUOUS
10
5.9641313385826766
20
-3.8445940157480316
11
5.9644294488188976
21
-3.8441488188976378
0
LINE
8
BLACK
6
CONTINUOUS
10
5.9644294488188976
20
-3.8441488188976378
11
5.9646345275590553
21
-3.8436538188976379
0
LINE
8
BLACK
6
CONTINUOUS
10
5.9646345275590553
20
-3.8436538188976379
11
5.9648095275590549
21
-3.8435812992125982
0
LINE
8
BLACK
6
CONTINUOUS
10
5.9648095275590549
20
-3.8435812992125982
11
5.9649149606299208
21
-3.8434238976377952
0
LINE
8
BLACK
6
CONTINUOUS
10
5.9649149606299208
20
-3.8434238976377952
11
5.9713805118110237
21
-3.8391135039370079
0
LINE
8
BLACK
6
CONTINUOUS
10
5.9713805118110237
20
-3.8391135039370079
11
5.9754519291338584
21
-3.8350420472440945
0
LINE
8
BLACK
6
CONTINUOUS
10
5.9754519291338584
20
-3.8350420472440945
11
5.9775241338582674
21
-3.830897716535433
0
LINE
8
BLACK
6
CONTINUOUS
10
5.9775241338582674
20
-3.830897716535433
11
5.9785880314960629
21
-3.8299750393700784
0
LINE
8
BLACK
6
CONTINUOUS
10
5.9785880314960629
20
-3.8299750393700784
11
5.9799927559055117
21
-3.8300748425196849
0
LINE
8
BLACK
6
CONTINUOUS
10
5.9799927559055117
20
-3.8300748425196849
11
5.9809154330708658
21
-3.8311387401574803
0
LINE
8
BLACK
6
CONTINUOUS
10
5.9809154330708658
20
-3.8311387401574803
11
5.9808156299212598
21
-3.8325434645669292
0
LINE
8
BLACK
6
CONTINUOUS
10
5.9808156299212598
20
-3.8325434645669292
11
5.9786098818897635
21
-3.8369548818897639
0
LINE
8
BLACK
6
CONTINUOUS
10
5.9786098818897635
20
-3.8369548818897639
11
5.9783810629921259
21
-3.8371533070866142
0
LINE
8
BLACK
6
CONTINUOUS
10
5.9783810629921259
20
-3.8371533070866142
11
5.9782651968503933
21
-3.8374330708661417
0
LINE
8
BLACK
6
CONTINUOUS
10
5.9782651968503933
20
-3.8374330708661417
11
5.973853779527559
21
-3.8418445275590551
0
LINE
8
BLACK
6
CONTINUOUS
10
5.973853779527559
20
-3.8418445275590551
11
5.9736787401574798
21
-3.8419170078740157
0
LINE
8
BLACK
6
CONTINUOUS
10
5.9736787401574798
20
-3.8419170078740157
11
5.9735733464566927
21
-3.8420744488188974
0
LINE
8
BLACK
6
CONTINUOUS
10
5.9735733464566927
20
-3.8420744488188974
11
5.9720126771653543
21
-3.8431148818897638
0
LINE
8
BLACK
6
CONTINUOUS
10
5.9720126771653543
20
-3.8431148818897638
11
6.0104155905511814
21
-3.8431148818897638
0
LINE
8
BLACK
6
CONTINUOUS
10
6.0104155905511814
20
-3.8431148818897638
11
6.0104155905511814
21
-3.8317205905511811
0
LINE
8
BLACK
6
CONTINUOUS
10
6.0104155905511814
20
-3.8317205905511811
11
6.010954527559055
21
-3.8304195275590551
0
LINE
8
BLACK
6
CONTINUOUS
10
6.010954527559055
20
-3.8304195275590551
11
6.012255590551181
21
-3.829880590551181
0
LINE
8
BLACK
6
CONTINUOUS
10
6.012255590551181
20
-3.829880590551181
11
6.0135566535433069
21
-3.8304195275590551
0
LINE
8
BLACK
6
CONTINUOUS
10
6.2246787007874014
20
-3.8071713779527556
11
6.225217637795275
21
-3.808472440944882
0
LINE
8
BLACK
6
CONTINUOUS
10
6.225217637795275
20
-3.808472440944882
11
6.225217637795275
21
-3.8195010236220472
0
LINE
8
BLACK
6
CONTINUOUS
10
6.225217637795275
20
-3.8195010236220472
11
6.2251017322834645
21
-3.819780748031496
0
LINE
8
BLACK
6
CONTINUOUS
10
6.2251017322834645
20
-3.819780748031496
11
6.2251232283464564
21
-3.820082874015748
0
LINE
8
BLACK
6
CONTINUOUS
10
6.2251232283464564
20
-3.820082874015748
11
6.2229175196850388
21
-3.8266999999999998
0
LINE
8
BLACK
6
CONTINUOUS
10
6.2229175196850388
20
-3.8266999999999998
11
6.2226368110236221
21
-3.8270235826771652
0
LINE
8
BLACK
6
CONTINUOUS
10
6.2226368110236221
20
-3.8270235826771652
11
6.2224729921259838
21
-3.827419212598425
0
LINE
8
BLACK
6
CONTINUOUS
10
6.2224729921259838
20
-3.827419212598425
11
6.2180615354330708
21
-3.8318306692913384
0
LINE
8
BLACK
6
CONTINUOUS
10
6.2180615354330708
20
-3.8318306692913384
11
6.2177817716535433
21
-3.8319465354330706
0
LINE
8
BLACK
6
CONTINUOUS
10
6.2177817716535433
20
-3.8319465354330706
11
6.217583346456693
21
-3.8321753543307087
0
LINE
8
BLACK
6
CONTINUOUS
10
6.217583346456693
20
-3.8321753543307087
11
6.2131719291338579
21
-3.8343810629921258
0
LINE
8
BLACK
6
CONTINUOUS
10
6.2131719291338579
20
-3.8343810629921258
11
6.2129633464566929
21
-3.8343958661417323
0
LINE
8
BLACK
6
CONTINUOUS
10
6.2129633464566929
20
-3.8343958661417323
11
6.2127953149606299
21
-3.8345203937007875
0
LINE
8
BLACK
6
CONTINUOUS
10
6.2127953149606299
20
-3.8345203937007875
11
6.2039724409448818
21
-3.8367261023622046
0
LINE
8
BLACK
6
CONTINUOUS
10
6.2039724409448818
20
-3.8367261023622046
11
6.2037416535433065
21
-3.8366917322834646
0
LINE
8
BLACK
6
CONTINUOUS
10
6.2037416535433065
20
-3.8366917322834646
11
6.2035261811023616
21
-3.8367810236220472
0
LINE
8
BLACK
6
CONTINUOUS
10
6.2035261811023616
20
-3.8367810236220472
11
6.1969090551181099
21
-3.8367810236220472
0
LINE
8
BLACK
6
CONTINUOUS
10
6.1969090551181099
20
-3.8367810236220472
11
6.1966935433070862
21
-3.8366917322834646
0
LINE
8
BLACK
6
CONTINUOUS
10
6.1966935433070862
20
-3.8366917322834646
11
6.1964627952755906
21
-3.8367261023622046
0
LINE
8
BLACK
6
CONTINUOUS
10
6.1964627952755906
20
-3.8367261023622046
11
6.1876399212598425
21
-3.8345203937007875
0
LINE
8
BLACK
6
CONTINUOUS
10
6.1876399212598425
20
-3.8345203937007875
11
6.1874718503937007
21
-3.8343958661417323
0
LINE
8
BLACK
6
CONTINUOUS
10
6.1874718503937007
20
-3.8343958661417323
11
6.1872633070866137
21
-3.8343810629921258
0
LINE
8
BLACK
6
CONTINUOUS
10
6.1872633070866137
20
-3.8343810629921258
11
6.1828518897637794
21
-3.8321753543307087
0
LINE
8
BLACK
6
CONTINUOUS
10
6.1828518897637794
20
-3.8321753543307087
11
6.1826534645669291
21
-3.8319465354330706
0
LINE
8
BLACK
6
CONTINUOUS
10
6.1826534645669291
20
-3.8319465354330706
11
6.1823736614173228
21
-3.8318306692913384
0
LINE
8
BLACK
6
CONTINUOUS
10
6.1823736614173228
20
-3.8318306692913384
11
6.1779622834645664
21
-3.827419212598425
0
LINE
8
BLACK
6
CONTINUOUS
10
6.1779622834645664
20
-3.827419212598425
11
6.1777984251968503
21
-3.827023622047244
0
LINE
8
BLACK
6
CONTINUOUS
10
6.1777984251968503
20
-3.827023622047244
11
6.1775177559055114
21
-3.8267000393700785
0
LINE
8
BLACK
6
CONTINUOUS
10
6.1775177559055114
20
-3.8267000393700785
11
6.1753120472440948
21
-3.820082874015748
0
LINE
8
BLACK
6
CONTINUOUS
10
6.1753120472440948
20
-3.820082874015748
11
6.1753335039370079
21
-3.819780748031496
0
LINE
8
BLACK
6
CONTINUOUS
10
6.1753335039370079
20
-3.819780748031496
11
6.1752176377952752
21
-3.8195010236220472
0
LINE
8
BLACK
6
CONTINUOUS
10
6.1752176377952752
20
-3.8195010236220472
11
6.1752176377952752
21
-3.808472440944882
0
LINE
8
BLACK
6
CONTINUOUS
10
6.1752176377952752
20
-3.808472440944882
11
6.1757565748031498
21
-3.8071713779527556
0
LINE
8
BLACK
6
CONTINUOUS
10
6.1757565748031498
20
-3.8071713779527556
11
6.1770576377952757
21
-3.806632440944882
0
LINE
8
BLACK
6
CONTINUOUS
10
6.1770576377952757
20
-3.806632440944882
11
6.2233776377952754
21
-3.806632440944882
0
LINE
8
BLACK
6
CONTINUOUS
10
6.2233776377952754
20
-3.806632440944882
11
6.2246787007874014
21
-3.8071713779527556
0
LINE
8
BLACK
6
CONTINUOUS
10
6.1788976377952753
20
-3.819202401574803
11
6.1808715748031497
21
-3.825124251968504
0
LINE
8
BLACK
6
CONTINUOUS
10
6.1808715748031497
20
-3.825124251968504
11
6.1847646456692909
21
-3.8290173622047243
0
LINE
8
BLACK
6
CONTINUOUS
10
6.1847646456692909
20
-3.8290173622047243
11
6.1887283070866141
21
-3.8309991732283462
0
LINE
8
BLACK
6
CONTINUOUS
10
6.1887283070866141
20
-3.8309991732283462
11
6.1971356299212594
21
-3.8331010236220471
0
LINE
8
BLACK
6
CONTINUOUS
10
6.1971356299212594
20
-3.8331010236220471
11
6.2032996062992121
21
-3.8331010236220471
0
LINE
8
BLACK
6
CONTINUOUS
10
6.2032996062992121
20
-3.8331010236220471
11
6.2117068897637795
21
-3.8309991732283462
0
LINE
8
BLACK
6
CONTINUOUS
10
6.2117068897637795
20
-3.8309991732283462
11
6.2156705905511807
21
-3.8290173622047243
0
LINE
8
BLACK
6
CONTINUOUS
10
6.2156705905511807
20
-3.8290173622047243
11
6.2195636614173226
21
-3.825124251968504
0
LINE
8
BLACK
6
CONTINUOUS
10
6.2195636614173226
20
-3.825124251968504
11
6.2215376377952758
21
-3.8192023622047242
0
LINE
8
BLACK
6
CONTINUOUS
10
6.2215376377952758
20
-3.8192023622047242
11
6.2215376377952758
21
-3.8103124409448816
0
LINE
8
BLACK
6
CONTINUOUS
10
6.2215376377952758
20
-3.8103124409448816
11
6.1788976377952753
21
-3.8103124409448816
0
LINE
8
BLACK
6
CONTINUOUS
10
6.1788976377952753
20
-3.8103124409448816
11
6.1788976377952753
21
-3.819202401574803
0
LINE
8
BLACK
6
CONTINUOUS
10
6.0135566535433069
20
-3.7863052362204725
11
6.0140955905511806
21
-3.7876062992125985
0
LINE
8
BLACK
6
CONTINUOUS
10
6.0140955905511806
20
-3.7876062992125985
11
6.0135566535433069
21
-3.7889073622047245
0
LINE
8
BLACK
6
CONTINUOUS
10
6.0135566535433069
20
-3.7889073622047245
11
6.012255590551181
21
-3.7894462992125981
0
LINE
8
BLACK
6
CONTINUOUS
10
6.012255590551181
20
-3.7894462992125981
11
5.9920384251968501
21
-3.7894462992125981
0
LINE
8
BLACK
6
CONTINUOUS
10
5.9920384251968501
20
-3.7894462992125981
11
5.9920384251968501
21
-3.8052520078740155
0
LINE
8
BLACK
6
CONTINUOUS
10
5.9920384251968501
20
-3.8052520078740155
11
5.9918744881889765
21
-3.8056476771653545
0
LINE
8
BLACK
6
CONTINUOUS
10
5.9918744881889765
20
-3.8056476771653545
11
5.9918441732283467
21
-3.8060748425196849
0
LINE
8
BLACK
6
CONTINUOUS
10
5.9918441732283467
20
-3.8060748425196849
11
5.9896384645669292
21
-3.810486338582677
0
LINE
8
BLACK
6
CONTINUOUS
10
5.9896384645669292
20
-3.810486338582677
11
5.9894096456692916
21
-3.8106847244094486
0
LINE
8
BLACK
6
CONTINUOUS
10
5.9894096456692916
20
-3.8106847244094486
11
5.9892937795275589
21
-3.8109645669291337
0
LINE
8
BLACK
6
CONTINUOUS
10
5.9892937795275589
20
-3.8109645669291337
11
5.9870880708661414
21
-3.8131702362204725
0
LINE
8
BLACK
6
CONTINUOUS
10
5.9870880708661414
20
-3.8131702362204725
11
5.9868083070866138
21
-3.8132861023622047
0
LINE
8
BLACK
6
CONTINUOUS
10
5.9868083070866138
20
-3.8132861023622047
11
5.9866098818897635
21
-3.8135149212598423
0
LINE
8
BLACK
6
CONTINUOUS
10
5.9866098818897635
20
-3.8135149212598423
11
5.9821984645669293
21
-3.8157206299212598
0
LINE
8
BLACK
6
CONTINUOUS
10
5.9821984645669293
20
-3.8157206299212598
11
5.9817712598425192
21
-3.8157509448818896
0
LINE
8
BLACK
6
CONTINUOUS
10
5.9817712598425192
20
-3.8157509448818896
11
5.9813755905511812
21
-3.8159148818897637
0
LINE
8
BLACK
6
CONTINUOUS
10
5.9813755905511812
20
-3.8159148818897637
11
5.9747584251968506
21
-3.8159148818897637
0
LINE
8
BLACK
6
CONTINUOUS
10
5.9747584251968506
20
-3.8159148818897637
11
5.9743627165354329
21
-3.8157509448818896
0
LINE
8
BLACK
6
CONTINUOUS
10
5.9743627165354329
20
-3.8157509448818896
11
5.9739355511811025
21
-3.8157206299212598
0
LINE
8
BLACK
6
CONTINUOUS
10
5.9739355511811025
20
-3.8157206299212598
11
5.9695241338582674
21
-3.8135149212598423
0
LINE
8
BLACK
6
CONTINUOUS
10
5.9695241338582674
20
-3.8135149212598423
11
5.9693257086614171
21
-3.8132861023622047
0
LINE
8
BLACK
6
CONTINUOUS
10
5.9693257086614171
20
-3.8132861023622047
11
5.9690459055118108
21
-3.8131702362204725
0
LINE
8
BLACK
6
CONTINUOUS
10
5.9690459055118108
20
-3.8131702362204725
11
5.966840236220472
21
-3.8109645275590549
0
LINE
8
BLACK
6
CONTINUOUS
10
5.966840236220472
20
-3.8109645275590549
11
5.9667243307086615
21
-3.8106847637795274
0
LINE
8
BLACK
6
CONTINUOUS
10
5.9667243307086615
20
-3.8106847637795274
11
5.9664955511811026
21
-3.810486338582677
0
LINE
8
BLACK
6
CONTINUOUS
10
5.9664955511811026
20
-3.810486338582677
11
5.9642898425196851
21
-3.8060748818897636
0
LINE
8
BLACK
6
CONTINUOUS
10
5.9642898425196851
20
-3.8060748818897636
11
5.9642594881889766
21
-3.8056476771653545
0
LINE
8
BLACK
6
CONTINUOUS
10
5.9642594881889766
20
-3.8056476771653545
11
5.9640955905511808
21
-3.8052520078740155
0
LINE
8
BLACK
6
CONTINUOUS
10
5.9640955905511808
20
-3.8052520078740155
11
5.9640955905511808
21
-3.7876062992125985
0
LINE
8
BLACK
6
CONTINUOUS
10
5.9640955905511808
20
-3.7876062992125985
11
5.9646345275590553
21
-3.7863052362204725
0
LINE
8
BLACK
6
CONTINUOUS
10
5.9646345275590553
20
-3.7863052362204725
11
5.9659355905511813
21
-3.7857662992125984
0
LINE
8
BLACK
6
CONTINUOUS
10
5.9659355905511813
20
-3.7857662992125984
11
6.012255590551181
21
-3.7857662992125984
0
LINE
8
BLACK
6
CONTINUOUS
10
6.012255590551181
20
-3.7857662992125984
11
6.0135566535433069
21
-3.7863052362204725
0
LINE
8
BLACK
6
CONTINUOUS
10
5.9677755905511809
20
-3.8048176377952756
11
5.9696535039370078
21
-3.8085735039370077
0
LINE
8
BLACK
6
CONTINUOUS
10
5.9696535039370078
20
-3.8085735039370077
11
5.9714369291338585
21
-3.8103569291338584
0
LINE
8
BLACK
6
CONTINUOUS
10
5.9714369291338585
20
-3.8103569291338584
11
5.9751927952755901
21
-3.8122348818897636
0
LINE
8
BLACK
6
CONTINUOUS
10
5.9751927952755901
20
-3.8122348818897636
11
5.9809412204724408
21
-3.8122348818897636
0
LINE
8
BLACK
6
CONTINUOUS
10
5.9809412204724408
20
-3.8122348818897636
11
5.9846970866141733
21
-3.8103569291338584
0
LINE
8
BLACK
6
CONTINUOUS
10
5.9846970866141733
20
-3.8103569291338584
11
5.9864804724409444
21
-3.8085735039370077
0
LINE
8
BLACK
6
CONTINUOUS
10
5.9864804724409444
20
-3.8085735039370077
11
5.98835842519685
21
-3.8048176377952756
0
LINE
8
BLACK
6
CONTINUOUS
10
5.98835842519685
20
-3.8048176377952756
11
5.98835842519685
21
-3.7894462992125981
0
LINE
8
BLACK
6
CONTINUOUS
10
5.98835842519685
20
-3.7894462992125981
11
5.9677755905511809
21
-3.7894462992125981
0
LINE
8
BLACK
6
CONTINUOUS
10
5.9677755905511809
20
-3.7894462992125981
11
5.9677755905511809
21
-3.8048176377952756
0
CIRCLE
8
BLACK
10
5.6964999999999995
20
-3.9590000000000001
40
0.0068897637795276
0
CIRCLE
8
BLACK
10
5.5964999999999998
20
-3.9590000000000001
40
0.0068897637795276
0
CIRCLE
8
BLACK
10
5.6964999999999995
20
-3.859
40
0.0068897637795276
0
CIRCLE
8
BLACK
10
5.5964999999999998
20
-3.859
40
0.0068897637795276
0
CIRCLE
8
BLACK
10
5.6964999999999995
20
-3.7589999999999999
40
0.0068897637795276
0
CIRCLE
8
BLACK
10
5.5964999999999998
20
-3.7589999999999999
40
0.0068897637795276
0
CIRCLE
8
BLACK
10
5.5990000000000002
20
-4.4340000000000002
40
0.0068897637795276
0
CIRCLE
8
BLACK
10
5.5990000000000002
20
-4.5339999999999998
40
0.0068897637795276
0
CIRCLE
8
BLACK
10
5.6464999999999996
20
-4.734
40
0.0068897637795276
0
CIRCLE
8
BLACK
10
5.5990000000000002
20
-4.234
40
0.0068897637795276
0
CIRCLE
8
BLACK
10
5.5990000000000002
20
-4.3339999999999996
40
0.0068897637795276
0
CIRCLE
8
BLACK
10
5.6464999999999996
20
-3.5339999999999998
40
0.0068897637795276
0
CIRCLE
8
BLACK
10
6.1783503937007875
20
-4.0324251968503937
40
0.0068897637795276
0
CIRCLE
8
BLACK
10
5.7846496062992125
20
-3.9339999999999997
40
0.0068897637795276
0
CIRCLE
8
BLACK
10
6.1783503937007875
20
-3.8355748031496062
40
0.0068897637795276
0
CIRCLE
8
BLACK
10
6.0465
20
-3.5339999999999998
40
0.0068897637795276
0
CIRCLE
8
BLACK
10
6.1040000000000001
20
-4.4889999999999999
40
0.0068897637795276
0
CIRCLE
8
BLACK
10
6.0039999999999996
20
-4.4889999999999999
40
0.0068897637795276
0
CIRCLE
8
BLACK
10
6.1040000000000001
20
-4.3890000000000002
40
0.0068897637795276
0
CIRCLE
8
BLACK
10
6.0039999999999996
20
-4.3890000000000002
40
0.0068897637795276
0
CIRCLE
8
BLACK
10
6.1040000000000001
20
-4.2889999999999997
40
0.0068897637795276
0
CIRCLE
8
BLACK
10
6.0039999999999996
20
-4.2889999999999997
40
0.0068897637795276
0
CIRCLE
8
BLACK
10
6.0465
20
-4.734
40
0.0068897637795276
  0
ENDSEC
  0
EOF
