  0
SECTION
  2
HEADER
  9
$ANGBASE
  50
0.0
  9
$ANGDIR
  70
1
  9
$MEASUREMENT
  70
0
  0
ENDSEC
  0
SECTION
  2
TABLES
  0
TABLE
  2
LTYPE
  70
4
  0
LTYPE
  5
40F
  2
CONTINUOUS
  70
0
  3
Solid line
  72
65
  73
0
  40
0.0
  0
LTYPE
  5
410
  2
DASHDOT
 70
0
  3
Dash Dot ____ _ ____ _
 72
65
 73
4
 40
2.0
 49
1.25
 49
-0.25
 49
0.25
 49
-0.25
  0
LTYPE
  5
411
  2
DASHED
 70
0
  3
Dashed __ __ __ __ __
 72
65
 73
2
 40
0.75
 49
0.5
 49
-0.25
  0
LTYPE
  5
43B
  2
DOTTED
 70
0
  3
Dotted .  .  .  .
 72
65
 73
2
 40
0.2
 49
0.0
 49
-0.2
  0
ENDTAB
  0
TABLE
  2
STYLE
  70
4
  0
STYLE
  2
KICAD
  70
0
  40
0
  41
1
  42
1
  50
0
  71
0
  3
isocp.shx
  0
STYLE
  2
KICADB
  70
0
  40
0
  41
1
  42
1
  50
0
  71
0
  3
isocp.shx
  0
STYLE
  2
KICADI
  70
0
  40
0
  41
1
  42
1
  50
15
  71
0
  3
isocp.shx
  0
STYLE
  2
KICADBI
  70
0
  40
0
  41
1
  42
1
  50
15
  71
0
  3
isocp.shx
  0
ENDTAB
  0
TABLE
  2
LAYER
  70
1
  0
LAYER
  2
BLACK
  70
0
  62
7
  6
CONTINUOUS
  0
ENDTAB
  0
ENDSEC
  0
SECTION
  2
ENTITIES
0
LINE
8
BLACK
6
CONTINUOUS
10
5.7344184645669287
20
-4.5465020472440942
11
5.7348456692913388
21
-4.5465324015748028
0
LINE
8
BLACK
6
CONTINUOUS
10
5.7348456692913388
20
-4.5465324015748028
11
5.7392571259842518
21
-4.5487381102362203
0
LINE
8
BLACK
6
CONTINUOUS
10
5.7392571259842518
20
-4.5487381102362203
11
5.7396393700787396
21
-4.5491788188976381
0
LINE
8
BLACK
6
CONTINUOUS
10
5.7396393700787396
20
-4.5491788188976381
11
5.7400799999999998
21
-4.5495609842519684
0
LINE
8
BLACK
6
CONTINUOUS
10
5.7400799999999998
20
-4.5495609842519684
11
5.7422857086614174
21
-4.5539724803149602
0
LINE
8
BLACK
6
CONTINUOUS
10
5.7422857086614174
20
-4.5539724803149602
11
5.7423160236220472
21
-4.5543996062992127
0
LINE
8
BLACK
6
CONTINUOUS
10
5.7423160236220472
20
-4.5543996062992127
11
5.7424799606299208
21
-4.5547953149606295
0
LINE
8
BLACK
6
CONTINUOUS
10
5.7424799606299208
20
-4.5547953149606295
11
5.7424799606299208
21
-4.5614124409448822
0
LINE
8
BLACK
6
CONTINUOUS
10
5.7424799606299208
20
-4.5614124409448822
11
5.7423160236220472
21
-4.5618081102362202
0
LINE
8
BLACK
6
CONTINUOUS
10
5.7423160236220472
20
-4.5618081102362202
11
5.7422857086614174
21
-4.5622353149606294
0
LINE
8
BLACK
6
CONTINUOUS
10
5.7422857086614174
20
-4.5622353149606294
11
5.7403085826771649
21
-4.5661896062992122
0
LINE
8
BLACK
6
CONTINUOUS
10
5.7403085826771649
20
-4.5661896062992122
11
5.7406399606299212
21
-4.5661896062992122
0
LINE
8
BLACK
6
CONTINUOUS
10
5.7406399606299212
20
-4.5661896062992122
11
5.7419410236220472
21
-4.5667285433070868
0
LINE
8
BLACK
6
CONTINUOUS
10
5.7419410236220472
20
-4.5667285433070868
11
5.7424799606299208
21
-4.5680296062992127
0
LINE
8
BLACK
6
CONTINUOUS
10
5.7424799606299208
20
-4.5680296062992127
11
5.7419410236220472
21
-4.5693306692913387
0
LINE
8
BLACK
6
CONTINUOUS
10
5.7419410236220472
20
-4.5693306692913387
11
5.7406399606299212
21
-4.5698696062992124
0
LINE
8
BLACK
6
CONTINUOUS
10
5.7406399606299212
20
-4.5698696062992124
11
5.7362285039370073
21
-4.5698696062992124
0
LINE
8
BLACK
6
CONTINUOUS
10
5.7362285039370073
20
-4.5698696062992124
11
5.7097599606299214
21
-4.5698696062992124
0
LINE
8
BLACK
6
CONTINUOUS
10
5.7097599606299214
20
-4.5698696062992124
11
5.7084588976377955
21
-4.5693306692913387
0
LINE
8
BLACK
6
CONTINUOUS
10
5.7084588976377955
20
-4.5693306692913387
11
5.7079199606299209
21
-4.5680296062992127
0
LINE
8
BLACK
6
CONTINUOUS
10
5.7079199606299209
20
-4.5680296062992127
11
5.7084588976377955
21
-4.5667285433070868
0
LINE
8
BLACK
6
CONTINUOUS
10
5.7084588976377955
20
-4.5667285433070868
11
5.7097599606299214
21
-4.5661896062992122
0
LINE
8
BLACK
6
CONTINUOUS
10
5.7097599606299214
20
-4.5661896062992122
11
5.7354663779527559
21
-4.5661896062992122
0
LINE
8
BLACK
6
CONTINUOUS
10
5.7354663779527559
20
-4.5661896062992122
11
5.736922007874016
21
-4.5647338976377956
0
LINE
8
BLACK
6
CONTINUOUS
10
5.736922007874016
20
-4.5647338976377956
11
5.7387999606299207
21
-4.5609780708661418
0
LINE
8
BLACK
6
CONTINUOUS
10
5.7387999606299207
20
-4.5609780708661418
11
5.7387999606299207
21
-4.5552296456692911
0
LINE
8
BLACK
6
CONTINUOUS
10
5.7387999606299207
20
-4.5552296456692911
11
5.7370627559055114
21
-4.5517552755905513
0
LINE
8
BLACK
6
CONTINUOUS
10
5.7370627559055114
20
-4.5517552755905513
11
5.7335884251968503
21
-4.5500181496062995
0
LINE
8
BLACK
6
CONTINUOUS
10
5.7335884251968503
20
-4.5500181496062995
11
5.7097599606299214
21
-4.5500181496062995
0
LINE
8
BLACK
6
CONTINUOUS
10
5.7097599606299214
20
-4.5500181496062995
11
5.7084588976377955
21
-4.5494792125984249
0
LINE
8
BLACK
6
CONTINUOUS
10
5.7084588976377955
20
-4.5494792125984249
11
5.7079199606299209
21
-4.548178149606299
0
LINE
8
BLACK
6
CONTINUOUS
10
5.7079199606299209
20
-4.548178149606299
11
5.7084588976377955
21
-4.546877086614173
0
LINE
8
BLACK
6
CONTINUOUS
10
5.7084588976377955
20
-4.546877086614173
11
5.7097599606299214
21
-4.5463381496062993
0
LINE
8
BLACK
6
CONTINUOUS
10
5.7097599606299214
20
-4.5463381496062993
11
5.7340227952755907
21
-4.5463381496062993
0
LINE
8
BLACK
6
CONTINUOUS
10
5.7340227952755907
20
-4.5463381496062993
11
5.7344184645669287
21
-4.5465020472440942
0
LINE
8
BLACK
6
CONTINUOUS
10
5.8094184645669289
20
-4.5465020472440942
11
5.8098456692913381
21
-4.5465324015748028
0
LINE
8
BLACK
6
CONTINUOUS
10
5.8098456692913381
20
-4.5465324015748028
11
5.8142571259842519
21
-4.5487381102362203
0
LINE
8
BLACK
6
CONTINUOUS
10
5.8142571259842519
20
-4.5487381102362203
11
5.8146393700787398
21
-4.5491788188976381
0
LINE
8
BLACK
6
CONTINUOUS
10
5.8146393700787398
20
-4.5491788188976381
11
5.81508
21
-4.5495609842519684
0
LINE
8
BLACK
6
CONTINUOUS
10
5.81508
20
-4.5495609842519684
11
5.8172857086614176
21
-4.5539724803149602
0
LINE
8
BLACK
6
CONTINUOUS
10
5.8172857086614176
20
-4.5539724803149602
11
5.8173160236220474
21
-4.5543996062992127
0
LINE
8
BLACK
6
CONTINUOUS
10
5.8173160236220474
20
-4.5543996062992127
11
5.817479960629921
21
-4.5547953149606295
0
LINE
8
BLACK
6
CONTINUOUS
10
5.817479960629921
20
-4.5547953149606295
11
5.817479960629921
21
-4.5614124409448822
0
LINE
8
BLACK
6
CONTINUOUS
10
5.817479960629921
20
-4.5614124409448822
11
5.8173160236220474
21
-4.5618081102362202
0
LINE
8
BLACK
6
CONTINUOUS
10
5.8173160236220474
20
-4.5618081102362202
11
5.8172857086614176
21
-4.5622353149606294
0
LINE
8
BLACK
6
CONTINUOUS
10
5.8172857086614176
20
-4.5622353149606294
11
5.8153085826771651
21
-4.5661896062992122
0
LINE
8
BLACK
6
CONTINUOUS
10
5.8153085826771651
20
-4.5661896062992122
11
5.8156399606299214
21
-4.5661896062992122
0
LINE
8
BLACK
6
CONTINUOUS
10
5.8156399606299214
20
-4.5661896062992122
11
5.8169410236220473
21
-4.5667285433070868
0
LINE
8
BLACK
6
CONTINUOUS
10
5.8169410236220473
20
-4.5667285433070868
11
5.817479960629921
21
-4.5680296062992127
0
LINE
8
BLACK
6
CONTINUOUS
10
5.817479960629921
20
-4.5680296062992127
11
5.8169410236220473
21
-4.5693306692913387
0
LINE
8
BLACK
6
CONTINUOUS
10
5.8169410236220473
20
-4.5693306692913387
11
5.8156399606299214
21
-4.5698696062992124
0
LINE
8
BLACK
6
CONTINUOUS
10
5.8156399606299214
20
-4.5698696062992124
11
5.8112285039370075
21
-4.5698696062992124
0
LINE
8
BLACK
6
CONTINUOUS
10
5.8112285039370075
20
-4.5698696062992124
11
5.7847599606299207
21
-4.5698696062992124
0
LINE
8
BLACK
6
CONTINUOUS
10
5.7847599606299207
20
-4.5698696062992124
11
5.7834588976377947
21
-4.5693306692913387
0
LINE
8
BLACK
6
CONTINUOUS
10
5.7834588976377947
20
-4.5693306692913387
11
5.7829199606299211
21
-4.5680296062992127
0
LINE
8
BLACK
6
CONTINUOUS
10
5.7829199606299211
20
-4.5680296062992127
11
5.7834588976377947
21
-4.5667285433070868
0
LINE
8
BLACK
6
CONTINUOUS
10
5.7834588976377947
20
-4.5667285433070868
11
5.7847599606299207
21
-4.5661896062992122
0
LINE
8
BLACK
6
CONTINUOUS
10
5.7847599606299207
20
-4.5661896062992122
11
5.8104663779527561
21
-4.5661896062992122
0
LINE
8
BLACK
6
CONTINUOUS
10
5.8104663779527561
20
-4.5661896062992122
11
5.8119220078740153
21
-4.5647338976377956
0
LINE
8
BLACK
6
CONTINUOUS
10
5.8119220078740153
20
-4.5647338976377956
11
5.8137999606299209
21
-4.5609780708661418
0
LINE
8
BLACK
6
CONTINUOUS
10
5.8137999606299209
20
-4.5609780708661418
11
5.8137999606299209
21
-4.5552296456692911
0
LINE
8
BLACK
6
CONTINUOUS
10
5.8137999606299209
20
-4.5552296456692911
11
5.8120627559055116
21
-4.5517552755905513
0
LINE
8
BLACK
6
CONTINUOUS
10
5.8120627559055116
20
-4.5517552755905513
11
5.8085884251968505
21
-4.5500181496062995
0
LINE
8
BLACK
6
CONTINUOUS
10
5.8085884251968505
20
-4.5500181496062995
11
5.7847599606299207
21
-4.5500181496062995
0
LINE
8
BLACK
6
CONTINUOUS
10
5.7847599606299207
20
-4.5500181496062995
11
5.7834588976377947
21
-4.5494792125984249
0
LINE
8
BLACK
6
CONTINUOUS
10
5.7834588976377947
20
-4.5494792125984249
11
5.7829199606299211
21
-4.548178149606299
0
LINE
8
BLACK
6
CONTINUOUS
10
5.7829199606299211
20
-4.548178149606299
11
5.7834588976377947
21
-4.546877086614173
0
LINE
8
BLACK
6
CONTINUOUS
10
5.7834588976377947
20
-4.546877086614173
11
5.7847599606299207
21
-4.5463381496062993
0
LINE
8
BLACK
6
CONTINUOUS
10
5.7847599606299207
20
-4.5463381496062993
11
5.8090227952755908
21
-4.5463381496062993
0
LINE
8
BLACK
6
CONTINUOUS
10
5.8090227952755908
20
-4.5463381496062993
11
5.8094184645669289
21
-4.5465020472440942
0
LINE
8
BLACK
6
CONTINUOUS
10
5.6544184645669286
20
-4.5190020472440944
11
5.6548456692913387
21
-4.5190324015748029
0
LINE
8
BLACK
6
CONTINUOUS
10
5.6548456692913387
20
-4.5190324015748029
11
5.6592571259842517
21
-4.5212381102362205
0
LINE
8
BLACK
6
CONTINUOUS
10
5.6592571259842517
20
-4.5212381102362205
11
5.6596393700787404
21
-4.5216788188976373
0
LINE
8
BLACK
6
CONTINUOUS
10
5.6596393700787404
20
-4.5216788188976373
11
5.6600799999999998
21
-4.5220609842519686
0
LINE
8
BLACK
6
CONTINUOUS
10
5.6600799999999998
20
-4.5220609842519686
11
5.6622857086614173
21
-4.5264724803149603
0
LINE
8
BLACK
6
CONTINUOUS
10
5.6622857086614173
20
-4.5264724803149603
11
5.6623160236220471
21
-4.5268996062992128
0
LINE
8
BLACK
6
CONTINUOUS
10
5.6623160236220471
20
-4.5268996062992128
11
5.6624799606299208
21
-4.5272953149606296
0
LINE
8
BLACK
6
CONTINUOUS
10
5.6624799606299208
20
-4.5272953149606296
11
5.6624799606299208
21
-4.5339124409448814
0
LINE
8
BLACK
6
CONTINUOUS
10
5.6624799606299208
20
-4.5339124409448814
11
5.6623160236220471
21
-4.5343081102362204
0
LINE
8
BLACK
6
CONTINUOUS
10
5.6623160236220471
20
-4.5343081102362204
11
5.6622857086614173
21
-4.5347353149606295
0
LINE
8
BLACK
6
CONTINUOUS
10
5.6622857086614173
20
-4.5347353149606295
11
5.6603085826771649
21
-4.5386896062992124
0
LINE
8
BLACK
6
CONTINUOUS
10
5.6603085826771649
20
-4.5386896062992124
11
5.6606399606299211
21
-4.5386896062992124
0
LINE
8
BLACK
6
CONTINUOUS
10
5.6606399606299211
20
-4.5386896062992124
11
5.6619410236220471
21
-4.5392285433070869
0
LINE
8
BLACK
6
CONTINUOUS
10
5.6619410236220471
20
-4.5392285433070869
11
5.6624799606299208
21
-4.5405296062992129
0
LINE
8
BLACK
6
CONTINUOUS
10
5.6624799606299208
20
-4.5405296062992129
11
5.6619410236220471
21
-4.5418306692913388
0
LINE
8
BLACK
6
CONTINUOUS
10
5.6619410236220471
20
-4.5418306692913388
11
5.6606399606299211
21
-4.5423696062992125
0
LINE
8
BLACK
6
CONTINUOUS
10
5.6606399606299211
20
-4.5423696062992125
11
5.6562285039370082
21
-4.5423696062992125
0
LINE
8
BLACK
6
CONTINUOUS
10
5.6562285039370082
20
-4.5423696062992125
11
5.6297599606299213
21
-4.5423696062992125
0
LINE
8
BLACK
6
CONTINUOUS
10
5.6297599606299213
20
-4.5423696062992125
11
5.6284588976377954
21
-4.5418306692913388
0
LINE
8
BLACK
6
CONTINUOUS
10
5.6284588976377954
20
-4.5418306692913388
11
5.6279199606299208
21
-4.5405296062992129
0
LINE
8
BLACK
6
CONTINUOUS
10
5.6279199606299208
20
-4.5405296062992129
11
5.6284588976377954
21
-4.5392285433070869
0
LINE
8
BLACK
6
CONTINUOUS
10
5.6284588976377954
20
-4.5392285433070869
11
5.6297599606299213
21
-4.5386896062992124
0
LINE
8
BLACK
6
CONTINUOUS
10
5.6297599606299213
20
-4.5386896062992124
11
5.6554663779527559
21
-4.5386896062992124
0
LINE
8
BLACK
6
CONTINUOUS
10
5.6554663779527559
20
-4.5386896062992124
11
5.6569220078740159
21
-4.5372338976377948
0
LINE
8
BLACK
6
CONTINUOUS
10
5.6569220078740159
20
-4.5372338976377948
11
5.6587999606299215
21
-4.533478070866142
0
LINE
8
BLACK
6
CONTINUOUS
10
5.6587999606299215
20
-4.533478070866142
11
5.6587999606299215
21
-4.5277296456692913
0
LINE
8
BLACK
6
CONTINUOUS
10
5.6587999606299215
20
-4.5277296456692913
11
5.6570627559055113
21
-4.5242552755905514
0
LINE
8
BLACK
6
CONTINUOUS
10
5.6570627559055113
20
-4.5242552755905514
11
5.6535884251968502
21
-4.5225181496062987
0
LINE
8
BLACK
6
CONTINUOUS
10
5.6535884251968502
20
-4.5225181496062987
11
5.6297599606299213
21
-4.5225181496062987
0
LINE
8
BLACK
6
CONTINUOUS
10
5.6297599606299213
20
-4.5225181496062987
11
5.6284588976377954
21
-4.5219792125984251
0
LINE
8
BLACK
6
CONTINUOUS
10
5.6284588976377954
20
-4.5219792125984251
11
5.6279199606299208
21
-4.5206781496062991
0
LINE
8
BLACK
6
CONTINUOUS
10
5.6279199606299208
20
-4.5206781496062991
11
5.6284588976377954
21
-4.5193770866141731
0
LINE
8
BLACK
6
CONTINUOUS
10
5.6284588976377954
20
-4.5193770866141731
11
5.6297599606299213
21
-4.5188381496062995
0
LINE
8
BLACK
6
CONTINUOUS
10
5.6297599606299213
20
-4.5188381496062995
11
5.6540227952755906
21
-4.5188381496062995
0
LINE
8
BLACK
6
CONTINUOUS
10
5.6540227952755906
20
-4.5188381496062995
11
5.6544184645669286
21
-4.5190020472440944
0
LINE
8
BLACK
6
CONTINUOUS
10
5.736097204724409
20
-4.4894999999999996
11
5.7519999999999998
21
-4.4894999999999996
0
LINE
8
BLACK
6
CONTINUOUS
10
5.7519999999999998
20
-4.4894999999999996
11
5.7519999999999998
21
-4.5235000000000003
0
LINE
8
BLACK
6
CONTINUOUS
10
5.7519999999999998
20
-4.5235000000000003
11
5.7392459842519683
21
-4.5235000000000003
0
LINE
8
BLACK
6
CONTINUOUS
10
5.7392459842519683
20
-4.5235000000000003
11
5.7375295669291333
21
-4.5252163779527557
0
LINE
8
BLACK
6
CONTINUOUS
10
5.7375295669291333
20
-4.5252163779527557
11
5.7372498031496058
21
-4.5253322440944883
0
LINE
8
BLACK
6
CONTINUOUS
10
5.7372498031496058
20
-4.5253322440944883
11
5.7370513779527554
21
-4.5255610629921259
0
LINE
8
BLACK
6
CONTINUOUS
10
5.7370513779527554
20
-4.5255610629921259
11
5.7326399606299212
21
-4.5277667716535435
0
LINE
8
BLACK
6
CONTINUOUS
10
5.7326399606299212
20
-4.5277667716535435
11
5.7324313779527554
21
-4.5277815748031491
0
LINE
8
BLACK
6
CONTINUOUS
10
5.7324313779527554
20
-4.5277815748031491
11
5.7322633464566932
21
-4.5279061023622047
0
LINE
8
BLACK
6
CONTINUOUS
10
5.7322633464566932
20
-4.5279061023622047
11
5.7234405118110239
21
-4.5301118110236223
0
LINE
8
BLACK
6
CONTINUOUS
10
5.7234405118110239
20
-4.5301118110236223
11
5.7232097244094486
21
-4.5300774409448819
0
LINE
8
BLACK
6
CONTINUOUS
10
5.7232097244094486
20
-4.5300774409448819
11
5.7229942519685038
21
-4.5301667322834644
0
LINE
8
BLACK
6
CONTINUOUS
10
5.7229942519685038
20
-4.5301667322834644
11
5.7119656692913381
21
-4.5301667322834644
0
LINE
8
BLACK
6
CONTINUOUS
10
5.7119656692913381
20
-4.5301667322834644
11
5.7117501574803144
21
-4.5300774409448819
0
LINE
8
BLACK
6
CONTINUOUS
10
5.7117501574803144
20
-4.5300774409448819
11
5.7115194094488189
21
-4.5301118110236223
0
LINE
8
BLACK
6
CONTINUOUS
10
5.7115194094488189
20
-4.5301118110236223
11
5.7026965354330708
21
-4.5279061023622047
0
LINE
8
BLACK
6
CONTINUOUS
10
5.7026965354330708
20
-4.5279061023622047
11
5.702528464566929
21
-4.5277815748031491
0
LINE
8
BLACK
6
CONTINUOUS
10
5.702528464566929
20
-4.5277815748031491
11
5.7023199212598428
21
-4.5277667716535435
0
LINE
8
BLACK
6
CONTINUOUS
10
5.7023199212598428
20
-4.5277667716535435
11
5.6979085039370077
21
-4.5255610629921259
0
LINE
8
BLACK
6
CONTINUOUS
10
5.6979085039370077
20
-4.5255610629921259
11
5.6977100787401573
21
-4.5253322440944883
0
LINE
8
BLACK
6
CONTINUOUS
10
5.6977100787401573
20
-4.5253322440944883
11
5.697430275590551
21
-4.5252163779527557
0
LINE
8
BLACK
6
CONTINUOUS
10
5.697430275590551
20
-4.5252163779527557
11
5.6957139370078735
21
-4.5235000000000003
0
LINE
8
BLACK
6
CONTINUOUS
10
5.6957139370078735
20
-4.5235000000000003
11
5.6859999999999999
21
-4.5235000000000003
0
LINE
8
BLACK
6
CONTINUOUS
10
5.6859999999999999
20
-4.5235000000000003
11
5.6859999999999999
21
-4.4894999999999996
0
LINE
8
BLACK
6
CONTINUOUS
10
5.6859999999999999
20
-4.4894999999999996
11
5.7019488582677162
21
-4.4894999999999996
0
LINE
8
BLACK
6
CONTINUOUS
10
5.7019488582677162
20
-4.4894999999999996
11
5.7019921259842521
21
-4.4894842519685039
0
LINE
8
BLACK
6
CONTINUOUS
10
5.7019921259842521
20
-4.4894842519685039
11
5.7360078740157476
21
-4.4894842519685039
0
LINE
8
BLACK
6
CONTINUOUS
10
5.7360078740157476
20
-4.4894842519685039
11
5.736097204724409
21
-4.4894999999999996
0
LINE
8
BLACK
6
CONTINUOUS
10
5.7020466535433068
20
-4.523515748031496
11
5.7037849212598424
21
-4.5243848818897634
0
LINE
8
BLACK
6
CONTINUOUS
10
5.7037849212598424
20
-4.5243848818897634
11
5.7121922440944877
21
-4.5264867322834643
0
LINE
8
BLACK
6
CONTINUOUS
10
5.7121922440944877
20
-4.5264867322834643
11
5.7227676771653542
21
-4.5264867322834643
0
LINE
8
BLACK
6
CONTINUOUS
10
5.7227676771653542
20
-4.5264867322834643
11
5.731174921259842
21
-4.5243849212598422
0
LINE
8
BLACK
6
CONTINUOUS
10
5.731174921259842
20
-4.5243849212598422
11
5.7329132677165351
21
-4.523515748031496
0
LINE
8
BLACK
6
CONTINUOUS
10
5.7329132677165351
20
-4.523515748031496
11
5.7020466535433068
21
-4.523515748031496
0
LINE
8
BLACK
6
CONTINUOUS
10
5.7037849212598424
20
-4.5057999606299211
11
5.702
21
-4.5066924015748029
0
LINE
8
BLACK
6
CONTINUOUS
10
5.702
20
-4.5066924015748029
11
5.702
21
-4.5175157480314958
0
LINE
8
BLACK
6
CONTINUOUS
10
5.702
20
-4.5175157480314958
11
5.7359999999999998
21
-4.5175157480314958
0
LINE
8
BLACK
6
CONTINUOUS
10
5.7359999999999998
20
-4.5175157480314958
11
5.7359999999999998
21
-4.5086431889763778
0
LINE
8
BLACK
6
CONTINUOUS
10
5.7359999999999998
20
-4.5086431889763778
11
5.7351385826771653
21
-4.5077817716535433
0
LINE
8
BLACK
6
CONTINUOUS
10
5.7351385826771653
20
-4.5077817716535433
11
5.731174921259842
21
-4.5057999606299211
0
LINE
8
BLACK
6
CONTINUOUS
10
5.731174921259842
20
-4.5057999606299211
11
5.7227676771653542
21
-4.5036981496062989
0
LINE
8
BLACK
6
CONTINUOUS
10
5.7227676771653542
20
-4.5036981496062989
11
5.7121922440944877
21
-4.5036981496062989
0
LINE
8
BLACK
6
CONTINUOUS
10
5.7121922440944877
20
-4.5036981496062989
11
5.7037849212598424
21
-4.5057999606299211
0
LINE
8
BLACK
6
CONTINUOUS
10
5.702
20
-4.4954842519685041
11
5.702
21
-4.502578070866142
0
LINE
8
BLACK
6
CONTINUOUS
10
5.702
20
-4.502578070866142
11
5.7023199212598428
21
-4.5024181102362206
0
LINE
8
BLACK
6
CONTINUOUS
10
5.7023199212598428
20
-4.5024181102362206
11
5.702528464566929
21
-4.5024032677165353
0
LINE
8
BLACK
6
CONTINUOUS
10
5.702528464566929
20
-4.5024032677165353
11
5.7026965354330708
21
-4.5022787795275594
0
LINE
8
BLACK
6
CONTINUOUS
10
5.7026965354330708
20
-4.5022787795275594
11
5.7115194094488189
21
-4.5000730708661418
0
LINE
8
BLACK
6
CONTINUOUS
10
5.7115194094488189
20
-4.5000730708661418
11
5.7117501574803144
21
-4.5001074015748035
0
LINE
8
BLACK
6
CONTINUOUS
10
5.7117501574803144
20
-4.5001074015748035
11
5.7119656692913381
21
-4.5000181496062988
0
LINE
8
BLACK
6
CONTINUOUS
10
5.7119656692913381
20
-4.5000181496062988
11
5.7229942519685038
21
-4.5000181496062988
0
LINE
8
BLACK
6
CONTINUOUS
10
5.7229942519685038
20
-4.5000181496062988
11
5.7232097244094486
21
-4.5001074015748035
0
LINE
8
BLACK
6
CONTINUOUS
10
5.7232097244094486
20
-4.5001074015748035
11
5.7234405118110239
21
-4.5000730708661418
0
LINE
8
BLACK
6
CONTINUOUS
10
5.7234405118110239
20
-4.5000730708661418
11
5.7322633464566932
21
-4.5022787795275594
0
LINE
8
BLACK
6
CONTINUOUS
10
5.7322633464566932
20
-4.5022787795275594
11
5.7324313779527554
21
-4.5024032677165353
0
LINE
8
BLACK
6
CONTINUOUS
10
5.7324313779527554
20
-4.5024032677165353
11
5.7326399606299212
21
-4.5024181102362206
0
LINE
8
BLACK
6
CONTINUOUS
10
5.7326399606299212
20
-4.5024181102362206
11
5.7359999999999998
21
-4.5040981102362201
0
LINE
8
BLACK
6
CONTINUOUS
10
5.7359999999999998
20
-4.5040981102362201
11
5.7359999999999998
21
-4.4954842519685041
0
LINE
8
BLACK
6
CONTINUOUS
10
5.7359999999999998
20
-4.4954842519685041
11
5.702
21
-4.4954842519685041
0
LINE
8
BLACK
6
CONTINUOUS
10
5.7982097244094488
20
-4.5001074015748035
11
5.7984405118110232
21
-4.5000730708661418
0
LINE
8
BLACK
6
CONTINUOUS
10
5.7984405118110232
20
-4.5000730708661418
11
5.8072633464566925
21
-4.5022787795275594
0
LINE
8
BLACK
6
CONTINUOUS
10
5.8072633464566925
20
-4.5022787795275594
11
5.8074313779527555
21
-4.5024032677165353
0
LINE
8
BLACK
6
CONTINUOUS
10
5.8074313779527555
20
-4.5024032677165353
11
5.8076399606299214
21
-4.5024181102362206
0
LINE
8
BLACK
6
CONTINUOUS
10
5.8076399606299214
20
-4.5024181102362206
11
5.8120513779527556
21
-4.5046238188976373
0
LINE
8
BLACK
6
CONTINUOUS
10
5.8120513779527556
20
-4.5046238188976373
11
5.8122498031496059
21
-4.504852598425197
0
LINE
8
BLACK
6
CONTINUOUS
10
5.8122498031496059
20
-4.504852598425197
11
5.8125295669291335
21
-4.5049685039370075
0
LINE
8
BLACK
6
CONTINUOUS
10
5.8125295669291335
20
-4.5049685039370075
11
5.8147353543307085
21
-4.5071742519685039
0
LINE
8
BLACK
6
CONTINUOUS
10
5.8147353543307085
20
-4.5071742519685039
11
5.8148512204724412
21
-4.5074540157480314
0
LINE
8
BLACK
6
CONTINUOUS
10
5.8148512204724412
20
-4.5074540157480314
11
5.81508
21
-4.5076524409448817
0
LINE
8
BLACK
6
CONTINUOUS
10
5.81508
20
-4.5076524409448817
11
5.8172857086614176
21
-4.5120638582677168
0
LINE
8
BLACK
6
CONTINUOUS
10
5.8172857086614176
20
-4.5120638582677168
11
5.8173160236220474
21
-4.5124910236220472
0
LINE
8
BLACK
6
CONTINUOUS
10
5.8173160236220474
20
-4.5124910236220472
11
5.817479960629921
21
-4.512886732283464
0
LINE
8
BLACK
6
CONTINUOUS
10
5.817479960629921
20
-4.512886732283464
11
5.817479960629921
21
-4.5172981496062992
0
LINE
8
BLACK
6
CONTINUOUS
10
5.817479960629921
20
-4.5172981496062992
11
5.8173160236220474
21
-4.5176938188976381
0
LINE
8
BLACK
6
CONTINUOUS
10
5.8173160236220474
20
-4.5176938188976381
11
5.8172857086614176
21
-4.5181210236220473
0
LINE
8
BLACK
6
CONTINUOUS
10
5.8172857086614176
20
-4.5181210236220473
11
5.81508
21
-4.5225324409448815
0
LINE
8
BLACK
6
CONTINUOUS
10
5.81508
20
-4.5225324409448815
11
5.8148512204724412
21
-4.5227308267716531
0
LINE
8
BLACK
6
CONTINUOUS
10
5.8148512204724412
20
-4.5227308267716531
11
5.8147353543307085
21
-4.5230106299212594
0
LINE
8
BLACK
6
CONTINUOUS
10
5.8147353543307085
20
-4.5230106299212594
11
5.8125295669291335
21
-4.5252163779527557
0
LINE
8
BLACK
6
CONTINUOUS
10
5.8125295669291335
20
-4.5252163779527557
11
5.8122498031496059
21
-4.5253322440944883
0
LINE
8
BLACK
6
CONTINUOUS
10
5.8122498031496059
20
-4.5253322440944883
11
5.8120513779527556
21
-4.5255610629921259
0
LINE
8
BLACK
6
CONTINUOUS
10
5.8120513779527556
20
-4.5255610629921259
11
5.8076399606299214
21
-4.5277667716535435
0
LINE
8
BLACK
6
CONTINUOUS
10
5.8076399606299214
20
-4.5277667716535435
11
5.8074313779527555
21
-4.5277815748031491
0
LINE
8
BLACK
6
CONTINUOUS
10
5.8074313779527555
20
-4.5277815748031491
11
5.8072633464566925
21
-4.5279061023622047
0
LINE
8
BLACK
6
CONTINUOUS
10
5.8072633464566925
20
-4.5279061023622047
11
5.7984405118110232
21
-4.5301118110236223
0
LINE
8
BLACK
6
CONTINUOUS
10
5.7984405118110232
20
-4.5301118110236223
11
5.7982097244094488
21
-4.5300774409448819
0
LINE
8
BLACK
6
CONTINUOUS
10
5.7982097244094488
20
-4.5300774409448819
11
5.7979942519685039
21
-4.5301667322834644
0
LINE
8
BLACK
6
CONTINUOUS
10
5.7979942519685039
20
-4.5301667322834644
11
5.7869656692913383
21
-4.5301667322834644
0
LINE
8
BLACK
6
CONTINUOUS
10
5.7869656692913383
20
-4.5301667322834644
11
5.7867501574803146
21
-4.5300774409448819
0
LINE
8
BLACK
6
CONTINUOUS
10
5.7867501574803146
20
-4.5300774409448819
11
5.786519409448819
21
-4.5301118110236223
0
LINE
8
BLACK
6
CONTINUOUS
10
5.786519409448819
20
-4.5301118110236223
11
5.7776965354330709
21
-4.5279061023622047
0
LINE
8
BLACK
6
CONTINUOUS
10
5.7776965354330709
20
-4.5279061023622047
11
5.7775284645669291
21
-4.5277815748031491
0
LINE
8
BLACK
6
CONTINUOUS
10
5.7775284645669291
20
-4.5277815748031491
11
5.7773199212598421
21
-4.5277667716535435
0
LINE
8
BLACK
6
CONTINUOUS
10
5.7773199212598421
20
-4.5277667716535435
11
5.7729085039370078
21
-4.5255610629921259
0
LINE
8
BLACK
6
CONTINUOUS
10
5.7729085039370078
20
-4.5255610629921259
11
5.7727100787401575
21
-4.5253322440944883
0
LINE
8
BLACK
6
CONTINUOUS
10
5.7727100787401575
20
-4.5253322440944883
11
5.7724302755905512
21
-4.5252163779527557
0
LINE
8
BLACK
6
CONTINUOUS
10
5.7724302755905512
20
-4.5252163779527557
11
5.7702245669291337
21
-4.5230106299212594
0
LINE
8
BLACK
6
CONTINUOUS
10
5.7702245669291337
20
-4.5230106299212594
11
5.7701086614173223
21
-4.5227308267716531
0
LINE
8
BLACK
6
CONTINUOUS
10
5.7701086614173223
20
-4.5227308267716531
11
5.7698799212598422
21
-4.5225324409448815
0
LINE
8
BLACK
6
CONTINUOUS
10
5.7698799212598422
20
-4.5225324409448815
11
5.7676742125984255
21
-4.5181210236220473
0
LINE
8
BLACK
6
CONTINUOUS
10
5.7676742125984255
20
-4.5181210236220473
11
5.7676438582677161
21
-4.5176938188976381
0
LINE
8
BLACK
6
CONTINUOUS
10
5.7676438582677161
20
-4.5176938188976381
11
5.7674799606299212
21
-4.5172981496062992
0
LINE
8
BLACK
6
CONTINUOUS
10
5.7674799606299212
20
-4.5172981496062992
11
5.7674799606299212
21
-4.512886732283464
0
LINE
8
BLACK
6
CONTINUOUS
10
5.7674799606299212
20
-4.512886732283464
11
5.7676438582677161
21
-4.5124910236220472
0
LINE
8
BLACK
6
CONTINUOUS
10
5.7676438582677161
20
-4.5124910236220472
11
5.7676742125984255
21
-4.5120638582677168
0
LINE
8
BLACK
6
CONTINUOUS
10
5.7676742125984255
20
-4.5120638582677168
11
5.7698799212598422
21
-4.5076524409448817
0
LINE
8
BLACK
6
CONTINUOUS
10
5.7698799212598422
20
-4.5076524409448817
11
5.7701086614173223
21
-4.5074540157480314
0
LINE
8
BLACK
6
CONTINUOUS
10
5.7701086614173223
20
-4.5074540157480314
11
5.7702245669291337
21
-4.5071742519685039
0
LINE
8
BLACK
6
CONTINUOUS
10
5.7702245669291337
20
-4.5071742519685039
11
5.7724302755905512
21
-4.5049685039370075
0
LINE
8
BLACK
6
CONTINUOUS
10
5.7724302755905512
20
-4.5049685039370075
11
5.7727100787401575
21
-4.504852598425197
0
LINE
8
BLACK
6
CONTINUOUS
10
5.7727100787401575
20
-4.504852598425197
11
5.7729085039370078
21
-4.5046238188976373
0
LINE
8
BLACK
6
CONTINUOUS
10
5.7729085039370078
20
-4.5046238188976373
11
5.7773199212598421
21
-4.5024181102362206
0
LINE
8
BLACK
6
CONTINUOUS
10
5.7773199212598421
20
-4.5024181102362206
11
5.7775284645669291
21
-4.5024032677165353
0
LINE
8
BLACK
6
CONTINUOUS
10
5.7775284645669291
20
-4.5024032677165353
11
5.7776965354330709
21
-4.5022787795275594
0
LINE
8
BLACK
6
CONTINUOUS
10
5.7776965354330709
20
-4.5022787795275594
11
5.786519409448819
21
-4.5000730708661418
0
LINE
8
BLACK
6
CONTINUOUS
10
5.786519409448819
20
-4.5000730708661418
11
5.7867501574803146
21
-4.5001074015748035
0
LINE
8
BLACK
6
CONTINUOUS
10
5.7867501574803146
20
-4.5001074015748035
11
5.7869656692913383
21
-4.5000181496062988
0
LINE
8
BLACK
6
CONTINUOUS
10
5.7869656692913383
20
-4.5000181496062988
11
5.7979942519685039
21
-4.5000181496062988
0
LINE
8
BLACK
6
CONTINUOUS
10
5.7979942519685039
20
-4.5000181496062988
11
5.7982097244094488
21
-4.5001074015748035
0
LINE
8
BLACK
6
CONTINUOUS
10
5.7787849212598426
20
-4.5057999606299211
11
5.7748213385826768
21
-4.5077817322834646
0
LINE
8
BLACK
6
CONTINUOUS
10
5.7748213385826768
20
-4.5077817322834646
11
5.7730378740157482
21
-4.5095652362204719
0
LINE
8
BLACK
6
CONTINUOUS
10
5.7730378740157482
20
-4.5095652362204719
11
5.7711599606299213
21
-4.5133211023622044
0
LINE
8
BLACK
6
CONTINUOUS
10
5.7711599606299213
20
-4.5133211023622044
11
5.7711599606299213
21
-4.5168637795275588
0
LINE
8
BLACK
6
CONTINUOUS
10
5.7711599606299213
20
-4.5168637795275588
11
5.7730378740157482
21
-4.5206196062992126
0
LINE
8
BLACK
6
CONTINUOUS
10
5.7730378740157482
20
-4.5206196062992126
11
5.7748213385826768
21
-4.5224031102362208
0
LINE
8
BLACK
6
CONTINUOUS
10
5.7748213385826768
20
-4.5224031102362208
11
5.7787849212598426
21
-4.5243848818897634
0
LINE
8
BLACK
6
CONTINUOUS
10
5.7787849212598426
20
-4.5243848818897634
11
5.7871922440944878
21
-4.5264867322834643
0
LINE
8
BLACK
6
CONTINUOUS
10
5.7871922440944878
20
-4.5264867322834643
11
5.7977676771653543
21
-4.5264867322834643
0
LINE
8
BLACK
6
CONTINUOUS
10
5.7977676771653543
20
-4.5264867322834643
11
5.8061749212598421
21
-4.5243849212598422
0
LINE
8
BLACK
6
CONTINUOUS
10
5.8061749212598421
20
-4.5243849212598422
11
5.8101385826771654
21
-4.522403070866142
0
LINE
8
BLACK
6
CONTINUOUS
10
5.8101385826771654
20
-4.522403070866142
11
5.8119220078740153
21
-4.5206196062992126
0
LINE
8
BLACK
6
CONTINUOUS
10
5.8119220078740153
20
-4.5206196062992126
11
5.8137999606299209
21
-4.5168637795275588
0
LINE
8
BLACK
6
CONTINUOUS
10
5.8137999606299209
20
-4.5168637795275588
11
5.8137999606299209
21
-4.5133211023622044
0
LINE
8
BLACK
6
CONTINUOUS
10
5.8137999606299209
20
-4.5133211023622044
11
5.8119220078740153
21
-4.5095652362204719
0
LINE
8
BLACK
6
CONTINUOUS
10
5.8119220078740153
20
-4.5095652362204719
11
5.8101385826771654
21
-4.5077817716535433
0
LINE
8
BLACK
6
CONTINUOUS
10
5.8101385826771654
20
-4.5077817716535433
11
5.8061749212598421
21
-4.5057999606299211
0
LINE
8
BLACK
6
CONTINUOUS
10
5.8061749212598421
20
-4.5057999606299211
11
5.7977676771653543
21
-4.5036981496062989
0
LINE
8
BLACK
6
CONTINUOUS
10
5.7977676771653543
20
-4.5036981496062989
11
5.7871922440944878
21
-4.5036981496062989
0
LINE
8
BLACK
6
CONTINUOUS
10
5.7871922440944878
20
-4.5036981496062989
11
5.7787849212598426
21
-4.5057999606299211
0
LINE
8
BLACK
6
CONTINUOUS
10
5.6432097244094486
20
-4.4726074015748027
11
5.6434405118110238
21
-4.472573070866142
0
LINE
8
BLACK
6
CONTINUOUS
10
5.6434405118110238
20
-4.472573070866142
11
5.6522633464566931
21
-4.4747787795275586
0
LINE
8
BLACK
6
CONTINUOUS
10
5.6522633464566931
20
-4.4747787795275586
11
5.6524313779527562
21
-4.4749032677165355
0
LINE
8
BLACK
6
CONTINUOUS
10
5.6524313779527562
20
-4.4749032677165355
11
5.6526399606299211
21
-4.4749181102362208
0
LINE
8
BLACK
6
CONTINUOUS
10
5.6526399606299211
20
-4.4749181102362208
11
5.6570513779527554
21
-4.4771238188976374
0
LINE
8
BLACK
6
CONTINUOUS
10
5.6570513779527554
20
-4.4771238188976374
11
5.6572498031496066
21
-4.4773525984251972
0
LINE
8
BLACK
6
CONTINUOUS
10
5.6572498031496066
20
-4.4773525984251972
11
5.6575295669291341
21
-4.4774685039370077
0
LINE
8
BLACK
6
CONTINUOUS
10
5.6575295669291341
20
-4.4774685039370077
11
5.6597353543307083
21
-4.479674251968504
0
LINE
8
BLACK
6
CONTINUOUS
10
5.6597353543307083
20
-4.479674251968504
11
5.6598512204724409
21
-4.4799540157480315
0
LINE
8
BLACK
6
CONTINUOUS
10
5.6598512204724409
20
-4.4799540157480315
11
5.6600799999999998
21
-4.4801524409448819
0
LINE
8
BLACK
6
CONTINUOUS
10
5.6600799999999998
20
-4.4801524409448819
11
5.6622857086614173
21
-4.4845638582677161
0
LINE
8
BLACK
6
CONTINUOUS
10
5.6622857086614173
20
-4.4845638582677161
11
5.6623160236220471
21
-4.4849910236220474
0
LINE
8
BLACK
6
CONTINUOUS
10
5.6623160236220471
20
-4.4849910236220474
11
5.6624799606299208
21
-4.4853867322834642
0
LINE
8
BLACK
6
CONTINUOUS
10
5.6624799606299208
20
-4.4853867322834642
11
5.6624799606299208
21
-4.4897981496062993
0
LINE
8
BLACK
6
CONTINUOUS
10
5.6624799606299208
20
-4.4897981496062993
11
5.6623160236220471
21
-4.4901938188976374
0
LINE
8
BLACK
6
CONTINUOUS
10
5.6623160236220471
20
-4.4901938188976374
11
5.6622857086614173
21
-4.4906210236220474
0
LINE
8
BLACK
6
CONTINUOUS
10
5.6622857086614173
20
-4.4906210236220474
11
5.6600799999999998
21
-4.4950324409448816
0
LINE
8
BLACK
6
CONTINUOUS
10
5.6600799999999998
20
-4.4950324409448816
11
5.6598512204724409
21
-4.4952308267716532
0
LINE
8
BLACK
6
CONTINUOUS
10
5.6598512204724409
20
-4.4952308267716532
11
5.6597353543307083
21
-4.4955106299212595
0
LINE
8
BLACK
6
CONTINUOUS
10
5.6597353543307083
20
-4.4955106299212595
11
5.6575295669291341
21
-4.4977163779527558
0
LINE
8
BLACK
6
CONTINUOUS
10
5.6575295669291341
20
-4.4977163779527558
11
5.6572498031496066
21
-4.4978322440944885
0
LINE
8
BLACK
6
CONTINUOUS
10
5.6572498031496066
20
-4.4978322440944885
11
5.6570513779527554
21
-4.498061062992126
0
LINE
8
BLACK
6
CONTINUOUS
10
5.6570513779527554
20
-4.498061062992126
11
5.6526399606299211
21
-4.5002667716535436
0
LINE
8
BLACK
6
CONTINUOUS
10
5.6526399606299211
20
-4.5002667716535436
11
5.6524313779527562
21
-4.5002815748031493
0
LINE
8
BLACK
6
CONTINUOUS
10
5.6524313779527562
20
-4.5002815748031493
11
5.6522633464566931
21
-4.5004061023622048
0
LINE
8
BLACK
6
CONTINUOUS
10
5.6522633464566931
20
-4.5004061023622048
11
5.6434405118110238
21
-4.5026118110236215
0
LINE
8
BLACK
6
CONTINUOUS
10
5.6434405118110238
20
-4.5026118110236215
11
5.6432097244094486
21
-4.502577440944882
0
LINE
8
BLACK
6
CONTINUOUS
10
5.6432097244094486
20
-4.502577440944882
11
5.6429942519685037
21
-4.5026667322834646
0
LINE
8
BLACK
6
CONTINUOUS
10
5.6429942519685037
20
-4.5026667322834646
11
5.631965669291338
21
-4.5026667322834646
0
LINE
8
BLACK
6
CONTINUOUS
10
5.631965669291338
20
-4.5026667322834646
11
5.6317501574803153
21
-4.502577440944882
0
LINE
8
BLACK
6
CONTINUOUS
10
5.6317501574803153
20
-4.502577440944882
11
5.6315194094488188
21
-4.5026118110236215
0
LINE
8
BLACK
6
CONTINUOUS
10
5.6315194094488188
20
-4.5026118110236215
11
5.6226965354330707
21
-4.5004061023622048
0
LINE
8
BLACK
6
CONTINUOUS
10
5.6226965354330707
20
-4.5004061023622048
11
5.6225284645669289
21
-4.5002815748031493
0
LINE
8
BLACK
6
CONTINUOUS
10
5.6225284645669289
20
-4.5002815748031493
11
5.6223199212598427
21
-4.5002667716535436
0
LINE
8
BLACK
6
CONTINUOUS
10
5.6223199212598427
20
-4.5002667716535436
11
5.6179085039370076
21
-4.498061062992126
0
LINE
8
BLACK
6
CONTINUOUS
10
5.6179085039370076
20
-4.498061062992126
11
5.6177100787401573
21
-4.4978322440944885
0
LINE
8
BLACK
6
CONTINUOUS
10
5.6177100787401573
20
-4.4978322440944885
11
5.617430275590551
21
-4.4977163779527558
0
LINE
8
BLACK
6
CONTINUOUS
10
5.617430275590551
20
-4.4977163779527558
11
5.6152245669291334
21
-4.4955106299212595
0
LINE
8
BLACK
6
CONTINUOUS
10
5.6152245669291334
20
-4.4955106299212595
11
5.6151086614173229
21
-4.4952308267716532
0
LINE
8
BLACK
6
CONTINUOUS
10
5.6151086614173229
20
-4.4952308267716532
11
5.6148799212598428
21
-4.4950324409448816
0
LINE
8
BLACK
6
CONTINUOUS
10
5.6148799212598428
20
-4.4950324409448816
11
5.6126742125984252
21
-4.4906210236220474
0
LINE
8
BLACK
6
CONTINUOUS
10
5.6126742125984252
20
-4.4906210236220474
11
5.6126438582677167
21
-4.4901938188976374
0
LINE
8
BLACK
6
CONTINUOUS
10
5.6126438582677167
20
-4.4901938188976374
11
5.6124799606299209
21
-4.4897981496062993
0
LINE
8
BLACK
6
CONTINUOUS
10
5.6124799606299209
20
-4.4897981496062993
11
5.6124799606299209
21
-4.4853867322834642
0
LINE
8
BLACK
6
CONTINUOUS
10
5.6124799606299209
20
-4.4853867322834642
11
5.6126438582677167
21
-4.4849910236220474
0
LINE
8
BLACK
6
CONTINUOUS
10
5.6126438582677167
20
-4.4849910236220474
11
5.6126742125984252
21
-4.4845638582677161
0
LINE
8
BLACK
6
CONTINUOUS
10
5.6126742125984252
20
-4.4845638582677161
11
5.6148799212598428
21
-4.4801524409448819
0
LINE
8
BLACK
6
CONTINUOUS
10
5.6148799212598428
20
-4.4801524409448819
11
5.6151086614173229
21
-4.4799540157480315
0
LINE
8
BLACK
6
CONTINUOUS
10
5.6151086614173229
20
-4.4799540157480315
11
5.6152245669291334
21
-4.479674251968504
0
LINE
8
BLACK
6
CONTINUOUS
10
5.6152245669291334
20
-4.479674251968504
11
5.617430275590551
21
-4.4774685039370077
0
LINE
8
BLACK
6
CONTINUOUS
10
5.617430275590551
20
-4.4774685039370077
11
5.6177100787401573
21
-4.4773525984251972
0
LINE
8
BLACK
6
CONTINUOUS
10
5.6177100787401573
20
-4.4773525984251972
11
5.6179085039370076
21
-4.4771238188976374
0
LINE
8
BLACK
6
CONTINUOUS
10
5.6179085039370076
20
-4.4771238188976374
11
5.6223199212598427
21
-4.4749181102362208
0
LINE
8
BLACK
6
CONTINUOUS
10
5.6223199212598427
20
-4.4749181102362208
11
5.6225284645669289
21
-4.4749032677165355
0
LINE
8
BLACK
6
CONTINUOUS
10
5.6225284645669289
20
-4.4749032677165355
11
5.6226965354330707
21
-4.4747787795275586
0
LINE
8
BLACK
6
CONTINUOUS
10
5.6226965354330707
20
-4.4747787795275586
11
5.6315194094488188
21
-4.472573070866142
0
LINE
8
BLACK
6
CONTINUOUS
10
5.6315194094488188
20
-4.472573070866142
11
5.6317501574803153
21
-4.4726074015748027
0
LINE
8
BLACK
6
CONTINUOUS
10
5.6317501574803153
20
-4.4726074015748027
11
5.631965669291338
21
-4.4725181496062989
0
LINE
8
BLACK
6
CONTINUOUS
10
5.631965669291338
20
-4.4725181496062989
11
5.6429942519685037
21
-4.4725181496062989
0
LINE
8
BLACK
6
CONTINUOUS
10
5.6429942519685037
20
-4.4725181496062989
11
5.6432097244094486
21
-4.4726074015748027
0
LINE
8
BLACK
6
CONTINUOUS
10
5.6237849212598423
20
-4.4782999606299212
11
5.6198213385826774
21
-4.4802817322834647
0
LINE
8
BLACK
6
CONTINUOUS
10
5.6198213385826774
20
-4.4802817322834647
11
5.6180378740157479
21
-4.482065236220472
0
LINE
8
BLACK
6
CONTINUOUS
10
5.6180378740157479
20
-4.482065236220472
11
5.6161599606299211
21
-4.4858211023622045
0
LINE
8
BLACK
6
CONTINUOUS
10
5.6161599606299211
20
-4.4858211023622045
11
5.6161599606299211
21
-4.4893637795275589
0
LINE
8
BLACK
6
CONTINUOUS
10
5.6161599606299211
20
-4.4893637795275589
11
5.6180378740157479
21
-4.4931196062992127
0
LINE
8
BLACK
6
CONTINUOUS
10
5.6180378740157479
20
-4.4931196062992127
11
5.6198213385826774
21
-4.49490311023622
0
LINE
8
BLACK
6
CONTINUOUS
10
5.6198213385826774
20
-4.49490311023622
11
5.6237849212598423
21
-4.4968848818897635
0
LINE
8
BLACK
6
CONTINUOUS
10
5.6237849212598423
20
-4.4968848818897635
11
5.6321922440944885
21
-4.4989867322834645
0
LINE
8
BLACK
6
CONTINUOUS
10
5.6321922440944885
20
-4.4989867322834645
11
5.6427676771653541
21
-4.4989867322834645
0
LINE
8
BLACK
6
CONTINUOUS
10
5.6427676771653541
20
-4.4989867322834645
11
5.6511749212598428
21
-4.4968849212598423
0
LINE
8
BLACK
6
CONTINUOUS
10
5.6511749212598428
20
-4.4968849212598423
11
5.6551385826771652
21
-4.4949030708661413
0
LINE
8
BLACK
6
CONTINUOUS
10
5.6551385826771652
20
-4.4949030708661413
11
5.6569220078740159
21
-4.4931196062992127
0
LINE
8
BLACK
6
CONTINUOUS
10
5.6569220078740159
20
-4.4931196062992127
11
5.6587999606299215
21
-4.4893637795275589
0
LINE
8
BLACK
6
CONTINUOUS
10
5.6587999606299215
20
-4.4893637795275589
11
5.6587999606299215
21
-4.4858211023622045
0
LINE
8
BLACK
6
CONTINUOUS
10
5.6587999606299215
20
-4.4858211023622045
11
5.6569220078740159
21
-4.482065236220472
0
LINE
8
BLACK
6
CONTINUOUS
10
5.6569220078740159
20
-4.482065236220472
11
5.6551385826771652
21
-4.4802817716535435
0
LINE
8
BLACK
6
CONTINUOUS
10
5.6551385826771652
20
-4.4802817716535435
11
5.6511749212598428
21
-4.4782999606299212
0
LINE
8
BLACK
6
CONTINUOUS
10
5.6511749212598428
20
-4.4782999606299212
11
5.6427676771653541
21
-4.476198149606299
0
LINE
8
BLACK
6
CONTINUOUS
10
5.6427676771653541
20
-4.476198149606299
11
5.6321922440944885
21
-4.476198149606299
0
LINE
8
BLACK
6
CONTINUOUS
10
5.6321922440944885
20
-4.476198149606299
11
5.6237849212598423
21
-4.4782999606299212
0
LINE
8
BLACK
6
CONTINUOUS
10
5.7059999999999995
20
-4.4069488188976376
11
5.7060157480314961
21
-4.4069921259842522
0
LINE
8
BLACK
6
CONTINUOUS
10
5.7060157480314961
20
-4.4069921259842522
11
5.7060157480314961
21
-4.4410078740157477
0
LINE
8
BLACK
6
CONTINUOUS
10
5.7060157480314961
20
-4.4410078740157477
11
5.7059999999999995
21
-4.4410971653543303
0
LINE
8
BLACK
6
CONTINUOUS
10
5.7059999999999995
20
-4.4410971653543303
11
5.7059999999999995
21
-4.4474275196850392
0
LINE
8
BLACK
6
CONTINUOUS
10
5.7059999999999995
20
-4.4474275196850392
11
5.7065449212598427
21
-4.447653267716535
0
LINE
8
BLACK
6
CONTINUOUS
10
5.7065449212598427
20
-4.447653267716535
11
5.7210495669291337
21
-4.4621579133858269
0
LINE
8
BLACK
6
CONTINUOUS
10
5.7210495669291337
20
-4.4621579133858269
11
5.7210495669291337
21
-4.4335143307086611
0
LINE
8
BLACK
6
CONTINUOUS
10
5.7210495669291337
20
-4.4335143307086611
11
5.7215885039370074
21
-4.4322132677165351
0
LINE
8
BLACK
6
CONTINUOUS
10
5.7215885039370074
20
-4.4322132677165351
11
5.7228895669291333
21
-4.4316743307086615
0
LINE
8
BLACK
6
CONTINUOUS
10
5.7228895669291333
20
-4.4316743307086615
11
5.7241906299212602
21
-4.4322132677165351
0
LINE
8
BLACK
6
CONTINUOUS
10
5.7241906299212602
20
-4.4322132677165351
11
5.7247295669291338
21
-4.4335143307086611
0
LINE
8
BLACK
6
CONTINUOUS
10
5.7247295669291338
20
-4.4335143307086611
11
5.7247295669291338
21
-4.469138149606299
0
LINE
8
BLACK
6
CONTINUOUS
10
5.7247295669291338
20
-4.469138149606299
11
5.7387999606299207
21
-4.469138149606299
0
LINE
8
BLACK
6
CONTINUOUS
10
5.7387999606299207
20
-4.469138149606299
11
5.7387999606299207
21
-4.4577438582677162
0
LINE
8
BLACK
6
CONTINUOUS
10
5.7387999606299207
20
-4.4577438582677162
11
5.7393388976377953
21
-4.4564427952755903
0
LINE
8
BLACK
6
CONTINUOUS
10
5.7393388976377953
20
-4.4564427952755903
11
5.7406399606299212
21
-4.4559038582677166
0
LINE
8
BLACK
6
CONTINUOUS
10
5.7406399606299212
20
-4.4559038582677166
11
5.7419410236220472
21
-4.4564427952755903
0
LINE
8
BLACK
6
CONTINUOUS
10
5.7419410236220472
20
-4.4564427952755903
11
5.7424799606299208
21
-4.4577438582677162
0
LINE
8
BLACK
6
CONTINUOUS
10
5.7424799606299208
20
-4.4577438582677162
11
5.7424799606299208
21
-4.4842124409448818
0
LINE
8
BLACK
6
CONTINUOUS
10
5.7424799606299208
20
-4.4842124409448818
11
5.7419410236220472
21
-4.4855135039370078
0
LINE
8
BLACK
6
CONTINUOUS
10
5.7419410236220472
20
-4.4855135039370078
11
5.7406399606299212
21
-4.4860524409448814
0
LINE
8
BLACK
6
CONTINUOUS
10
5.7406399606299212
20
-4.4860524409448814
11
5.7393388976377953
21
-4.4855135039370078
0
LINE
8
BLACK
6
CONTINUOUS
10
5.7393388976377953
20
-4.4855135039370078
11
5.7387999606299207
21
-4.4842124409448818
0
LINE
8
BLACK
6
CONTINUOUS
10
5.7387999606299207
20
-4.4842124409448818
11
5.7387999606299207
21
-4.4728181496062991
0
LINE
8
BLACK
6
CONTINUOUS
10
5.7387999606299207
20
-4.4728181496062991
11
5.7247295669291338
21
-4.4728181496062991
0
LINE
8
BLACK
6
CONTINUOUS
10
5.7247295669291338
20
-4.4728181496062991
11
5.7247295669291338
21
-4.4798343307086617
0
LINE
8
BLACK
6
CONTINUOUS
10
5.7247295669291338
20
-4.4798343307086617
11
5.7241906299212602
21
-4.4811353937007876
0
LINE
8
BLACK
6
CONTINUOUS
10
5.7241906299212602
20
-4.4811353937007876
11
5.7228895669291333
21
-4.4816743307086613
0
LINE
8
BLACK
6
CONTINUOUS
10
5.7228895669291333
20
-4.4816743307086613
11
5.7215885039370074
21
-4.4811353937007876
0
LINE
8
BLACK
6
CONTINUOUS
10
5.7215885039370074
20
-4.4811353937007876
11
5.7210495669291337
21
-4.4798343307086617
0
LINE
8
BLACK
6
CONTINUOUS
10
5.7210495669291337
20
-4.4798343307086617
11
5.7210495669291337
21
-4.4728181496062991
0
LINE
8
BLACK
6
CONTINUOUS
10
5.7210495669291337
20
-4.4728181496062991
11
5.712806023622047
21
-4.4728181496062991
0
LINE
8
BLACK
6
CONTINUOUS
10
5.712806023622047
20
-4.4728181496062991
11
5.7067158661417325
21
-4.4809383464566928
0
LINE
8
BLACK
6
CONTINUOUS
10
5.7067158661417325
20
-4.4809383464566928
11
5.7055040551181104
21
-4.4816558267716538
0
LINE
8
BLACK
6
CONTINUOUS
10
5.7055040551181104
20
-4.4816558267716538
11
5.7041398425196848
21
-4.4813063385826775
0
LINE
8
BLACK
6
CONTINUOUS
10
5.7041398425196848
20
-4.4813063385826775
11
5.7034223622047246
21
-4.4800945275590554
0
LINE
8
BLACK
6
CONTINUOUS
10
5.7034223622047246
20
-4.4800945275590554
11
5.7037718503937009
21
-4.4787303149606297
0
LINE
8
BLACK
6
CONTINUOUS
10
5.7037718503937009
20
-4.4787303149606297
11
5.7082059842519683
21
-4.4728181496062991
0
LINE
8
BLACK
6
CONTINUOUS
10
5.7082059842519683
20
-4.4728181496062991
11
5.6943199606299215
21
-4.4728181496062991
0
LINE
8
BLACK
6
CONTINUOUS
10
5.6943199606299215
20
-4.4728181496062991
11
5.6941449212598423
21
-4.4727456299212598
0
LINE
8
BLACK
6
CONTINUOUS
10
5.6941449212598423
20
-4.4727456299212598
11
5.6939590944881893
21
-4.4727824015748032
0
LINE
8
BLACK
6
CONTINUOUS
10
5.6939590944881893
20
-4.4727824015748032
11
5.6935138976377955
21
-4.4724842519685035
0
LINE
8
BLACK
6
CONTINUOUS
10
5.6935138976377955
20
-4.4724842519685035
11
5.6930188976377956
21
-4.4722792125984254
0
LINE
8
BLACK
6
CONTINUOUS
10
5.6930188976377956
20
-4.4722792125984254
11
5.6929463779527554
21
-4.4721041732283462
0
LINE
8
BLACK
6
CONTINUOUS
10
5.6929463779527554
20
-4.4721041732283462
11
5.6927889763779529
21
-4.4719987795275591
0
LINE
8
BLACK
6
CONTINUOUS
10
5.6927889763779529
20
-4.4719987795275591
11
5.692685
21
-4.4714731496062994
0
LINE
8
BLACK
6
CONTINUOUS
10
5.692685
20
-4.4714731496062994
11
5.692479960629921
21
-4.4709781496062995
0
LINE
8
BLACK
6
CONTINUOUS
10
5.692479960629921
20
-4.4709781496062995
11
5.6925524409448816
21
-4.4708031102362202
0
LINE
8
BLACK
6
CONTINUOUS
10
5.6925524409448816
20
-4.4708031102362202
11
5.6925157086614169
21
-4.4706172834645672
0
LINE
8
BLACK
6
CONTINUOUS
10
5.6925157086614169
20
-4.4706172834645672
11
5.6928138188976378
21
-4.4701720866141734
0
LINE
8
BLACK
6
CONTINUOUS
10
5.6928138188976378
20
-4.4701720866141734
11
5.6930188976377956
21
-4.4696770866141735
0
LINE
8
BLACK
6
CONTINUOUS
10
5.6930188976377956
20
-4.4696770866141735
11
5.6931938976377952
21
-4.4696045669291333
0
LINE
8
BLACK
6
CONTINUOUS
10
5.6931938976377952
20
-4.4696045669291333
11
5.693299330708661
21
-4.4694471653543308
0
LINE
8
BLACK
6
CONTINUOUS
10
5.693299330708661
20
-4.4694471653543308
11
5.6997648818897639
21
-4.4651367716535431
0
LINE
8
BLACK
6
CONTINUOUS
10
5.6997648818897639
20
-4.4651367716535431
11
5.7038362992125986
21
-4.4610653149606296
0
LINE
8
BLACK
6
CONTINUOUS
10
5.7038362992125986
20
-4.4610653149606296
11
5.7058689763779524
21
-4.4569999999999999
0
LINE
8
BLACK
6
CONTINUOUS
10
5.7058689763779524
20
-4.4569999999999999
11
5.6719999999999997
21
-4.4569999999999999
0
LINE
8
BLACK
6
CONTINUOUS
10
5.6719999999999997
20
-4.4569999999999999
11
5.6719999999999997
21
-4.4410511417322835
0
LINE
8
BLACK
6
CONTINUOUS
10
5.6719999999999997
20
-4.4410511417322835
11
5.671984251968504
21
-4.4410078740157477
0
LINE
8
BLACK
6
CONTINUOUS
10
5.671984251968504
20
-4.4410078740157477
11
5.671984251968504
21
-4.4069921259842522
0
LINE
8
BLACK
6
CONTINUOUS
10
5.671984251968504
20
-4.4069921259842522
11
5.6719999999999997
21
-4.4069027952755908
0
LINE
8
BLACK
6
CONTINUOUS
10
5.6719999999999997
20
-4.4069027952755908
11
5.6719999999999997
21
-4.391
0
LINE
8
BLACK
6
CONTINUOUS
10
5.6719999999999997
20
-4.391
11
5.7059999999999995
21
-4.391
0
LINE
8
BLACK
6
CONTINUOUS
10
5.7059999999999995
20
-4.391
11
5.7059999999999995
21
-4.4069488188976376
0
LINE
8
BLACK
6
CONTINUOUS
10
5.7155660236220474
20
-4.469138149606299
11
5.7210495669291337
21
-4.469138149606299
0
LINE
8
BLACK
6
CONTINUOUS
10
5.7210495669291337
20
-4.469138149606299
11
5.7210495669291337
21
-4.4673621653543307
0
LINE
8
BLACK
6
CONTINUOUS
10
5.7210495669291337
20
-4.4673621653543307
11
5.7186772440944882
21
-4.4649898425196852
0
LINE
8
BLACK
6
CONTINUOUS
10
5.7186772440944882
20
-4.4649898425196852
11
5.7155660236220474
21
-4.469138149606299
0
LINE
8
BLACK
6
CONTINUOUS
10
5.7059999999999995
20
-4.4568416141732285
11
5.7069724015748031
21
-4.455998307086614
0
LINE
8
BLACK
6
CONTINUOUS
10
5.7069724015748031
20
-4.455998307086614
11
5.708377125984252
21
-4.45609811023622
0
LINE
8
BLACK
6
CONTINUOUS
10
5.708377125984252
20
-4.45609811023622
11
5.7092998031496061
21
-4.4571620078740155
0
LINE
8
BLACK
6
CONTINUOUS
10
5.7092998031496061
20
-4.4571620078740155
11
5.7092000000000001
21
-4.4585667322834643
0
LINE
8
BLACK
6
CONTINUOUS
10
5.7092000000000001
20
-4.4585667322834643
11
5.7069942519685037
21
-4.4629781496062995
0
LINE
8
BLACK
6
CONTINUOUS
10
5.7069942519685037
20
-4.4629781496062995
11
5.7067654330708661
21
-4.4631765748031498
0
LINE
8
BLACK
6
CONTINUOUS
10
5.7067654330708661
20
-4.4631765748031498
11
5.7066495669291335
21
-4.4634563385826773
0
LINE
8
BLACK
6
CONTINUOUS
10
5.7066495669291335
20
-4.4634563385826773
11
5.7022381496062993
21
-4.4678677952755903
0
LINE
8
BLACK
6
CONTINUOUS
10
5.7022381496062993
20
-4.4678677952755903
11
5.70206311023622
21
-4.4679402755905508
0
LINE
8
BLACK
6
CONTINUOUS
10
5.70206311023622
20
-4.4679402755905508
11
5.7019577165354329
21
-4.468097716535433
0
LINE
8
BLACK
6
CONTINUOUS
10
5.7019577165354329
20
-4.468097716535433
11
5.7003970472440946
21
-4.469138149606299
0
LINE
8
BLACK
6
CONTINUOUS
10
5.7003970472440946
20
-4.469138149606299
11
5.7109659842519687
21
-4.469138149606299
0
LINE
8
BLACK
6
CONTINUOUS
10
5.7109659842519687
20
-4.469138149606299
11
5.7160486614173225
21
-4.4623612598425195
0
LINE
8
BLACK
6
CONTINUOUS
10
5.7160486614173225
20
-4.4623612598425195
11
5.7059999999999995
21
-4.4523125984251966
0
LINE
8
BLACK
6
CONTINUOUS
10
5.7059999999999995
20
-4.4523125984251966
11
5.7059999999999995
21
-4.4568416141732285
0
LINE
8
BLACK
6
CONTINUOUS
10
5.6779842519685042
20
-4.407
11
5.6779842519685042
21
-4.4409999999999998
0
LINE
8
BLACK
6
CONTINUOUS
10
5.6779842519685042
20
-4.4409999999999998
11
5.7000157480314959
21
-4.4409999999999998
0
LINE
8
BLACK
6
CONTINUOUS
10
5.7000157480314959
20
-4.4409999999999998
11
5.7000157480314959
21
-4.407
0
LINE
8
BLACK
6
CONTINUOUS
10
5.7000157480314959
20
-4.407
11
5.6779842519685042
21
-4.407
0
LINE
8
BLACK
6
CONTINUOUS
10
5.8048966535433069
20
-4.4318382283464564
11
5.805323858267716
21
-4.4318685826771649
0
LINE
8
BLACK
6
CONTINUOUS
10
5.805323858267716
20
-4.4318685826771649
11
5.8097353149606299
21
-4.4340742913385824
0
LINE
8
BLACK
6
CONTINUOUS
10
5.8097353149606299
20
-4.4340742913385824
11
5.8099337401574802
21
-4.4343030708661413
0
LINE
8
BLACK
6
CONTINUOUS
10
5.8099337401574802
20
-4.4343030708661413
11
5.8102135039370078
21
-4.4344189763779527
0
LINE
8
BLACK
6
CONTINUOUS
10
5.8102135039370078
20
-4.4344189763779527
11
5.8124192125984253
21
-4.4366246456692915
0
LINE
8
BLACK
6
CONTINUOUS
10
5.8124192125984253
20
-4.4366246456692915
11
5.8125350787401571
21
-4.4369044488188978
0
LINE
8
BLACK
6
CONTINUOUS
10
5.8125350787401571
20
-4.4369044488188978
11
5.8127638976377956
21
-4.4371028740157481
0
LINE
8
BLACK
6
CONTINUOUS
10
5.8127638976377956
20
-4.4371028740157481
11
5.8149696062992122
21
-4.4415142913385823
0
LINE
8
BLACK
6
CONTINUOUS
10
5.8149696062992122
20
-4.4415142913385823
11
5.814999921259842
21
-4.4419414566929136
0
LINE
8
BLACK
6
CONTINUOUS
10
5.814999921259842
20
-4.4419414566929136
11
5.8151638582677165
21
-4.4423371653543304
0
LINE
8
BLACK
6
CONTINUOUS
10
5.8151638582677165
20
-4.4423371653543304
11
5.8151638582677165
21
-4.444542874015748
0
LINE
8
BLACK
6
CONTINUOUS
10
5.8151638582677165
20
-4.444542874015748
11
5.814999921259842
21
-4.4449385433070869
0
LINE
8
BLACK
6
CONTINUOUS
10
5.814999921259842
20
-4.4449385433070869
11
5.8149696062992122
21
-4.4453657086614173
0
LINE
8
BLACK
6
CONTINUOUS
10
5.8149696062992122
20
-4.4453657086614173
11
5.8127638976377956
21
-4.4497772047244091
0
LINE
8
BLACK
6
CONTINUOUS
10
5.8127638976377956
20
-4.4497772047244091
11
5.8125350787401571
21
-4.4499755905511806
0
LINE
8
BLACK
6
CONTINUOUS
10
5.8125350787401571
20
-4.4499755905511806
11
5.8124192125984253
21
-4.4502554330708657
0
LINE
8
BLACK
6
CONTINUOUS
10
5.8124192125984253
20
-4.4502554330708657
11
5.8102135039370078
21
-4.4524611023622045
0
LINE
8
BLACK
6
CONTINUOUS
10
5.8102135039370078
20
-4.4524611023622045
11
5.8099337401574802
21
-4.4525769685039371
0
LINE
8
BLACK
6
CONTINUOUS
10
5.8099337401574802
20
-4.4525769685039371
11
5.8097353149606299
21
-4.4528057874015747
0
LINE
8
BLACK
6
CONTINUOUS
10
5.8097353149606299
20
-4.4528057874015747
11
5.8086153543307084
21
-4.4533657480314961
0
LINE
8
BLACK
6
CONTINUOUS
10
5.8086153543307084
20
-4.4533657480314961
11
5.8097353149606299
21
-4.4539257086614175
0
LINE
8
BLACK
6
CONTINUOUS
10
5.8097353149606299
20
-4.4539257086614175
11
5.8099337401574802
21
-4.4541544881889763
0
LINE
8
BLACK
6
CONTINUOUS
10
5.8099337401574802
20
-4.4541544881889763
11
5.8102135039370078
21
-4.4542703937007877
0
LINE
8
BLACK
6
CONTINUOUS
10
5.8102135039370078
20
-4.4542703937007877
11
5.8124192125984253
21
-4.4564760629921256
0
LINE
8
BLACK
6
CONTINUOUS
10
5.8124192125984253
20
-4.4564760629921256
11
5.8125350787401571
21
-4.4567558661417319
0
LINE
8
BLACK
6
CONTINUOUS
10
5.8125350787401571
20
-4.4567558661417319
11
5.8127638976377956
21
-4.4569542913385822
0
LINE
8
BLACK
6
CONTINUOUS
10
5.8127638976377956
20
-4.4569542913385822
11
5.8137999606299209
21
-4.4590264173228347
0
LINE
8
BLACK
6
CONTINUOUS
10
5.8137999606299209
20
-4.4590264173228347
11
5.8137999606299209
21
-4.4577438582677162
0
LINE
8
BLACK
6
CONTINUOUS
10
5.8137999606299209
20
-4.4577438582677162
11
5.8143388976377954
21
-4.4564427952755903
0
LINE
8
BLACK
6
CONTINUOUS
10
5.8143388976377954
20
-4.4564427952755903
11
5.8156399606299214
21
-4.4559038582677166
0
LINE
8
BLACK
6
CONTINUOUS
10
5.8156399606299214
20
-4.4559038582677166
11
5.8169410236220473
21
-4.4564427952755903
0
LINE
8
BLACK
6
CONTINUOUS
10
5.8169410236220473
20
-4.4564427952755903
11
5.817479960629921
21
-4.4577438582677162
0
LINE
8
BLACK
6
CONTINUOUS
10
5.817479960629921
20
-4.4577438582677162
11
5.817479960629921
21
-4.4842124409448818
0
LINE
8
BLACK
6
CONTINUOUS
10
5.817479960629921
20
-4.4842124409448818
11
5.8169410236220473
21
-4.4855135039370078
0
LINE
8
BLACK
6
CONTINUOUS
10
5.8169410236220473
20
-4.4855135039370078
11
5.8156399606299214
21
-4.4860524409448814
0
LINE
8
BLACK
6
CONTINUOUS
10
5.8156399606299214
20
-4.4860524409448814
11
5.8143388976377954
21
-4.4855135039370078
0
LINE
8
BLACK
6
CONTINUOUS
10
5.8143388976377954
20
-4.4855135039370078
11
5.8137999606299209
21
-4.4842124409448818
0
LINE
8
BLACK
6
CONTINUOUS
10
5.8137999606299209
20
-4.4842124409448818
11
5.8137999606299209
21
-4.4741736220472443
0
LINE
8
BLACK
6
CONTINUOUS
10
5.8137999606299209
20
-4.4741736220472443
11
5.8127638976377956
21
-4.4762457480314959
0
LINE
8
BLACK
6
CONTINUOUS
10
5.8127638976377956
20
-4.4762457480314959
11
5.8125351181102358
21
-4.4764441338582674
0
LINE
8
BLACK
6
CONTINUOUS
10
5.8125351181102358
20
-4.4764441338582674
11
5.8124192519685041
21
-4.4767239370078737
0
LINE
8
BLACK
6
CONTINUOUS
10
5.8124192519685041
20
-4.4767239370078737
11
5.8102135433070865
21
-4.4789296850393701
0
LINE
8
BLACK
6
CONTINUOUS
10
5.8102135433070865
20
-4.4789296850393701
11
5.8099337401574802
21
-4.4790455511811027
0
LINE
8
BLACK
6
CONTINUOUS
10
5.8099337401574802
20
-4.4790455511811027
11
5.8097353149606299
21
-4.4792743700787403
0
LINE
8
BLACK
6
CONTINUOUS
10
5.8097353149606299
20
-4.4792743700787403
11
5.805323858267716
21
-4.481480078740157
0
LINE
8
BLACK
6
CONTINUOUS
10
5.805323858267716
20
-4.481480078740157
11
5.8048966535433069
21
-4.4815103937007876
0
LINE
8
BLACK
6
CONTINUOUS
10
5.8048966535433069
20
-4.4815103937007876
11
5.8045009842519688
21
-4.4816743307086613
0
LINE
8
BLACK
6
CONTINUOUS
10
5.8045009842519688
20
-4.4816743307086613
11
5.7956781496062995
21
-4.4816743307086613
0
LINE
8
BLACK
6
CONTINUOUS
10
5.7956781496062995
20
-4.4816743307086613
11
5.7952824409448818
21
-4.4815103937007876
0
LINE
8
BLACK
6
CONTINUOUS
10
5.7952824409448818
20
-4.4815103937007876
11
5.7948552755905514
21
-4.481480078740157
0
LINE
8
BLACK
6
CONTINUOUS
10
5.7948552755905514
20
-4.481480078740157
11
5.7904438582677162
21
-4.4792743700787403
0
LINE
8
BLACK
6
CONTINUOUS
10
5.7904438582677162
20
-4.4792743700787403
11
5.7902454330708659
21
-4.4790455905511806
0
LINE
8
BLACK
6
CONTINUOUS
10
5.7902454330708659
20
-4.4790455905511806
11
5.7899656692913384
21
-4.4789297244094488
0
LINE
8
BLACK
6
CONTINUOUS
10
5.7899656692913384
20
-4.4789297244094488
11
5.7877599212598421
21
-4.4767239370078737
0
LINE
8
BLACK
6
CONTINUOUS
10
5.7877599212598421
20
-4.4767239370078737
11
5.7876440157480316
21
-4.4764441732283462
0
LINE
8
BLACK
6
CONTINUOUS
10
5.7876440157480316
20
-4.4764441732283462
11
5.7874152362204727
21
-4.4762457480314959
0
LINE
8
BLACK
6
CONTINUOUS
10
5.7874152362204727
20
-4.4762457480314959
11
5.7857014566929132
21
-4.4728181496062991
0
LINE
8
BLACK
6
CONTINUOUS
10
5.7857014566929132
20
-4.4728181496062991
11
5.7693199606299208
21
-4.4728181496062991
0
LINE
8
BLACK
6
CONTINUOUS
10
5.7693199606299208
20
-4.4728181496062991
11
5.7691449212598425
21
-4.4727456299212598
0
LINE
8
BLACK
6
CONTINUOUS
10
5.7691449212598425
20
-4.4727456299212598
11
5.7689590944881886
21
-4.4727824015748032
0
LINE
8
BLACK
6
CONTINUOUS
10
5.7689590944881886
20
-4.4727824015748032
11
5.7685138976377948
21
-4.4724842519685035
0
LINE
8
BLACK
6
CONTINUOUS
10
5.7685138976377948
20
-4.4724842519685035
11
5.7680188976377949
21
-4.4722792125984254
0
LINE
8
BLACK
6
CONTINUOUS
10
5.7680188976377949
20
-4.4722792125984254
11
5.7679463779527556
21
-4.4721041732283462
0
LINE
8
BLACK
6
CONTINUOUS
10
5.7679463779527556
20
-4.4721041732283462
11
5.7677889763779522
21
-4.4719987795275591
0
LINE
8
BLACK
6
CONTINUOUS
10
5.7677889763779522
20
-4.4719987795275591
11
5.7676850000000002
21
-4.4714731496062994
0
LINE
8
BLACK
6
CONTINUOUS
10
5.7676850000000002
20
-4.4714731496062994
11
5.7674799606299212
21
-4.4709781496062995
0
LINE
8
BLACK
6
CONTINUOUS
10
5.7674799606299212
20
-4.4709781496062995
11
5.7675524409448817
21
-4.4708031102362202
0
LINE
8
BLACK
6
CONTINUOUS
10
5.7675524409448817
20
-4.4708031102362202
11
5.7675157086614171
21
-4.4706172834645672
0
LINE
8
BLACK
6
CONTINUOUS
10
5.7675157086614171
20
-4.4706172834645672
11
5.767813818897638
21
-4.4701720866141734
0
LINE
8
BLACK
6
CONTINUOUS
10
5.767813818897638
20
-4.4701720866141734
11
5.7680188976377949
21
-4.4696770866141735
0
LINE
8
BLACK
6
CONTINUOUS
10
5.7680188976377949
20
-4.4696770866141735
11
5.7681938976377953
21
-4.4696045669291333
0
LINE
8
BLACK
6
CONTINUOUS
10
5.7681938976377953
20
-4.4696045669291333
11
5.7682993307086612
21
-4.4694471653543308
0
LINE
8
BLACK
6
CONTINUOUS
10
5.7682993307086612
20
-4.4694471653543308
11
5.7747648818897632
21
-4.4651367716535431
0
LINE
8
BLACK
6
CONTINUOUS
10
5.7747648818897632
20
-4.4651367716535431
11
5.7788362992125979
21
-4.4610653149606296
0
LINE
8
BLACK
6
CONTINUOUS
10
5.7788362992125979
20
-4.4610653149606296
11
5.7809085039370078
21
-4.4569209842519681
0
LINE
8
BLACK
6
CONTINUOUS
10
5.7809085039370078
20
-4.4569209842519681
11
5.7819724015748033
21
-4.455998307086614
0
LINE
8
BLACK
6
CONTINUOUS
10
5.7819724015748033
20
-4.455998307086614
11
5.7833771259842521
21
-4.45609811023622
0
LINE
8
BLACK
6
CONTINUOUS
10
5.7833771259842521
20
-4.45609811023622
11
5.7842998031496062
21
-4.4571620078740155
0
LINE
8
BLACK
6
CONTINUOUS
10
5.7842998031496062
20
-4.4571620078740155
11
5.7842000000000002
21
-4.4585667322834643
0
LINE
8
BLACK
6
CONTINUOUS
10
5.7842000000000002
20
-4.4585667322834643
11
5.7819942519685039
21
-4.4629781496062995
0
LINE
8
BLACK
6
CONTINUOUS
10
5.7819942519685039
20
-4.4629781496062995
11
5.7817654330708663
21
-4.4631765748031498
0
LINE
8
BLACK
6
CONTINUOUS
10
5.7817654330708663
20
-4.4631765748031498
11
5.7816495669291337
21
-4.4634563385826773
0
LINE
8
BLACK
6
CONTINUOUS
10
5.7816495669291337
20
-4.4634563385826773
11
5.7772381496062994
21
-4.4678677952755903
0
LINE
8
BLACK
6
CONTINUOUS
10
5.7772381496062994
20
-4.4678677952755903
11
5.7770631102362202
21
-4.4679402755905508
0
LINE
8
BLACK
6
CONTINUOUS
10
5.7770631102362202
20
-4.4679402755905508
11
5.7769577165354331
21
-4.468097716535433
0
LINE
8
BLACK
6
CONTINUOUS
10
5.7769577165354331
20
-4.468097716535433
11
5.7753970472440948
21
-4.469138149606299
0
LINE
8
BLACK
6
CONTINUOUS
10
5.7753970472440948
20
-4.469138149606299
11
5.7850152755905508
21
-4.469138149606299
0
LINE
8
BLACK
6
CONTINUOUS
10
5.7850152755905508
20
-4.469138149606299
11
5.7850152755905508
21
-4.4621886220472442
0
LINE
8
BLACK
6
CONTINUOUS
10
5.7850152755905508
20
-4.4621886220472442
11
5.7851791732283466
21
-4.4617929133858265
0
LINE
8
BLACK
6
CONTINUOUS
10
5.7851791732283466
20
-4.4617929133858265
11
5.7852095275590552
21
-4.4613657480314961
0
LINE
8
BLACK
6
CONTINUOUS
10
5.7852095275590552
20
-4.4613657480314961
11
5.7874152362204727
21
-4.4569542913385822
0
LINE
8
BLACK
6
CONTINUOUS
10
5.7874152362204727
20
-4.4569542913385822
11
5.7876440157480316
21
-4.4567558267716532
0
LINE
8
BLACK
6
CONTINUOUS
10
5.7876440157480316
20
-4.4567558267716532
11
5.7877599212598421
21
-4.4564760629921256
0
LINE
8
BLACK
6
CONTINUOUS
10
5.7877599212598421
20
-4.4564760629921256
11
5.7899656692913384
21
-4.4542703543307089
0
LINE
8
BLACK
6
CONTINUOUS
10
5.7899656692913384
20
-4.4542703543307089
11
5.7902454330708659
21
-4.4541544488188975
0
LINE
8
BLACK
6
CONTINUOUS
10
5.7902454330708659
20
-4.4541544488188975
11
5.7904438582677162
21
-4.4539257086614175
0
LINE
8
BLACK
6
CONTINUOUS
10
5.7904438582677162
20
-4.4539257086614175
11
5.791563779527559
21
-4.4533657480314961
0
LINE
8
BLACK
6
CONTINUOUS
10
5.791563779527559
20
-4.4533657480314961
11
5.7904438582677162
21
-4.4528057874015747
0
LINE
8
BLACK
6
CONTINUOUS
10
5.7904438582677162
20
-4.4528057874015747
11
5.7902454330708659
21
-4.4525770078740159
0
LINE
8
BLACK
6
CONTINUOUS
10
5.7902454330708659
20
-4.4525770078740159
11
5.7899656692913384
21
-4.4524611417322832
0
LINE
8
BLACK
6
CONTINUOUS
10
5.7899656692913384
20
-4.4524611417322832
11
5.7877599212598421
21
-4.4502554330708657
0
LINE
8
BLACK
6
CONTINUOUS
10
5.7877599212598421
20
-4.4502554330708657
11
5.7876440157480316
21
-4.4499756299212594
0
LINE
8
BLACK
6
CONTINUOUS
10
5.7876440157480316
20
-4.4499756299212594
11
5.7874152362204727
21
-4.4497772047244091
0
LINE
8
BLACK
6
CONTINUOUS
10
5.7874152362204727
20
-4.4497772047244091
11
5.7852095275590552
21
-4.4453657480314961
0
LINE
8
BLACK
6
CONTINUOUS
10
5.7852095275590552
20
-4.4453657480314961
11
5.7851791732283466
21
-4.4449385433070869
0
LINE
8
BLACK
6
CONTINUOUS
10
5.7851791732283466
20
-4.4449385433070869
11
5.7850152755905508
21
-4.444542874015748
0
LINE
8
BLACK
6
CONTINUOUS
10
5.7850152755905508
20
-4.444542874015748
11
5.7850152755905508
21
-4.4423371653543304
0
LINE
8
BLACK
6
CONTINUOUS
10
5.7850152755905508
20
-4.4423371653543304
11
5.7851791732283466
21
-4.4419414566929136
0
LINE
8
BLACK
6
CONTINUOUS
10
5.7851791732283466
20
-4.4419414566929136
11
5.7852095275590552
21
-4.4415142913385823
0
LINE
8
BLACK
6
CONTINUOUS
10
5.7852095275590552
20
-4.4415142913385823
11
5.7874152362204727
21
-4.4371028740157481
0
LINE
8
BLACK
6
CONTINUOUS
10
5.7874152362204727
20
-4.4371028740157481
11
5.7876440157480316
21
-4.4369044488188978
0
LINE
8
BLACK
6
CONTINUOUS
10
5.7876440157480316
20
-4.4369044488188978
11
5.7877599212598421
21
-4.4366246456692915
0
LINE
8
BLACK
6
CONTINUOUS
10
5.7877599212598421
20
-4.4366246456692915
11
5.7899656692913384
21
-4.4344189370078739
0
LINE
8
BLACK
6
CONTINUOUS
10
5.7899656692913384
20
-4.4344189370078739
11
5.7902454330708659
21
-4.4343030314960625
0
LINE
8
BLACK
6
CONTINUOUS
10
5.7902454330708659
20
-4.4343030314960625
11
5.7904438582677162
21
-4.4340742913385824
0
LINE
8
BLACK
6
CONTINUOUS
10
5.7904438582677162
20
-4.4340742913385824
11
5.7948552755905514
21
-4.4318685826771649
0
LINE
8
BLACK
6
CONTINUOUS
10
5.7948552755905514
20
-4.4318685826771649
11
5.7952824409448818
21
-4.4318382283464564
0
LINE
8
BLACK
6
CONTINUOUS
10
5.7952824409448818
20
-4.4318382283464564
11
5.7956781496062995
21
-4.4316743307086615
0
LINE
8
BLACK
6
CONTINUOUS
10
5.7956781496062995
20
-4.4316743307086615
11
5.8045009842519688
21
-4.4316743307086615
0
LINE
8
BLACK
6
CONTINUOUS
10
5.8045009842519688
20
-4.4316743307086615
11
5.8048966535433069
21
-4.4318382283464564
0
LINE
8
BLACK
6
CONTINUOUS
10
5.7905731889763778
20
-4.4743329527559057
11
5.7923566535433073
21
-4.4761163779527555
0
LINE
8
BLACK
6
CONTINUOUS
10
5.7923566535433073
20
-4.4761163779527555
11
5.7961125196850389
21
-4.4779943307086612
0
LINE
8
BLACK
6
CONTINUOUS
10
5.7961125196850389
20
-4.4779943307086612
11
5.8040666141732284
21
-4.4779943307086612
0
LINE
8
BLACK
6
CONTINUOUS
10
5.8040666141732284
20
-4.4779943307086612
11
5.8078224015748035
21
-4.4761164173228343
0
LINE
8
BLACK
6
CONTINUOUS
10
5.8078224015748035
20
-4.4761164173228343
11
5.8096059055118108
21
-4.4743329133858269
0
LINE
8
BLACK
6
CONTINUOUS
10
5.8096059055118108
20
-4.4743329133858269
11
5.8103633070866136
21
-4.4728181496062991
0
LINE
8
BLACK
6
CONTINUOUS
10
5.8103633070866136
20
-4.4728181496062991
11
5.789815787401575
21
-4.4728181496062991
0
LINE
8
BLACK
6
CONTINUOUS
10
5.789815787401575
20
-4.4728181496062991
11
5.7905731889763778
21
-4.4743329527559057
0
LINE
8
BLACK
6
CONTINUOUS
10
5.7923566535433073
20
-4.4570836614173226
11
5.7905731496062991
21
-4.4588671653543308
0
LINE
8
BLACK
6
CONTINUOUS
10
5.7905731496062991
20
-4.4588671653543308
11
5.788695275590551
21
-4.4626229527559058
0
LINE
8
BLACK
6
CONTINUOUS
10
5.788695275590551
20
-4.4626229527559058
11
5.788695275590551
21
-4.469138149606299
0
LINE
8
BLACK
6
CONTINUOUS
10
5.788695275590551
20
-4.469138149606299
11
5.8114838582677164
21
-4.469138149606299
0
LINE
8
BLACK
6
CONTINUOUS
10
5.8114838582677164
20
-4.469138149606299
11
5.8114838582677164
21
-4.4626229527559058
0
LINE
8
BLACK
6
CONTINUOUS
10
5.8114838582677164
20
-4.4626229527559058
11
5.8096059055118108
21
-4.4588670866141733
0
LINE
8
BLACK
6
CONTINUOUS
10
5.8096059055118108
20
-4.4588670866141733
11
5.8078224803149601
21
-4.4570836614173226
0
LINE
8
BLACK
6
CONTINUOUS
10
5.8078224803149601
20
-4.4570836614173226
11
5.8040666141732284
21
-4.4552057480314957
0
LINE
8
BLACK
6
CONTINUOUS
10
5.8040666141732284
20
-4.4552057480314957
11
5.7961125196850389
21
-4.4552057480314957
0
LINE
8
BLACK
6
CONTINUOUS
10
5.7961125196850389
20
-4.4552057480314957
11
5.7923566535433073
21
-4.4570836614173226
0
LINE
8
BLACK
6
CONTINUOUS
10
5.7923566535433073
20
-4.4372322440944885
11
5.7905731496062991
21
-4.439015708661417
0
LINE
8
BLACK
6
CONTINUOUS
10
5.7905731496062991
20
-4.439015708661417
11
5.788695275590551
21
-4.4427715354330708
0
LINE
8
BLACK
6
CONTINUOUS
10
5.788695275590551
20
-4.4427715354330708
11
5.788695275590551
21
-4.4441085039370076
0
LINE
8
BLACK
6
CONTINUOUS
10
5.788695275590551
20
-4.4441085039370076
11
5.7905731496062991
21
-4.4478642913385826
0
LINE
8
BLACK
6
CONTINUOUS
10
5.7905731496062991
20
-4.4478642913385826
11
5.7923566535433073
21
-4.4496477952755908
0
LINE
8
BLACK
6
CONTINUOUS
10
5.7923566535433073
20
-4.4496477952755908
11
5.7961125196850389
21
-4.4515257480314956
0
LINE
8
BLACK
6
CONTINUOUS
10
5.7961125196850389
20
-4.4515257480314956
11
5.8040666141732284
21
-4.4515257480314956
0
LINE
8
BLACK
6
CONTINUOUS
10
5.8040666141732284
20
-4.4515257480314956
11
5.8078224803149601
21
-4.4496477952755908
0
LINE
8
BLACK
6
CONTINUOUS
10
5.8078224803149601
20
-4.4496477952755908
11
5.8096059055118108
21
-4.4478643700787401
0
LINE
8
BLACK
6
CONTINUOUS
10
5.8096059055118108
20
-4.4478643700787401
11
5.8114838582677164
21
-4.4441085039370076
0
LINE
8
BLACK
6
CONTINUOUS
10
5.8114838582677164
20
-4.4441085039370076
11
5.8114838582677164
21
-4.4427715354330708
0
LINE
8
BLACK
6
CONTINUOUS
10
5.8114838582677164
20
-4.4427715354330708
11
5.8096059055118108
21
-4.4390156692913383
0
LINE
8
BLACK
6
CONTINUOUS
10
5.8096059055118108
20
-4.4390156692913383
11
5.8078224803149601
21
-4.4372322440944885
0
LINE
8
BLACK
6
CONTINUOUS
10
5.8078224803149601
20
-4.4372322440944885
11
5.8040666141732284
21
-4.4353543307086616
0
LINE
8
BLACK
6
CONTINUOUS
10
5.8040666141732284
20
-4.4353543307086616
11
5.7961125196850389
21
-4.4353543307086616
0
LINE
8
BLACK
6
CONTINUOUS
10
5.7961125196850389
20
-4.4353543307086616
11
5.7923566535433073
21
-4.4372322440944885
0
LINE
8
BLACK
6
CONTINUOUS
10
5.7949040944881887
20
-4.3176281889763777
11
5.7951348818897639
21
-4.317593858267716
0
LINE
8
BLACK
6
CONTINUOUS
10
5.7951348818897639
20
-4.317593858267716
11
5.8039577165354332
21
-4.3197995669291336
0
LINE
8
BLACK
6
CONTINUOUS
10
5.8039577165354332
20
-4.3197995669291336
11
5.8041257480314963
21
-4.3199240551181104
0
LINE
8
BLACK
6
CONTINUOUS
10
5.8041257480314963
20
-4.3199240551181104
11
5.8043343307086612
21
-4.3199388976377948
0
LINE
8
BLACK
6
CONTINUOUS
10
5.8043343307086612
20
-4.3199388976377948
11
5.8087457480314963
21
-4.3221446062992124
0
LINE
8
BLACK
6
CONTINUOUS
10
5.8087457480314963
20
-4.3221446062992124
11
5.8089441732283467
21
-4.3223733858267712
0
LINE
8
BLACK
6
CONTINUOUS
10
5.8089441732283467
20
-4.3223733858267712
11
5.8092239370078742
21
-4.3224892913385826
0
LINE
8
BLACK
6
CONTINUOUS
10
5.8092239370078742
20
-4.3224892913385826
11
5.8114297244094484
21
-4.3246950393700789
0
LINE
8
BLACK
6
CONTINUOUS
10
5.8114297244094484
20
-4.3246950393700789
11
5.811545590551181
21
-4.3249748031496065
0
LINE
8
BLACK
6
CONTINUOUS
10
5.811545590551181
20
-4.3249748031496065
11
5.8117743700787399
21
-4.3251732283464568
0
LINE
8
BLACK
6
CONTINUOUS
10
5.8117743700787399
20
-4.3251732283464568
11
5.8139800787401574
21
-4.329584645669291
0
LINE
8
BLACK
6
CONTINUOUS
10
5.8139800787401574
20
-4.329584645669291
11
5.8140103937007872
21
-4.3300118110236223
0
LINE
8
BLACK
6
CONTINUOUS
10
5.8140103937007872
20
-4.3300118110236223
11
5.8141743307086609
21
-4.3304075196850391
0
LINE
8
BLACK
6
CONTINUOUS
10
5.8141743307086609
20
-4.3304075196850391
11
5.8141743307086609
21
-4.3348189370078742
0
LINE
8
BLACK
6
CONTINUOUS
10
5.8141743307086609
20
-4.3348189370078742
11
5.8140103937007872
21
-4.3352146062992123
0
LINE
8
BLACK
6
CONTINUOUS
10
5.8140103937007872
20
-4.3352146062992123
11
5.8139800787401574
21
-4.3356418110236223
0
LINE
8
BLACK
6
CONTINUOUS
10
5.8139800787401574
20
-4.3356418110236223
11
5.8117743700787399
21
-4.3400532283464566
0
LINE
8
BLACK
6
CONTINUOUS
10
5.8117743700787399
20
-4.3400532283464566
11
5.811545590551181
21
-4.3402516141732281
0
LINE
8
BLACK
6
CONTINUOUS
10
5.811545590551181
20
-4.3402516141732281
11
5.8114297244094484
21
-4.3405314173228344
0
LINE
8
BLACK
6
CONTINUOUS
10
5.8114297244094484
20
-4.3405314173228344
11
5.8092239370078742
21
-4.3427371653543307
0
LINE
8
BLACK
6
CONTINUOUS
10
5.8092239370078742
20
-4.3427371653543307
11
5.8089441732283467
21
-4.3428530314960625
0
LINE
8
BLACK
6
CONTINUOUS
10
5.8089441732283467
20
-4.3428530314960625
11
5.8087457480314963
21
-4.343081850393701
0
LINE
8
BLACK
6
CONTINUOUS
10
5.8087457480314963
20
-4.343081850393701
11
5.8043343307086612
21
-4.3452875590551177
0
LINE
8
BLACK
6
CONTINUOUS
10
5.8043343307086612
20
-4.3452875590551177
11
5.8041257480314963
21
-4.3453023622047242
0
LINE
8
BLACK
6
CONTINUOUS
10
5.8041257480314963
20
-4.3453023622047242
11
5.8039577165354332
21
-4.3454268897637798
0
LINE
8
BLACK
6
CONTINUOUS
10
5.8039577165354332
20
-4.3454268897637798
11
5.7951348818897639
21
-4.3476325984251964
0
LINE
8
BLACK
6
CONTINUOUS
10
5.7951348818897639
20
-4.3476325984251964
11
5.7950905511811026
21
-4.3476259842519687
0
LINE
8
BLACK
6
CONTINUOUS
10
5.7950905511811026
20
-4.3476259842519687
11
5.7950905511811026
21
-4.3549999999999995
0
LINE
8
BLACK
6
CONTINUOUS
10
5.7950905511811026
20
-4.3549999999999995
11
5.7944842519685036
21
-4.3549999999999995
0
LINE
8
BLACK
6
CONTINUOUS
10
5.7944842519685036
20
-4.3549999999999995
11
5.7944842519685036
21
-4.3638589370078735
0
LINE
8
BLACK
6
CONTINUOUS
10
5.7944842519685036
20
-4.3638589370078735
11
5.8179999999999996
21
-4.3638589370078735
0
LINE
8
BLACK
6
CONTINUOUS
10
5.8179999999999996
20
-4.3638589370078735
11
5.8179999999999996
21
-4.3529685039370074
0
LINE
8
BLACK
6
CONTINUOUS
10
5.8179999999999996
20
-4.3529685039370074
11
5.8750905511811018
21
-4.3529685039370074
0
LINE
8
BLACK
6
CONTINUOUS
10
5.8750905511811018
20
-4.3529685039370074
11
5.8750905511811018
21
-4.3825000000000003
0
LINE
8
BLACK
6
CONTINUOUS
10
5.8750905511811018
20
-4.3825000000000003
11
5.8744842519685037
21
-4.3825000000000003
0
LINE
8
BLACK
6
CONTINUOUS
10
5.8744842519685037
20
-4.3825000000000003
11
5.8744842519685037
21
-4.4099685039370078
0
LINE
8
BLACK
6
CONTINUOUS
10
5.8744842519685037
20
-4.4099685039370078
11
5.8750905511811018
21
-4.4099685039370078
0
LINE
8
BLACK
6
CONTINUOUS
10
5.8750905511811018
20
-4.4099685039370078
11
5.8750905511811018
21
-4.4394999999999998
0
LINE
8
BLACK
6
CONTINUOUS
10
5.8750905511811018
20
-4.4394999999999998
11
5.8580796456692914
21
-4.4394999999999998
0
LINE
8
BLACK
6
CONTINUOUS
10
5.8580796456692914
20
-4.4394999999999998
11
5.857438149606299
21
-4.4397657086614171
0
LINE
8
BLACK
6
CONTINUOUS
10
5.857438149606299
20
-4.4397657086614171
11
5.8567966141732279
21
-4.4394999999999998
0
LINE
8
BLACK
6
CONTINUOUS
10
5.8567966141732279
20
-4.4394999999999998
11
5.8344453149606297
21
-4.4394999999999998
0
LINE
8
BLACK
6
CONTINUOUS
10
5.8344453149606297
20
-4.4394999999999998
11
5.832809566929134
21
-4.4427715354330708
0
LINE
8
BLACK
6
CONTINUOUS
10
5.832809566929134
20
-4.4427715354330708
11
5.832809566929134
21
-4.4464499999999996
0
LINE
8
BLACK
6
CONTINUOUS
10
5.832809566929134
20
-4.4464499999999996
11
5.8347835039370075
21
-4.4523718503937006
0
LINE
8
BLACK
6
CONTINUOUS
10
5.8347835039370075
20
-4.4523718503937006
11
5.8609449606299213
21
-4.4785332677165357
0
LINE
8
BLACK
6
CONTINUOUS
10
5.8609449606299213
20
-4.4785332677165357
11
5.8614838582677162
21
-4.4798343307086617
0
LINE
8
BLACK
6
CONTINUOUS
10
5.8614838582677162
20
-4.4798343307086617
11
5.8609449606299213
21
-4.4811354330708664
0
LINE
8
BLACK
6
CONTINUOUS
10
5.8609449606299213
20
-4.4811354330708664
11
5.8596438582677166
21
-4.4816743307086613
0
LINE
8
BLACK
6
CONTINUOUS
10
5.8596438582677166
20
-4.4816743307086613
11
5.8309695669291335
21
-4.4816743307086613
0
LINE
8
BLACK
6
CONTINUOUS
10
5.8309695669291335
20
-4.4816743307086613
11
5.8296685039370075
21
-4.4811353937007876
0
LINE
8
BLACK
6
CONTINUOUS
10
5.8296685039370075
20
-4.4811353937007876
11
5.8291295669291339
21
-4.4798343307086617
0
LINE
8
BLACK
6
CONTINUOUS
10
5.8291295669291339
20
-4.4798343307086617
11
5.8296685039370075
21
-4.4785332677165357
0
LINE
8
BLACK
6
CONTINUOUS
10
5.8296685039370075
20
-4.4785332677165357
11
5.8309695669291335
21
-4.4779943307086612
0
LINE
8
BLACK
6
CONTINUOUS
10
5.8309695669291335
20
-4.4779943307086612
11
5.8552016929133854
21
-4.4779943307086612
0
LINE
8
BLACK
6
CONTINUOUS
10
5.8552016929133854
20
-4.4779943307086612
11
5.8318742125984251
21
-4.4546668110236221
0
LINE
8
BLACK
6
CONTINUOUS
10
5.8318742125984251
20
-4.4546668110236221
11
5.8317103543307089
21
-4.4542712204724406
0
LINE
8
BLACK
6
CONTINUOUS
10
5.8317103543307089
20
-4.4542712204724406
11
5.8314296850393701
21
-4.4539476377952756
0
LINE
8
BLACK
6
CONTINUOUS
10
5.8314296850393701
20
-4.4539476377952756
11
5.8292239763779525
21
-4.447330472440945
0
LINE
8
BLACK
6
CONTINUOUS
10
5.8292239763779525
20
-4.447330472440945
11
5.8292454330708656
21
-4.4470283464566931
0
LINE
8
BLACK
6
CONTINUOUS
10
5.8292454330708656
20
-4.4470283464566931
11
5.8291295669291339
21
-4.4467486220472443
0
LINE
8
BLACK
6
CONTINUOUS
10
5.8291295669291339
20
-4.4467486220472443
11
5.8291295669291339
21
-4.4423371653543304
0
LINE
8
BLACK
6
CONTINUOUS
10
5.8291295669291339
20
-4.4423371653543304
11
5.8292934645669288
21
-4.4419414566929136
0
LINE
8
BLACK
6
CONTINUOUS
10
5.8292934645669288
20
-4.4419414566929136
11
5.8293238188976373
21
-4.4415142913385823
0
LINE
8
BLACK
6
CONTINUOUS
10
5.8293238188976373
20
-4.4415142913385823
11
5.8303309842519679
21
-4.4394999999999998
0
LINE
8
BLACK
6
CONTINUOUS
10
5.8303309842519679
20
-4.4394999999999998
11
5.8179999999999996
21
-4.4394999999999998
0
LINE
8
BLACK
6
CONTINUOUS
10
5.8179999999999996
20
-4.4394999999999998
11
5.8179999999999996
21
-4.4099685039370078
0
LINE
8
BLACK
6
CONTINUOUS
10
5.8179999999999996
20
-4.4099685039370078
11
5.818515748031496
21
-4.4099685039370078
0
LINE
8
BLACK
6
CONTINUOUS
10
5.818515748031496
20
-4.4099685039370078
11
5.818515748031496
21
-4.3825000000000003
0
LINE
8
BLACK
6
CONTINUOUS
10
5.818515748031496
20
-4.3825000000000003
11
5.8179999999999996
21
-4.3825000000000003
0
LINE
8
BLACK
6
CONTINUOUS
10
5.8179999999999996
20
-4.3825000000000003
11
5.8179999999999996
21
-4.3675389370078737
0
LINE
8
BLACK
6
CONTINUOUS
10
5.8179999999999996
20
-4.3675389370078737
11
5.8131057874015744
21
-4.3675389370078737
0
LINE
8
BLACK
6
CONTINUOUS
10
5.8131057874015744
20
-4.3675389370078737
11
5.8139800787401574
21
-4.3692875590551177
0
LINE
8
BLACK
6
CONTINUOUS
10
5.8139800787401574
20
-4.3692875590551177
11
5.8140103937007872
21
-4.3697146850393702
0
LINE
8
BLACK
6
CONTINUOUS
10
5.8140103937007872
20
-4.3697146850393702
11
5.8141743307086609
21
-4.370110393700787
0
LINE
8
BLACK
6
CONTINUOUS
10
5.8141743307086609
20
-4.370110393700787
11
5.8141743307086609
21
-4.3789332283464564
0
LINE
8
BLACK
6
CONTINUOUS
10
5.8141743307086609
20
-4.3789332283464564
11
5.8140103937007872
21
-4.3793288976377953
0
LINE
8
BLACK
6
CONTINUOUS
10
5.8140103937007872
20
-4.3793288976377953
11
5.8139800787401574
21
-4.3797561023622045
0
LINE
8
BLACK
6
CONTINUOUS
10
5.8139800787401574
20
-4.3797561023622045
11
5.8117743700787399
21
-4.3841675196850396
0
LINE
8
BLACK
6
CONTINUOUS
10
5.8117743700787399
20
-4.3841675196850396
11
5.811545590551181
21
-4.3843659055118112
0
LINE
8
BLACK
6
CONTINUOUS
10
5.811545590551181
20
-4.3843659055118112
11
5.8114297244094484
21
-4.3846457086614175
0
LINE
8
BLACK
6
CONTINUOUS
10
5.8114297244094484
20
-4.3846457086614175
11
5.8092239370078742
21
-4.3868514566929129
0
LINE
8
BLACK
6
CONTINUOUS
10
5.8092239370078742
20
-4.3868514566929129
11
5.8089441732283467
21
-4.3869673228346455
0
LINE
8
BLACK
6
CONTINUOUS
10
5.8089441732283467
20
-4.3869673228346455
11
5.8087457480314963
21
-4.3871961417322831
0
LINE
8
BLACK
6
CONTINUOUS
10
5.8087457480314963
20
-4.3871961417322831
11
5.8043343307086612
21
-4.3894018503937007
0
LINE
8
BLACK
6
CONTINUOUS
10
5.8043343307086612
20
-4.3894018503937007
11
5.8039071259842521
21
-4.3894321653543305
0
LINE
8
BLACK
6
CONTINUOUS
10
5.8039071259842521
20
-4.3894321653543305
11
5.8035114566929131
21
-4.389596102362205
0
LINE
8
BLACK
6
CONTINUOUS
10
5.8035114566929131
20
-4.389596102362205
11
5.7950905511811026
21
-4.389596102362205
0
LINE
8
BLACK
6
CONTINUOUS
10
5.7950905511811026
20
-4.389596102362205
11
5.7950905511811026
21
-4.4119999999999999
0
LINE
8
BLACK
6
CONTINUOUS
10
5.7950905511811026
20
-4.4119999999999999
11
5.7379999999999995
21
-4.4119999999999999
0
LINE
8
BLACK
6
CONTINUOUS
10
5.7379999999999995
20
-4.4119999999999999
11
5.7379999999999995
21
-4.3824685039370079
0
LINE
8
BLACK
6
CONTINUOUS
10
5.7379999999999995
20
-4.3824685039370079
11
5.7385157480314959
21
-4.3824685039370079
0
LINE
8
BLACK
6
CONTINUOUS
10
5.7385157480314959
20
-4.3824685039370079
11
5.7385157480314959
21
-4.3549999999999995
0
LINE
8
BLACK
6
CONTINUOUS
10
5.7385157480314959
20
-4.3549999999999995
11
5.7379999999999995
21
-4.3549999999999995
0
LINE
8
BLACK
6
CONTINUOUS
10
5.7379999999999995
20
-4.3549999999999995
11
5.7379999999999995
21
-4.3254685039370075
0
LINE
8
BLACK
6
CONTINUOUS
10
5.7379999999999995
20
-4.3254685039370075
11
5.7664266535433066
21
-4.3254685039370075
0
LINE
8
BLACK
6
CONTINUOUS
10
5.7664266535433066
20
-4.3254685039370075
11
5.7665742913385829
21
-4.3251732283464568
0
LINE
8
BLACK
6
CONTINUOUS
10
5.7665742913385829
20
-4.3251732283464568
11
5.766803031496063
21
-4.3249748031496065
0
LINE
8
BLACK
6
CONTINUOUS
10
5.766803031496063
20
-4.3249748031496065
11
5.7669189370078735
21
-4.3246950393700789
0
LINE
8
BLACK
6
CONTINUOUS
10
5.7669189370078735
20
-4.3246950393700789
11
5.7691246456692911
21
-4.3224892913385826
0
LINE
8
BLACK
6
CONTINUOUS
10
5.7691246456692911
20
-4.3224892913385826
11
5.7694044488188974
21
-4.3223733858267712
0
LINE
8
BLACK
6
CONTINUOUS
10
5.7694044488188974
20
-4.3223733858267712
11
5.7696028740157477
21
-4.3221446062992124
0
LINE
8
BLACK
6
CONTINUOUS
10
5.7696028740157477
20
-4.3221446062992124
11
5.7740142913385828
21
-4.3199388976377948
0
LINE
8
BLACK
6
CONTINUOUS
10
5.7740142913385828
20
-4.3199388976377948
11
5.774222834645669
21
-4.3199240551181104
0
LINE
8
BLACK
6
CONTINUOUS
10
5.774222834645669
20
-4.3199240551181104
11
5.7743909055118108
21
-4.3197995669291336
0
LINE
8
BLACK
6
CONTINUOUS
10
5.7743909055118108
20
-4.3197995669291336
11
5.7832137795275589
21
-4.317593858267716
0
LINE
8
BLACK
6
CONTINUOUS
10
5.7832137795275589
20
-4.317593858267716
11
5.7834445275590554
21
-4.3176281889763777
0
LINE
8
BLACK
6
CONTINUOUS
10
5.7834445275590554
20
-4.3176281889763777
11
5.783660039370079
21
-4.3175389370078738
0
LINE
8
BLACK
6
CONTINUOUS
10
5.783660039370079
20
-4.3175389370078738
11
5.7946886220472438
21
-4.3175389370078738
0
LINE
8
BLACK
6
CONTINUOUS
10
5.7946886220472438
20
-4.3175389370078738
11
5.7949040944881887
21
-4.3176281889763777
0
LINE
8
BLACK
6
CONTINUOUS
10
5.8225157480314955
20
-4.3825000000000003
11
5.8225157480314955
21
-4.4099685039370078
0
LINE
8
BLACK
6
CONTINUOUS
10
5.8225157480314955
20
-4.4099685039370078
11
5.8704842519685041
21
-4.4099685039370078
0
LINE
8
BLACK
6
CONTINUOUS
10
5.8704842519685041
20
-4.4099685039370078
11
5.8704842519685041
21
-4.3825000000000003
0
LINE
8
BLACK
6
CONTINUOUS
10
5.8704842519685041
20
-4.3825000000000003
11
5.8225157480314955
21
-4.3825000000000003
0
LINE
8
BLACK
6
CONTINUOUS
10
5.7944842519685036
20
-4.3824685039370079
11
5.7950905511811026
21
-4.3824685039370079
0
LINE
8
BLACK
6
CONTINUOUS
10
5.7950905511811026
20
-4.3824685039370079
11
5.7950905511811026
21
-4.3859161023622049
0
LINE
8
BLACK
6
CONTINUOUS
10
5.7950905511811026
20
-4.3859161023622049
11
5.8030770866141728
21
-4.3859161023622049
0
LINE
8
BLACK
6
CONTINUOUS
10
5.8030770866141728
20
-4.3859161023622049
11
5.8068329527559053
21
-4.3840381496062992
0
LINE
8
BLACK
6
CONTINUOUS
10
5.8068329527559053
20
-4.3840381496062992
11
5.808616377952756
21
-4.3822546850393698
0
LINE
8
BLACK
6
CONTINUOUS
10
5.808616377952756
20
-4.3822546850393698
11
5.8104943307086616
21
-4.378498858267716
0
LINE
8
BLACK
6
CONTINUOUS
10
5.8104943307086616
20
-4.378498858267716
11
5.8104943307086616
21
-4.3705447244094486
0
LINE
8
BLACK
6
CONTINUOUS
10
5.8104943307086616
20
-4.3705447244094486
11
5.8089914173228347
21
-4.3675389370078737
0
LINE
8
BLACK
6
CONTINUOUS
10
5.8089914173228347
20
-4.3675389370078737
11
5.7944842519685036
21
-4.3675389370078737
0
LINE
8
BLACK
6
CONTINUOUS
10
5.7944842519685036
20
-4.3675389370078737
11
5.7944842519685036
21
-4.3824685039370079
0
LINE
8
BLACK
6
CONTINUOUS
10
5.7425157480314963
20
-4.3549999999999995
11
5.7425157480314963
21
-4.3824685039370079
0
LINE
8
BLACK
6
CONTINUOUS
10
5.7425157480314963
20
-4.3824685039370079
11
5.7811647637795271
21
-4.3824685039370079
0
LINE
8
BLACK
6
CONTINUOUS
10
5.7811647637795271
20
-4.3824685039370079
11
5.7798085826771652
21
-4.3797561023622045
0
LINE
8
BLACK
6
CONTINUOUS
10
5.7798085826771652
20
-4.3797561023622045
11
5.7797782283464567
21
-4.3793288976377953
0
LINE
8
BLACK
6
CONTINUOUS
10
5.7797782283464567
20
-4.3793288976377953
11
5.7796143307086609
21
-4.3789332283464564
0
LINE
8
BLACK
6
CONTINUOUS
10
5.7796143307086609
20
-4.3789332283464564
11
5.7796143307086609
21
-4.370110393700787
0
LINE
8
BLACK
6
CONTINUOUS
10
5.7796143307086609
20
-4.370110393700787
11
5.7797782283464567
21
-4.3697146850393702
0
LINE
8
BLACK
6
CONTINUOUS
10
5.7797782283464567
20
-4.3697146850393702
11
5.7798085826771652
21
-4.3692875196850389
0
LINE
8
BLACK
6
CONTINUOUS
10
5.7798085826771652
20
-4.3692875196850389
11
5.7808151968503934
21
-4.3672741732283464
0
LINE
8
BLACK
6
CONTINUOUS
10
5.7808151968503934
20
-4.3672741732283464
11
5.7801532677165355
21
-4.367
0
LINE
8
BLACK
6
CONTINUOUS
10
5.7801532677165355
20
-4.367
11
5.7796143307086609
21
-4.365698937007874
0
LINE
8
BLACK
6
CONTINUOUS
10
5.7796143307086609
20
-4.365698937007874
11
5.7801532677165355
21
-4.3643978740157481
0
LINE
8
BLACK
6
CONTINUOUS
10
5.7801532677165355
20
-4.3643978740157481
11
5.7814543307086614
21
-4.3638589370078735
0
LINE
8
BLACK
6
CONTINUOUS
10
5.7814543307086614
20
-4.3638589370078735
11
5.790484251968504
21
-4.3638589370078735
0
LINE
8
BLACK
6
CONTINUOUS
10
5.790484251968504
20
-4.3638589370078735
11
5.790484251968504
21
-4.3549999999999995
0
LINE
8
BLACK
6
CONTINUOUS
10
5.790484251968504
20
-4.3549999999999995
11
5.7425157480314963
21
-4.3549999999999995
0
LINE
8
BLACK
6
CONTINUOUS
10
5.7832943307086611
20
-4.3705447244094486
11
5.7832943307086611
21
-4.378498858267716
0
LINE
8
BLACK
6
CONTINUOUS
10
5.7832943307086611
20
-4.378498858267716
11
5.7851722440944879
21
-4.3822546850393698
0
LINE
8
BLACK
6
CONTINUOUS
10
5.7851722440944879
20
-4.3822546850393698
11
5.7853860629921261
21
-4.3824685039370079
0
LINE
8
BLACK
6
CONTINUOUS
10
5.7853860629921261
20
-4.3824685039370079
11
5.790484251968504
21
-4.3824685039370079
0
LINE
8
BLACK
6
CONTINUOUS
10
5.790484251968504
20
-4.3824685039370079
11
5.790484251968504
21
-4.3675389370078737
0
LINE
8
BLACK
6
CONTINUOUS
10
5.790484251968504
20
-4.3675389370078737
11
5.7847972047244092
21
-4.3675389370078737
0
LINE
8
BLACK
6
CONTINUOUS
10
5.7847972047244092
20
-4.3675389370078737
11
5.7832943307086611
21
-4.3705447244094486
0
LINE
8
BLACK
6
CONTINUOUS
10
5.7754792913385824
20
-4.3233207480314961
11
5.7715157086614175
21
-4.3253025196850396
0
LINE
8
BLACK
6
CONTINUOUS
10
5.7715157086614175
20
-4.3253025196850396
11
5.7713497244094487
21
-4.3254685039370075
0
LINE
8
BLACK
6
CONTINUOUS
10
5.7713497244094487
20
-4.3254685039370075
11
5.7950905511811026
21
-4.3254685039370075
0
LINE
8
BLACK
6
CONTINUOUS
10
5.7950905511811026
20
-4.3254685039370075
11
5.7950905511811026
21
-4.3438503937007873
0
LINE
8
BLACK
6
CONTINUOUS
10
5.7950905511811026
20
-4.3438503937007873
11
5.8028692913385829
21
-4.3419057086614172
0
LINE
8
BLACK
6
CONTINUOUS
10
5.8028692913385829
20
-4.3419057086614172
11
5.8068329527559053
21
-4.3399238582677162
0
LINE
8
BLACK
6
CONTINUOUS
10
5.8068329527559053
20
-4.3399238582677162
11
5.808616377952756
21
-4.3381403937007876
0
LINE
8
BLACK
6
CONTINUOUS
10
5.808616377952756
20
-4.3381403937007876
11
5.8104943307086616
21
-4.3343845669291339
0
LINE
8
BLACK
6
CONTINUOUS
10
5.8104943307086616
20
-4.3343845669291339
11
5.8104943307086616
21
-4.3308418897637795
0
LINE
8
BLACK
6
CONTINUOUS
10
5.8104943307086616
20
-4.3308418897637795
11
5.808616377952756
21
-4.327086023622047
0
LINE
8
BLACK
6
CONTINUOUS
10
5.808616377952756
20
-4.327086023622047
11
5.8068329527559053
21
-4.3253025590551184
0
LINE
8
BLACK
6
CONTINUOUS
10
5.8068329527559053
20
-4.3253025590551184
11
5.8028692913385829
21
-4.3233207480314961
0
LINE
8
BLACK
6
CONTINUOUS
10
5.8028692913385829
20
-4.3233207480314961
11
5.7944620472440942
21
-4.321218937007874
0
LINE
8
BLACK
6
CONTINUOUS
10
5.7944620472440942
20
-4.321218937007874
11
5.7838866141732286
21
-4.321218937007874
0
LINE
8
BLACK
6
CONTINUOUS
10
5.7838866141732286
20
-4.321218937007874
11
5.7754792913385824
21
-4.3233207480314961
0
LINE
8
BLACK
6
CONTINUOUS
10
5.7727163385826774
20
-4.4322132677165351
11
5.7732552755905511
21
-4.4335143307086611
0
LINE
8
BLACK
6
CONTINUOUS
10
5.7732552755905511
20
-4.4335143307086611
11
5.7727163385826774
21
-4.434815393700787
0
LINE
8
BLACK
6
CONTINUOUS
10
5.7727163385826774
20
-4.434815393700787
11
5.7714152755905515
21
-4.4353543307086616
0
LINE
8
BLACK
6
CONTINUOUS
10
5.7714152755905515
20
-4.4353543307086616
11
5.7433257086614171
21
-4.4353543307086616
0
LINE
8
BLACK
6
CONTINUOUS
10
5.7433257086614171
20
-4.4353543307086616
11
5.7620779133858262
21
-4.4791095275590553
0
LINE
8
BLACK
6
CONTINUOUS
10
5.7620779133858262
20
-4.4791095275590553
11
5.762095078740157
21
-4.4805176771653539
0
LINE
8
BLACK
6
CONTINUOUS
10
5.762095078740157
20
-4.4805176771653539
11
5.7611114960629921
21
-4.4815255511811021
0
LINE
8
BLACK
6
CONTINUOUS
10
5.7611114960629921
20
-4.4815255511811021
11
5.7597033464566927
21
-4.4815427165354329
0
LINE
8
BLACK
6
CONTINUOUS
10
5.7597033464566927
20
-4.4815427165354329
11
5.7586954724409445
21
-4.480559133858268
0
LINE
8
BLACK
6
CONTINUOUS
10
5.7586954724409445
20
-4.480559133858268
11
5.7388440551181104
21
-4.4342391338582674
0
LINE
8
BLACK
6
CONTINUOUS
10
5.7388440551181104
20
-4.4342391338582674
11
5.7388394488188972
21
-4.4338624015748032
0
LINE
8
BLACK
6
CONTINUOUS
10
5.7388394488188972
20
-4.4338624015748032
11
5.7386952755905511
21
-4.4335143307086611
0
LINE
8
BLACK
6
CONTINUOUS
10
5.7386952755905511
20
-4.4335143307086611
11
5.7388311811023618
21
-4.4331861417322838
0
LINE
8
BLACK
6
CONTINUOUS
10
5.7388311811023618
20
-4.4331861417322838
11
5.7388268897637795
21
-4.432830984251968
0
LINE
8
BLACK
6
CONTINUOUS
10
5.7388268897637795
20
-4.432830984251968
11
5.73909
21
-4.4325613385826772
0
LINE
8
BLACK
6
CONTINUOUS
10
5.73909
20
-4.4325613385826772
11
5.7392342125984248
21
-4.4322132677165351
0
LINE
8
BLACK
6
CONTINUOUS
10
5.7392342125984248
20
-4.4322132677165351
11
5.7395623622047243
21
-4.4320773228346457
0
LINE
8
BLACK
6
CONTINUOUS
10
5.7395623622047243
20
-4.4320773228346457
11
5.7398104724409444
21
-4.4318231102362207
0
LINE
8
BLACK
6
CONTINUOUS
10
5.7398104724409444
20
-4.4318231102362207
11
5.7401871653543308
21
-4.4318185039370075
0
LINE
8
BLACK
6
CONTINUOUS
10
5.7401871653543308
20
-4.4318185039370075
11
5.7405352755905508
21
-4.4316743307086615
0
LINE
8
BLACK
6
CONTINUOUS
10
5.7405352755905508
20
-4.4316743307086615
11
5.7714152755905515
21
-4.4316743307086615
0
LINE
8
BLACK
6
CONTINUOUS
10
5.7714152755905515
20
-4.4316743307086615
11
5.7727163385826774
21
-4.4322132677165351
0
LINE
8
BLACK
6
CONTINUOUS
10
5.6619410236220471
20
-4.4289427952755904
11
5.6624799606299208
21
-4.4302438582677164
0
LINE
8
BLACK
6
CONTINUOUS
10
5.6624799606299208
20
-4.4302438582677164
11
5.6624799606299208
21
-4.4567124409448819
0
LINE
8
BLACK
6
CONTINUOUS
10
5.6624799606299208
20
-4.4567124409448819
11
5.6619410236220471
21
-4.4580135039370079
0
LINE
8
BLACK
6
CONTINUOUS
10
5.6619410236220471
20
-4.4580135039370079
11
5.6606399606299211
21
-4.4585524409448816
0
LINE
8
BLACK
6
CONTINUOUS
10
5.6606399606299211
20
-4.4585524409448816
11
5.6593388976377952
21
-4.4580135039370079
0
LINE
8
BLACK
6
CONTINUOUS
10
5.6593388976377952
20
-4.4580135039370079
11
5.6587999606299215
21
-4.4567124409448819
0
LINE
8
BLACK
6
CONTINUOUS
10
5.6587999606299215
20
-4.4567124409448819
11
5.6587999606299215
21
-4.4453181496062992
0
LINE
8
BLACK
6
CONTINUOUS
10
5.6587999606299215
20
-4.4453181496062992
11
5.6143199606299214
21
-4.4453181496062992
0
LINE
8
BLACK
6
CONTINUOUS
10
5.6143199606299214
20
-4.4453181496062992
11
5.6141449212598422
21
-4.4452456299212599
0
LINE
8
BLACK
6
CONTINUOUS
10
5.6141449212598422
20
-4.4452456299212599
11
5.6139590944881892
21
-4.4452824015748034
0
LINE
8
BLACK
6
CONTINUOUS
10
5.6139590944881892
20
-4.4452824015748034
11
5.6135138976377954
21
-4.4449842519685037
0
LINE
8
BLACK
6
CONTINUOUS
10
5.6135138976377954
20
-4.4449842519685037
11
5.6130188976377955
21
-4.4447792125984247
0
LINE
8
BLACK
6
CONTINUOUS
10
5.6130188976377955
20
-4.4447792125984247
11
5.6129463779527562
21
-4.4446041732283463
0
LINE
8
BLACK
6
CONTINUOUS
10
5.6129463779527562
20
-4.4446041732283463
11
5.6127889763779528
21
-4.4444987795275592
0
LINE
8
BLACK
6
CONTINUOUS
10
5.6127889763779528
20
-4.4444987795275592
11
5.6126849999999999
21
-4.4439731496062995
0
LINE
8
BLACK
6
CONTINUOUS
10
5.6126849999999999
20
-4.4439731496062995
11
5.6124799606299209
21
-4.4434781496062987
0
LINE
8
BLACK
6
CONTINUOUS
10
5.6124799606299209
20
-4.4434781496062987
11
5.6125524409448815
21
-4.4433031102362204
0
LINE
8
BLACK
6
CONTINUOUS
10
5.6125524409448815
20
-4.4433031102362204
11
5.6125157086614168
21
-4.4431172834645665
0
LINE
8
BLACK
6
CONTINUOUS
10
5.6125157086614168
20
-4.4431172834645665
11
5.6128138188976378
21
-4.4426720866141736
0
LINE
8
BLACK
6
CONTINUOUS
10
5.6128138188976378
20
-4.4426720866141736
11
5.6130188976377955
21
-4.4421770866141728
0
LINE
8
BLACK
6
CONTINUOUS
10
5.6130188976377955
20
-4.4421770866141728
11
5.6131938976377951
21
-4.4421045669291335
0
LINE
8
BLACK
6
CONTINUOUS
10
5.6131938976377951
20
-4.4421045669291335
11
5.6132993307086609
21
-4.441947165354331
0
LINE
8
BLACK
6
CONTINUOUS
10
5.6132993307086609
20
-4.441947165354331
11
5.6197648818897639
21
-4.4376367716535432
0
LINE
8
BLACK
6
CONTINUOUS
10
5.6197648818897639
20
-4.4376367716535432
11
5.6238362992125985
21
-4.4335653149606298
0
LINE
8
BLACK
6
CONTINUOUS
10
5.6238362992125985
20
-4.4335653149606298
11
5.6259085039370076
21
-4.4294209842519683
0
LINE
8
BLACK
6
CONTINUOUS
10
5.6259085039370076
20
-4.4294209842519683
11
5.6269724015748031
21
-4.4284983070866142
0
LINE
8
BLACK
6
CONTINUOUS
10
5.6269724015748031
20
-4.4284983070866142
11
5.6283771259842519
21
-4.4285981102362202
0
LINE
8
BLACK
6
CONTINUOUS
10
5.6283771259842519
20
-4.4285981102362202
11
5.629299803149606
21
-4.4296620078740157
0
LINE
8
BLACK
6
CONTINUOUS
10
5.629299803149606
20
-4.4296620078740157
11
5.6292
21
-4.4310667322834645
0
LINE
8
BLACK
6
CONTINUOUS
10
5.6292
20
-4.4310667322834645
11
5.6269942519685037
21
-4.4354781496062987
0
LINE
8
BLACK
6
CONTINUOUS
10
5.6269942519685037
20
-4.4354781496062987
11
5.6267654330708661
21
-4.4356765748031499
0
LINE
8
BLACK
6
CONTINUOUS
10
5.6267654330708661
20
-4.4356765748031499
11
5.6266495669291334
21
-4.4359563385826775
0
LINE
8
BLACK
6
CONTINUOUS
10
5.6266495669291334
20
-4.4359563385826775
11
5.6222381496062992
21
-4.4403677952755904
0
LINE
8
BLACK
6
CONTINUOUS
10
5.6222381496062992
20
-4.4403677952755904
11
5.62206311023622
21
-4.440440275590551
0
LINE
8
BLACK
6
CONTINUOUS
10
5.62206311023622
20
-4.440440275590551
11
5.6219577165354329
21
-4.4405977165354331
0
LINE
8
BLACK
6
CONTINUOUS
10
5.6219577165354329
20
-4.4405977165354331
11
5.6203970472440945
21
-4.4416381496062991
0
LINE
8
BLACK
6
CONTINUOUS
10
5.6203970472440945
20
-4.4416381496062991
11
5.6587999606299215
21
-4.4416381496062991
0
LINE
8
BLACK
6
CONTINUOUS
10
5.6587999606299215
20
-4.4416381496062991
11
5.6587999606299215
21
-4.4302438582677164
0
LINE
8
BLACK
6
CONTINUOUS
10
5.6587999606299215
20
-4.4302438582677164
11
5.6593388976377952
21
-4.4289427952755904
0
LINE
8
BLACK
6
CONTINUOUS
10
5.6593388976377952
20
-4.4289427952755904
11
5.6606399606299211
21
-4.4284038582677168
0
LINE
8
BLACK
6
CONTINUOUS
10
5.6606399606299211
20
-4.4284038582677168
11
5.6619410236220471
21
-4.4289427952755904
0
LINE
8
BLACK
6
CONTINUOUS
10
5.950090551181102
20
-4.3825000000000003
11
5.9494842519685038
21
-4.3825000000000003
0
LINE
8
BLACK
6
CONTINUOUS
10
5.9494842519685038
20
-4.3825000000000003
11
5.9494842519685038
21
-4.4099685039370078
0
LINE
8
BLACK
6
CONTINUOUS
10
5.9494842519685038
20
-4.4099685039370078
11
5.950090551181102
21
-4.4099685039370078
0
LINE
8
BLACK
6
CONTINUOUS
10
5.950090551181102
20
-4.4099685039370078
11
5.950090551181102
21
-4.4394999999999998
0
LINE
8
BLACK
6
CONTINUOUS
10
5.950090551181102
20
-4.4394999999999998
11
5.8929999999999998
21
-4.4394999999999998
0
LINE
8
BLACK
6
CONTINUOUS
10
5.8929999999999998
20
-4.4394999999999998
11
5.8929999999999998
21
-4.4099685039370078
0
LINE
8
BLACK
6
CONTINUOUS
10
5.8929999999999998
20
-4.4099685039370078
11
5.8935157480314961
21
-4.4099685039370078
0
LINE
8
BLACK
6
CONTINUOUS
10
5.8935157480314961
20
-4.4099685039370078
11
5.8935157480314961
21
-4.3825000000000003
0
LINE
8
BLACK
6
CONTINUOUS
10
5.8935157480314961
20
-4.3825000000000003
11
5.8929999999999998
21
-4.3825000000000003
0
LINE
8
BLACK
6
CONTINUOUS
10
5.8929999999999998
20
-4.3825000000000003
11
5.8929999999999998
21
-4.3529685039370074
0
LINE
8
BLACK
6
CONTINUOUS
10
5.8929999999999998
20
-4.3529685039370074
11
5.950090551181102
21
-4.3529685039370074
0
LINE
8
BLACK
6
CONTINUOUS
10
5.950090551181102
20
-4.3529685039370074
11
5.950090551181102
21
-4.3825000000000003
0
LINE
8
BLACK
6
CONTINUOUS
10
5.8975157480314957
20
-4.3825000000000003
11
5.8975157480314957
21
-4.4099685039370078
0
LINE
8
BLACK
6
CONTINUOUS
10
5.8975157480314957
20
-4.4099685039370078
11
5.9454842519685034
21
-4.4099685039370078
0
LINE
8
BLACK
6
CONTINUOUS
10
5.9454842519685034
20
-4.4099685039370078
11
5.9454842519685034
21
-4.3825000000000003
0
LINE
8
BLACK
6
CONTINUOUS
10
5.9454842519685034
20
-4.3825000000000003
11
5.8975157480314957
21
-4.3825000000000003
0
LINE
8
BLACK
6
CONTINUOUS
10
5.7059999999999995
20
-4.2944488188976377
11
5.7060157480314961
21
-4.2944921259842515
0
LINE
8
BLACK
6
CONTINUOUS
10
5.7060157480314961
20
-4.2944921259842515
11
5.7060157480314961
21
-4.3285078740157479
0
LINE
8
BLACK
6
CONTINUOUS
10
5.7060157480314961
20
-4.3285078740157479
11
5.7059999999999995
21
-4.3285971653543305
0
LINE
8
BLACK
6
CONTINUOUS
10
5.7059999999999995
20
-4.3285971653543305
11
5.7059999999999995
21
-4.3445
0
LINE
8
BLACK
6
CONTINUOUS
10
5.7059999999999995
20
-4.3445
11
5.6719999999999997
21
-4.3445
0
LINE
8
BLACK
6
CONTINUOUS
10
5.6719999999999997
20
-4.3445
11
5.6719999999999997
21
-4.3285511417322837
0
LINE
8
BLACK
6
CONTINUOUS
10
5.6719999999999997
20
-4.3285511417322837
11
5.671984251968504
21
-4.3285078740157479
0
LINE
8
BLACK
6
CONTINUOUS
10
5.671984251968504
20
-4.3285078740157479
11
5.671984251968504
21
-4.2944921259842515
0
LINE
8
BLACK
6
CONTINUOUS
10
5.671984251968504
20
-4.2944921259842515
11
5.6719999999999997
21
-4.2944027952755901
0
LINE
8
BLACK
6
CONTINUOUS
10
5.6719999999999997
20
-4.2944027952755901
11
5.6719999999999997
21
-4.2785000000000002
0
LINE
8
BLACK
6
CONTINUOUS
10
5.6719999999999997
20
-4.2785000000000002
11
5.7059999999999995
21
-4.2785000000000002
0
LINE
8
BLACK
6
CONTINUOUS
10
5.7059999999999995
20
-4.2785000000000002
11
5.7059999999999995
21
-4.2944488188976377
0
LINE
8
BLACK
6
CONTINUOUS
10
5.6779842519685042
20
-4.2945000000000002
11
5.6779842519685042
21
-4.3285
0
LINE
8
BLACK
6
CONTINUOUS
10
5.6779842519685042
20
-4.3285
11
5.7000157480314959
21
-4.3285
0
LINE
8
BLACK
6
CONTINUOUS
10
5.7000157480314959
20
-4.3285
11
5.7000157480314959
21
-4.2945000000000002
0
LINE
8
BLACK
6
CONTINUOUS
10
5.7000157480314959
20
-4.2945000000000002
11
5.6779842519685042
21
-4.2945000000000002
0
LINE
8
BLACK
6
CONTINUOUS
10
5.7882322834645672
20
-4.1955826771653539
11
5.7896464960629919
21
-4.196168464566929
0
LINE
8
BLACK
6
CONTINUOUS
10
5.7896464960629919
20
-4.196168464566929
11
5.790232283464567
21
-4.1975826771653546
0
LINE
8
BLACK
6
CONTINUOUS
10
5.790232283464567
20
-4.1975826771653546
11
5.790232283464567
21
-4.2116561023622046
0
LINE
8
BLACK
6
CONTINUOUS
10
5.790232283464567
20
-4.2116561023622046
11
5.8123343307086612
21
-4.2116561023622046
0
LINE
8
BLACK
6
CONTINUOUS
10
5.8123343307086612
20
-4.2116561023622046
11
5.8136353937007872
21
-4.2121950393700782
0
LINE
8
BLACK
6
CONTINUOUS
10
5.8136353937007872
20
-4.2121950393700782
11
5.8141743307086609
21
-4.2134961023622051
0
LINE
8
BLACK
6
CONTINUOUS
10
5.8141743307086609
20
-4.2134961023622051
11
5.8136353937007872
21
-4.214797165354331
0
LINE
8
BLACK
6
CONTINUOUS
10
5.8136353937007872
20
-4.214797165354331
11
5.8123343307086612
21
-4.2153361023622047
0
LINE
8
BLACK
6
CONTINUOUS
10
5.8123343307086612
20
-4.2153361023622047
11
5.7998621653543303
21
-4.2153361023622047
0
LINE
8
BLACK
6
CONTINUOUS
10
5.7998621653543303
20
-4.2153361023622047
11
5.797489803149606
21
-4.2177084251968502
0
LINE
8
BLACK
6
CONTINUOUS
10
5.797489803149606
20
-4.2177084251968502
11
5.8134383464566932
21
-4.2296698031496058
0
LINE
8
BLACK
6
CONTINUOUS
10
5.8134383464566932
20
-4.2296698031496058
11
5.8141558267716533
21
-4.2308816141732279
0
LINE
8
BLACK
6
CONTINUOUS
10
5.8141558267716533
20
-4.2308816141732279
11
5.813806338582677
21
-4.2322458267716536
0
LINE
8
BLACK
6
CONTINUOUS
10
5.813806338582677
20
-4.2322458267716536
11
5.8125945669291337
21
-4.2329633070866137
0
LINE
8
BLACK
6
CONTINUOUS
10
5.8125945669291337
20
-4.2329633070866137
11
5.8112303543307089
21
-4.2326138188976374
0
LINE
8
BLACK
6
CONTINUOUS
10
5.8112303543307089
20
-4.2326138188976374
11
5.7948612204724412
21
-4.2203370078740159
0
LINE
8
BLACK
6
CONTINUOUS
10
5.7948612204724412
20
-4.2203370078740159
11
5.790232283464567
21
-4.2249659448818893
0
LINE
8
BLACK
6
CONTINUOUS
10
5.790232283464567
20
-4.2249659448818893
11
5.790232283464567
21
-4.2601818110236218
0
LINE
8
BLACK
6
CONTINUOUS
10
5.790232283464567
20
-4.2601818110236218
11
5.8104943307086616
21
-4.2601818110236218
0
LINE
8
BLACK
6
CONTINUOUS
10
5.8104943307086616
20
-4.2601818110236218
11
5.8104943307086616
21
-4.2487875196850391
0
LINE
8
BLACK
6
CONTINUOUS
10
5.8104943307086616
20
-4.2487875196850391
11
5.8110332677165353
21
-4.2474864566929131
0
LINE
8
BLACK
6
CONTINUOUS
10
5.8110332677165353
20
-4.2474864566929131
11
5.8123343307086612
21
-4.2469475196850395
0
LINE
8
BLACK
6
CONTINUOUS
10
5.8123343307086612
20
-4.2469475196850395
11
5.8136353937007872
21
-4.2474864566929131
0
LINE
8
BLACK
6
CONTINUOUS
10
5.8136353937007872
20
-4.2474864566929131
11
5.8141743307086609
21
-4.2487875196850391
0
LINE
8
BLACK
6
CONTINUOUS
10
5.8141743307086609
20
-4.2487875196850391
11
5.8141743307086609
21
-4.2752561023622047
0
LINE
8
BLACK
6
CONTINUOUS
10
5.8141743307086609
20
-4.2752561023622047
11
5.8141725590551179
21
-4.2752603543307082
0
LINE
8
BLACK
6
CONTINUOUS
10
5.8141725590551179
20
-4.2752603543307082
11
5.8141743307086609
21
-4.2752646456692913
0
LINE
8
BLACK
6
CONTINUOUS
10
5.8141743307086609
20
-4.2752646456692913
11
5.8141743307086609
21
-4.3017332283464569
0
LINE
8
BLACK
6
CONTINUOUS
10
5.8141743307086609
20
-4.3017332283464569
11
5.8136353937007872
21
-4.3030342913385828
0
LINE
8
BLACK
6
CONTINUOUS
10
5.8136353937007872
20
-4.3030342913385828
11
5.8123343307086612
21
-4.3035732283464565
0
LINE
8
BLACK
6
CONTINUOUS
10
5.8123343307086612
20
-4.3035732283464565
11
5.8110332677165353
21
-4.3030342913385828
0
LINE
8
BLACK
6
CONTINUOUS
10
5.8110332677165353
20
-4.3030342913385828
11
5.8104943307086616
21
-4.3017332283464569
0
LINE
8
BLACK
6
CONTINUOUS
10
5.8104943307086616
20
-4.3017332283464569
11
5.8104943307086616
21
-4.2903389370078742
0
LINE
8
BLACK
6
CONTINUOUS
10
5.8104943307086616
20
-4.2903389370078742
11
5.7660143307086615
21
-4.2903389370078742
0
LINE
8
BLACK
6
CONTINUOUS
10
5.7660143307086615
20
-4.2903389370078742
11
5.7658392913385823
21
-4.2902664173228349
0
LINE
8
BLACK
6
CONTINUOUS
10
5.7658392913385823
20
-4.2902664173228349
11
5.7656534645669293
21
-4.2903031889763774
0
LINE
8
BLACK
6
CONTINUOUS
10
5.7656534645669293
20
-4.2903031889763774
11
5.7652082677165355
21
-4.2900050393700786
0
LINE
8
BLACK
6
CONTINUOUS
10
5.7652082677165355
20
-4.2900050393700786
11
5.7647132677165356
21
-4.2897999999999996
0
LINE
8
BLACK
6
CONTINUOUS
10
5.7647132677165356
20
-4.2897999999999996
11
5.7646407480314963
21
-4.2896249606299213
0
LINE
8
BLACK
6
CONTINUOUS
10
5.7646407480314963
20
-4.2896249606299213
11
5.7644833464566929
21
-4.2895195669291342
0
LINE
8
BLACK
6
CONTINUOUS
10
5.7644833464566929
20
-4.2895195669291342
11
5.76437937007874
21
-4.2889939370078736
0
LINE
8
BLACK
6
CONTINUOUS
10
5.76437937007874
20
-4.2889939370078736
11
5.764174330708661
21
-4.2884989370078737
0
LINE
8
BLACK
6
CONTINUOUS
10
5.764174330708661
20
-4.2884989370078737
11
5.7642468110236216
21
-4.2883238976377953
0
LINE
8
BLACK
6
CONTINUOUS
10
5.7642468110236216
20
-4.2883238976377953
11
5.7642100787401578
21
-4.2881380708661414
0
LINE
8
BLACK
6
CONTINUOUS
10
5.7642100787401578
20
-4.2881380708661414
11
5.7645081889763778
21
-4.2876928740157476
0
LINE
8
BLACK
6
CONTINUOUS
10
5.7645081889763778
20
-4.2876928740157476
11
5.7647132677165356
21
-4.2871978740157477
0
LINE
8
BLACK
6
CONTINUOUS
10
5.7647132677165356
20
-4.2871978740157477
11
5.7648882677165352
21
-4.2871253543307084
0
LINE
8
BLACK
6
CONTINUOUS
10
5.7648882677165352
20
-4.2871253543307084
11
5.764993700787401
21
-4.286967952755905
0
LINE
8
BLACK
6
CONTINUOUS
10
5.764993700787401
20
-4.286967952755905
11
5.771459251968504
21
-4.2826575590551181
0
LINE
8
BLACK
6
CONTINUOUS
10
5.771459251968504
20
-4.2826575590551181
11
5.7755306692913386
21
-4.2785861023622047
0
LINE
8
BLACK
6
CONTINUOUS
10
5.7755306692913386
20
-4.2785861023622047
11
5.7776028740157477
21
-4.2744417716535432
0
LINE
8
BLACK
6
CONTINUOUS
10
5.7776028740157477
20
-4.2744417716535432
11
5.7786667716535431
21
-4.2735190944881891
0
LINE
8
BLACK
6
CONTINUOUS
10
5.7786667716535431
20
-4.2735190944881891
11
5.780071496062992
21
-4.2736188976377951
0
LINE
8
BLACK
6
CONTINUOUS
10
5.780071496062992
20
-4.2736188976377951
11
5.7809941732283461
21
-4.2746827952755906
0
LINE
8
BLACK
6
CONTINUOUS
10
5.7809941732283461
20
-4.2746827952755906
11
5.7808943700787401
21
-4.2760875196850394
0
LINE
8
BLACK
6
CONTINUOUS
10
5.7808943700787401
20
-4.2760875196850394
11
5.7786886220472438
21
-4.2804989370078736
0
LINE
8
BLACK
6
CONTINUOUS
10
5.7786886220472438
20
-4.2804989370078736
11
5.7784598031496062
21
-4.280697362204724
0
LINE
8
BLACK
6
CONTINUOUS
10
5.7784598031496062
20
-4.280697362204724
11
5.7783439370078735
21
-4.2809771259842515
0
LINE
8
BLACK
6
CONTINUOUS
10
5.7783439370078735
20
-4.2809771259842515
11
5.7739325196850393
21
-4.2853885826771654
0
LINE
8
BLACK
6
CONTINUOUS
10
5.7739325196850393
20
-4.2853885826771654
11
5.7737574803149601
21
-4.2854610629921259
0
LINE
8
BLACK
6
CONTINUOUS
10
5.7737574803149601
20
-4.2854610629921259
11
5.773652086614173
21
-4.2856185039370081
0
LINE
8
BLACK
6
CONTINUOUS
10
5.773652086614173
20
-4.2856185039370081
11
5.7720914173228346
21
-4.286658937007874
0
LINE
8
BLACK
6
CONTINUOUS
10
5.7720914173228346
20
-4.286658937007874
11
5.8104943307086616
21
-4.286658937007874
0
LINE
8
BLACK
6
CONTINUOUS
10
5.8104943307086616
20
-4.286658937007874
11
5.8104943307086616
21
-4.2752646456692913
0
LINE
8
BLACK
6
CONTINUOUS
10
5.8104943307086616
20
-4.2752646456692913
11
5.8104960629921258
21
-4.2752603543307082
0
LINE
8
BLACK
6
CONTINUOUS
10
5.8104960629921258
20
-4.2752603543307082
11
5.8104943307086616
21
-4.2752561023622047
0
LINE
8
BLACK
6
CONTINUOUS
10
5.8104943307086616
20
-4.2752561023622047
11
5.8104943307086616
21
-4.2638618110236219
0
LINE
8
BLACK
6
CONTINUOUS
10
5.8104943307086616
20
-4.2638618110236219
11
5.790232283464567
21
-4.2638618110236219
0
LINE
8
BLACK
6
CONTINUOUS
10
5.790232283464567
20
-4.2638618110236219
11
5.790232283464567
21
-4.2704173228346454
0
LINE
8
BLACK
6
CONTINUOUS
10
5.790232283464567
20
-4.2704173228346454
11
5.7896464960629919
21
-4.2718315354330709
0
LINE
8
BLACK
6
CONTINUOUS
10
5.7896464960629919
20
-4.2718315354330709
11
5.7882322834645672
21
-4.2724173228346451
0
LINE
8
BLACK
6
CONTINUOUS
10
5.7882322834645672
20
-4.2724173228346451
11
5.754767716535433
21
-4.2724173228346451
0
LINE
8
BLACK
6
CONTINUOUS
10
5.754767716535433
20
-4.2724173228346451
11
5.7533535039370074
21
-4.2718315354330709
0
LINE
8
BLACK
6
CONTINUOUS
10
5.7533535039370074
20
-4.2718315354330709
11
5.7527677165354332
21
-4.2704173228346454
0
LINE
8
BLACK
6
CONTINUOUS
10
5.7527677165354332
20
-4.2704173228346454
11
5.7527677165354332
21
-4.1975826771653546
0
LINE
8
BLACK
6
CONTINUOUS
10
5.7527677165354332
20
-4.1975826771653546
11
5.7533535039370074
21
-4.196168464566929
0
LINE
8
BLACK
6
CONTINUOUS
10
5.7533535039370074
20
-4.196168464566929
11
5.754767716535433
21
-4.1955826771653539
0
LINE
8
BLACK
6
CONTINUOUS
10
5.754767716535433
20
-4.1955826771653539
11
5.7882322834645672
21
-4.1955826771653539
0
LINE
8
BLACK
6
CONTINUOUS
10
5.7567677165354327
20
-4.1995826771653544
11
5.7567677165354327
21
-4.2684173228346456
0
LINE
8
BLACK
6
CONTINUOUS
10
5.7567677165354327
20
-4.2684173228346456
11
5.7862322834645665
21
-4.2684173228346456
0
LINE
8
BLACK
6
CONTINUOUS
10
5.7862322834645665
20
-4.2684173228346456
11
5.7862322834645665
21
-4.2638618110236219
0
LINE
8
BLACK
6
CONTINUOUS
10
5.7862322834645665
20
-4.2638618110236219
11
5.7660143307086615
21
-4.2638618110236219
0
LINE
8
BLACK
6
CONTINUOUS
10
5.7660143307086615
20
-4.2638618110236219
11
5.7658392913385823
21
-4.2637892913385826
0
LINE
8
BLACK
6
CONTINUOUS
10
5.7658392913385823
20
-4.2637892913385826
11
5.7656534645669293
21
-4.2638260629921261
0
LINE
8
BLACK
6
CONTINUOUS
10
5.7656534645669293
20
-4.2638260629921261
11
5.7652082677165355
21
-4.2635279133858264
0
LINE
8
BLACK
6
CONTINUOUS
10
5.7652082677165355
20
-4.2635279133858264
11
5.7647132677165356
21
-4.2633228740157483
0
LINE
8
BLACK
6
CONTINUOUS
10
5.7647132677165356
20
-4.2633228740157483
11
5.7646407480314963
21
-4.263147834645669
0
LINE
8
BLACK
6
CONTINUOUS
10
5.7646407480314963
20
-4.263147834645669
11
5.7644833464566929
21
-4.2630424409448819
0
LINE
8
BLACK
6
CONTINUOUS
10
5.7644833464566929
20
-4.2630424409448819
11
5.76437937007874
21
-4.2625168110236222
0
LINE
8
BLACK
6
CONTINUOUS
10
5.76437937007874
20
-4.2625168110236222
11
5.764174330708661
21
-4.2620218110236223
0
LINE
8
BLACK
6
CONTINUOUS
10
5.764174330708661
20
-4.2620218110236223
11
5.7642468110236216
21
-4.2618467716535431
0
LINE
8
BLACK
6
CONTINUOUS
10
5.7642468110236216
20
-4.2618467716535431
11
5.7642100787401578
21
-4.2616609448818901
0
LINE
8
BLACK
6
CONTINUOUS
10
5.7642100787401578
20
-4.2616609448818901
11
5.7645081889763778
21
-4.2612157480314963
0
LINE
8
BLACK
6
CONTINUOUS
10
5.7645081889763778
20
-4.2612157480314963
11
5.7647132677165356
21
-4.2607207480314964
0
LINE
8
BLACK
6
CONTINUOUS
10
5.7647132677165356
20
-4.2607207480314964
11
5.7648882677165352
21
-4.2606482283464562
0
LINE
8
BLACK
6
CONTINUOUS
10
5.7648882677165352
20
-4.2606482283464562
11
5.764993700787401
21
-4.2604908267716537
0
LINE
8
BLACK
6
CONTINUOUS
10
5.764993700787401
20
-4.2604908267716537
11
5.771459251968504
21
-4.2561804330708659
0
LINE
8
BLACK
6
CONTINUOUS
10
5.771459251968504
20
-4.2561804330708659
11
5.7755306692913386
21
-4.2521089763779525
0
LINE
8
BLACK
6
CONTINUOUS
10
5.7755306692913386
20
-4.2521089763779525
11
5.7776028740157477
21
-4.247964645669291
0
LINE
8
BLACK
6
CONTINUOUS
10
5.7776028740157477
20
-4.247964645669291
11
5.7786667716535431
21
-4.2470419685039369
0
LINE
8
BLACK
6
CONTINUOUS
10
5.7786667716535431
20
-4.2470419685039369
11
5.780071496062992
21
-4.2471417716535429
0
LINE
8
BLACK
6
CONTINUOUS
10
5.780071496062992
20
-4.2471417716535429
11
5.7809941732283461
21
-4.2482056692913384
0
LINE
8
BLACK
6
CONTINUOUS
10
5.7809941732283461
20
-4.2482056692913384
11
5.7808943700787401
21
-4.2496103937007872
0
LINE
8
BLACK
6
CONTINUOUS
10
5.7808943700787401
20
-4.2496103937007872
11
5.7786886220472438
21
-4.2540218110236223
0
LINE
8
BLACK
6
CONTINUOUS
10
5.7786886220472438
20
-4.2540218110236223
11
5.7784598031496062
21
-4.2542202362204726
0
LINE
8
BLACK
6
CONTINUOUS
10
5.7784598031496062
20
-4.2542202362204726
11
5.7783439370078735
21
-4.2545000000000002
0
LINE
8
BLACK
6
CONTINUOUS
10
5.7783439370078735
20
-4.2545000000000002
11
5.7739325196850393
21
-4.2589114566929132
0
LINE
8
BLACK
6
CONTINUOUS
10
5.7739325196850393
20
-4.2589114566929132
11
5.7737574803149601
21
-4.2589839370078737
0
LINE
8
BLACK
6
CONTINUOUS
10
5.7737574803149601
20
-4.2589839370078737
11
5.773652086614173
21
-4.2591413779527558
0
LINE
8
BLACK
6
CONTINUOUS
10
5.773652086614173
20
-4.2591413779527558
11
5.7720914173228346
21
-4.2601818110236218
0
LINE
8
BLACK
6
CONTINUOUS
10
5.7720914173228346
20
-4.2601818110236218
11
5.7862322834645665
21
-4.2601818110236218
0
LINE
8
BLACK
6
CONTINUOUS
10
5.7862322834645665
20
-4.2601818110236218
11
5.7862322834645665
21
-4.2289659448818897
0
LINE
8
BLACK
6
CONTINUOUS
10
5.7862322834645665
20
-4.2289659448818897
11
5.7827553937007874
21
-4.2324428740157476
0
LINE
8
BLACK
6
CONTINUOUS
10
5.7827553937007874
20
-4.2324428740157476
11
5.7814543307086614
21
-4.2329818110236221
0
LINE
8
BLACK
6
CONTINUOUS
10
5.7814543307086614
20
-4.2329818110236221
11
5.7801532677165355
21
-4.2324428740157476
0
LINE
8
BLACK
6
CONTINUOUS
10
5.7801532677165355
20
-4.2324428740157476
11
5.7796143307086609
21
-4.2311418110236216
0
LINE
8
BLACK
6
CONTINUOUS
10
5.7796143307086609
20
-4.2311418110236216
11
5.7801532677165355
21
-4.2298407480314957
0
LINE
8
BLACK
6
CONTINUOUS
10
5.7801532677165355
20
-4.2298407480314957
11
5.7862322834645665
21
-4.2237617322834646
0
LINE
8
BLACK
6
CONTINUOUS
10
5.7862322834645665
20
-4.2237617322834646
11
5.7862322834645665
21
-4.2153361023622047
0
LINE
8
BLACK
6
CONTINUOUS
10
5.7862322834645665
20
-4.2153361023622047
11
5.7660143307086615
21
-4.2153361023622047
0
LINE
8
BLACK
6
CONTINUOUS
10
5.7660143307086615
20
-4.2153361023622047
11
5.7647132677165356
21
-4.214797165354331
0
LINE
8
BLACK
6
CONTINUOUS
10
5.7647132677165356
20
-4.214797165354331
11
5.764174330708661
21
-4.2134961023622051
0
LINE
8
BLACK
6
CONTINUOUS
10
5.764174330708661
20
-4.2134961023622051
11
5.7647132677165356
21
-4.2121950393700782
0
LINE
8
BLACK
6
CONTINUOUS
10
5.7647132677165356
20
-4.2121950393700782
11
5.7660143307086615
21
-4.2116561023622046
0
LINE
8
BLACK
6
CONTINUOUS
10
5.7660143307086615
20
-4.2116561023622046
11
5.7783897637795274
21
-4.2116561023622046
0
LINE
8
BLACK
6
CONTINUOUS
10
5.7783897637795274
20
-4.2116561023622046
11
5.7783897637795274
21
-4.1995826771653544
0
LINE
8
BLACK
6
CONTINUOUS
10
5.7783897637795274
20
-4.1995826771653544
11
5.7567677165354327
21
-4.1995826771653544
0
LINE
8
BLACK
6
CONTINUOUS
10
5.790232283464567
20
-4.2197617322834642
11
5.7946579133858265
21
-4.2153361023622047
0
LINE
8
BLACK
6
CONTINUOUS
10
5.7946579133858265
20
-4.2153361023622047
11
5.790232283464567
21
-4.2153361023622047
0
LINE
8
BLACK
6
CONTINUOUS
10
5.790232283464567
20
-4.2153361023622047
11
5.790232283464567
21
-4.2197617322834642
0
LINE
8
BLACK
6
CONTINUOUS
10
5.8871945275590551
20
-4.1660681102362203
11
5.8876217322834643
21
-4.1660984645669288
0
LINE
8
BLACK
6
CONTINUOUS
10
5.8876217322834643
20
-4.1660984645669288
11
5.8920331496062994
21
-4.1683041732283463
0
LINE
8
BLACK
6
CONTINUOUS
10
5.8920331496062994
20
-4.1683041732283463
11
5.892231535433071
21
-4.1685329133858264
0
LINE
8
BLACK
6
CONTINUOUS
10
5.892231535433071
20
-4.1685329133858264
11
5.8925113385826773
21
-4.1686488188976378
0
LINE
8
BLACK
6
CONTINUOUS
10
5.8925113385826773
20
-4.1686488188976378
11
5.8947170866141727
21
-4.1708545275590554
0
LINE
8
BLACK
6
CONTINUOUS
10
5.8947170866141727
20
-4.1708545275590554
11
5.8948329527559054
21
-4.1711343307086617
0
LINE
8
BLACK
6
CONTINUOUS
10
5.8948329527559054
20
-4.1711343307086617
11
5.8950617716535429
21
-4.171332755905512
0
LINE
8
BLACK
6
CONTINUOUS
10
5.8950617716535429
20
-4.171332755905512
11
5.8972674803149605
21
-4.1757442519685037
0
LINE
8
BLACK
6
CONTINUOUS
10
5.8972674803149605
20
-4.1757442519685037
11
5.8972977952755903
21
-4.1761713779527554
0
LINE
8
BLACK
6
CONTINUOUS
10
5.8972977952755903
20
-4.1761713779527554
11
5.8974617322834648
21
-4.1765670866141731
0
LINE
8
BLACK
6
CONTINUOUS
10
5.8974617322834648
20
-4.1765670866141731
11
5.8974617322834648
21
-4.1853899212598424
0
LINE
8
BLACK
6
CONTINUOUS
10
5.8974617322834648
20
-4.1853899212598424
11
5.8972977952755903
21
-4.1857855905511814
0
LINE
8
BLACK
6
CONTINUOUS
10
5.8972977952755903
20
-4.1857855905511814
11
5.8972674803149605
21
-4.1862127559055118
0
LINE
8
BLACK
6
CONTINUOUS
10
5.8972674803149605
20
-4.1862127559055118
11
5.8950617716535429
21
-4.1906242519685035
0
LINE
8
BLACK
6
CONTINUOUS
10
5.8950617716535429
20
-4.1906242519685035
11
5.8948329527559054
21
-4.1908226377952751
0
LINE
8
BLACK
6
CONTINUOUS
10
5.8948329527559054
20
-4.1908226377952751
11
5.8947170866141727
21
-4.1911024803149601
0
LINE
8
BLACK
6
CONTINUOUS
10
5.8947170866141727
20
-4.1911024803149601
11
5.8925113385826773
21
-4.1933081889763777
0
LINE
8
BLACK
6
CONTINUOUS
10
5.8925113385826773
20
-4.1933081889763777
11
5.892231535433071
21
-4.1934240551181103
0
LINE
8
BLACK
6
CONTINUOUS
10
5.892231535433071
20
-4.1934240551181103
11
5.8920331496062994
21
-4.1936528346456692
0
LINE
8
BLACK
6
CONTINUOUS
10
5.8920331496062994
20
-4.1936528346456692
11
5.8876217322834643
21
-4.1958585433070867
0
LINE
8
BLACK
6
CONTINUOUS
10
5.8876217322834643
20
-4.1958585433070867
11
5.8871945275590551
21
-4.1958888582677165
0
LINE
8
BLACK
6
CONTINUOUS
10
5.8871945275590551
20
-4.1958888582677165
11
5.8867988582677162
21
-4.1960527952755902
0
LINE
8
BLACK
6
CONTINUOUS
10
5.8867988582677162
20
-4.1960527952755902
11
5.8797532283464564
21
-4.1960527952755902
0
LINE
8
BLACK
6
CONTINUOUS
10
5.8797532283464564
20
-4.1960527952755902
11
5.8797532283464564
21
-4.228139960629921
0
LINE
8
BLACK
6
CONTINUOUS
10
5.8797532283464564
20
-4.228139960629921
11
5.8792142913385828
21
-4.229441023622047
0
LINE
8
BLACK
6
CONTINUOUS
10
5.8792142913385828
20
-4.229441023622047
11
5.8779132283464568
21
-4.2299799606299215
0
LINE
8
BLACK
6
CONTINUOUS
10
5.8779132283464568
20
-4.2299799606299215
11
5.8766121653543308
21
-4.229441023622047
0
LINE
8
BLACK
6
CONTINUOUS
10
5.8766121653543308
20
-4.229441023622047
11
5.8760732283464563
21
-4.228139960629921
0
LINE
8
BLACK
6
CONTINUOUS
10
5.8760732283464563
20
-4.228139960629921
11
5.8760732283464563
21
-4.2057170866141735
0
LINE
8
BLACK
6
CONTINUOUS
10
5.8760732283464563
20
-4.2057170866141735
11
5.8624732283464569
21
-4.2057170866141735
0
LINE
8
BLACK
6
CONTINUOUS
10
5.8624732283464569
20
-4.2057170866141735
11
5.8611721653543309
21
-4.205178149606299
0
LINE
8
BLACK
6
CONTINUOUS
10
5.8611721653543309
20
-4.205178149606299
11
5.8606332283464564
21
-4.203877086614173
0
LINE
8
BLACK
6
CONTINUOUS
10
5.8606332283464564
20
-4.203877086614173
11
5.8611721653543309
21
-4.2025760236220471
0
LINE
8
BLACK
6
CONTINUOUS
10
5.8611721653543309
20
-4.2025760236220471
11
5.8624732283464569
21
-4.2020370866141734
0
LINE
8
BLACK
6
CONTINUOUS
10
5.8624732283464569
20
-4.2020370866141734
11
5.8760732283464563
21
-4.2020370866141734
0
LINE
8
BLACK
6
CONTINUOUS
10
5.8760732283464563
20
-4.2020370866141734
11
5.8760732283464563
21
-4.1960527952755902
0
LINE
8
BLACK
6
CONTINUOUS
10
5.8760732283464563
20
-4.1960527952755902
11
5.8757702755905514
21
-4.1960527952755902
0
LINE
8
BLACK
6
CONTINUOUS
10
5.8757702755905514
20
-4.1960527952755902
11
5.8753745669291337
21
-4.1958888582677165
0
LINE
8
BLACK
6
CONTINUOUS
10
5.8753745669291337
20
-4.1958888582677165
11
5.8749474015748033
21
-4.1958585433070867
0
LINE
8
BLACK
6
CONTINUOUS
10
5.8749474015748033
20
-4.1958585433070867
11
5.8705359842519682
21
-4.1936528346456692
0
LINE
8
BLACK
6
CONTINUOUS
10
5.8705359842519682
20
-4.1936528346456692
11
5.8703375590551179
21
-4.1934240157480316
0
LINE
8
BLACK
6
CONTINUOUS
10
5.8703375590551179
20
-4.1934240157480316
11
5.8700577559055116
21
-4.1933081496062989
0
LINE
8
BLACK
6
CONTINUOUS
10
5.8700577559055116
20
-4.1933081496062989
11
5.8678520866141728
21
-4.1911024409448814
0
LINE
8
BLACK
6
CONTINUOUS
10
5.8678520866141728
20
-4.1911024409448814
11
5.8677361811023623
21
-4.1908226771653538
0
LINE
8
BLACK
6
CONTINUOUS
10
5.8677361811023623
20
-4.1908226771653538
11
5.8675074015748034
21
-4.1906242519685035
0
LINE
8
BLACK
6
CONTINUOUS
10
5.8675074015748034
20
-4.1906242519685035
11
5.8653016929133859
21
-4.1862127952755905
0
LINE
8
BLACK
6
CONTINUOUS
10
5.8653016929133859
20
-4.1862127952755905
11
5.8652713385826774
21
-4.1857855905511814
0
LINE
8
BLACK
6
CONTINUOUS
10
5.8652713385826774
20
-4.1857855905511814
11
5.8651074409448816
21
-4.1853899212598424
0
LINE
8
BLACK
6
CONTINUOUS
10
5.8651074409448816
20
-4.1853899212598424
11
5.8651074409448816
21
-4.183659960629921
0
LINE
8
BLACK
6
CONTINUOUS
10
5.8651074409448816
20
-4.183659960629921
11
5.8558560629921255
21
-4.183659960629921
0
LINE
8
BLACK
6
CONTINUOUS
10
5.8558560629921255
20
-4.183659960629921
11
5.8545549999999995
21
-4.1831210236220473
0
LINE
8
BLACK
6
CONTINUOUS
10
5.8545549999999995
20
-4.1831210236220473
11
5.8540160629921258
21
-4.1818199606299213
0
LINE
8
BLACK
6
CONTINUOUS
10
5.8540160629921258
20
-4.1818199606299213
11
5.8545549999999995
21
-4.1805188976377954
0
LINE
8
BLACK
6
CONTINUOUS
10
5.8545549999999995
20
-4.1805188976377954
11
5.8558560629921255
21
-4.1799799606299208
0
LINE
8
BLACK
6
CONTINUOUS
10
5.8558560629921255
20
-4.1799799606299208
11
5.8651074409448816
21
-4.1799799606299208
0
LINE
8
BLACK
6
CONTINUOUS
10
5.8651074409448816
20
-4.1799799606299208
11
5.8651074409448816
21
-4.1765670866141731
0
LINE
8
BLACK
6
CONTINUOUS
10
5.8651074409448816
20
-4.1765670866141731
11
5.8652713385826774
21
-4.1761713779527554
0
LINE
8
BLACK
6
CONTINUOUS
10
5.8652713385826774
20
-4.1761713779527554
11
5.8653016929133859
21
-4.175744212598425
0
LINE
8
BLACK
6
CONTINUOUS
10
5.8653016929133859
20
-4.175744212598425
11
5.8675074015748034
21
-4.171332755905512
0
LINE
8
BLACK
6
CONTINUOUS
10
5.8675074015748034
20
-4.171332755905512
11
5.8677361811023623
21
-4.1711342913385829
0
LINE
8
BLACK
6
CONTINUOUS
10
5.8677361811023623
20
-4.1711342913385829
11
5.8678520866141728
21
-4.1708545669291341
0
LINE
8
BLACK
6
CONTINUOUS
10
5.8678520866141728
20
-4.1708545669291341
11
5.8690366141732282
21
-4.1696699606299212
0
LINE
8
BLACK
6
CONTINUOUS
10
5.8690366141732282
20
-4.1696699606299212
11
5.861085669291338
21
-4.1716576771653546
0
LINE
8
BLACK
6
CONTINUOUS
10
5.861085669291338
20
-4.1716576771653546
11
5.8548853149606295
21
-4.1757912992125981
0
LINE
8
BLACK
6
CONTINUOUS
10
5.8548853149606295
20
-4.1757912992125981
11
5.8530196456692911
21
-4.1776569685039373
0
LINE
8
BLACK
6
CONTINUOUS
10
5.8530196456692911
20
-4.1776569685039373
11
5.8511417322834642
21
-4.1814128740157477
0
LINE
8
BLACK
6
CONTINUOUS
10
5.8511417322834642
20
-4.1814128740157477
11
5.8511417322834642
21
-4.1898013779527554
0
LINE
8
BLACK
6
CONTINUOUS
10
5.8511417322834642
20
-4.1898013779527554
11
5.8506027952755906
21
-4.1911024409448814
0
LINE
8
BLACK
6
CONTINUOUS
10
5.8506027952755906
20
-4.1911024409448814
11
5.8493017322834646
21
-4.1916413779527559
0
LINE
8
BLACK
6
CONTINUOUS
10
5.8493017322834646
20
-4.1916413779527559
11
5.8480006692913387
21
-4.1911024409448814
0
LINE
8
BLACK
6
CONTINUOUS
10
5.8480006692913387
20
-4.1911024409448814
11
5.8474617322834641
21
-4.1898013779527554
0
LINE
8
BLACK
6
CONTINUOUS
10
5.8474617322834641
20
-4.1898013779527554
11
5.8474617322834641
21
-4.1809785039370082
0
LINE
8
BLACK
6
CONTINUOUS
10
5.8474617322834641
20
-4.1809785039370082
11
5.8476256299212599
21
-4.1805827952755905
0
LINE
8
BLACK
6
CONTINUOUS
10
5.8476256299212599
20
-4.1805827952755905
11
5.8476559842519684
21
-4.1801556299212601
0
LINE
8
BLACK
6
CONTINUOUS
10
5.8476559842519684
20
-4.1801556299212601
11
5.849861692913386
21
-4.175744212598425
0
LINE
8
BLACK
6
CONTINUOUS
10
5.849861692913386
20
-4.175744212598425
11
5.8500904724409448
21
-4.1755457480314959
0
LINE
8
BLACK
6
CONTINUOUS
10
5.8500904724409448
20
-4.1755457480314959
11
5.8502063779527553
21
-4.1752660236220471
0
LINE
8
BLACK
6
CONTINUOUS
10
5.8502063779527553
20
-4.1752660236220471
11
5.8524120472440941
21
-4.1730603149606296
0
LINE
8
BLACK
6
CONTINUOUS
10
5.8524120472440941
20
-4.1730603149606296
11
5.8525870472440946
21
-4.1729877952755903
0
LINE
8
BLACK
6
CONTINUOUS
10
5.8525870472440946
20
-4.1729877952755903
11
5.8526924803149605
21
-4.1728303937007869
0
LINE
8
BLACK
6
CONTINUOUS
10
5.8526924803149605
20
-4.1728303937007869
11
5.859309645669291
21
-4.1684189370078739
0
LINE
8
BLACK
6
CONTINUOUS
10
5.859309645669291
20
-4.1684189370078739
11
5.8596253543307082
21
-4.168356456692913
0
LINE
8
BLACK
6
CONTINUOUS
10
5.8596253543307082
20
-4.168356456692913
11
5.8598840157480314
21
-4.1681648425196851
0
LINE
8
BLACK
6
CONTINUOUS
10
5.8598840157480314
20
-4.1681648425196851
11
5.8687068897637795
21
-4.1659591338582675
0
LINE
8
BLACK
6
CONTINUOUS
10
5.8687068897637795
20
-4.1659591338582675
11
5.8689376377952751
21
-4.1659934645669292
0
LINE
8
BLACK
6
CONTINUOUS
10
5.8689376377952751
20
-4.1659934645669292
11
5.8691531496062987
21
-4.1659042125984254
0
LINE
8
BLACK
6
CONTINUOUS
10
5.8691531496062987
20
-4.1659042125984254
11
5.8867988582677162
21
-4.1659042125984254
0
LINE
8
BLACK
6
CONTINUOUS
10
5.8867988582677162
20
-4.1659042125984254
11
5.8871945275590551
21
-4.1660681102362203
0
LINE
8
BLACK
6
CONTINUOUS
10
5.8724487795275593
20
-4.1714621259842515
11
5.8706653543307086
21
-4.1732455511811022
0
LINE
8
BLACK
6
CONTINUOUS
10
5.8706653543307086
20
-4.1732455511811022
11
5.8687874409448817
21
-4.1770014173228347
0
LINE
8
BLACK
6
CONTINUOUS
10
5.8687874409448817
20
-4.1770014173228347
11
5.8687874409448817
21
-4.1799799606299208
0
LINE
8
BLACK
6
CONTINUOUS
10
5.8687874409448817
20
-4.1799799606299208
11
5.8779132283464568
21
-4.1799799606299208
0
LINE
8
BLACK
6
CONTINUOUS
10
5.8779132283464568
20
-4.1799799606299208
11
5.8792142913385828
21
-4.1805188976377954
0
LINE
8
BLACK
6
CONTINUOUS
10
5.8792142913385828
20
-4.1805188976377954
11
5.8797532283464564
21
-4.1818199606299213
0
LINE
8
BLACK
6
CONTINUOUS
10
5.8797532283464564
20
-4.1818199606299213
11
5.8797532283464564
21
-4.19237279527559
0
LINE
8
BLACK
6
CONTINUOUS
10
5.8797532283464564
20
-4.19237279527559
11
5.8863644881889758
21
-4.19237279527559
0
LINE
8
BLACK
6
CONTINUOUS
10
5.8863644881889758
20
-4.19237279527559
11
5.8901203149606296
21
-4.1904948425196853
0
LINE
8
BLACK
6
CONTINUOUS
10
5.8901203149606296
20
-4.1904948425196853
11
5.8919038188976378
21
-4.1887113779527558
0
LINE
8
BLACK
6
CONTINUOUS
10
5.8919038188976378
20
-4.1887113779527558
11
5.8937817322834647
21
-4.1849555511811021
0
LINE
8
BLACK
6
CONTINUOUS
10
5.8937817322834647
20
-4.1849555511811021
11
5.8937817322834647
21
-4.1770014173228347
0
LINE
8
BLACK
6
CONTINUOUS
10
5.8937817322834647
20
-4.1770014173228347
11
5.8919038188976378
21
-4.1732455905511809
0
LINE
8
BLACK
6
CONTINUOUS
10
5.8919038188976378
20
-4.1732455905511809
11
5.8901203149606296
21
-4.1714621259842515
0
LINE
8
BLACK
6
CONTINUOUS
10
5.8901203149606296
20
-4.1714621259842515
11
5.8863644881889758
21
-4.1695842125984255
0
LINE
8
BLACK
6
CONTINUOUS
10
5.8863644881889758
20
-4.1695842125984255
11
5.8762046456692909
21
-4.1695842125984255
0
LINE
8
BLACK
6
CONTINUOUS
10
5.8762046456692909
20
-4.1695842125984255
11
5.8724487795275593
21
-4.1714621259842515
0
LINE
8
BLACK
6
CONTINUOUS
10
5.8687874409448817
20
-4.1849555511811021
11
5.8706653543307086
21
-4.1887114173228346
0
LINE
8
BLACK
6
CONTINUOUS
10
5.8706653543307086
20
-4.1887114173228346
11
5.8724487795275593
21
-4.1904948425196853
0
LINE
8
BLACK
6
CONTINUOUS
10
5.8724487795275593
20
-4.1904948425196853
11
5.8760732283464563
21
-4.1923070472440944
0
LINE
8
BLACK
6
CONTINUOUS
10
5.8760732283464563
20
-4.1923070472440944
11
5.8760732283464563
21
-4.183659960629921
0
LINE
8
BLACK
6
CONTINUOUS
10
5.8760732283464563
20
-4.183659960629921
11
5.8687874409448817
21
-4.183659960629921
0
LINE
8
BLACK
6
CONTINUOUS
10
5.8687874409448817
20
-4.183659960629921
11
5.8687874409448817
21
-4.1849555511811021
0
LINE
8
BLACK
6
CONTINUOUS
10
5.9211228740157482
20
-4.1959588976377953
11
5.9216618110236219
21
-4.1972599606299212
0
LINE
8
BLACK
6
CONTINUOUS
10
5.9216618110236219
20
-4.1972599606299212
11
5.9216618110236219
21
-4.2215227952755905
0
LINE
8
BLACK
6
CONTINUOUS
10
5.9216618110236219
20
-4.2215227952755905
11
5.9214978740157482
21
-4.2219184645669294
0
LINE
8
BLACK
6
CONTINUOUS
10
5.9214978740157482
20
-4.2219184645669294
11
5.9214675590551176
21
-4.2223456299212598
0
LINE
8
BLACK
6
CONTINUOUS
10
5.9214675590551176
20
-4.2223456299212598
11
5.9192618503937009
21
-4.2267571259842516
0
LINE
8
BLACK
6
CONTINUOUS
10
5.9192618503937009
20
-4.2267571259842516
11
5.9188212204724406
21
-4.227139251968504
0
LINE
8
BLACK
6
CONTINUOUS
10
5.9188212204724406
20
-4.227139251968504
11
5.9184389763779528
21
-4.2275799999999997
0
LINE
8
BLACK
6
CONTINUOUS
10
5.9184389763779528
20
-4.2275799999999997
11
5.9140275196850389
21
-4.2297857086614172
0
LINE
8
BLACK
6
CONTINUOUS
10
5.9140275196850389
20
-4.2297857086614172
11
5.9136003149606298
21
-4.229816023622047
0
LINE
8
BLACK
6
CONTINUOUS
10
5.9136003149606298
20
-4.229816023622047
11
5.9132046456692908
21
-4.2299799606299215
0
LINE
8
BLACK
6
CONTINUOUS
10
5.9132046456692908
20
-4.2299799606299215
11
5.906587519685039
21
-4.2299799606299215
0
LINE
8
BLACK
6
CONTINUOUS
10
5.906587519685039
20
-4.2299799606299215
11
5.9061918110236222
21
-4.229816023622047
0
LINE
8
BLACK
6
CONTINUOUS
10
5.9061918110236222
20
-4.229816023622047
11
5.9057646456692909
21
-4.2297857086614172
0
LINE
8
BLACK
6
CONTINUOUS
10
5.9057646456692909
20
-4.2297857086614172
11
5.9018103937007869
21
-4.2278085826771656
0
LINE
8
BLACK
6
CONTINUOUS
10
5.9018103937007869
20
-4.2278085826771656
11
5.9018103937007869
21
-4.228139960629921
0
LINE
8
BLACK
6
CONTINUOUS
10
5.9018103937007869
20
-4.228139960629921
11
5.9012714566929132
21
-4.229441023622047
0
LINE
8
BLACK
6
CONTINUOUS
10
5.9012714566929132
20
-4.229441023622047
11
5.8999703937007872
21
-4.2299799606299215
0
LINE
8
BLACK
6
CONTINUOUS
10
5.8999703937007872
20
-4.2299799606299215
11
5.8986693307086613
21
-4.229441023622047
0
LINE
8
BLACK
6
CONTINUOUS
10
5.8986693307086613
20
-4.229441023622047
11
5.8981303937007876
21
-4.228139960629921
0
LINE
8
BLACK
6
CONTINUOUS
10
5.8981303937007876
20
-4.228139960629921
11
5.8981303937007876
21
-4.1972599606299212
0
LINE
8
BLACK
6
CONTINUOUS
10
5.8981303937007876
20
-4.1972599606299212
11
5.8986693307086613
21
-4.1959588976377953
0
LINE
8
BLACK
6
CONTINUOUS
10
5.8986693307086613
20
-4.1959588976377953
11
5.8999703937007872
21
-4.1954199606299207
0
LINE
8
BLACK
6
CONTINUOUS
10
5.8999703937007872
20
-4.1954199606299207
11
5.9012714566929132
21
-4.1959588976377953
0
LINE
8
BLACK
6
CONTINUOUS
10
5.9012714566929132
20
-4.1959588976377953
11
5.9018103937007869
21
-4.1972599606299212
0
LINE
8
BLACK
6
CONTINUOUS
10
5.9018103937007869
20
-4.1972599606299212
11
5.9018103937007869
21
-4.222966338582677
0
LINE
8
BLACK
6
CONTINUOUS
10
5.9018103937007869
20
-4.222966338582677
11
5.9032660629921256
21
-4.2244220472440945
0
LINE
8
BLACK
6
CONTINUOUS
10
5.9032660629921256
20
-4.2244220472440945
11
5.9070218897637794
21
-4.2262999606299214
0
LINE
8
BLACK
6
CONTINUOUS
10
5.9070218897637794
20
-4.2262999606299214
11
5.9127702755905513
21
-4.2262999606299214
0
LINE
8
BLACK
6
CONTINUOUS
10
5.9127702755905513
20
-4.2262999606299214
11
5.9162446062992124
21
-4.2245627952755909
0
LINE
8
BLACK
6
CONTINUOUS
10
5.9162446062992124
20
-4.2245627952755909
11
5.9179818110236218
21
-4.2210884251968501
0
LINE
8
BLACK
6
CONTINUOUS
10
5.9179818110236218
20
-4.2210884251968501
11
5.9179818110236218
21
-4.1972599606299212
0
LINE
8
BLACK
6
CONTINUOUS
10
5.9179818110236218
20
-4.1972599606299212
11
5.9185207480314963
21
-4.1959588976377953
0
LINE
8
BLACK
6
CONTINUOUS
10
5.9185207480314963
20
-4.1959588976377953
11
5.9198218110236223
21
-4.1954199606299207
0
LINE
8
BLACK
6
CONTINUOUS
10
5.9198218110236223
20
-4.1954199606299207
11
5.9211228740157482
21
-4.1959588976377953
0
LINE
8
BLACK
6
CONTINUOUS
10
6.0000503937007874
20
-4.1779685039370076
11
6.0009731102362203
21
-4.179032401574803
0
LINE
8
BLACK
6
CONTINUOUS
10
6.0009731102362203
20
-4.179032401574803
11
6.0120016929133859
21
-4.2121181102362204
0
LINE
8
BLACK
6
CONTINUOUS
10
6.0120016929133859
20
-4.2121181102362204
11
6.0119801968503932
21
-4.2124201574803148
0
LINE
8
BLACK
6
CONTINUOUS
10
6.0119801968503932
20
-4.2124201574803148
11
6.0120961023622046
21
-4.2126999606299211
0
LINE
8
BLACK
6
CONTINUOUS
10
6.0120961023622046
20
-4.2126999606299211
11
6.0119321653543309
21
-4.2130956692913388
0
LINE
8
BLACK
6
CONTINUOUS
10
6.0119321653543309
20
-4.2130956692913388
11
6.0119018110236215
21
-4.2135228346456692
0
LINE
8
BLACK
6
CONTINUOUS
10
6.0119018110236215
20
-4.2135228346456692
11
6.0116730314960627
21
-4.2137212204724408
0
LINE
8
BLACK
6
CONTINUOUS
10
6.0116730314960627
20
-4.2137212204724408
11
6.0115571653543309
21
-4.2140010236220471
0
LINE
8
BLACK
6
CONTINUOUS
10
6.0115571653543309
20
-4.2140010236220471
11
6.0111614566929132
21
-4.214164921259842
0
LINE
8
BLACK
6
CONTINUOUS
10
6.0111614566929132
20
-4.214164921259842
11
6.0108379527559057
21
-4.2144455118110233
0
LINE
8
BLACK
6
CONTINUOUS
10
6.0108379527559057
20
-4.2144455118110233
11
6.0105359055118113
21
-4.2144240157480315
0
LINE
8
BLACK
6
CONTINUOUS
10
6.0105359055118113
20
-4.2144240157480315
11
6.010256102362205
21
-4.2145399606299208
0
LINE
8
BLACK
6
CONTINUOUS
10
6.010256102362205
20
-4.2145399606299208
11
5.9900389763779529
21
-4.2145399606299208
0
LINE
8
BLACK
6
CONTINUOUS
10
5.9900389763779529
20
-4.2145399606299208
11
5.9900389763779529
21
-4.228139960629921
0
LINE
8
BLACK
6
CONTINUOUS
10
5.9900389763779529
20
-4.228139960629921
11
5.9895000393700784
21
-4.229441023622047
0
LINE
8
BLACK
6
CONTINUOUS
10
5.9895000393700784
20
-4.229441023622047
11
5.9881989763779524
21
-4.2299799606299215
0
LINE
8
BLACK
6
CONTINUOUS
10
5.9881989763779524
20
-4.2299799606299215
11
5.9868979133858264
21
-4.229441023622047
0
LINE
8
BLACK
6
CONTINUOUS
10
5.9868979133858264
20
-4.229441023622047
11
5.9863589763779528
21
-4.228139960629921
0
LINE
8
BLACK
6
CONTINUOUS
10
5.9863589763779528
20
-4.228139960629921
11
5.9863589763779528
21
-4.2145399606299208
0
LINE
8
BLACK
6
CONTINUOUS
10
5.9863589763779528
20
-4.2145399606299208
11
5.9815818110236219
21
-4.2145399606299208
0
LINE
8
BLACK
6
CONTINUOUS
10
5.9815818110236219
20
-4.2145399606299208
11
5.9802807480314959
21
-4.2140010236220471
0
LINE
8
BLACK
6
CONTINUOUS
10
5.9802807480314959
20
-4.2140010236220471
11
5.9797418110236222
21
-4.2126999606299211
0
LINE
8
BLACK
6
CONTINUOUS
10
5.9797418110236222
20
-4.2126999606299211
11
5.9802807480314959
21
-4.2113988976377952
0
LINE
8
BLACK
6
CONTINUOUS
10
5.9802807480314959
20
-4.2113988976377952
11
5.9815818110236219
21
-4.2108599606299215
0
LINE
8
BLACK
6
CONTINUOUS
10
5.9815818110236219
20
-4.2108599606299215
11
5.9863589763779528
21
-4.2108599606299215
0
LINE
8
BLACK
6
CONTINUOUS
10
5.9863589763779528
20
-4.2108599606299215
11
5.9863589763779528
21
-4.1972599606299212
0
LINE
8
BLACK
6
CONTINUOUS
10
5.9863589763779528
20
-4.1972599606299212
11
5.9868979133858264
21
-4.1959588976377953
0
LINE
8
BLACK
6
CONTINUOUS
10
5.9868979133858264
20
-4.1959588976377953
11
5.9881989763779524
21
-4.1954199606299207
0
LINE
8
BLACK
6
CONTINUOUS
10
5.9881989763779524
20
-4.1954199606299207
11
5.9895000393700784
21
-4.1959588976377953
0
LINE
8
BLACK
6
CONTINUOUS
10
5.9895000393700784
20
-4.1959588976377953
11
5.9900389763779529
21
-4.1972599606299212
0
LINE
8
BLACK
6
CONTINUOUS
10
5.9900389763779529
20
-4.1972599606299212
11
5.9900389763779529
21
-4.2108599606299215
0
LINE
8
BLACK
6
CONTINUOUS
10
5.9900389763779529
20
-4.2108599606299215
11
6.0077032283464566
21
-4.2108599606299215
0
LINE
8
BLACK
6
CONTINUOUS
10
6.0077032283464566
20
-4.2108599606299215
11
5.9974819291338584
21
-4.1801961023622045
0
LINE
8
BLACK
6
CONTINUOUS
10
5.9974819291338584
20
-4.1801961023622045
11
5.9975817716535431
21
-4.1787913779527557
0
LINE
8
BLACK
6
CONTINUOUS
10
5.9975817716535431
20
-4.1787913779527557
11
5.9986456692913386
21
-4.1778686614173228
0
LINE
8
BLACK
6
CONTINUOUS
10
5.9986456692913386
20
-4.1778686614173228
11
6.0000503937007874
21
-4.1779685039370076
0
LINE
8
BLACK
6
CONTINUOUS
10
5.9696485826771655
20
-4.1805188976377954
11
5.9701875196850391
21
-4.1818199606299213
0
LINE
8
BLACK
6
CONTINUOUS
10
5.9701875196850391
20
-4.1818199606299213
11
5.9696485826771655
21
-4.1831210236220473
0
LINE
8
BLACK
6
CONTINUOUS
10
5.9696485826771655
20
-4.1831210236220473
11
5.9683475196850395
21
-4.183659960629921
0
LINE
8
BLACK
6
CONTINUOUS
10
5.9683475196850395
20
-4.183659960629921
11
5.9402579527559052
21
-4.183659960629921
0
LINE
8
BLACK
6
CONTINUOUS
10
5.9402579527559052
20
-4.183659960629921
11
5.9590101574803152
21
-4.2274151574803147
0
LINE
8
BLACK
6
CONTINUOUS
10
5.9590101574803152
20
-4.2274151574803147
11
5.9590273228346451
21
-4.2288233070866141
0
LINE
8
BLACK
6
CONTINUOUS
10
5.9590273228346451
20
-4.2288233070866141
11
5.9580437401574802
21
-4.2298311811023623
0
LINE
8
BLACK
6
CONTINUOUS
10
5.9580437401574802
20
-4.2298311811023623
11
5.9566355905511807
21
-4.2298483464566932
0
LINE
8
BLACK
6
CONTINUOUS
10
5.9566355905511807
20
-4.2298483464566932
11
5.9556277165354325
21
-4.2288647637795274
0
LINE
8
BLACK
6
CONTINUOUS
10
5.9556277165354325
20
-4.2288647637795274
11
5.9357762992125984
21
-4.1825447637795277
0
LINE
8
BLACK
6
CONTINUOUS
10
5.9357762992125984
20
-4.1825447637795277
11
5.9357716929133861
21
-4.1821680314960625
0
LINE
8
BLACK
6
CONTINUOUS
10
5.9357716929133861
20
-4.1821680314960625
11
5.9356275196850392
21
-4.1818199606299213
0
LINE
8
BLACK
6
CONTINUOUS
10
5.9356275196850392
20
-4.1818199606299213
11
5.9357634251968499
21
-4.1814917716535431
0
LINE
8
BLACK
6
CONTINUOUS
10
5.9357634251968499
20
-4.1814917716535431
11
5.9357591338582676
21
-4.1811366141732282
0
LINE
8
BLACK
6
CONTINUOUS
10
5.9357591338582676
20
-4.1811366141732282
11
5.9360222440944881
21
-4.1808669685039366
0
LINE
8
BLACK
6
CONTINUOUS
10
5.9360222440944881
20
-4.1808669685039366
11
5.9361664566929129
21
-4.1805188976377954
0
LINE
8
BLACK
6
CONTINUOUS
10
5.9361664566929129
20
-4.1805188976377954
11
5.9364946062992123
21
-4.1803829527559051
0
LINE
8
BLACK
6
CONTINUOUS
10
5.9364946062992123
20
-4.1803829527559051
11
5.9367427165354325
21
-4.18012874015748
0
LINE
8
BLACK
6
CONTINUOUS
10
5.9367427165354325
20
-4.18012874015748
11
5.9371194094488189
21
-4.1801241338582678
0
LINE
8
BLACK
6
CONTINUOUS
10
5.9371194094488189
20
-4.1801241338582678
11
5.9374675196850388
21
-4.1799799606299208
0
LINE
8
BLACK
6
CONTINUOUS
10
5.9374675196850388
20
-4.1799799606299208
11
5.9683475196850395
21
-4.1799799606299208
0
LINE
8
BLACK
6
CONTINUOUS
10
5.9683475196850395
20
-4.1799799606299208
11
5.9696485826771655
21
-4.1805188976377954
0
LINE
8
BLACK
6
CONTINUOUS
10
5.2537716929133857
20
-4.1601438582677162
11
5.2541988976377949
21
-4.1601742125984247
0
LINE
8
BLACK
6
CONTINUOUS
10
5.2541988976377949
20
-4.1601742125984247
11
5.2586103543307088
21
-4.1623799212598422
0
LINE
8
BLACK
6
CONTINUOUS
10
5.2586103543307088
20
-4.1623799212598422
11
5.2588087795275591
21
-4.1626087007874011
0
LINE
8
BLACK
6
CONTINUOUS
10
5.2588087795275591
20
-4.1626087007874011
11
5.2590885433070866
21
-4.1627246062992125
0
LINE
8
BLACK
6
CONTINUOUS
10
5.2590885433070866
20
-4.1627246062992125
11
5.2612942519685042
21
-4.1649302755905513
0
LINE
8
BLACK
6
CONTINUOUS
10
5.2612942519685042
20
-4.1649302755905513
11
5.261410118110236
21
-4.1652100787401576
0
LINE
8
BLACK
6
CONTINUOUS
10
5.261410118110236
20
-4.1652100787401576
11
5.2616389370078736
21
-4.1654085039370079
0
LINE
8
BLACK
6
CONTINUOUS
10
5.2616389370078736
20
-4.1654085039370079
11
5.2638446456692911
21
-4.1698199212598421
0
LINE
8
BLACK
6
CONTINUOUS
10
5.2638446456692911
20
-4.1698199212598421
11
5.2638749606299209
21
-4.1702470866141734
0
LINE
8
BLACK
6
CONTINUOUS
10
5.2638749606299209
20
-4.1702470866141734
11
5.2640388976377954
21
-4.1706427952755902
0
LINE
8
BLACK
6
CONTINUOUS
10
5.2640388976377954
20
-4.1706427952755902
11
5.2640388976377954
21
-4.1750542519685041
0
LINE
8
BLACK
6
CONTINUOUS
10
5.2640388976377954
20
-4.1750542519685041
11
5.2638749606299209
21
-4.1754499212598422
0
LINE
8
BLACK
6
CONTINUOUS
10
5.2638749606299209
20
-4.1754499212598422
11
5.2638446456692911
21
-4.1758771259842522
0
LINE
8
BLACK
6
CONTINUOUS
10
5.2638446456692911
20
-4.1758771259842522
11
5.2616389370078736
21
-4.1802885433070864
0
LINE
8
BLACK
6
CONTINUOUS
10
5.2616389370078736
20
-4.1802885433070864
11
5.261410118110236
21
-4.180486929133858
0
LINE
8
BLACK
6
CONTINUOUS
10
5.261410118110236
20
-4.180486929133858
11
5.2612942519685042
21
-4.180766771653543
0
LINE
8
BLACK
6
CONTINUOUS
10
5.2612942519685042
20
-4.180766771653543
11
5.2590885433070866
21
-4.1829724409448819
0
LINE
8
BLACK
6
CONTINUOUS
10
5.2590885433070866
20
-4.1829724409448819
11
5.2588087795275591
21
-4.1830883070866145
0
LINE
8
BLACK
6
CONTINUOUS
10
5.2588087795275591
20
-4.1830883070866145
11
5.2586103543307088
21
-4.1833171259842521
0
LINE
8
BLACK
6
CONTINUOUS
10
5.2586103543307088
20
-4.1833171259842521
11
5.2541988976377949
21
-4.1855228346456688
0
LINE
8
BLACK
6
CONTINUOUS
10
5.2541988976377949
20
-4.1855228346456688
11
5.25399031496063
21
-4.1855376377952753
0
LINE
8
BLACK
6
CONTINUOUS
10
5.25399031496063
20
-4.1855376377952753
11
5.2538222834645669
21
-4.1856621653543309
0
LINE
8
BLACK
6
CONTINUOUS
10
5.2538222834645669
20
-4.1856621653543309
11
5.2451953543307086
21
-4.1878188976377952
0
LINE
8
BLACK
6
CONTINUOUS
10
5.2451953543307086
20
-4.1878188976377952
11
5.2412316929133853
21
-4.1898007086614175
0
LINE
8
BLACK
6
CONTINUOUS
10
5.2412316929133853
20
-4.1898007086614175
11
5.2394482283464567
21
-4.1915841338582673
0
LINE
8
BLACK
6
CONTINUOUS
10
5.2394482283464567
20
-4.1915841338582673
11
5.2375703149606299
21
-4.1953400393700786
0
LINE
8
BLACK
6
CONTINUOUS
10
5.2375703149606299
20
-4.1953400393700786
11
5.2375703149606299
21
-4.198882716535433
0
LINE
8
BLACK
6
CONTINUOUS
10
5.2375703149606299
20
-4.198882716535433
11
5.2394482283464567
21
-4.2026385826771655
0
LINE
8
BLACK
6
CONTINUOUS
10
5.2394482283464567
20
-4.2026385826771655
11
5.2412316929133853
21
-4.2044220078740153
0
LINE
8
BLACK
6
CONTINUOUS
10
5.2412316929133853
20
-4.2044220078740153
11
5.2449875590551178
21
-4.206299960629921
0
LINE
8
BLACK
6
CONTINUOUS
10
5.2449875590551178
20
-4.206299960629921
11
5.2552831496062993
21
-4.206299960629921
0
LINE
8
BLACK
6
CONTINUOUS
10
5.2552831496062993
20
-4.206299960629921
11
5.2616170472440942
21
-4.2041886614173229
0
LINE
8
BLACK
6
CONTINUOUS
10
5.2616170472440942
20
-4.2041886614173229
11
5.263021771653543
21
-4.2042885039370077
0
LINE
8
BLACK
6
CONTINUOUS
10
5.263021771653543
20
-4.2042885039370077
11
5.2639444881889759
21
-4.2053524015748032
0
LINE
8
BLACK
6
CONTINUOUS
10
5.2639444881889759
20
-4.2053524015748032
11
5.2638446456692911
21
-4.206757125984252
0
LINE
8
BLACK
6
CONTINUOUS
10
5.2638446456692911
20
-4.206757125984252
11
5.2627807874015744
21
-4.2076798425196849
0
LINE
8
BLACK
6
CONTINUOUS
10
5.2627807874015744
20
-4.2076798425196849
11
5.2561636220472439
21
-4.2098855511811024
0
LINE
8
BLACK
6
CONTINUOUS
10
5.2561636220472439
20
-4.2098855511811024
11
5.2558614960629919
21
-4.2098640551181106
0
LINE
8
BLACK
6
CONTINUOUS
10
5.2558614960629919
20
-4.2098640551181106
11
5.2555817716535431
21
-4.2099799606299211
0
LINE
8
BLACK
6
CONTINUOUS
10
5.2555817716535431
20
-4.2099799606299211
11
5.2445531889763775
21
-4.2099799606299211
0
LINE
8
BLACK
6
CONTINUOUS
10
5.2445531889763775
20
-4.2099799606299211
11
5.2441574803149607
21
-4.2098160236220474
0
LINE
8
BLACK
6
CONTINUOUS
10
5.2441574803149607
20
-4.2098160236220474
11
5.2437303149606302
21
-4.2097857086614177
0
LINE
8
BLACK
6
CONTINUOUS
10
5.2437303149606302
20
-4.2097857086614177
11
5.2393188976377951
21
-4.2075800000000001
0
LINE
8
BLACK
6
CONTINUOUS
10
5.2393188976377951
20
-4.2075800000000001
11
5.2391204724409448
21
-4.2073512204724413
0
LINE
8
BLACK
6
CONTINUOUS
10
5.2391204724409448
20
-4.2073512204724413
11
5.2388407086614173
21
-4.2072353543307086
0
LINE
8
BLACK
6
CONTINUOUS
10
5.2388407086614173
20
-4.2072353543307086
11
5.236634960629921
21
-4.2050295669291335
0
LINE
8
BLACK
6
CONTINUOUS
10
5.236634960629921
20
-4.2050295669291335
11
5.2365190551181104
21
-4.204749803149606
0
LINE
8
BLACK
6
CONTINUOUS
10
5.2365190551181104
20
-4.204749803149606
11
5.2362902755905507
21
-4.2045513779527557
0
LINE
8
BLACK
6
CONTINUOUS
10
5.2362902755905507
20
-4.2045513779527557
11
5.234084566929134
21
-4.2001399606299215
0
LINE
8
BLACK
6
CONTINUOUS
10
5.234084566929134
20
-4.2001399606299215
11
5.2340542125984255
21
-4.1997127559055114
0
LINE
8
BLACK
6
CONTINUOUS
10
5.2340542125984255
20
-4.1997127559055114
11
5.2338903149606297
21
-4.1993170866141734
0
LINE
8
BLACK
6
CONTINUOUS
10
5.2338903149606297
20
-4.1993170866141734
11
5.2338903149606297
21
-4.1949056692913382
0
LINE
8
BLACK
6
CONTINUOUS
10
5.2338903149606297
20
-4.1949056692913382
11
5.2340542125984255
21
-4.1945099606299214
0
LINE
8
BLACK
6
CONTINUOUS
10
5.2340542125984255
20
-4.1945099606299214
11
5.234084566929134
21
-4.1940827952755901
0
LINE
8
BLACK
6
CONTINUOUS
10
5.234084566929134
20
-4.1940827952755901
11
5.2362902755905507
21
-4.1896713779527559
0
LINE
8
BLACK
6
CONTINUOUS
10
5.2362902755905507
20
-4.1896713779527559
11
5.2365190551181104
21
-4.1894729133858268
0
LINE
8
BLACK
6
CONTINUOUS
10
5.2365190551181104
20
-4.1894729133858268
11
5.236634960629921
21
-4.189193188976378
0
LINE
8
BLACK
6
CONTINUOUS
10
5.236634960629921
20
-4.189193188976378
11
5.2388407086614173
21
-4.186987401574803
0
LINE
8
BLACK
6
CONTINUOUS
10
5.2388407086614173
20
-4.186987401574803
11
5.2391204724409448
21
-4.1868714960629925
0
LINE
8
BLACK
6
CONTINUOUS
10
5.2391204724409448
20
-4.1868714960629925
11
5.2393188976377951
21
-4.1866427559055115
0
LINE
8
BLACK
6
CONTINUOUS
10
5.2393188976377951
20
-4.1866427559055115
11
5.2437303149606302
21
-4.1844370472440948
0
LINE
8
BLACK
6
CONTINUOUS
10
5.2437303149606302
20
-4.1844370472440948
11
5.2439388582677164
21
-4.1844222047244095
0
LINE
8
BLACK
6
CONTINUOUS
10
5.2439388582677164
20
-4.1844222047244095
11
5.2441069291338582
21
-4.1842977165354327
0
LINE
8
BLACK
6
CONTINUOUS
10
5.2441069291338582
20
-4.1842977165354327
11
5.2527338582677165
21
-4.1821409448818896
0
LINE
8
BLACK
6
CONTINUOUS
10
5.2527338582677165
20
-4.1821409448818896
11
5.256697519685039
21
-4.1801591338582673
0
LINE
8
BLACK
6
CONTINUOUS
10
5.256697519685039
20
-4.1801591338582673
11
5.2584809448818897
21
-4.1783757086614175
0
LINE
8
BLACK
6
CONTINUOUS
10
5.2584809448818897
20
-4.1783757086614175
11
5.2603588976377953
21
-4.1746198818897637
0
LINE
8
BLACK
6
CONTINUOUS
10
5.2603588976377953
20
-4.1746198818897637
11
5.2603588976377953
21
-4.1710771653543306
0
LINE
8
BLACK
6
CONTINUOUS
10
5.2603588976377953
20
-4.1710771653543306
11
5.2584809448818897
21
-4.1673212992125981
0
LINE
8
BLACK
6
CONTINUOUS
10
5.2584809448818897
20
-4.1673212992125981
11
5.256697519685039
21
-4.1655378740157483
0
LINE
8
BLACK
6
CONTINUOUS
10
5.256697519685039
20
-4.1655378740157483
11
5.2529416535433073
21
-4.1636599606299214
0
LINE
8
BLACK
6
CONTINUOUS
10
5.2529416535433073
20
-4.1636599606299214
11
5.2426461417322834
21
-4.1636599606299214
0
LINE
8
BLACK
6
CONTINUOUS
10
5.2426461417322834
20
-4.1636599606299214
11
5.236312165354331
21
-4.1657712598425194
0
LINE
8
BLACK
6
CONTINUOUS
10
5.236312165354331
20
-4.1657712598425194
11
5.2349074409448821
21
-4.1656713779527559
0
LINE
8
BLACK
6
CONTINUOUS
10
5.2349074409448821
20
-4.1656713779527559
11
5.2339847244094484
21
-4.1646075196850392
0
LINE
8
BLACK
6
CONTINUOUS
10
5.2339847244094484
20
-4.1646075196850392
11
5.2340846062992128
21
-4.1632027952755903
0
LINE
8
BLACK
6
CONTINUOUS
10
5.2340846062992128
20
-4.1632027952755903
11
5.2351484645669286
21
-4.1622800787401575
0
LINE
8
BLACK
6
CONTINUOUS
10
5.2351484645669286
20
-4.1622800787401575
11
5.2417656299212601
21
-4.1600743700787399
0
LINE
8
BLACK
6
CONTINUOUS
10
5.2417656299212601
20
-4.1600743700787399
11
5.2420677165354332
21
-4.160095826771653
0
LINE
8
BLACK
6
CONTINUOUS
10
5.2420677165354332
20
-4.160095826771653
11
5.2423474803149608
21
-4.1599799606299213
0
LINE
8
BLACK
6
CONTINUOUS
10
5.2423474803149608
20
-4.1599799606299213
11
5.2533760236220468
21
-4.1599799606299213
0
LINE
8
BLACK
6
CONTINUOUS
10
5.2533760236220468
20
-4.1599799606299213
11
5.2537716929133857
21
-4.1601438582677162
0
LINE
8
BLACK
6
CONTINUOUS
10
5.2934745669291337
20
-4.1601438582677162
11
5.2939017716535428
21
-4.1601742125984247
0
LINE
8
BLACK
6
CONTINUOUS
10
5.2939017716535428
20
-4.1601742125984247
11
5.2983131889763779
21
-4.1623799212598422
0
LINE
8
BLACK
6
CONTINUOUS
10
5.2983131889763779
20
-4.1623799212598422
11
5.2985115748031495
21
-4.1626086614173223
0
LINE
8
BLACK
6
CONTINUOUS
10
5.2985115748031495
20
-4.1626086614173223
11
5.2987913779527558
21
-4.1627245669291337
0
LINE
8
BLACK
6
CONTINUOUS
10
5.2987913779527558
20
-4.1627245669291337
11
5.3009971259842521
21
-4.1649302755905513
0
LINE
8
BLACK
6
CONTINUOUS
10
5.3009971259842521
20
-4.1649302755905513
11
5.3010696062992126
21
-4.1651053149606296
0
LINE
8
BLACK
6
CONTINUOUS
10
5.3010696062992126
20
-4.1651053149606296
11
5.3012270472440948
21
-4.1652107480314964
0
LINE
8
BLACK
6
CONTINUOUS
10
5.3012270472440948
20
-4.1652107480314964
11
5.305638464566929
21
-4.1718278740157482
0
LINE
8
BLACK
6
CONTINUOUS
10
5.305638464566929
20
-4.1718278740157482
11
5.3057009055118112
21
-4.1721435826771653
0
LINE
8
BLACK
6
CONTINUOUS
10
5.3057009055118112
20
-4.1721435826771653
11
5.3058925590551178
21
-4.1724022440944877
0
LINE
8
BLACK
6
CONTINUOUS
10
5.3058925590551178
20
-4.1724022440944877
11
5.3080982677165354
21
-4.1812251181102358
0
LINE
8
BLACK
6
CONTINUOUS
10
5.3080982677165354
20
-4.1812251181102358
11
5.308063897637795
21
-4.1814558661417323
0
LINE
8
BLACK
6
CONTINUOUS
10
5.308063897637795
20
-4.1814558661417323
11
5.3081531889763776
21
-4.1816713779527559
0
LINE
8
BLACK
6
CONTINUOUS
10
5.3081531889763776
20
-4.1816713779527559
11
5.3081531889763776
21
-4.1993170866141734
0
LINE
8
BLACK
6
CONTINUOUS
10
5.3081531889763776
20
-4.1993170866141734
11
5.3079892519685039
21
-4.1997127559055114
0
LINE
8
BLACK
6
CONTINUOUS
10
5.3079892519685039
20
-4.1997127559055114
11
5.3079589370078741
21
-4.2001399606299215
0
LINE
8
BLACK
6
CONTINUOUS
10
5.3079589370078741
20
-4.2001399606299215
11
5.3057532283464566
21
-4.2045513779527557
0
LINE
8
BLACK
6
CONTINUOUS
10
5.3057532283464566
20
-4.2045513779527557
11
5.3055244488188977
21
-4.2047497637795272
0
LINE
8
BLACK
6
CONTINUOUS
10
5.3055244488188977
20
-4.2047497637795272
11
5.3054085826771651
21
-4.2050295669291335
0
LINE
8
BLACK
6
CONTINUOUS
10
5.3054085826771651
20
-4.2050295669291335
11
5.3032028740157475
21
-4.2072353149606299
0
LINE
8
BLACK
6
CONTINUOUS
10
5.3032028740157475
20
-4.2072353149606299
11
5.3029230708661412
21
-4.2073511811023625
0
LINE
8
BLACK
6
CONTINUOUS
10
5.3029230708661412
20
-4.2073511811023625
11
5.3027246456692909
21
-4.2075800000000001
0
LINE
8
BLACK
6
CONTINUOUS
10
5.3027246456692909
20
-4.2075800000000001
11
5.2983131889763779
21
-4.2097857086614177
0
LINE
8
BLACK
6
CONTINUOUS
10
5.2983131889763779
20
-4.2097857086614177
11
5.2978859842519688
21
-4.2098160236220474
0
LINE
8
BLACK
6
CONTINUOUS
10
5.2978859842519688
20
-4.2098160236220474
11
5.2974903149606298
21
-4.2099799606299211
0
LINE
8
BLACK
6
CONTINUOUS
10
5.2974903149606298
20
-4.2099799606299211
11
5.2886674803149605
21
-4.2099799606299211
0
LINE
8
BLACK
6
CONTINUOUS
10
5.2886674803149605
20
-4.2099799606299211
11
5.2882717716535428
21
-4.2098160236220474
0
LINE
8
BLACK
6
CONTINUOUS
10
5.2882717716535428
20
-4.2098160236220474
11
5.2878446062992124
21
-4.2097857086614177
0
LINE
8
BLACK
6
CONTINUOUS
10
5.2878446062992124
20
-4.2097857086614177
11
5.2834331889763781
21
-4.2075800000000001
0
LINE
8
BLACK
6
CONTINUOUS
10
5.2834331889763781
20
-4.2075800000000001
11
5.2832347637795278
21
-4.2073512204724413
0
LINE
8
BLACK
6
CONTINUOUS
10
5.2832347637795278
20
-4.2073512204724413
11
5.2829550000000003
21
-4.2072353543307086
0
LINE
8
BLACK
6
CONTINUOUS
10
5.2829550000000003
20
-4.2072353543307086
11
5.280749251968504
21
-4.2050295669291335
0
LINE
8
BLACK
6
CONTINUOUS
10
5.280749251968504
20
-4.2050295669291335
11
5.2806333464566926
21
-4.204749803149606
0
LINE
8
BLACK
6
CONTINUOUS
10
5.2806333464566926
20
-4.204749803149606
11
5.2804045669291337
21
-4.2045513779527557
0
LINE
8
BLACK
6
CONTINUOUS
10
5.2804045669291337
20
-4.2045513779527557
11
5.2781988582677162
21
-4.2001399606299215
0
LINE
8
BLACK
6
CONTINUOUS
10
5.2781988582677162
20
-4.2001399606299215
11
5.2781685039370076
21
-4.1997127559055114
0
LINE
8
BLACK
6
CONTINUOUS
10
5.2781685039370076
20
-4.1997127559055114
11
5.2780046062992128
21
-4.1993170866141734
0
LINE
8
BLACK
6
CONTINUOUS
10
5.2780046062992128
20
-4.1993170866141734
11
5.2780046062992128
21
-4.1882885039370077
0
LINE
8
BLACK
6
CONTINUOUS
10
5.2780046062992128
20
-4.1882885039370077
11
5.2781685039370076
21
-4.1878927952755909
0
LINE
8
BLACK
6
CONTINUOUS
10
5.2781685039370076
20
-4.1878927952755909
11
5.2781988582677162
21
-4.1874656299212596
0
LINE
8
BLACK
6
CONTINUOUS
10
5.2781988582677162
20
-4.1874656299212596
11
5.2804045669291337
21
-4.1830542125984254
0
LINE
8
BLACK
6
CONTINUOUS
10
5.2804045669291337
20
-4.1830542125984254
11
5.2806333464566926
21
-4.182855787401575
0
LINE
8
BLACK
6
CONTINUOUS
10
5.2806333464566926
20
-4.182855787401575
11
5.280749251968504
21
-4.1825759842519687
0
LINE
8
BLACK
6
CONTINUOUS
10
5.280749251968504
20
-4.1825759842519687
11
5.2829550000000003
21
-4.1803702755905512
0
LINE
8
BLACK
6
CONTINUOUS
10
5.2829550000000003
20
-4.1803702755905512
11
5.2832347637795278
21
-4.1802543700787398
0
LINE
8
BLACK
6
CONTINUOUS
10
5.2832347637795278
20
-4.1802543700787398
11
5.2834331889763781
21
-4.1800256299212597
0
LINE
8
BLACK
6
CONTINUOUS
10
5.2834331889763781
20
-4.1800256299212597
11
5.2878446062992124
21
-4.1778199212598421
0
LINE
8
BLACK
6
CONTINUOUS
10
5.2878446062992124
20
-4.1778199212598421
11
5.2882717716535428
21
-4.1777895669291336
0
LINE
8
BLACK
6
CONTINUOUS
10
5.2882717716535428
20
-4.1777895669291336
11
5.2886674803149605
21
-4.1776256692913387
0
LINE
8
BLACK
6
CONTINUOUS
10
5.2886674803149605
20
-4.1776256692913387
11
5.2974903149606298
21
-4.1776256692913387
0
LINE
8
BLACK
6
CONTINUOUS
10
5.2974903149606298
20
-4.1776256692913387
11
5.2978859842519688
21
-4.1777895669291336
0
LINE
8
BLACK
6
CONTINUOUS
10
5.2978859842519688
20
-4.1777895669291336
11
5.2983131889763779
21
-4.1778199212598421
0
LINE
8
BLACK
6
CONTINUOUS
10
5.2983131889763779
20
-4.1778199212598421
11
5.3027246456692909
21
-4.1800256299212597
0
LINE
8
BLACK
6
CONTINUOUS
10
5.3027246456692909
20
-4.1800256299212597
11
5.3029230708661412
21
-4.1802544094488185
0
LINE
8
BLACK
6
CONTINUOUS
10
5.3029230708661412
20
-4.1802544094488185
11
5.3032028346456688
21
-4.1803703149606299
0
LINE
8
BLACK
6
CONTINUOUS
10
5.3032028346456688
20
-4.1803703149606299
11
5.3043874015748029
21
-4.1815548425196853
0
LINE
8
BLACK
6
CONTINUOUS
10
5.3043874015748029
20
-4.1815548425196853
11
5.3023996850393695
21
-4.1736038976377952
0
LINE
8
BLACK
6
CONTINUOUS
10
5.3023996850393695
20
-4.1736038976377952
11
5.2982661811023624
21
-4.1674036614173229
0
LINE
8
BLACK
6
CONTINUOUS
10
5.2982661811023624
20
-4.1674036614173229
11
5.2964003543307081
21
-4.1655378740157483
0
LINE
8
BLACK
6
CONTINUOUS
10
5.2964003543307081
20
-4.1655378740157483
11
5.2926445275590552
21
-4.1636599606299214
0
LINE
8
BLACK
6
CONTINUOUS
10
5.2926445275590552
20
-4.1636599606299214
11
5.2842560629921262
21
-4.1636599606299214
0
LINE
8
BLACK
6
CONTINUOUS
10
5.2842560629921262
20
-4.1636599606299214
11
5.2829550000000003
21
-4.1631210236220468
0
LINE
8
BLACK
6
CONTINUOUS
10
5.2829550000000003
20
-4.1631210236220468
11
5.2824160629921257
21
-4.1618199606299209
0
LINE
8
BLACK
6
CONTINUOUS
10
5.2824160629921257
20
-4.1618199606299209
11
5.2829550000000003
21
-4.1605188976377949
0
LINE
8
BLACK
6
CONTINUOUS
10
5.2829550000000003
20
-4.1605188976377949
11
5.2842560629921262
21
-4.1599799606299213
0
LINE
8
BLACK
6
CONTINUOUS
10
5.2842560629921262
20
-4.1599799606299213
11
5.2930788976377956
21
-4.1599799606299213
0
LINE
8
BLACK
6
CONTINUOUS
10
5.2930788976377956
20
-4.1599799606299213
11
5.2934745669291337
21
-4.1601438582677162
0
LINE
8
BLACK
6
CONTINUOUS
10
5.2853459842519683
20
-4.1831835826771648
11
5.2835624803149601
21
-4.1849670472440943
0
LINE
8
BLACK
6
CONTINUOUS
10
5.2835624803149601
20
-4.1849670472440943
11
5.2816846062992129
21
-4.1887228740157481
0
LINE
8
BLACK
6
CONTINUOUS
10
5.2816846062992129
20
-4.1887228740157481
11
5.2816846062992129
21
-4.198882716535433
0
LINE
8
BLACK
6
CONTINUOUS
10
5.2816846062992129
20
-4.198882716535433
11
5.2835625196850389
21
-4.2026385826771655
0
LINE
8
BLACK
6
CONTINUOUS
10
5.2835625196850389
20
-4.2026385826771655
11
5.2853459842519683
21
-4.2044220078740153
0
LINE
8
BLACK
6
CONTINUOUS
10
5.2853459842519683
20
-4.2044220078740153
11
5.2891018503937008
21
-4.206299960629921
0
LINE
8
BLACK
6
CONTINUOUS
10
5.2891018503937008
20
-4.206299960629921
11
5.2970559448818895
21
-4.206299960629921
0
LINE
8
BLACK
6
CONTINUOUS
10
5.2970559448818895
20
-4.206299960629921
11
5.3008117322834645
21
-4.2044220472440941
0
LINE
8
BLACK
6
CONTINUOUS
10
5.3008117322834645
20
-4.2044220472440941
11
5.3025952362204727
21
-4.2026385433070867
0
LINE
8
BLACK
6
CONTINUOUS
10
5.3025952362204727
20
-4.2026385433070867
11
5.3044731889763774
21
-4.198882716535433
0
LINE
8
BLACK
6
CONTINUOUS
10
5.3044731889763774
20
-4.198882716535433
11
5.3044731889763774
21
-4.1887228740157481
0
LINE
8
BLACK
6
CONTINUOUS
10
5.3044731889763774
20
-4.1887228740157481
11
5.3025952362204727
21
-4.1849670078740155
0
LINE
8
BLACK
6
CONTINUOUS
10
5.3025952362204727
20
-4.1849670078740155
11
5.300811811023622
21
-4.1831835826771648
0
LINE
8
BLACK
6
CONTINUOUS
10
5.300811811023622
20
-4.1831835826771648
11
5.2970559448818895
21
-4.1813056692913388
0
LINE
8
BLACK
6
CONTINUOUS
10
5.2970559448818895
20
-4.1813056692913388
11
5.2891018503937008
21
-4.1813056692913388
0
LINE
8
BLACK
6
CONTINUOUS
10
5.2891018503937008
20
-4.1813056692913388
11
5.2853459842519683
21
-4.1831835826771648
0
LINE
8
BLACK
6
CONTINUOUS
10
5.3442060236220472
20
-4.1601438582677162
11
5.3446332283464564
21
-4.1601742125984247
0
LINE
8
BLACK
6
CONTINUOUS
10
5.3446332283464564
20
-4.1601742125984247
11
5.3490446456692915
21
-4.1623799212598422
0
LINE
8
BLACK
6
CONTINUOUS
10
5.3490446456692915
20
-4.1623799212598422
11
5.3492430708661418
21
-4.1626087007874011
0
LINE
8
BLACK
6
CONTINUOUS
10
5.3492430708661418
20
-4.1626087007874011
11
5.3495228346456694
21
-4.1627246062992125
0
LINE
8
BLACK
6
CONTINUOUS
10
5.3495228346456694
20
-4.1627246062992125
11
5.3517285433070869
21
-4.1649302755905513
0
LINE
8
BLACK
6
CONTINUOUS
10
5.3517285433070869
20
-4.1649302755905513
11
5.3522674409448818
21
-4.166231377952756
0
LINE
8
BLACK
6
CONTINUOUS
10
5.3522674409448818
20
-4.166231377952756
11
5.3517285433070869
21
-4.167532440944882
0
LINE
8
BLACK
6
CONTINUOUS
10
5.3517285433070869
20
-4.167532440944882
11
5.3504274803149601
21
-4.1680713385826769
0
LINE
8
BLACK
6
CONTINUOUS
10
5.3504274803149601
20
-4.1680713385826769
11
5.3491263779527554
21
-4.167532440944882
0
LINE
8
BLACK
6
CONTINUOUS
10
5.3491263779527554
20
-4.167532440944882
11
5.3471318503937004
21
-4.1655378740157483
0
LINE
8
BLACK
6
CONTINUOUS
10
5.3471318503937004
20
-4.1655378740157483
11
5.3433759842519688
21
-4.1636599606299214
0
LINE
8
BLACK
6
CONTINUOUS
10
5.3433759842519688
20
-4.1636599606299214
11
5.333216141732283
21
-4.1636599606299214
0
LINE
8
BLACK
6
CONTINUOUS
10
5.333216141732283
20
-4.1636599606299214
11
5.3294602755905514
21
-4.1655378740157483
0
LINE
8
BLACK
6
CONTINUOUS
10
5.3294602755905514
20
-4.1655378740157483
11
5.3276767716535431
21
-4.1673213385826768
0
LINE
8
BLACK
6
CONTINUOUS
10
5.3276767716535431
20
-4.1673213385826768
11
5.325798897637795
21
-4.1710771653543306
0
LINE
8
BLACK
6
CONTINUOUS
10
5.325798897637795
20
-4.1710771653543306
11
5.325798897637795
21
-4.1747556299212594
0
LINE
8
BLACK
6
CONTINUOUS
10
5.325798897637795
20
-4.1747556299212594
11
5.3277728346456694
21
-4.1806774803149604
0
LINE
8
BLACK
6
CONTINUOUS
10
5.3277728346456694
20
-4.1806774803149604
11
5.3539342913385823
21
-4.2068388976377955
0
LINE
8
BLACK
6
CONTINUOUS
10
5.3539342913385823
20
-4.2068388976377955
11
5.3544731889763781
21
-4.2081399606299215
0
LINE
8
BLACK
6
CONTINUOUS
10
5.3544731889763781
20
-4.2081399606299215
11
5.3539342913385823
21
-4.2094410629921262
0
LINE
8
BLACK
6
CONTINUOUS
10
5.3539342913385823
20
-4.2094410629921262
11
5.3526331889763776
21
-4.2099799606299211
0
LINE
8
BLACK
6
CONTINUOUS
10
5.3526331889763776
20
-4.2099799606299211
11
5.3239588976377954
21
-4.2099799606299211
0
LINE
8
BLACK
6
CONTINUOUS
10
5.3239588976377954
20
-4.2099799606299211
11
5.3226578346456694
21
-4.2094410236220474
0
LINE
8
BLACK
6
CONTINUOUS
10
5.3226578346456694
20
-4.2094410236220474
11
5.3221188976377949
21
-4.2081399606299215
0
LINE
8
BLACK
6
CONTINUOUS
10
5.3221188976377949
20
-4.2081399606299215
11
5.3226578346456694
21
-4.2068388976377955
0
LINE
8
BLACK
6
CONTINUOUS
10
5.3226578346456694
20
-4.2068388976377955
11
5.3239588976377954
21
-4.206299960629921
0
LINE
8
BLACK
6
CONTINUOUS
10
5.3239588976377954
20
-4.206299960629921
11
5.3481910236220473
21
-4.206299960629921
0
LINE
8
BLACK
6
CONTINUOUS
10
5.3481910236220473
20
-4.206299960629921
11
5.3248635433070861
21
-4.1829724409448819
0
LINE
8
BLACK
6
CONTINUOUS
10
5.3248635433070861
20
-4.1829724409448819
11
5.32469968503937
21
-4.1825768503937004
0
LINE
8
BLACK
6
CONTINUOUS
10
5.32469968503937
20
-4.1825768503937004
11
5.3244190157480311
21
-4.1822532677165354
0
LINE
8
BLACK
6
CONTINUOUS
10
5.3244190157480311
20
-4.1822532677165354
11
5.3222133070866144
21
-4.1756361023622048
0
LINE
8
BLACK
6
CONTINUOUS
10
5.3222133070866144
20
-4.1756361023622048
11
5.3222347637795275
21
-4.1753339763779529
0
LINE
8
BLACK
6
CONTINUOUS
10
5.3222347637795275
20
-4.1753339763779529
11
5.3221188976377949
21
-4.1750542519685041
0
LINE
8
BLACK
6
CONTINUOUS
10
5.3221188976377949
20
-4.1750542519685041
11
5.3221188976377949
21
-4.1706427952755902
0
LINE
8
BLACK
6
CONTINUOUS
10
5.3221188976377949
20
-4.1706427952755902
11
5.3222827952755907
21
-4.1702470866141734
0
LINE
8
BLACK
6
CONTINUOUS
10
5.3222827952755907
20
-4.1702470866141734
11
5.3223131496062992
21
-4.1698199212598421
0
LINE
8
BLACK
6
CONTINUOUS
10
5.3223131496062992
20
-4.1698199212598421
11
5.3245188582677168
21
-4.1654085039370079
0
LINE
8
BLACK
6
CONTINUOUS
10
5.3245188582677168
20
-4.1654085039370079
11
5.3247476377952756
21
-4.1652100787401576
0
LINE
8
BLACK
6
CONTINUOUS
10
5.3247476377952756
20
-4.1652100787401576
11
5.3248635433070861
21
-4.1649302755905513
0
LINE
8
BLACK
6
CONTINUOUS
10
5.3248635433070861
20
-4.1649302755905513
11
5.3270692913385824
21
-4.1627245669291337
0
LINE
8
BLACK
6
CONTINUOUS
10
5.3270692913385824
20
-4.1627245669291337
11
5.32734905511811
21
-4.1626086614173223
0
LINE
8
BLACK
6
CONTINUOUS
10
5.32734905511811
20
-4.1626086614173223
11
5.3275474803149603
21
-4.1623799212598422
0
LINE
8
BLACK
6
CONTINUOUS
10
5.3275474803149603
20
-4.1623799212598422
11
5.3319588976377954
21
-4.1601742125984247
0
LINE
8
BLACK
6
CONTINUOUS
10
5.3319588976377954
20
-4.1601742125984247
11
5.3323860629921258
21
-4.1601438582677162
0
LINE
8
BLACK
6
CONTINUOUS
10
5.3323860629921258
20
-4.1601438582677162
11
5.3327817716535435
21
-4.1599799606299213
0
LINE
8
BLACK
6
CONTINUOUS
10
5.3327817716535435
20
-4.1599799606299213
11
5.3438103543307083
21
-4.1599799606299213
0
LINE
8
BLACK
6
CONTINUOUS
10
5.3438103543307083
20
-4.1599799606299213
11
5.3442060236220472
21
-4.1601438582677162
0
LINE
8
BLACK
6
CONTINUOUS
10
5.4434631496062993
20
-4.1601438582677162
11
5.4438903543307084
21
-4.1601742125984247
0
LINE
8
BLACK
6
CONTINUOUS
10
5.4438903543307084
20
-4.1601742125984247
11
5.4483018110236223
21
-4.1623799212598422
0
LINE
8
BLACK
6
CONTINUOUS
10
5.4483018110236223
20
-4.1623799212598422
11
5.4485002362204726
21
-4.1626087007874011
0
LINE
8
BLACK
6
CONTINUOUS
10
5.4485002362204726
20
-4.1626087007874011
11
5.4487800000000002
21
-4.1627246062992125
0
LINE
8
BLACK
6
CONTINUOUS
10
5.4487800000000002
20
-4.1627246062992125
11
5.4509857086614169
21
-4.1649302755905513
0
LINE
8
BLACK
6
CONTINUOUS
10
5.4509857086614169
20
-4.1649302755905513
11
5.4511015748031495
21
-4.1652100787401576
0
LINE
8
BLACK
6
CONTINUOUS
10
5.4511015748031495
20
-4.1652100787401576
11
5.4513303937007871
21
-4.1654085039370079
0
LINE
8
BLACK
6
CONTINUOUS
10
5.4513303937007871
20
-4.1654085039370079
11
5.4535361023622047
21
-4.1698199212598421
0
LINE
8
BLACK
6
CONTINUOUS
10
5.4535361023622047
20
-4.1698199212598421
11
5.4535664173228344
21
-4.1702470866141734
0
LINE
8
BLACK
6
CONTINUOUS
10
5.4535664173228344
20
-4.1702470866141734
11
5.453730354330709
21
-4.1706427952755902
0
LINE
8
BLACK
6
CONTINUOUS
10
5.453730354330709
20
-4.1706427952755902
11
5.453730354330709
21
-4.1816713779527559
0
LINE
8
BLACK
6
CONTINUOUS
10
5.453730354330709
20
-4.1816713779527559
11
5.4535664173228344
21
-4.1820670472440939
0
LINE
8
BLACK
6
CONTINUOUS
10
5.4535664173228344
20
-4.1820670472440939
11
5.4535361023622047
21
-4.182494251968504
0
LINE
8
BLACK
6
CONTINUOUS
10
5.4535361023622047
20
-4.182494251968504
11
5.4513303937007871
21
-4.1869056692913382
0
LINE
8
BLACK
6
CONTINUOUS
10
5.4513303937007871
20
-4.1869056692913382
11
5.4511015748031495
21
-4.1871040551181098
0
LINE
8
BLACK
6
CONTINUOUS
10
5.4511015748031495
20
-4.1871040551181098
11
5.4509857086614169
21
-4.1873838976377948
0
LINE
8
BLACK
6
CONTINUOUS
10
5.4509857086614169
20
-4.1873838976377948
11
5.4487800000000002
21
-4.1895895669291336
0
LINE
8
BLACK
6
CONTINUOUS
10
5.4487800000000002
20
-4.1895895669291336
11
5.4485002362204726
21
-4.1897054330708663
0
LINE
8
BLACK
6
CONTINUOUS
10
5.4485002362204726
20
-4.1897054330708663
11
5.4483018110236223
21
-4.1899342519685039
0
LINE
8
BLACK
6
CONTINUOUS
10
5.4483018110236223
20
-4.1899342519685039
11
5.4438903543307084
21
-4.1921400000000002
0
LINE
8
BLACK
6
CONTINUOUS
10
5.4438903543307084
20
-4.1921400000000002
11
5.4434631496062993
21
-4.19217031496063
0
LINE
8
BLACK
6
CONTINUOUS
10
5.4434631496062993
20
-4.19217031496063
11
5.4430674803149603
21
-4.1923342519685036
0
LINE
8
BLACK
6
CONTINUOUS
10
5.4430674803149603
20
-4.1923342519685036
11
5.434244645669291
21
-4.1923342519685036
0
LINE
8
BLACK
6
CONTINUOUS
10
5.434244645669291
20
-4.1923342519685036
11
5.4338489370078742
21
-4.19217031496063
0
LINE
8
BLACK
6
CONTINUOUS
10
5.4338489370078742
20
-4.19217031496063
11
5.4334217716535429
21
-4.1921400000000002
0
LINE
8
BLACK
6
CONTINUOUS
10
5.4334217716535429
20
-4.1921400000000002
11
5.4290103543307087
21
-4.1899342519685039
0
LINE
8
BLACK
6
CONTINUOUS
10
5.4290103543307087
20
-4.1899342519685039
11
5.4288119291338583
21
-4.189705472440945
0
LINE
8
BLACK
6
CONTINUOUS
10
5.4288119291338583
20
-4.189705472440945
11
5.4285321653543308
21
-4.1895896062992124
0
LINE
8
BLACK
6
CONTINUOUS
10
5.4285321653543308
20
-4.1895896062992124
11
5.4273475196850391
21
-4.1884049999999995
0
LINE
8
BLACK
6
CONTINUOUS
10
5.4273475196850391
20
-4.1884049999999995
11
5.4293352362204725
21
-4.1963558661417322
0
LINE
8
BLACK
6
CONTINUOUS
10
5.4293352362204725
20
-4.1963558661417322
11
5.4334688188976381
21
-4.2025562204724407
0
LINE
8
BLACK
6
CONTINUOUS
10
5.4334688188976381
20
-4.2025562204724407
11
5.4353346062992127
21
-4.2044220472440941
0
LINE
8
BLACK
6
CONTINUOUS
10
5.4353346062992127
20
-4.2044220472440941
11
5.4390904330708656
21
-4.206299960629921
0
LINE
8
BLACK
6
CONTINUOUS
10
5.4390904330708656
20
-4.206299960629921
11
5.4474789370078742
21
-4.206299960629921
0
LINE
8
BLACK
6
CONTINUOUS
10
5.4474789370078742
20
-4.206299960629921
11
5.4487800000000002
21
-4.2068388976377955
0
LINE
8
BLACK
6
CONTINUOUS
10
5.4487800000000002
20
-4.2068388976377955
11
5.4493189370078738
21
-4.2081399606299215
0
LINE
8
BLACK
6
CONTINUOUS
10
5.4493189370078738
20
-4.2081399606299215
11
5.4487800000000002
21
-4.2094410236220474
0
LINE
8
BLACK
6
CONTINUOUS
10
5.4487800000000002
20
-4.2094410236220474
11
5.4474789370078742
21
-4.2099799606299211
0
LINE
8
BLACK
6
CONTINUOUS
10
5.4474789370078742
20
-4.2099799606299211
11
5.4386560629921261
21
-4.2099799606299211
0
LINE
8
BLACK
6
CONTINUOUS
10
5.4386560629921261
20
-4.2099799606299211
11
5.4382603543307084
21
-4.2098160236220474
0
LINE
8
BLACK
6
CONTINUOUS
10
5.4382603543307084
20
-4.2098160236220474
11
5.437833188976378
21
-4.2097857086614177
0
LINE
8
BLACK
6
CONTINUOUS
10
5.437833188976378
20
-4.2097857086614177
11
5.4334217716535429
21
-4.2075800000000001
0
LINE
8
BLACK
6
CONTINUOUS
10
5.4334217716535429
20
-4.2075800000000001
11
5.4332233464566926
21
-4.2073511811023625
0
LINE
8
BLACK
6
CONTINUOUS
10
5.4332233464566926
20
-4.2073511811023625
11
5.4329435433070863
21
-4.2072353149606299
0
LINE
8
BLACK
6
CONTINUOUS
10
5.4329435433070863
20
-4.2072353149606299
11
5.4307378346456687
21
-4.2050295669291335
0
LINE
8
BLACK
6
CONTINUOUS
10
5.4307378346456687
20
-4.2050295669291335
11
5.4306653149606294
21
-4.2048545275590552
0
LINE
8
BLACK
6
CONTINUOUS
10
5.4306653149606294
20
-4.2048545275590552
11
5.4305079921259845
21
-4.204749173228346
0
LINE
8
BLACK
6
CONTINUOUS
10
5.4305079921259845
20
-4.204749173228346
11
5.4260964960629918
21
-4.1981320472440942
0
LINE
8
BLACK
6
CONTINUOUS
10
5.4260964960629918
20
-4.1981320472440942
11
5.4260340157480318
21
-4.1978162204724407
0
LINE
8
BLACK
6
CONTINUOUS
10
5.4260340157480318
20
-4.1978162204724407
11
5.425842401574803
21
-4.1975576377952759
0
LINE
8
BLACK
6
CONTINUOUS
10
5.425842401574803
20
-4.1975576377952759
11
5.4236366929133855
21
-4.1887347637795278
0
LINE
8
BLACK
6
CONTINUOUS
10
5.4236366929133855
20
-4.1887347637795278
11
5.4236710236220471
21
-4.1885039763779526
0
LINE
8
BLACK
6
CONTINUOUS
10
5.4236710236220471
20
-4.1885039763779526
11
5.4235817716535433
21
-4.1882885039370077
0
LINE
8
BLACK
6
CONTINUOUS
10
5.4235817716535433
20
-4.1882885039370077
11
5.4235817716535433
21
-4.1706427952755902
0
LINE
8
BLACK
6
CONTINUOUS
10
5.4235817716535433
20
-4.1706427952755902
11
5.4237456692913382
21
-4.1702470866141734
0
LINE
8
BLACK
6
CONTINUOUS
10
5.4237456692913382
20
-4.1702470866141734
11
5.4237760236220467
21
-4.1698199212598421
0
LINE
8
BLACK
6
CONTINUOUS
10
5.4237760236220467
20
-4.1698199212598421
11
5.4259817322834643
21
-4.1654085039370079
0
LINE
8
BLACK
6
CONTINUOUS
10
5.4259817322834643
20
-4.1654085039370079
11
5.4262105118110231
21
-4.1652100787401576
0
LINE
8
BLACK
6
CONTINUOUS
10
5.4262105118110231
20
-4.1652100787401576
11
5.4263264173228345
21
-4.1649302755905513
0
LINE
8
BLACK
6
CONTINUOUS
10
5.4263264173228345
20
-4.1649302755905513
11
5.4285321653543308
21
-4.1627245669291337
0
LINE
8
BLACK
6
CONTINUOUS
10
5.4285321653543308
20
-4.1627245669291337
11
5.4288119291338583
21
-4.1626086614173223
0
LINE
8
BLACK
6
CONTINUOUS
10
5.4288119291338583
20
-4.1626086614173223
11
5.4290103543307087
21
-4.1623799212598422
0
LINE
8
BLACK
6
CONTINUOUS
10
5.4290103543307087
20
-4.1623799212598422
11
5.4334217716535429
21
-4.1601742125984247
0
LINE
8
BLACK
6
CONTINUOUS
10
5.4334217716535429
20
-4.1601742125984247
11
5.4338489370078742
21
-4.1601438582677162
0
LINE
8
BLACK
6
CONTINUOUS
10
5.4338489370078742
20
-4.1601438582677162
11
5.434244645669291
21
-4.1599799606299213
0
LINE
8
BLACK
6
CONTINUOUS
10
5.434244645669291
20
-4.1599799606299213
11
5.4430674803149603
21
-4.1599799606299213
0
LINE
8
BLACK
6
CONTINUOUS
10
5.4430674803149603
20
-4.1599799606299213
11
5.4434631496062993
21
-4.1601438582677162
0
LINE
8
BLACK
6
CONTINUOUS
10
5.4309231496062988
20
-4.1655378740157483
11
5.4291396456692915
21
-4.1673213385826768
0
LINE
8
BLACK
6
CONTINUOUS
10
5.4291396456692915
20
-4.1673213385826768
11
5.4272617716535434
21
-4.1710771653543306
0
LINE
8
BLACK
6
CONTINUOUS
10
5.4272617716535434
20
-4.1710771653543306
11
5.4272617716535434
21
-4.1812370078740155
0
LINE
8
BLACK
6
CONTINUOUS
10
5.4272617716535434
20
-4.1812370078740155
11
5.4291396456692915
21
-4.1849927952755905
0
LINE
8
BLACK
6
CONTINUOUS
10
5.4291396456692915
20
-4.1849927952755905
11
5.4309231496062988
21
-4.1867762992125988
0
LINE
8
BLACK
6
CONTINUOUS
10
5.4309231496062988
20
-4.1867762992125988
11
5.4346790157480314
21
-4.1886542519685035
0
LINE
8
BLACK
6
CONTINUOUS
10
5.4346790157480314
20
-4.1886542519685035
11
5.44263311023622
21
-4.1886542519685035
0
LINE
8
BLACK
6
CONTINUOUS
10
5.44263311023622
20
-4.1886542519685035
11
5.4463890157480312
21
-4.18677625984252
0
LINE
8
BLACK
6
CONTINUOUS
10
5.4463890157480312
20
-4.18677625984252
11
5.4481724015748032
21
-4.1849928346456693
0
LINE
8
BLACK
6
CONTINUOUS
10
5.4481724015748032
20
-4.1849928346456693
11
5.4500503543307088
21
-4.1812370078740155
0
LINE
8
BLACK
6
CONTINUOUS
10
5.4500503543307088
20
-4.1812370078740155
11
5.4500503543307088
21
-4.1710771653543306
0
LINE
8
BLACK
6
CONTINUOUS
10
5.4500503543307088
20
-4.1710771653543306
11
5.4481724015748032
21
-4.1673212992125981
0
LINE
8
BLACK
6
CONTINUOUS
10
5.4481724015748032
20
-4.1673212992125981
11
5.4463889763779525
21
-4.1655378740157483
0
LINE
8
BLACK
6
CONTINUOUS
10
5.4463889763779525
20
-4.1655378740157483
11
5.44263311023622
21
-4.1636599606299214
0
LINE
8
BLACK
6
CONTINUOUS
10
5.44263311023622
20
-4.1636599606299214
11
5.4346790157480314
21
-4.1636599606299214
0
LINE
8
BLACK
6
CONTINUOUS
10
5.4346790157480314
20
-4.1636599606299214
11
5.4309231496062988
21
-4.1655378740157483
0
LINE
8
BLACK
6
CONTINUOUS
10
5.4853717322834648
20
-4.1601438582677162
11
5.4857989370078739
21
-4.1601742125984247
0
LINE
8
BLACK
6
CONTINUOUS
10
5.4857989370078739
20
-4.1601742125984247
11
5.4902103937007869
21
-4.1623799212598422
0
LINE
8
BLACK
6
CONTINUOUS
10
5.4902103937007869
20
-4.1623799212598422
11
5.4904088188976381
21
-4.1626087007874011
0
LINE
8
BLACK
6
CONTINUOUS
10
5.4904088188976381
20
-4.1626087007874011
11
5.4906885826771656
21
-4.1627246062992125
0
LINE
8
BLACK
6
CONTINUOUS
10
5.4906885826771656
20
-4.1627246062992125
11
5.4928942913385823
21
-4.1649302755905513
0
LINE
8
BLACK
6
CONTINUOUS
10
5.4928942913385823
20
-4.1649302755905513
11
5.493010157480315
21
-4.1652100787401576
0
LINE
8
BLACK
6
CONTINUOUS
10
5.493010157480315
20
-4.1652100787401576
11
5.4932389763779526
21
-4.1654085039370079
0
LINE
8
BLACK
6
CONTINUOUS
10
5.4932389763779526
20
-4.1654085039370079
11
5.4954446850393701
21
-4.1698199212598421
0
LINE
8
BLACK
6
CONTINUOUS
10
5.4954446850393701
20
-4.1698199212598421
11
5.4954594881889767
21
-4.1700284645669292
0
LINE
8
BLACK
6
CONTINUOUS
10
5.4954594881889767
20
-4.1700284645669292
11
5.4955840157480313
21
-4.170196535433071
0
LINE
8
BLACK
6
CONTINUOUS
10
5.4955840157480313
20
-4.170196535433071
11
5.4977897244094489
21
-4.1790194094488191
0
LINE
8
BLACK
6
CONTINUOUS
10
5.4977897244094489
20
-4.1790194094488191
11
5.4977553543307085
21
-4.1792501574803147
0
LINE
8
BLACK
6
CONTINUOUS
10
5.4977553543307085
20
-4.1792501574803147
11
5.4978446456692911
21
-4.1794656692913383
0
LINE
8
BLACK
6
CONTINUOUS
10
5.4978446456692911
20
-4.1794656692913383
11
5.4978446456692911
21
-4.190494251968504
0
LINE
8
BLACK
6
CONTINUOUS
10
5.4978446456692911
20
-4.190494251968504
11
5.4977553543307085
21
-4.1907097244094489
0
LINE
8
BLACK
6
CONTINUOUS
10
5.4977553543307085
20
-4.1907097244094489
11
5.4977897244094489
21
-4.1909405118110232
0
LINE
8
BLACK
6
CONTINUOUS
10
5.4977897244094489
20
-4.1909405118110232
11
5.4955840157480313
21
-4.1997633464566926
0
LINE
8
BLACK
6
CONTINUOUS
10
5.4955840157480313
20
-4.1997633464566926
11
5.4954594881889767
21
-4.1999313779527556
0
LINE
8
BLACK
6
CONTINUOUS
10
5.4954594881889767
20
-4.1999313779527556
11
5.4954446850393701
21
-4.2001399606299215
0
LINE
8
BLACK
6
CONTINUOUS
10
5.4954446850393701
20
-4.2001399606299215
11
5.4932389763779526
21
-4.2045513779527557
0
LINE
8
BLACK
6
CONTINUOUS
10
5.4932389763779526
20
-4.2045513779527557
11
5.4930101968503937
21
-4.2047497637795272
0
LINE
8
BLACK
6
CONTINUOUS
10
5.4930101968503937
20
-4.2047497637795272
11
5.4928943307086611
21
-4.2050295669291335
0
LINE
8
BLACK
6
CONTINUOUS
10
5.4928943307086611
20
-4.2050295669291335
11
5.4906886220472444
21
-4.2072353149606299
0
LINE
8
BLACK
6
CONTINUOUS
10
5.4906886220472444
20
-4.2072353149606299
11
5.4904088188976381
21
-4.2073511811023625
0
LINE
8
BLACK
6
CONTINUOUS
10
5.4904088188976381
20
-4.2073511811023625
11
5.4902103937007869
21
-4.2075800000000001
0
LINE
8
BLACK
6
CONTINUOUS
10
5.4902103937007869
20
-4.2075800000000001
11
5.4857989370078739
21
-4.2097857086614177
0
LINE
8
BLACK
6
CONTINUOUS
10
5.4857989370078739
20
-4.2097857086614177
11
5.4853717322834648
21
-4.2098160236220474
0
LINE
8
BLACK
6
CONTINUOUS
10
5.4853717322834648
20
-4.2098160236220474
11
5.4849760629921258
21
-4.2099799606299211
0
LINE
8
BLACK
6
CONTINUOUS
10
5.4849760629921258
20
-4.2099799606299211
11
5.4805646456692916
21
-4.2099799606299211
0
LINE
8
BLACK
6
CONTINUOUS
10
5.4805646456692916
20
-4.2099799606299211
11
5.4801689370078739
21
-4.2098160236220474
0
LINE
8
BLACK
6
CONTINUOUS
10
5.4801689370078739
20
-4.2098160236220474
11
5.4797417716535435
21
-4.2097857086614177
0
LINE
8
BLACK
6
CONTINUOUS
10
5.4797417716535435
20
-4.2097857086614177
11
5.4753303543307084
21
-4.2075800000000001
0
LINE
8
BLACK
6
CONTINUOUS
10
5.4753303543307084
20
-4.2075800000000001
11
5.475131929133858
21
-4.2073511811023625
0
LINE
8
BLACK
6
CONTINUOUS
10
5.475131929133858
20
-4.2073511811023625
11
5.4748521259842517
21
-4.2072353149606299
0
LINE
8
BLACK
6
CONTINUOUS
10
5.4748521259842517
20
-4.2072353149606299
11
5.4726464173228342
21
-4.2050295669291335
0
LINE
8
BLACK
6
CONTINUOUS
10
5.4726464173228342
20
-4.2050295669291335
11
5.4725305118110237
21
-4.2047497637795272
0
LINE
8
BLACK
6
CONTINUOUS
10
5.4725305118110237
20
-4.2047497637795272
11
5.4723017716535436
21
-4.2045513779527557
0
LINE
8
BLACK
6
CONTINUOUS
10
5.4723017716535436
20
-4.2045513779527557
11
5.4700960236220473
21
-4.2001399606299215
0
LINE
8
BLACK
6
CONTINUOUS
10
5.4700960236220473
20
-4.2001399606299215
11
5.470081181102362
21
-4.1999313779527556
0
LINE
8
BLACK
6
CONTINUOUS
10
5.470081181102362
20
-4.1999313779527556
11
5.469956692913386
21
-4.1997633464566926
0
LINE
8
BLACK
6
CONTINUOUS
10
5.469956692913386
20
-4.1997633464566926
11
5.4677509842519685
21
-4.1909405118110232
0
LINE
8
BLACK
6
CONTINUOUS
10
5.4677509842519685
20
-4.1909405118110232
11
5.4677853149606301
21
-4.1907097244094489
0
LINE
8
BLACK
6
CONTINUOUS
10
5.4677853149606301
20
-4.1907097244094489
11
5.4676960629921263
21
-4.190494251968504
0
LINE
8
BLACK
6
CONTINUOUS
10
5.4676960629921263
20
-4.190494251968504
11
5.4676960629921263
21
-4.1794656692913383
0
LINE
8
BLACK
6
CONTINUOUS
10
5.4676960629921263
20
-4.1794656692913383
11
5.4677853149606301
21
-4.1792501574803147
0
LINE
8
BLACK
6
CONTINUOUS
10
5.4677853149606301
20
-4.1792501574803147
11
5.4677509842519685
21
-4.1790194094488191
0
LINE
8
BLACK
6
CONTINUOUS
10
5.4677509842519685
20
-4.1790194094488191
11
5.469956692913386
21
-4.170196535433071
0
LINE
8
BLACK
6
CONTINUOUS
10
5.469956692913386
20
-4.170196535433071
11
5.470081181102362
21
-4.1700284645669292
0
LINE
8
BLACK
6
CONTINUOUS
10
5.470081181102362
20
-4.1700284645669292
11
5.4700960236220473
21
-4.1698199212598421
0
LINE
8
BLACK
6
CONTINUOUS
10
5.4700960236220473
20
-4.1698199212598421
11
5.4723017716535436
21
-4.1654085039370079
0
LINE
8
BLACK
6
CONTINUOUS
10
5.4723017716535436
20
-4.1654085039370079
11
5.4725305511811024
21
-4.1652100393700788
0
LINE
8
BLACK
6
CONTINUOUS
10
5.4725305511811024
20
-4.1652100393700788
11
5.4726464566929129
21
-4.16493031496063
0
LINE
8
BLACK
6
CONTINUOUS
10
5.4726464566929129
20
-4.16493031496063
11
5.4748521259842517
21
-4.1627246062992125
0
LINE
8
BLACK
6
CONTINUOUS
10
5.4748521259842517
20
-4.1627246062992125
11
5.475131929133858
21
-4.1626087007874011
0
LINE
8
BLACK
6
CONTINUOUS
10
5.475131929133858
20
-4.1626087007874011
11
5.4753303543307084
21
-4.1623799212598422
0
LINE
8
BLACK
6
CONTINUOUS
10
5.4753303543307084
20
-4.1623799212598422
11
5.4797417716535435
21
-4.1601742125984247
0
LINE
8
BLACK
6
CONTINUOUS
10
5.4797417716535435
20
-4.1601742125984247
11
5.4801689370078739
21
-4.1601438582677162
0
LINE
8
BLACK
6
CONTINUOUS
10
5.4801689370078739
20
-4.1601438582677162
11
5.4805646456692916
21
-4.1599799606299213
0
LINE
8
BLACK
6
CONTINUOUS
10
5.4805646456692916
20
-4.1599799606299213
11
5.4849760629921258
21
-4.1599799606299213
0
LINE
8
BLACK
6
CONTINUOUS
10
5.4849760629921258
20
-4.1599799606299213
11
5.4853717322834648
21
-4.1601438582677162
0
LINE
8
BLACK
6
CONTINUOUS
10
5.4772431496062994
20
-4.1655378740157483
11
5.4754597244094487
21
-4.1673212598425193
0
LINE
8
BLACK
6
CONTINUOUS
10
5.4754597244094487
20
-4.1673212598425193
11
5.4734778346456689
21
-4.1712849606299214
0
LINE
8
BLACK
6
CONTINUOUS
10
5.4734778346456689
20
-4.1712849606299214
11
5.4713760629921255
21
-4.1796922047244092
0
LINE
8
BLACK
6
CONTINUOUS
10
5.4713760629921255
20
-4.1796922047244092
11
5.4713760629921255
21
-4.1902676771653544
0
LINE
8
BLACK
6
CONTINUOUS
10
5.4713760629921255
20
-4.1902676771653544
11
5.4734778346456689
21
-4.1986748818897635
0
LINE
8
BLACK
6
CONTINUOUS
10
5.4734778346456689
20
-4.1986748818897635
11
5.47545968503937
21
-4.2026385433070867
0
LINE
8
BLACK
6
CONTINUOUS
10
5.47545968503937
20
-4.2026385433070867
11
5.4772431889763782
21
-4.2044220472440941
0
LINE
8
BLACK
6
CONTINUOUS
10
5.4772431889763782
20
-4.2044220472440941
11
5.4809990157480311
21
-4.206299960629921
0
LINE
8
BLACK
6
CONTINUOUS
10
5.4809990157480311
20
-4.206299960629921
11
5.4845416929133854
21
-4.206299960629921
0
LINE
8
BLACK
6
CONTINUOUS
10
5.4845416929133854
20
-4.206299960629921
11
5.4882974803149605
21
-4.2044220472440941
0
LINE
8
BLACK
6
CONTINUOUS
10
5.4882974803149605
20
-4.2044220472440941
11
5.4900809842519687
21
-4.2026385433070867
0
LINE
8
BLACK
6
CONTINUOUS
10
5.4900809842519687
20
-4.2026385433070867
11
5.4920628346456688
21
-4.1986749212598422
0
LINE
8
BLACK
6
CONTINUOUS
10
5.4920628346456688
20
-4.1986749212598422
11
5.494164645669291
21
-4.1902676771653544
0
LINE
8
BLACK
6
CONTINUOUS
10
5.494164645669291
20
-4.1902676771653544
11
5.494164645669291
21
-4.1796922047244092
0
LINE
8
BLACK
6
CONTINUOUS
10
5.494164645669291
20
-4.1796922047244092
11
5.49206279527559
21
-4.1712849212598426
0
LINE
8
BLACK
6
CONTINUOUS
10
5.49206279527559
20
-4.1712849212598426
11
5.4900809842519687
21
-4.1673212992125981
0
LINE
8
BLACK
6
CONTINUOUS
10
5.4900809842519687
20
-4.1673212992125981
11
5.488297559055118
21
-4.1655378740157483
0
LINE
8
BLACK
6
CONTINUOUS
10
5.488297559055118
20
-4.1655378740157483
11
5.4845416929133854
21
-4.1636599606299214
0
LINE
8
BLACK
6
CONTINUOUS
10
5.4845416929133854
20
-4.1636599606299214
11
5.4809990157480311
21
-4.1636599606299214
0
LINE
8
BLACK
6
CONTINUOUS
10
5.4809990157480311
20
-4.1636599606299214
11
5.4772431496062994
21
-4.1655378740157483
0
LINE
8
BLACK
6
CONTINUOUS
10
5.5316917322834644
20
-4.1601438582677162
11
5.5321189370078736
21
-4.1601742125984247
0
LINE
8
BLACK
6
CONTINUOUS
10
5.5321189370078736
20
-4.1601742125984247
11
5.5365303937007875
21
-4.1623799212598422
0
LINE
8
BLACK
6
CONTINUOUS
10
5.5365303937007875
20
-4.1623799212598422
11
5.5367288188976378
21
-4.1626087007874011
0
LINE
8
BLACK
6
CONTINUOUS
10
5.5367288188976378
20
-4.1626087007874011
11
5.5370085826771653
21
-4.1627246062992125
0
LINE
8
BLACK
6
CONTINUOUS
10
5.5370085826771653
20
-4.1627246062992125
11
5.5392142913385829
21
-4.1649302755905513
0
LINE
8
BLACK
6
CONTINUOUS
10
5.5392142913385829
20
-4.1649302755905513
11
5.5393301574803147
21
-4.1652100787401576
0
LINE
8
BLACK
6
CONTINUOUS
10
5.5393301574803147
20
-4.1652100787401576
11
5.5395589763779522
21
-4.1654085039370079
0
LINE
8
BLACK
6
CONTINUOUS
10
5.5395589763779522
20
-4.1654085039370079
11
5.5417646850393698
21
-4.1698199212598421
0
LINE
8
BLACK
6
CONTINUOUS
10
5.5417646850393698
20
-4.1698199212598421
11
5.5417949999999996
21
-4.1702470866141734
0
LINE
8
BLACK
6
CONTINUOUS
10
5.5417949999999996
20
-4.1702470866141734
11
5.5419589370078741
21
-4.1706427952755902
0
LINE
8
BLACK
6
CONTINUOUS
10
5.5419589370078741
20
-4.1706427952755902
11
5.5419589370078741
21
-4.1728485039370078
0
LINE
8
BLACK
6
CONTINUOUS
10
5.5419589370078741
20
-4.1728485039370078
11
5.5417949999999996
21
-4.1732441732283467
0
LINE
8
BLACK
6
CONTINUOUS
10
5.5417949999999996
20
-4.1732441732283467
11
5.5417646850393698
21
-4.1736713385826771
0
LINE
8
BLACK
6
CONTINUOUS
10
5.5417646850393698
20
-4.1736713385826771
11
5.5395589763779522
21
-4.1780828346456689
0
LINE
8
BLACK
6
CONTINUOUS
10
5.5395589763779522
20
-4.1780828346456689
11
5.5393301574803147
21
-4.1782812204724404
0
LINE
8
BLACK
6
CONTINUOUS
10
5.5393301574803147
20
-4.1782812204724404
11
5.5392142913385829
21
-4.1785610629921255
0
LINE
8
BLACK
6
CONTINUOUS
10
5.5392142913385829
20
-4.1785610629921255
11
5.5370085826771653
21
-4.1807667322834643
0
LINE
8
BLACK
6
CONTINUOUS
10
5.5370085826771653
20
-4.1807667322834643
11
5.5367288188976378
21
-4.1808825984251969
0
LINE
8
BLACK
6
CONTINUOUS
10
5.5367288188976378
20
-4.1808825984251969
11
5.5365303937007875
21
-4.1811114173228345
0
LINE
8
BLACK
6
CONTINUOUS
10
5.5365303937007875
20
-4.1811114173228345
11
5.535410433070866
21
-4.1816713779527559
0
LINE
8
BLACK
6
CONTINUOUS
10
5.535410433070866
20
-4.1816713779527559
11
5.5365303937007875
21
-4.1822313385826773
0
LINE
8
BLACK
6
CONTINUOUS
10
5.5365303937007875
20
-4.1822313385826773
11
5.5367288188976378
21
-4.1824601181102361
0
LINE
8
BLACK
6
CONTINUOUS
10
5.5367288188976378
20
-4.1824601181102361
11
5.5370085826771653
21
-4.1825760236220475
0
LINE
8
BLACK
6
CONTINUOUS
10
5.5370085826771653
20
-4.1825760236220475
11
5.5392142913385829
21
-4.1847816929133854
0
LINE
8
BLACK
6
CONTINUOUS
10
5.5392142913385829
20
-4.1847816929133854
11
5.5393301574803147
21
-4.1850614960629917
0
LINE
8
BLACK
6
CONTINUOUS
10
5.5393301574803147
20
-4.1850614960629917
11
5.5395589763779522
21
-4.185259921259842
0
LINE
8
BLACK
6
CONTINUOUS
10
5.5395589763779522
20
-4.185259921259842
11
5.5417646850393698
21
-4.1896714173228347
0
LINE
8
BLACK
6
CONTINUOUS
10
5.5417646850393698
20
-4.1896714173228347
11
5.5417949999999996
21
-4.1900985433070863
0
LINE
8
BLACK
6
CONTINUOUS
10
5.5417949999999996
20
-4.1900985433070863
11
5.5419589370078741
21
-4.190494251968504
0
LINE
8
BLACK
6
CONTINUOUS
10
5.5419589370078741
20
-4.190494251968504
11
5.5419589370078741
21
-4.1993170866141734
0
LINE
8
BLACK
6
CONTINUOUS
10
5.5419589370078741
20
-4.1993170866141734
11
5.5417949999999996
21
-4.1997127559055114
0
LINE
8
BLACK
6
CONTINUOUS
10
5.5417949999999996
20
-4.1997127559055114
11
5.5417646850393698
21
-4.2001399606299215
0
LINE
8
BLACK
6
CONTINUOUS
10
5.5417646850393698
20
-4.2001399606299215
11
5.5395589763779522
21
-4.2045513779527557
0
LINE
8
BLACK
6
CONTINUOUS
10
5.5395589763779522
20
-4.2045513779527557
11
5.5393301968503934
21
-4.2047497637795272
0
LINE
8
BLACK
6
CONTINUOUS
10
5.5393301968503934
20
-4.2047497637795272
11
5.5392143307086616
21
-4.2050295669291335
0
LINE
8
BLACK
6
CONTINUOUS
10
5.5392143307086616
20
-4.2050295669291335
11
5.5370086220472441
21
-4.2072353149606299
0
LINE
8
BLACK
6
CONTINUOUS
10
5.5370086220472441
20
-4.2072353149606299
11
5.5367288188976378
21
-4.2073511811023625
0
LINE
8
BLACK
6
CONTINUOUS
10
5.5367288188976378
20
-4.2073511811023625
11
5.5365303937007875
21
-4.2075800000000001
0
LINE
8
BLACK
6
CONTINUOUS
10
5.5365303937007875
20
-4.2075800000000001
11
5.5321189370078736
21
-4.2097857086614177
0
LINE
8
BLACK
6
CONTINUOUS
10
5.5321189370078736
20
-4.2097857086614177
11
5.5316917322834644
21
-4.2098160236220474
0
LINE
8
BLACK
6
CONTINUOUS
10
5.5316917322834644
20
-4.2098160236220474
11
5.5312960629921255
21
-4.2099799606299211
0
LINE
8
BLACK
6
CONTINUOUS
10
5.5312960629921255
20
-4.2099799606299211
11
5.5224732283464562
21
-4.2099799606299211
0
LINE
8
BLACK
6
CONTINUOUS
10
5.5224732283464562
20
-4.2099799606299211
11
5.5220775196850393
21
-4.2098160236220474
0
LINE
8
BLACK
6
CONTINUOUS
10
5.5220775196850393
20
-4.2098160236220474
11
5.5216503543307089
21
-4.2097857086614177
0
LINE
8
BLACK
6
CONTINUOUS
10
5.5216503543307089
20
-4.2097857086614177
11
5.5172389370078738
21
-4.2075800000000001
0
LINE
8
BLACK
6
CONTINUOUS
10
5.5172389370078738
20
-4.2075800000000001
11
5.5170405118110235
21
-4.2073512204724413
0
LINE
8
BLACK
6
CONTINUOUS
10
5.5170405118110235
20
-4.2073512204724413
11
5.516760748031496
21
-4.2072353543307086
0
LINE
8
BLACK
6
CONTINUOUS
10
5.516760748031496
20
-4.2072353543307086
11
5.5145549999999997
21
-4.2050295669291335
0
LINE
8
BLACK
6
CONTINUOUS
10
5.5145549999999997
20
-4.2050295669291335
11
5.5144390944881891
21
-4.204749803149606
0
LINE
8
BLACK
6
CONTINUOUS
10
5.5144390944881891
20
-4.204749803149606
11
5.5142103149606294
21
-4.2045513779527557
0
LINE
8
BLACK
6
CONTINUOUS
10
5.5142103149606294
20
-4.2045513779527557
11
5.5120046062992127
21
-4.2001399606299215
0
LINE
8
BLACK
6
CONTINUOUS
10
5.5120046062992127
20
-4.2001399606299215
11
5.5119742519685042
21
-4.1997127559055114
0
LINE
8
BLACK
6
CONTINUOUS
10
5.5119742519685042
20
-4.1997127559055114
11
5.5118103543307084
21
-4.1993170866141734
0
LINE
8
BLACK
6
CONTINUOUS
10
5.5118103543307084
20
-4.1993170866141734
11
5.5118103543307084
21
-4.190494251968504
0
LINE
8
BLACK
6
CONTINUOUS
10
5.5118103543307084
20
-4.190494251968504
11
5.5119742519685042
21
-4.1900985433070863
0
LINE
8
BLACK
6
CONTINUOUS
10
5.5119742519685042
20
-4.1900985433070863
11
5.5120046062992127
21
-4.1896713779527559
0
LINE
8
BLACK
6
CONTINUOUS
10
5.5120046062992127
20
-4.1896713779527559
11
5.5142103149606294
21
-4.185259921259842
0
LINE
8
BLACK
6
CONTINUOUS
10
5.5142103149606294
20
-4.185259921259842
11
5.5144390944881891
21
-4.185061456692913
0
LINE
8
BLACK
6
CONTINUOUS
10
5.5144390944881891
20
-4.185061456692913
11
5.5145549999999997
21
-4.1847816929133854
0
LINE
8
BLACK
6
CONTINUOUS
10
5.5145549999999997
20
-4.1847816929133854
11
5.516760748031496
21
-4.1825759842519687
0
LINE
8
BLACK
6
CONTINUOUS
10
5.516760748031496
20
-4.1825759842519687
11
5.5170405118110235
21
-4.1824600787401573
0
LINE
8
BLACK
6
CONTINUOUS
10
5.5170405118110235
20
-4.1824600787401573
11
5.5172389370078738
21
-4.1822313385826773
0
LINE
8
BLACK
6
CONTINUOUS
10
5.5172389370078738
20
-4.1822313385826773
11
5.5183588582677165
21
-4.1816713779527559
0
LINE
8
BLACK
6
CONTINUOUS
10
5.5183588582677165
20
-4.1816713779527559
11
5.5172389370078738
21
-4.1811114173228345
0
LINE
8
BLACK
6
CONTINUOUS
10
5.5172389370078738
20
-4.1811114173228345
11
5.5170405118110235
21
-4.1808826377952757
0
LINE
8
BLACK
6
CONTINUOUS
10
5.5170405118110235
20
-4.1808826377952757
11
5.516760748031496
21
-4.180766771653543
0
LINE
8
BLACK
6
CONTINUOUS
10
5.516760748031496
20
-4.180766771653543
11
5.5145549999999997
21
-4.1785610629921255
0
LINE
8
BLACK
6
CONTINUOUS
10
5.5145549999999997
20
-4.1785610629921255
11
5.5144390944881891
21
-4.1782812598425192
0
LINE
8
BLACK
6
CONTINUOUS
10
5.5144390944881891
20
-4.1782812598425192
11
5.5142103149606294
21
-4.1780828346456689
0
LINE
8
BLACK
6
CONTINUOUS
10
5.5142103149606294
20
-4.1780828346456689
11
5.5120046062992127
21
-4.1736713779527559
0
LINE
8
BLACK
6
CONTINUOUS
10
5.5120046062992127
20
-4.1736713779527559
11
5.5119742519685042
21
-4.1732441732283467
0
LINE
8
BLACK
6
CONTINUOUS
10
5.5119742519685042
20
-4.1732441732283467
11
5.5118103543307084
21
-4.1728485039370078
0
LINE
8
BLACK
6
CONTINUOUS
10
5.5118103543307084
20
-4.1728485039370078
11
5.5118103543307084
21
-4.1706427952755902
0
LINE
8
BLACK
6
CONTINUOUS
10
5.5118103543307084
20
-4.1706427952755902
11
5.5119742519685042
21
-4.1702470866141734
0
LINE
8
BLACK
6
CONTINUOUS
10
5.5119742519685042
20
-4.1702470866141734
11
5.5120046062992127
21
-4.1698199212598421
0
LINE
8
BLACK
6
CONTINUOUS
10
5.5120046062992127
20
-4.1698199212598421
11
5.5142103149606294
21
-4.1654085039370079
0
LINE
8
BLACK
6
CONTINUOUS
10
5.5142103149606294
20
-4.1654085039370079
11
5.5144390944881891
21
-4.1652100787401576
0
LINE
8
BLACK
6
CONTINUOUS
10
5.5144390944881891
20
-4.1652100787401576
11
5.5145549999999997
21
-4.1649302755905513
0
LINE
8
BLACK
6
CONTINUOUS
10
5.5145549999999997
20
-4.1649302755905513
11
5.516760748031496
21
-4.1627245669291337
0
LINE
8
BLACK
6
CONTINUOUS
10
5.516760748031496
20
-4.1627245669291337
11
5.5170405118110235
21
-4.1626086614173223
0
LINE
8
BLACK
6
CONTINUOUS
10
5.5170405118110235
20
-4.1626086614173223
11
5.5172389370078738
21
-4.1623799212598422
0
LINE
8
BLACK
6
CONTINUOUS
10
5.5172389370078738
20
-4.1623799212598422
11
5.5216503543307089
21
-4.1601742125984247
0
LINE
8
BLACK
6
CONTINUOUS
10
5.5216503543307089
20
-4.1601742125984247
11
5.5220775196850393
21
-4.1601438582677162
0
LINE
8
BLACK
6
CONTINUOUS
10
5.5220775196850393
20
-4.1601438582677162
11
5.5224732283464562
21
-4.1599799606299213
0
LINE
8
BLACK
6
CONTINUOUS
10
5.5224732283464562
20
-4.1599799606299213
11
5.5312960629921255
21
-4.1599799606299213
0
LINE
8
BLACK
6
CONTINUOUS
10
5.5312960629921255
20
-4.1599799606299213
11
5.5316917322834644
21
-4.1601438582677162
0
LINE
8
BLACK
6
CONTINUOUS
10
5.519151732283464
20
-4.1853892913385824
11
5.5173682283464567
21
-4.1871727952755906
0
LINE
8
BLACK
6
CONTINUOUS
10
5.5173682283464567
20
-4.1871727952755906
11
5.5154903543307086
21
-4.1909285826771656
0
LINE
8
BLACK
6
CONTINUOUS
10
5.5154903543307086
20
-4.1909285826771656
11
5.5154903543307086
21
-4.198882716535433
0
LINE
8
BLACK
6
CONTINUOUS
10
5.5154903543307086
20
-4.198882716535433
11
5.5173682677165354
21
-4.2026385826771655
0
LINE
8
BLACK
6
CONTINUOUS
10
5.5173682677165354
20
-4.2026385826771655
11
5.519151732283464
21
-4.2044220078740153
0
LINE
8
BLACK
6
CONTINUOUS
10
5.519151732283464
20
-4.2044220078740153
11
5.5229075984251965
21
-4.206299960629921
0
LINE
8
BLACK
6
CONTINUOUS
10
5.5229075984251965
20
-4.206299960629921
11
5.530861692913386
21
-4.206299960629921
0
LINE
8
BLACK
6
CONTINUOUS
10
5.530861692913386
20
-4.206299960629921
11
5.5346174803149601
21
-4.2044220472440941
0
LINE
8
BLACK
6
CONTINUOUS
10
5.5346174803149601
20
-4.2044220472440941
11
5.5364009842519684
21
-4.2026385433070867
0
LINE
8
BLACK
6
CONTINUOUS
10
5.5364009842519684
20
-4.2026385433070867
11
5.538278937007874
21
-4.198882716535433
0
LINE
8
BLACK
6
CONTINUOUS
10
5.538278937007874
20
-4.198882716535433
11
5.538278937007874
21
-4.1909285826771656
0
LINE
8
BLACK
6
CONTINUOUS
10
5.538278937007874
20
-4.1909285826771656
11
5.5364009842519684
21
-4.1871727165354331
0
LINE
8
BLACK
6
CONTINUOUS
10
5.5364009842519684
20
-4.1871727165354331
11
5.5346175590551177
21
-4.1853892913385824
0
LINE
8
BLACK
6
CONTINUOUS
10
5.5346175590551177
20
-4.1853892913385824
11
5.530861692913386
21
-4.1835113779527555
0
LINE
8
BLACK
6
CONTINUOUS
10
5.530861692913386
20
-4.1835113779527555
11
5.5229075984251965
21
-4.1835113779527555
0
LINE
8
BLACK
6
CONTINUOUS
10
5.5229075984251965
20
-4.1835113779527555
11
5.519151732283464
21
-4.1853892913385824
0
LINE
8
BLACK
6
CONTINUOUS
10
5.519151732283464
20
-4.1655378740157483
11
5.5173682283464567
21
-4.1673213385826768
0
LINE
8
BLACK
6
CONTINUOUS
10
5.5173682283464567
20
-4.1673213385826768
11
5.5154903543307086
21
-4.1710771653543306
0
LINE
8
BLACK
6
CONTINUOUS
10
5.5154903543307086
20
-4.1710771653543306
11
5.5154903543307086
21
-4.1724141338582674
0
LINE
8
BLACK
6
CONTINUOUS
10
5.5154903543307086
20
-4.1724141338582674
11
5.5173682283464567
21
-4.1761699212598424
0
LINE
8
BLACK
6
CONTINUOUS
10
5.5173682283464567
20
-4.1761699212598424
11
5.519151732283464
21
-4.1779534251968506
0
LINE
8
BLACK
6
CONTINUOUS
10
5.519151732283464
20
-4.1779534251968506
11
5.5229075984251965
21
-4.1798313779527554
0
LINE
8
BLACK
6
CONTINUOUS
10
5.5229075984251965
20
-4.1798313779527554
11
5.530861692913386
21
-4.1798313779527554
0
LINE
8
BLACK
6
CONTINUOUS
10
5.530861692913386
20
-4.1798313779527554
11
5.5346175590551177
21
-4.1779534251968506
0
LINE
8
BLACK
6
CONTINUOUS
10
5.5346175590551177
20
-4.1779534251968506
11
5.5364009842519684
21
-4.1761699999999999
0
LINE
8
BLACK
6
CONTINUOUS
10
5.5364009842519684
20
-4.1761699999999999
11
5.538278937007874
21
-4.1724141338582674
0
LINE
8
BLACK
6
CONTINUOUS
10
5.538278937007874
20
-4.1724141338582674
11
5.538278937007874
21
-4.1710771653543306
0
LINE
8
BLACK
6
CONTINUOUS
10
5.538278937007874
20
-4.1710771653543306
11
5.5364009842519684
21
-4.1673212992125981
0
LINE
8
BLACK
6
CONTINUOUS
10
5.5364009842519684
20
-4.1673212992125981
11
5.5346175590551177
21
-4.1655378740157483
0
LINE
8
BLACK
6
CONTINUOUS
10
5.5346175590551177
20
-4.1655378740157483
11
5.530861692913386
21
-4.1636599606299214
0
LINE
8
BLACK
6
CONTINUOUS
10
5.530861692913386
20
-4.1636599606299214
11
5.5229075984251965
21
-4.1636599606299214
0
LINE
8
BLACK
6
CONTINUOUS
10
5.5229075984251965
20
-4.1636599606299214
11
5.519151732283464
21
-4.1655378740157483
0
LINE
8
BLACK
6
CONTINUOUS
10
5.6296485826771656
20
-4.1605188976377949
11
5.6301875196850393
21
-4.1618199606299209
0
LINE
8
BLACK
6
CONTINUOUS
10
5.6301875196850393
20
-4.1618199606299209
11
5.6301875196850393
21
-4.2081399606299215
0
LINE
8
BLACK
6
CONTINUOUS
10
5.6301875196850393
20
-4.2081399606299215
11
5.6296485826771656
21
-4.2094410236220474
0
LINE
8
BLACK
6
CONTINUOUS
10
5.6296485826771656
20
-4.2094410236220474
11
5.6283475196850397
21
-4.2099799606299211
0
LINE
8
BLACK
6
CONTINUOUS
10
5.6283475196850397
20
-4.2099799606299211
11
5.6270464566929137
21
-4.2094410236220474
0
LINE
8
BLACK
6
CONTINUOUS
10
5.6270464566929137
20
-4.2094410236220474
11
5.6265075196850391
21
-4.2081399606299215
0
LINE
8
BLACK
6
CONTINUOUS
10
5.6265075196850391
20
-4.2081399606299215
11
5.6265075196850391
21
-4.1879227952755906
0
LINE
8
BLACK
6
CONTINUOUS
10
5.6265075196850391
20
-4.1879227952755906
11
5.6107018110236222
21
-4.1879227952755906
0
LINE
8
BLACK
6
CONTINUOUS
10
5.6107018110236222
20
-4.1879227952755906
11
5.6103061023622045
21
-4.1877588582677161
0
LINE
8
BLACK
6
CONTINUOUS
10
5.6103061023622045
20
-4.1877588582677161
11
5.6098789763779529
21
-4.1877285433070863
0
LINE
8
BLACK
6
CONTINUOUS
10
5.6098789763779529
20
-4.1877285433070863
11
5.6054674803149602
21
-4.1855228346456688
0
LINE
8
BLACK
6
CONTINUOUS
10
5.6054674803149602
20
-4.1855228346456688
11
5.6052690551181099
21
-4.1852940157480312
0
LINE
8
BLACK
6
CONTINUOUS
10
5.6052690551181099
20
-4.1852940157480312
11
5.6049892519685036
21
-4.1851781496062994
0
LINE
8
BLACK
6
CONTINUOUS
10
5.6049892519685036
20
-4.1851781496062994
11
5.6027835826771648
21
-4.1829724409448819
0
LINE
8
BLACK
6
CONTINUOUS
10
5.6027835826771648
20
-4.1829724409448819
11
5.6026676771653543
21
-4.1826926771653543
0
LINE
8
BLACK
6
CONTINUOUS
10
5.6026676771653543
20
-4.1826926771653543
11
5.6024388976377955
21
-4.182494251968504
0
LINE
8
BLACK
6
CONTINUOUS
10
5.6024388976377955
20
-4.182494251968504
11
5.6002331889763779
21
-4.1780828346456689
0
LINE
8
BLACK
6
CONTINUOUS
10
5.6002331889763779
20
-4.1780828346456689
11
5.6002028346456694
21
-4.1776556299212597
0
LINE
8
BLACK
6
CONTINUOUS
10
5.6002028346456694
20
-4.1776556299212597
11
5.6000389370078736
21
-4.1772599606299208
0
LINE
8
BLACK
6
CONTINUOUS
10
5.6000389370078736
20
-4.1772599606299208
11
5.6000389370078736
21
-4.1706427952755902
0
LINE
8
BLACK
6
CONTINUOUS
10
5.6000389370078736
20
-4.1706427952755902
11
5.6002028346456694
21
-4.1702470866141734
0
LINE
8
BLACK
6
CONTINUOUS
10
5.6002028346456694
20
-4.1702470866141734
11
5.6002331889763779
21
-4.1698199212598421
0
LINE
8
BLACK
6
CONTINUOUS
10
5.6002331889763779
20
-4.1698199212598421
11
5.6024388976377955
21
-4.1654085039370079
0
LINE
8
BLACK
6
CONTINUOUS
10
5.6024388976377955
20
-4.1654085039370079
11
5.6026676771653543
21
-4.1652100393700788
0
LINE
8
BLACK
6
CONTINUOUS
10
5.6026676771653543
20
-4.1652100393700788
11
5.6027835826771648
21
-4.16493031496063
0
LINE
8
BLACK
6
CONTINUOUS
10
5.6027835826771648
20
-4.16493031496063
11
5.6049892519685036
21
-4.1627246062992125
0
LINE
8
BLACK
6
CONTINUOUS
10
5.6049892519685036
20
-4.1627246062992125
11
5.6052690551181099
21
-4.1626087007874011
0
LINE
8
BLACK
6
CONTINUOUS
10
5.6052690551181099
20
-4.1626087007874011
11
5.6054674803149602
21
-4.1623799212598422
0
LINE
8
BLACK
6
CONTINUOUS
10
5.6054674803149602
20
-4.1623799212598422
11
5.6098789763779529
21
-4.1601742125984247
0
LINE
8
BLACK
6
CONTINUOUS
10
5.6098789763779529
20
-4.1601742125984247
11
5.6103061023622045
21
-4.1601438582677162
0
LINE
8
BLACK
6
CONTINUOUS
10
5.6103061023622045
20
-4.1601438582677162
11
5.6107018110236222
21
-4.1599799606299213
0
LINE
8
BLACK
6
CONTINUOUS
10
5.6107018110236222
20
-4.1599799606299213
11
5.6283475196850397
21
-4.1599799606299213
0
LINE
8
BLACK
6
CONTINUOUS
10
5.6283475196850397
20
-4.1599799606299213
11
5.6296485826771656
21
-4.1605188976377949
0
LINE
8
BLACK
6
CONTINUOUS
10
5.6073802755905513
20
-4.1655378740157483
11
5.6055968503937006
21
-4.1673212598425193
0
LINE
8
BLACK
6
CONTINUOUS
10
5.6055968503937006
20
-4.1673212598425193
11
5.6037189370078737
21
-4.1710771653543306
0
LINE
8
BLACK
6
CONTINUOUS
10
5.6037189370078737
20
-4.1710771653543306
11
5.6037189370078737
21
-4.1768255905511813
0
LINE
8
BLACK
6
CONTINUOUS
10
5.6037189370078737
20
-4.1768255905511813
11
5.6055968503937006
21
-4.1805814566929129
0
LINE
8
BLACK
6
CONTINUOUS
10
5.6055968503937006
20
-4.1805814566929129
11
5.6073802755905513
21
-4.1823648425196849
0
LINE
8
BLACK
6
CONTINUOUS
10
5.6073802755905513
20
-4.1823648425196849
11
5.6111361811023617
21
-4.1842427952755905
0
LINE
8
BLACK
6
CONTINUOUS
10
5.6111361811023617
20
-4.1842427952755905
11
5.6265075196850391
21
-4.1842427952755905
0
LINE
8
BLACK
6
CONTINUOUS
10
5.6265075196850391
20
-4.1842427952755905
11
5.6265075196850391
21
-4.1636599606299214
0
LINE
8
BLACK
6
CONTINUOUS
10
5.6265075196850391
20
-4.1636599606299214
11
5.6111361811023617
21
-4.1636599606299214
0
LINE
8
BLACK
6
CONTINUOUS
10
5.6111361811023617
20
-4.1636599606299214
11
5.6073802755905513
21
-4.1655378740157483
0
LINE
8
BLACK
6
CONTINUOUS
10
5.5874596062992126
20
-4.1602889763779523
11
5.588243188976378
21
-4.1614590944881886
0
LINE
8
BLACK
6
CONTINUOUS
10
5.588243188976378
20
-4.1614590944881886
11
5.5879699212598428
21
-4.1628405905511814
0
LINE
8
BLACK
6
CONTINUOUS
10
5.5879699212598428
20
-4.1628405905511814
11
5.5732103149606296
21
-4.1849799606299207
0
LINE
8
BLACK
6
CONTINUOUS
10
5.5732103149606296
20
-4.1849799606299207
11
5.5879699212598428
21
-4.207119330708661
0
LINE
8
BLACK
6
CONTINUOUS
10
5.5879699212598428
20
-4.207119330708661
11
5.588243188976378
21
-4.2085008267716537
0
LINE
8
BLACK
6
CONTINUOUS
10
5.588243188976378
20
-4.2085008267716537
11
5.5874596062992126
21
-4.2096709448818901
0
LINE
8
BLACK
6
CONTINUOUS
10
5.5874596062992126
20
-4.2096709448818901
11
5.5860781102362207
21
-4.2099442125984252
0
LINE
8
BLACK
6
CONTINUOUS
10
5.5860781102362207
20
-4.2099442125984252
11
5.5849079527559056
21
-4.2091606299212598
0
LINE
8
BLACK
6
CONTINUOUS
10
5.5849079527559056
20
-4.2091606299212598
11
5.5709988976377955
21
-4.1882970472440944
0
LINE
8
BLACK
6
CONTINUOUS
10
5.5709988976377955
20
-4.1882970472440944
11
5.5570899212598421
21
-4.2091605905511811
0
LINE
8
BLACK
6
CONTINUOUS
10
5.5570899212598421
20
-4.2091605905511811
11
5.5559198031496058
21
-4.2099442125984252
0
LINE
8
BLACK
6
CONTINUOUS
10
5.5559198031496058
20
-4.2099442125984252
11
5.5545383070866139
21
-4.2096709448818901
0
LINE
8
BLACK
6
CONTINUOUS
10
5.5545383070866139
20
-4.2096709448818901
11
5.5537546850393698
21
-4.2085008267716537
0
LINE
8
BLACK
6
CONTINUOUS
10
5.5537546850393698
20
-4.2085008267716537
11
5.5540279527559058
21
-4.207119330708661
0
LINE
8
BLACK
6
CONTINUOUS
10
5.5540279527559058
20
-4.207119330708661
11
5.5687875196850394
21
-4.1849799606299207
0
LINE
8
BLACK
6
CONTINUOUS
10
5.5687875196850394
20
-4.1849799606299207
11
5.5540279527559058
21
-4.1628405905511814
0
LINE
8
BLACK
6
CONTINUOUS
10
5.5540279527559058
20
-4.1628405905511814
11
5.5537546850393698
21
-4.1614590944881886
0
LINE
8
BLACK
6
CONTINUOUS
10
5.5537546850393698
20
-4.1614590944881886
11
5.5545383070866139
21
-4.1602889763779523
0
LINE
8
BLACK
6
CONTINUOUS
10
5.5545383070866139
20
-4.1602889763779523
11
5.5559198031496058
21
-4.1600157086614171
0
LINE
8
BLACK
6
CONTINUOUS
10
5.5559198031496058
20
-4.1600157086614171
11
5.5570899212598421
21
-4.1607993307086613
0
LINE
8
BLACK
6
CONTINUOUS
10
5.5570899212598421
20
-4.1607993307086613
11
5.5709988976377955
21
-4.1816628346456692
0
LINE
8
BLACK
6
CONTINUOUS
10
5.5709988976377955
20
-4.1816628346456692
11
5.5849079527559056
21
-4.1607992913385825
0
LINE
8
BLACK
6
CONTINUOUS
10
5.5849079527559056
20
-4.1607992913385825
11
5.5860781102362207
21
-4.1600157086614171
0
LINE
8
BLACK
6
CONTINUOUS
10
5.5860781102362207
20
-4.1600157086614171
11
5.5874596062992126
21
-4.1602889763779523
0
LINE
8
BLACK
6
CONTINUOUS
10
5.2070562992125984
20
-4.1601157086614169
11
5.2076378740157478
21
-4.1600744094488187
0
LINE
8
BLACK
6
CONTINUOUS
10
5.2076378740157478
20
-4.1600744094488187
11
5.2077416929133857
21
-4.1601644488188976
0
LINE
8
BLACK
6
CONTINUOUS
10
5.2077416929133857
20
-4.1601644488188976
11
5.2078788976377952
21
-4.1601742125984247
0
LINE
8
BLACK
6
CONTINUOUS
10
5.2078788976377952
20
-4.1601742125984247
11
5.2082612992125981
21
-4.1606151181102362
0
LINE
8
BLACK
6
CONTINUOUS
10
5.2082612992125981
20
-4.1606151181102362
11
5.2087017322834646
21
-4.1609971259842515
0
LINE
8
BLACK
6
CONTINUOUS
10
5.2087017322834646
20
-4.1609971259842515
11
5.2087114566929129
21
-4.161134173228346
0
LINE
8
BLACK
6
CONTINUOUS
10
5.2087114566929129
20
-4.161134173228346
11
5.2088016141732281
21
-4.1612381102362201
0
LINE
8
BLACK
6
CONTINUOUS
10
5.2088016141732281
20
-4.1612381102362201
11
5.224241614173228
21
-4.207558070866142
0
LINE
8
BLACK
6
CONTINUOUS
10
5.224241614173228
20
-4.207558070866142
11
5.2241417322834645
21
-4.2089627952755908
0
LINE
8
BLACK
6
CONTINUOUS
10
5.2241417322834645
20
-4.2089627952755908
11
5.2230778740157477
21
-4.2098855118110237
0
LINE
8
BLACK
6
CONTINUOUS
10
5.2230778740157477
20
-4.2098855118110237
11
5.2216731496062989
21
-4.2097856692913389
0
LINE
8
BLACK
6
CONTINUOUS
10
5.2216731496062989
20
-4.2097856692913389
11
5.2207504330708661
21
-4.2087218110236222
0
LINE
8
BLACK
6
CONTINUOUS
10
5.2207504330708661
20
-4.2087218110236222
11
5.2167583858267719
21
-4.1967456692913387
0
LINE
8
BLACK
6
CONTINUOUS
10
5.2167583858267719
20
-4.1967456692913387
11
5.1973536614173224
21
-4.1967456692913387
0
LINE
8
BLACK
6
CONTINUOUS
10
5.1973536614173224
20
-4.1967456692913387
11
5.1933616141732282
21
-4.2087218110236222
0
LINE
8
BLACK
6
CONTINUOUS
10
5.1933616141732282
20
-4.2087218110236222
11
5.1924388976377953
21
-4.2097857086614177
0
LINE
8
BLACK
6
CONTINUOUS
10
5.1924388976377953
20
-4.2097857086614177
11
5.1910341732283465
21
-4.2098855511811024
0
LINE
8
BLACK
6
CONTINUOUS
10
5.1910341732283465
20
-4.2098855511811024
11
5.189970275590551
21
-4.2089628346456696
0
LINE
8
BLACK
6
CONTINUOUS
10
5.189970275590551
20
-4.2089628346456696
11
5.1898704330708663
21
-4.2075581102362207
0
LINE
8
BLACK
6
CONTINUOUS
10
5.1898704330708663
20
-4.2075581102362207
11
5.2053104330708662
21
-4.1612381102362201
0
LINE
8
BLACK
6
CONTINUOUS
10
5.2053104330708662
20
-4.1612381102362201
11
5.2054005118110238
21
-4.1611342125984248
0
LINE
8
BLACK
6
CONTINUOUS
10
5.2054005118110238
20
-4.1611342125984248
11
5.2054102755905509
21
-4.1609970866141728
0
LINE
8
BLACK
6
CONTINUOUS
10
5.2054102755905509
20
-4.1609970866141728
11
5.2058510236220474
21
-4.1606148031496062
0
LINE
8
BLACK
6
CONTINUOUS
10
5.2058510236220474
20
-4.1606148031496062
11
5.206233149606299
21
-4.1601742519685034
0
LINE
8
BLACK
6
CONTINUOUS
10
5.206233149606299
20
-4.1601742519685034
11
5.2063702362204722
21
-4.1601644881889763
0
LINE
8
BLACK
6
CONTINUOUS
10
5.2063702362204722
20
-4.1601644881889763
11
5.2064741732283464
21
-4.1600743700787399
0
LINE
8
BLACK
6
CONTINUOUS
10
5.2064741732283464
20
-4.1600743700787399
11
5.2070562992125984
21
-4.1601157086614169
0
LINE
8
BLACK
6
CONTINUOUS
10
5.1985803149606298
20
-4.1930656692913386
11
5.2155317322834645
21
-4.1930656692913386
0
LINE
8
BLACK
6
CONTINUOUS
10
5.2155317322834645
20
-4.1930656692913386
11
5.2070560236220471
21
-4.1676385826771654
0
LINE
8
BLACK
6
CONTINUOUS
10
5.2070560236220471
20
-4.1676385826771654
11
5.1985803149606298
21
-4.1930656692913386
0
LINE
8
BLACK
6
CONTINUOUS
10
5.6592277952755907
20
-4.1601157086614169
11
5.6598093700787402
21
-4.1600744094488187
0
LINE
8
BLACK
6
CONTINUOUS
10
5.6598093700787402
20
-4.1600744094488187
11
5.6599131889763781
21
-4.1601644488188976
0
LINE
8
BLACK
6
CONTINUOUS
10
5.6599131889763781
20
-4.1601644488188976
11
5.6600503937007876
21
-4.1601742125984247
0
LINE
8
BLACK
6
CONTINUOUS
10
5.6600503937007876
20
-4.1601742125984247
11
5.6604327952755904
21
-4.1606151181102362
0
LINE
8
BLACK
6
CONTINUOUS
10
5.6604327952755904
20
-4.1606151181102362
11
5.6608732283464569
21
-4.1609971259842515
0
LINE
8
BLACK
6
CONTINUOUS
10
5.6608732283464569
20
-4.1609971259842515
11
5.6608829527559053
21
-4.161134173228346
0
LINE
8
BLACK
6
CONTINUOUS
10
5.6608829527559053
20
-4.161134173228346
11
5.6609731102362204
21
-4.1612381102362201
0
LINE
8
BLACK
6
CONTINUOUS
10
5.6609731102362204
20
-4.1612381102362201
11
5.6764131102362203
21
-4.207558070866142
0
LINE
8
BLACK
6
CONTINUOUS
10
5.6764131102362203
20
-4.207558070866142
11
5.6763132283464568
21
-4.2089627952755908
0
LINE
8
BLACK
6
CONTINUOUS
10
5.6763132283464568
20
-4.2089627952755908
11
5.6752493700787401
21
-4.2098855118110237
0
LINE
8
BLACK
6
CONTINUOUS
10
5.6752493700787401
20
-4.2098855118110237
11
5.6738446456692913
21
-4.2097856692913389
0
LINE
8
BLACK
6
CONTINUOUS
10
5.6738446456692913
20
-4.2097856692913389
11
5.6729219291338584
21
-4.2087218110236222
0
LINE
8
BLACK
6
CONTINUOUS
10
5.6729219291338584
20
-4.2087218110236222
11
5.6689298818897633
21
-4.1967456692913387
0
LINE
8
BLACK
6
CONTINUOUS
10
5.6689298818897633
20
-4.1967456692913387
11
5.6495251574803147
21
-4.1967456692913387
0
LINE
8
BLACK
6
CONTINUOUS
10
5.6495251574803147
20
-4.1967456692913387
11
5.6455331102362205
21
-4.2087218110236222
0
LINE
8
BLACK
6
CONTINUOUS
10
5.6455331102362205
20
-4.2087218110236222
11
5.6446103937007877
21
-4.2097857086614177
0
LINE
8
BLACK
6
CONTINUOUS
10
5.6446103937007877
20
-4.2097857086614177
11
5.6432056692913388
21
-4.2098855511811024
0
LINE
8
BLACK
6
CONTINUOUS
10
5.6432056692913388
20
-4.2098855511811024
11
5.6421417716535434
21
-4.2089628346456696
0
LINE
8
BLACK
6
CONTINUOUS
10
5.6421417716535434
20
-4.2089628346456696
11
5.6420419291338577
21
-4.2075581102362207
0
LINE
8
BLACK
6
CONTINUOUS
10
5.6420419291338577
20
-4.2075581102362207
11
5.6574819291338585
21
-4.1612381102362201
0
LINE
8
BLACK
6
CONTINUOUS
10
5.6574819291338585
20
-4.1612381102362201
11
5.6575720078740153
21
-4.1611342125984248
0
LINE
8
BLACK
6
CONTINUOUS
10
5.6575720078740153
20
-4.1611342125984248
11
5.6575817716535433
21
-4.1609970866141728
0
LINE
8
BLACK
6
CONTINUOUS
10
5.6575817716535433
20
-4.1609970866141728
11
5.6580225196850389
21
-4.1606148031496062
0
LINE
8
BLACK
6
CONTINUOUS
10
5.6580225196850389
20
-4.1606148031496062
11
5.6584046456692914
21
-4.1601742519685034
0
LINE
8
BLACK
6
CONTINUOUS
10
5.6584046456692914
20
-4.1601742519685034
11
5.6585417322834646
21
-4.1601644881889763
0
LINE
8
BLACK
6
CONTINUOUS
10
5.6585417322834646
20
-4.1601644881889763
11
5.6586456692913387
21
-4.1600743700787399
0
LINE
8
BLACK
6
CONTINUOUS
10
5.6586456692913387
20
-4.1600743700787399
11
5.6592277952755907
21
-4.1601157086614169
0
LINE
8
BLACK
6
CONTINUOUS
10
5.6507518110236221
20
-4.1930656692913386
11
5.6677032283464568
21
-4.1930656692913386
0
LINE
8
BLACK
6
CONTINUOUS
10
5.6677032283464568
20
-4.1930656692913386
11
5.6592275196850395
21
-4.1676385826771654
0
LINE
8
BLACK
6
CONTINUOUS
10
5.6592275196850395
20
-4.1676385826771654
11
5.6507518110236221
21
-4.1930656692913386
0
LINE
8
BLACK
6
CONTINUOUS
10
5.8136353937007872
20
-4.1658750393700785
11
5.8141743307086609
21
-4.1671761023622045
0
LINE
8
BLACK
6
CONTINUOUS
10
5.8141743307086609
20
-4.1671761023622045
11
5.8141743307086609
21
-4.19364468503937
0
LINE
8
BLACK
6
CONTINUOUS
10
5.8141743307086609
20
-4.19364468503937
11
5.8136353937007872
21
-4.194945748031496
0
LINE
8
BLACK
6
CONTINUOUS
10
5.8136353937007872
20
-4.194945748031496
11
5.8123343307086612
21
-4.1954846850393697
0
LINE
8
BLACK
6
CONTINUOUS
10
5.8123343307086612
20
-4.1954846850393697
11
5.8110332677165353
21
-4.194945748031496
0
LINE
8
BLACK
6
CONTINUOUS
10
5.8110332677165353
20
-4.194945748031496
11
5.8104943307086616
21
-4.19364468503937
0
LINE
8
BLACK
6
CONTINUOUS
10
5.8104943307086616
20
-4.19364468503937
11
5.8104943307086616
21
-4.1822503937007873
0
LINE
8
BLACK
6
CONTINUOUS
10
5.8104943307086616
20
-4.1822503937007873
11
5.7660143307086615
21
-4.1822503937007873
0
LINE
8
BLACK
6
CONTINUOUS
10
5.7660143307086615
20
-4.1822503937007873
11
5.7658392913385823
21
-4.182177874015748
0
LINE
8
BLACK
6
CONTINUOUS
10
5.7658392913385823
20
-4.182177874015748
11
5.7656534645669293
21
-4.1822146456692915
0
LINE
8
BLACK
6
CONTINUOUS
10
5.7656534645669293
20
-4.1822146456692915
11
5.7652082677165355
21
-4.1819164960629918
0
LINE
8
BLACK
6
CONTINUOUS
10
5.7652082677165355
20
-4.1819164960629918
11
5.7647132677165356
21
-4.1817114566929137
0
LINE
8
BLACK
6
CONTINUOUS
10
5.7647132677165356
20
-4.1817114566929137
11
5.7646407480314963
21
-4.1815364173228344
0
LINE
8
BLACK
6
CONTINUOUS
10
5.7646407480314963
20
-4.1815364173228344
11
5.7644833464566929
21
-4.1814310236220473
0
LINE
8
BLACK
6
CONTINUOUS
10
5.7644833464566929
20
-4.1814310236220473
11
5.76437937007874
21
-4.1809053937007876
0
LINE
8
BLACK
6
CONTINUOUS
10
5.76437937007874
20
-4.1809053937007876
11
5.764174330708661
21
-4.1804103937007877
0
LINE
8
BLACK
6
CONTINUOUS
10
5.764174330708661
20
-4.1804103937007877
11
5.7642468110236216
21
-4.1802353543307085
0
LINE
8
BLACK
6
CONTINUOUS
10
5.7642468110236216
20
-4.1802353543307085
11
5.7642100787401578
21
-4.1800495275590555
0
LINE
8
BLACK
6
CONTINUOUS
10
5.7642100787401578
20
-4.1800495275590555
11
5.7645081889763778
21
-4.1796043307086617
0
LINE
8
BLACK
6
CONTINUOUS
10
5.7645081889763778
20
-4.1796043307086617
11
5.7647132677165356
21
-4.1791093307086618
0
LINE
8
BLACK
6
CONTINUOUS
10
5.7647132677165356
20
-4.1791093307086618
11
5.7648882677165352
21
-4.1790368110236216
0
LINE
8
BLACK
6
CONTINUOUS
10
5.7648882677165352
20
-4.1790368110236216
11
5.764993700787401
21
-4.1788794094488191
0
LINE
8
BLACK
6
CONTINUOUS
10
5.764993700787401
20
-4.1788794094488191
11
5.771459251968504
21
-4.1745690157480313
0
LINE
8
BLACK
6
CONTINUOUS
10
5.771459251968504
20
-4.1745690157480313
11
5.7755306692913386
21
-4.1704975590551179
0
LINE
8
BLACK
6
CONTINUOUS
10
5.7755306692913386
20
-4.1704975590551179
11
5.7776028740157477
21
-4.1663532283464564
0
LINE
8
BLACK
6
CONTINUOUS
10
5.7776028740157477
20
-4.1663532283464564
11
5.7786667716535431
21
-4.1654305511811023
0
LINE
8
BLACK
6
CONTINUOUS
10
5.7786667716535431
20
-4.1654305511811023
11
5.780071496062992
21
-4.1655303543307083
0
LINE
8
BLACK
6
CONTINUOUS
10
5.780071496062992
20
-4.1655303543307083
11
5.7809941732283461
21
-4.1665942519685037
0
LINE
8
BLACK
6
CONTINUOUS
10
5.7809941732283461
20
-4.1665942519685037
11
5.7808943700787401
21
-4.1679989763779526
0
LINE
8
BLACK
6
CONTINUOUS
10
5.7808943700787401
20
-4.1679989763779526
11
5.7786886220472438
21
-4.1724103937007877
0
LINE
8
BLACK
6
CONTINUOUS
10
5.7786886220472438
20
-4.1724103937007877
11
5.7784598031496062
21
-4.172608818897638
0
LINE
8
BLACK
6
CONTINUOUS
10
5.7784598031496062
20
-4.172608818897638
11
5.7783439370078735
21
-4.1728885826771656
0
LINE
8
BLACK
6
CONTINUOUS
10
5.7783439370078735
20
-4.1728885826771656
11
5.7739325196850393
21
-4.1773000393700785
0
LINE
8
BLACK
6
CONTINUOUS
10
5.7739325196850393
20
-4.1773000393700785
11
5.7737574803149601
21
-4.1773725196850391
0
LINE
8
BLACK
6
CONTINUOUS
10
5.7737574803149601
20
-4.1773725196850391
11
5.773652086614173
21
-4.1775299606299212
0
LINE
8
BLACK
6
CONTINUOUS
10
5.773652086614173
20
-4.1775299606299212
11
5.7720914173228346
21
-4.1785703937007872
0
LINE
8
BLACK
6
CONTINUOUS
10
5.7720914173228346
20
-4.1785703937007872
11
5.8104943307086616
21
-4.1785703937007872
0
LINE
8
BLACK
6
CONTINUOUS
10
5.8104943307086616
20
-4.1785703937007872
11
5.8104943307086616
21
-4.1671761023622045
0
LINE
8
BLACK
6
CONTINUOUS
10
5.8104943307086616
20
-4.1671761023622045
11
5.8110332677165353
21
-4.1658750393700785
0
LINE
8
BLACK
6
CONTINUOUS
10
5.8110332677165353
20
-4.1658750393700785
11
5.8123343307086612
21
-4.1653361023622049
0
LINE
8
BLACK
6
CONTINUOUS
10
5.8123343307086612
20
-4.1653361023622049
11
5.8136353937007872
21
-4.1658750393700785
0
LINE
8
BLACK
6
CONTINUOUS
10
5.4068714173228347
20
-4.189193188976378
11
5.4074103543307084
21
-4.190494251968504
0
LINE
8
BLACK
6
CONTINUOUS
10
5.4074103543307084
20
-4.190494251968504
11
5.4068714173228347
21
-4.19179531496063
0
LINE
8
BLACK
6
CONTINUOUS
10
5.4068714173228347
20
-4.19179531496063
11
5.4055703543307088
21
-4.1923342519685036
0
LINE
8
BLACK
6
CONTINUOUS
10
5.4055703543307088
20
-4.1923342519685036
11
5.3702789370078738
21
-4.1923342519685036
0
LINE
8
BLACK
6
CONTINUOUS
10
5.3702789370078738
20
-4.1923342519685036
11
5.3689778740157479
21
-4.19179531496063
0
LINE
8
BLACK
6
CONTINUOUS
10
5.3689778740157479
20
-4.19179531496063
11
5.3684389370078742
21
-4.190494251968504
0
LINE
8
BLACK
6
CONTINUOUS
10
5.3684389370078742
20
-4.190494251968504
11
5.3689778740157479
21
-4.189193188976378
0
LINE
8
BLACK
6
CONTINUOUS
10
5.3689778740157479
20
-4.189193188976378
11
5.3702789370078738
21
-4.1886542519685035
0
LINE
8
BLACK
6
CONTINUOUS
10
5.3702789370078738
20
-4.1886542519685035
11
5.4055703543307088
21
-4.1886542519685035
0
LINE
8
BLACK
6
CONTINUOUS
10
5.4055703543307088
20
-4.1886542519685035
11
5.4068714173228347
21
-4.189193188976378
0
LINE
8
BLACK
6
CONTINUOUS
10
6.0501983464566926
20
-4.1548310629921259
11
6.0504291338582679
21
-4.1547967322834642
0
LINE
8
BLACK
6
CONTINUOUS
10
6.0504291338582679
20
-4.1547967322834642
11
6.059252007874016
21
-4.1570024409448818
0
LINE
8
BLACK
6
CONTINUOUS
10
6.059252007874016
20
-4.1570024409448818
11
6.059420039370079
21
-4.1571269291338586
0
LINE
8
BLACK
6
CONTINUOUS
10
6.059420039370079
20
-4.1571269291338586
11
6.059628622047244
21
-4.157141771653543
0
LINE
8
BLACK
6
CONTINUOUS
10
6.059628622047244
20
-4.157141771653543
11
6.0640400393700782
21
-4.1593474803149606
0
LINE
8
BLACK
6
CONTINUOUS
10
6.0640400393700782
20
-4.1593474803149606
11
6.0642384645669294
21
-4.1595762598425194
0
LINE
8
BLACK
6
CONTINUOUS
10
6.0642384645669294
20
-4.1595762598425194
11
6.0645182283464569
21
-4.1596921653543308
0
LINE
8
BLACK
6
CONTINUOUS
10
6.0645182283464569
20
-4.1596921653543308
11
6.0689296850393699
21
-4.1641036220472438
0
LINE
8
BLACK
6
CONTINUOUS
10
6.0689296850393699
20
-4.1641036220472438
11
6.0690935039370073
21
-4.1644992125984253
0
LINE
8
BLACK
6
CONTINUOUS
10
6.0690935039370073
20
-4.1644992125984253
11
6.0693742125984249
21
-4.164822834645669
0
LINE
8
BLACK
6
CONTINUOUS
10
6.0693742125984249
20
-4.164822834645669
11
6.0715799212598425
21
-4.1714399606299208
0
LINE
8
BLACK
6
CONTINUOUS
10
6.0715799212598425
20
-4.1714399606299208
11
6.0715584251968506
21
-4.171742047244094
0
LINE
8
BLACK
6
CONTINUOUS
10
6.0715584251968506
20
-4.171742047244094
11
6.0716743307086611
21
-4.1720218110236216
0
LINE
8
BLACK
6
CONTINUOUS
10
6.0716743307086611
20
-4.1720218110236216
11
6.0716743307086611
21
-4.1764332283464567
0
LINE
8
BLACK
6
CONTINUOUS
10
6.0716743307086611
20
-4.1764332283464567
11
6.0715584251968506
21
-4.1767129527559055
0
LINE
8
BLACK
6
CONTINUOUS
10
6.0715584251968506
20
-4.1767129527559055
11
6.0715799212598425
21
-4.1770150787401574
0
LINE
8
BLACK
6
CONTINUOUS
10
6.0715799212598425
20
-4.1770150787401574
11
6.0693742125984249
21
-4.183632244094488
0
LINE
8
BLACK
6
CONTINUOUS
10
6.0693742125984249
20
-4.183632244094488
11
6.0690935826771648
21
-4.1839557480314964
0
LINE
8
BLACK
6
CONTINUOUS
10
6.0690935826771648
20
-4.1839557480314964
11
6.0689296850393699
21
-4.1843514960629919
0
LINE
8
BLACK
6
CONTINUOUS
10
6.0689296850393699
20
-4.1843514960629919
11
6.0667239370078736
21
-4.1865572047244095
0
LINE
8
BLACK
6
CONTINUOUS
10
6.0667239370078736
20
-4.1865572047244095
11
6.0654228740157476
21
-4.1870961023622044
0
LINE
8
BLACK
6
CONTINUOUS
10
6.0654228740157476
20
-4.1870961023622044
11
6.0641217716535429
21
-4.1865571653543308
0
LINE
8
BLACK
6
CONTINUOUS
10
6.0641217716535429
20
-4.1865571653543308
11
6.063582874015748
21
-4.1852561023622048
0
LINE
8
BLACK
6
CONTINUOUS
10
6.063582874015748
20
-4.1852561023622048
11
6.0641218110236217
21
-4.1839550000000001
0
LINE
8
BLACK
6
CONTINUOUS
10
6.0641218110236217
20
-4.1839550000000001
11
6.0660203937007875
21
-4.1820564173228343
0
LINE
8
BLACK
6
CONTINUOUS
10
6.0660203937007875
20
-4.1820564173228343
11
6.067994330708661
21
-4.1761345669291341
0
LINE
8
BLACK
6
CONTINUOUS
10
6.067994330708661
20
-4.1761345669291341
11
6.067994330708661
21
-4.1723204330708663
0
LINE
8
BLACK
6
CONTINUOUS
10
6.067994330708661
20
-4.1723204330708663
11
6.0660203543307087
21
-4.1663985433070865
0
LINE
8
BLACK
6
CONTINUOUS
10
6.0660203543307087
20
-4.1663985433070865
11
6.0621272834645668
21
-4.1625054724409445
0
LINE
8
BLACK
6
CONTINUOUS
10
6.0621272834645668
20
-4.1625054724409445
11
6.0581635826771656
21
-4.1605236220472444
0
LINE
8
BLACK
6
CONTINUOUS
10
6.0581635826771656
20
-4.1605236220472444
11
6.0497562992125982
21
-4.1584218110236222
0
LINE
8
BLACK
6
CONTINUOUS
10
6.0497562992125982
20
-4.1584218110236222
11
6.0435923228346455
21
-4.1584218110236222
0
LINE
8
BLACK
6
CONTINUOUS
10
6.0435923228346455
20
-4.1584218110236222
11
6.0351850000000002
21
-4.1605236220472444
0
LINE
8
BLACK
6
CONTINUOUS
10
6.0351850000000002
20
-4.1605236220472444
11
6.0312213385826769
21
-4.1625054330708657
0
LINE
8
BLACK
6
CONTINUOUS
10
6.0312213385826769
20
-4.1625054330708657
11
6.027328267716535
21
-4.1663985433070865
0
LINE
8
BLACK
6
CONTINUOUS
10
6.027328267716535
20
-4.1663985433070865
11
6.0253543307086614
21
-4.1723204330708663
0
LINE
8
BLACK
6
CONTINUOUS
10
6.0253543307086614
20
-4.1723204330708663
11
6.0253543307086614
21
-4.1761346062992128
0
LINE
8
BLACK
6
CONTINUOUS
10
6.0253543307086614
20
-4.1761346062992128
11
6.027328267716535
21
-4.1820564960629918
0
LINE
8
BLACK
6
CONTINUOUS
10
6.027328267716535
20
-4.1820564960629918
11
6.029226811023622
21
-4.1839550000000001
0
LINE
8
BLACK
6
CONTINUOUS
10
6.029226811023622
20
-4.1839550000000001
11
6.0297657086614169
21
-4.1852561023622048
0
LINE
8
BLACK
6
CONTINUOUS
10
6.0297657086614169
20
-4.1852561023622048
11
6.029226811023622
21
-4.1865571653543308
0
LINE
8
BLACK
6
CONTINUOUS
10
6.029226811023622
20
-4.1865571653543308
11
6.0279257480314961
21
-4.1870960629921257
0
LINE
8
BLACK
6
CONTINUOUS
10
6.0279257480314961
20
-4.1870960629921257
11
6.0266246456692913
21
-4.1865571653543308
0
LINE
8
BLACK
6
CONTINUOUS
10
6.0266246456692913
20
-4.1865571653543308
11
6.0244189763779525
21
-4.1843514566929132
0
LINE
8
BLACK
6
CONTINUOUS
10
6.0244189763779525
20
-4.1843514566929132
11
6.0242551181102364
21
-4.1839558661417318
0
LINE
8
BLACK
6
CONTINUOUS
10
6.0242551181102364
20
-4.1839558661417318
11
6.0239744488188975
21
-4.1836322834645667
0
LINE
8
BLACK
6
CONTINUOUS
10
6.0239744488188975
20
-4.1836322834645667
11
6.02176874015748
21
-4.1770150787401574
0
LINE
8
BLACK
6
CONTINUOUS
10
6.02176874015748
20
-4.1770150787401574
11
6.021790196850394
21
-4.1767129921259842
0
LINE
8
BLACK
6
CONTINUOUS
10
6.021790196850394
20
-4.1767129921259842
11
6.0216743307086613
21
-4.1764332283464567
0
LINE
8
BLACK
6
CONTINUOUS
10
6.0216743307086613
20
-4.1764332283464567
11
6.0216743307086613
21
-4.1720218110236216
0
LINE
8
BLACK
6
CONTINUOUS
10
6.0216743307086613
20
-4.1720218110236216
11
6.021790196850394
21
-4.171742047244094
0
LINE
8
BLACK
6
CONTINUOUS
10
6.021790196850394
20
-4.171742047244094
11
6.02176874015748
21
-4.1714399606299208
0
LINE
8
BLACK
6
CONTINUOUS
10
6.02176874015748
20
-4.1714399606299208
11
6.0239744488188975
21
-4.1648227952755903
0
LINE
8
BLACK
6
CONTINUOUS
10
6.0239744488188975
20
-4.1648227952755903
11
6.0242551181102364
21
-4.1644991732283465
0
LINE
8
BLACK
6
CONTINUOUS
10
6.0242551181102364
20
-4.1644991732283465
11
6.0244189763779525
21
-4.1641036220472438
0
LINE
8
BLACK
6
CONTINUOUS
10
6.0244189763779525
20
-4.1641036220472438
11
6.0288303543307089
21
-4.1596921653543308
0
LINE
8
BLACK
6
CONTINUOUS
10
6.0288303543307089
20
-4.1596921653543308
11
6.0291101574803152
21
-4.1595762598425194
0
LINE
8
BLACK
6
CONTINUOUS
10
6.0291101574803152
20
-4.1595762598425194
11
6.0293085826771655
21
-4.1593474803149606
0
LINE
8
BLACK
6
CONTINUOUS
10
6.0293085826771655
20
-4.1593474803149606
11
6.0337199999999998
21
-4.157141771653543
0
LINE
8
BLACK
6
CONTINUOUS
10
6.0337199999999998
20
-4.157141771653543
11
6.0339285433070868
21
-4.1571269291338586
0
LINE
8
BLACK
6
CONTINUOUS
10
6.0339285433070868
20
-4.1571269291338586
11
6.0340966141732286
21
-4.1570024409448818
0
LINE
8
BLACK
6
CONTINUOUS
10
6.0340966141732286
20
-4.1570024409448818
11
6.0429194881889758
21
-4.1547967322834642
0
LINE
8
BLACK
6
CONTINUOUS
10
6.0429194881889758
20
-4.1547967322834642
11
6.0431502362204723
21
-4.1548310629921259
0
LINE
8
BLACK
6
CONTINUOUS
10
6.0431502362204723
20
-4.1548310629921259
11
6.043365748031496
21
-4.1547418110236221
0
LINE
8
BLACK
6
CONTINUOUS
10
6.043365748031496
20
-4.1547418110236221
11
6.0499828740157477
21
-4.1547418110236221
0
LINE
8
BLACK
6
CONTINUOUS
10
6.0499828740157477
20
-4.1547418110236221
11
6.0501983464566926
21
-4.1548310629921259
0
LINE
8
BLACK
6
CONTINUOUS
10
5.8468788976377954
20
-4.0292468110236221
11
5.8470647637795272
21
-4.0292100787401575
0
LINE
8
BLACK
6
CONTINUOUS
10
5.8470647637795272
20
-4.0292100787401575
11
5.8475099212598423
21
-4.0295081889763775
0
LINE
8
BLACK
6
CONTINUOUS
10
5.8475099212598423
20
-4.0295081889763775
11
5.8480049606299209
21
-4.0297132677165353
0
LINE
8
BLACK
6
CONTINUOUS
10
5.8480049606299209
20
-4.0297132677165353
11
5.8480774409448815
21
-4.0298882677165357
0
LINE
8
BLACK
6
CONTINUOUS
10
5.8480774409448815
20
-4.0298882677165357
11
5.8482348818897636
21
-4.0299937007874016
0
LINE
8
BLACK
6
CONTINUOUS
10
5.8482348818897636
20
-4.0299937007874016
11
5.8491772047244091
21
-4.0314072047244096
0
LINE
8
BLACK
6
CONTINUOUS
10
5.8491772047244091
20
-4.0314072047244096
11
5.8493017322834646
21
-4.0313556299212596
0
LINE
8
BLACK
6
CONTINUOUS
10
5.8493017322834646
20
-4.0313556299212596
11
5.8506027952755906
21
-4.0318945669291342
0
LINE
8
BLACK
6
CONTINUOUS
10
5.8506027952755906
20
-4.0318945669291342
11
5.8511417322834642
21
-4.0331956299212601
0
LINE
8
BLACK
6
CONTINUOUS
10
5.8511417322834642
20
-4.0331956299212601
11
5.8511417322834642
21
-4.034353976377953
0
LINE
8
BLACK
6
CONTINUOUS
10
5.8511417322834642
20
-4.034353976377953
11
5.8525452362204726
21
-4.0364592519685036
0
LINE
8
BLACK
6
CONTINUOUS
10
5.8525452362204726
20
-4.0364592519685036
11
5.856616692913386
21
-4.0405306692913383
0
LINE
8
BLACK
6
CONTINUOUS
10
5.856616692913386
20
-4.0405306692913383
11
5.8607610629921263
21
-4.0426028740157482
0
LINE
8
BLACK
6
CONTINUOUS
10
5.8607610629921263
20
-4.0426028740157482
11
5.8616837401574804
21
-4.0436667716535428
0
LINE
8
BLACK
6
CONTINUOUS
10
5.8616837401574804
20
-4.0436667716535428
11
5.8615839370078735
21
-4.0450714960629917
0
LINE
8
BLACK
6
CONTINUOUS
10
5.8615839370078735
20
-4.0450714960629917
11
5.8605200393700789
21
-4.0459941732283466
0
LINE
8
BLACK
6
CONTINUOUS
10
5.8605200393700789
20
-4.0459941732283466
11
5.8591153149606301
21
-4.0458943700787398
0
LINE
8
BLACK
6
CONTINUOUS
10
5.8591153149606301
20
-4.0458943700787398
11
5.854703897637795
21
-4.0436886220472443
0
LINE
8
BLACK
6
CONTINUOUS
10
5.854703897637795
20
-4.0436886220472443
11
5.8545054330708659
21
-4.0434598031496058
0
LINE
8
BLACK
6
CONTINUOUS
10
5.8545054330708659
20
-4.0434598031496058
11
5.8542257086614171
21
-4.0433439370078741
0
LINE
8
BLACK
6
CONTINUOUS
10
5.8542257086614171
20
-4.0433439370078741
11
5.8511417322834642
21
-4.0402599606299212
0
LINE
8
BLACK
6
CONTINUOUS
10
5.8511417322834642
20
-4.0402599606299212
11
5.8511417322834642
21
-4.057814960629921
0
LINE
8
BLACK
6
CONTINUOUS
10
5.8511417322834642
20
-4.057814960629921
11
5.865735787401575
21
-4.0450451968503938
0
LINE
8
BLACK
6
CONTINUOUS
10
5.865735787401575
20
-4.0450451968503938
11
5.8663490551181097
21
-4.0448377559055118
0
LINE
8
BLACK
6
CONTINUOUS
10
5.8663490551181097
20
-4.0448377559055118
11
5.8669474409448821
21
-4.0445899212598428
0
LINE
8
BLACK
6
CONTINUOUS
10
5.8669474409448821
20
-4.0445899212598428
11
5.8670078740157479
21
-4.0446149606299215
0
LINE
8
BLACK
6
CONTINUOUS
10
5.8670078740157479
20
-4.0446149606299215
11
5.867069842519685
21
-4.0445940157480313
0
LINE
8
BLACK
6
CONTINUOUS
10
5.867069842519685
20
-4.0445940157480313
11
5.8676502362204719
21
-4.0448810236220467
0
LINE
8
BLACK
6
CONTINUOUS
10
5.8676502362204719
20
-4.0448810236220467
11
5.868248503937008
21
-4.0451288582677165
0
LINE
8
BLACK
6
CONTINUOUS
10
5.868248503937008
20
-4.0451288582677165
11
5.868273503937008
21
-4.0451892519685035
0
LINE
8
BLACK
6
CONTINUOUS
10
5.868273503937008
20
-4.0451892519685035
11
5.8683321653543308
21
-4.0452182677165354
0
LINE
8
BLACK
6
CONTINUOUS
10
5.8683321653543308
20
-4.0452182677165354
11
5.868539566929134
21
-4.0458315354330709
0
LINE
8
BLACK
6
CONTINUOUS
10
5.868539566929134
20
-4.0458315354330709
11
5.8687874409448817
21
-4.0464299212598425
0
LINE
8
BLACK
6
CONTINUOUS
10
5.8687874409448817
20
-4.0464299212598425
11
5.8687874409448817
21
-4.0526126771653539
0
LINE
8
BLACK
6
CONTINUOUS
10
5.8687874409448817
20
-4.0526126771653539
11
5.8706653543307086
21
-4.0563685433070864
0
LINE
8
BLACK
6
CONTINUOUS
10
5.8706653543307086
20
-4.0563685433070864
11
5.8715000000000002
21
-4.057203188976378
0
LINE
8
BLACK
6
CONTINUOUS
10
5.8715000000000002
20
-4.057203188976378
11
5.8715000000000002
21
-4.0527480314960629
0
LINE
8
BLACK
6
CONTINUOUS
10
5.8715000000000002
20
-4.0527480314960629
11
5.8937140551181102
21
-4.0527480314960629
0
LINE
8
BLACK
6
CONTINUOUS
10
5.8937140551181102
20
-4.0527480314960629
11
5.8937817322834647
21
-4.0526126771653539
0
LINE
8
BLACK
6
CONTINUOUS
10
5.8937817322834647
20
-4.0526126771653539
11
5.8937817322834647
21
-4.0402471259842523
0
LINE
8
BLACK
6
CONTINUOUS
10
5.8937817322834647
20
-4.0402471259842523
11
5.8919038188976378
21
-4.0364912992125985
0
LINE
8
BLACK
6
CONTINUOUS
10
5.8919038188976378
20
-4.0364912992125985
11
5.8899092125984254
21
-4.0344967322834648
0
LINE
8
BLACK
6
CONTINUOUS
10
5.8899092125984254
20
-4.0344967322834648
11
5.8893702755905508
21
-4.0331956299212601
0
LINE
8
BLACK
6
CONTINUOUS
10
5.8893702755905508
20
-4.0331956299212601
11
5.8899091732283466
21
-4.0318945669291342
0
LINE
8
BLACK
6
CONTINUOUS
10
5.8899091732283466
20
-4.0318945669291342
11
5.8912102755905513
21
-4.0313556299212596
0
LINE
8
BLACK
6
CONTINUOUS
10
5.8912102755905513
20
-4.0313556299212596
11
5.8925113385826773
21
-4.0318945275590554
0
LINE
8
BLACK
6
CONTINUOUS
10
5.8925113385826773
20
-4.0318945275590554
11
5.8947170866141727
21
-4.0341002362204721
0
LINE
8
BLACK
6
CONTINUOUS
10
5.8947170866141727
20
-4.0341002362204721
11
5.8948329527559054
21
-4.0343800393700784
0
LINE
8
BLACK
6
CONTINUOUS
10
5.8948329527559054
20
-4.0343800393700784
11
5.8950617716535429
21
-4.0345784645669287
0
LINE
8
BLACK
6
CONTINUOUS
10
5.8950617716535429
20
-4.0345784645669287
11
5.8972674803149605
21
-4.0389898818897638
0
LINE
8
BLACK
6
CONTINUOUS
10
5.8972674803149605
20
-4.0389898818897638
11
5.8972977952755903
21
-4.0394170472440942
0
LINE
8
BLACK
6
CONTINUOUS
10
5.8972977952755903
20
-4.0394170472440942
11
5.8974617322834648
21
-4.0398127559055119
0
LINE
8
BLACK
6
CONTINUOUS
10
5.8974617322834648
20
-4.0398127559055119
11
5.8974617322834648
21
-4.0527480314960629
0
LINE
8
BLACK
6
CONTINUOUS
10
5.8974617322834648
20
-4.0527480314960629
11
5.9027480314960625
21
-4.0527480314960629
0
LINE
8
BLACK
6
CONTINUOUS
10
5.9027480314960625
20
-4.0527480314960629
11
5.9027480314960625
21
-4.1652519685039371
0
LINE
8
BLACK
6
CONTINUOUS
10
5.9027480314960625
20
-4.1652519685039371
11
5.8715000000000002
21
-4.1652519685039371
0
LINE
8
BLACK
6
CONTINUOUS
10
5.8715000000000002
20
-4.1652519685039371
11
5.8715000000000002
21
-4.1500205511811021
0
LINE
8
BLACK
6
CONTINUOUS
10
5.8715000000000002
20
-4.1500205511811021
11
5.8714960629921258
21
-4.1500185826771654
0
LINE
8
BLACK
6
CONTINUOUS
10
5.8714960629921258
20
-4.1500185826771654
11
5.8714960629921258
21
-4.1527519685039369
0
LINE
8
BLACK
6
CONTINUOUS
10
5.8714960629921258
20
-4.1527519685039369
11
5.859
21
-4.1527519685039369
0
LINE
8
BLACK
6
CONTINUOUS
10
5.859
20
-4.1527519685039369
11
5.859
21
-4.1440574015748028
0
LINE
8
BLACK
6
CONTINUOUS
10
5.859
20
-4.1440574015748028
11
5.8505133858267717
21
-4.1514832283464562
0
LINE
8
BLACK
6
CONTINUOUS
10
5.8505133858267717
20
-4.1514832283464562
11
5.8499000787401574
21
-4.1516906299212595
0
LINE
8
BLACK
6
CONTINUOUS
10
5.8499000787401574
20
-4.1516906299212595
11
5.8493017322834646
21
-4.151938503937008
0
LINE
8
BLACK
6
CONTINUOUS
10
5.8493017322834646
20
-4.151938503937008
11
5.8492412598425192
21
-4.1519134251968506
0
LINE
8
BLACK
6
CONTINUOUS
10
5.8492412598425192
20
-4.1519134251968506
11
5.8491793307086617
21
-4.1519344094488186
0
LINE
8
BLACK
6
CONTINUOUS
10
5.8491793307086617
20
-4.1519344094488186
11
5.8485988976377952
21
-4.1516473622047245
0
LINE
8
BLACK
6
CONTINUOUS
10
5.8485988976377952
20
-4.1516473622047245
11
5.8480006692913387
21
-4.1513995669291335
0
LINE
8
BLACK
6
CONTINUOUS
10
5.8480006692913387
20
-4.1513995669291335
11
5.84797562992126
21
-4.1513391338582677
0
LINE
8
BLACK
6
CONTINUOUS
10
5.84797562992126
20
-4.1513391338582677
11
5.8479170078740159
21
-4.1513101574803146
0
LINE
8
BLACK
6
CONTINUOUS
10
5.8479170078740159
20
-4.1513101574803146
11
5.8477095669291339
21
-4.1506968503937003
0
LINE
8
BLACK
6
CONTINUOUS
10
5.8477095669291339
20
-4.1506968503937003
11
5.8474617322834641
21
-4.1500985039370075
0
LINE
8
BLACK
6
CONTINUOUS
10
5.8474617322834641
20
-4.1500985039370075
11
5.8474617322834641
21
-4.1214242125984253
0
LINE
8
BLACK
6
CONTINUOUS
10
5.8474617322834641
20
-4.1214242125984253
11
5.8480006692913387
21
-4.1201231496062993
0
LINE
8
BLACK
6
CONTINUOUS
10
5.8480006692913387
20
-4.1201231496062993
11
5.8493017322834646
21
-4.1195842125984248
0
LINE
8
BLACK
6
CONTINUOUS
10
5.8493017322834646
20
-4.1195842125984248
11
5.8506027952755906
21
-4.1201231496062993
0
LINE
8
BLACK
6
CONTINUOUS
10
5.8506027952755906
20
-4.1201231496062993
11
5.8511417322834642
21
-4.1214242125984253
0
LINE
8
BLACK
6
CONTINUOUS
10
5.8511417322834642
20
-4.1214242125984253
11
5.8511417322834642
21
-4.1460435433070861
0
LINE
8
BLACK
6
CONTINUOUS
10
5.8511417322834642
20
-4.1460435433070861
11
5.859
21
-4.1391675590551182
0
LINE
8
BLACK
6
CONTINUOUS
10
5.859
20
-4.1391675590551182
11
5.859
21
-4.1058939763779527
0
LINE
8
BLACK
6
CONTINUOUS
10
5.859
20
-4.1058939763779527
11
5.8576783070866139
21
-4.1055635826771653
0
LINE
8
BLACK
6
CONTINUOUS
10
5.8576783070866139
20
-4.1055635826771653
11
5.8575102362204721
21
-4.1054390551181106
0
LINE
8
BLACK
6
CONTINUOUS
10
5.8575102362204721
20
-4.1054390551181106
11
5.8573016929133859
21
-4.105424251968504
0
LINE
8
BLACK
6
CONTINUOUS
10
5.8573016929133859
20
-4.105424251968504
11
5.8528902755905508
21
-4.1032185433070865
0
LINE
8
BLACK
6
CONTINUOUS
10
5.8528902755905508
20
-4.1032185433070865
11
5.8526918503937004
21
-4.1029897244094489
0
LINE
8
BLACK
6
CONTINUOUS
10
5.8526918503937004
20
-4.1029897244094489
11
5.8524120472440941
21
-4.1028738582677162
0
LINE
8
BLACK
6
CONTINUOUS
10
5.8524120472440941
20
-4.1028738582677162
11
5.8502063385826775
21
-4.1006681102362208
0
LINE
8
BLACK
6
CONTINUOUS
10
5.8502063385826775
20
-4.1006681102362208
11
5.8500904330708661
21
-4.1003883070866145
0
LINE
8
BLACK
6
CONTINUOUS
10
5.8500904330708661
20
-4.1003883070866145
11
5.849861692913386
21
-4.1001899212598421
0
LINE
8
BLACK
6
CONTINUOUS
10
5.849861692913386
20
-4.1001899212598421
11
5.8476559842519684
21
-4.0957785039370078
0
LINE
8
BLACK
6
CONTINUOUS
10
5.8476559842519684
20
-4.0957785039370078
11
5.8476256299212599
21
-4.0953512992125987
0
LINE
8
BLACK
6
CONTINUOUS
10
5.8476256299212599
20
-4.0953512992125987
11
5.8474617322834641
21
-4.0949556299212597
0
LINE
8
BLACK
6
CONTINUOUS
10
5.8474617322834641
20
-4.0949556299212597
11
5.8474617322834641
21
-4.0905442125984255
0
LINE
8
BLACK
6
CONTINUOUS
10
5.8474617322834641
20
-4.0905442125984255
11
5.8476256299212599
21
-4.0901485039370078
0
LINE
8
BLACK
6
CONTINUOUS
10
5.8476256299212599
20
-4.0901485039370078
11
5.8476559842519684
21
-4.0897213385826774
0
LINE
8
BLACK
6
CONTINUOUS
10
5.8476559842519684
20
-4.0897213385826774
11
5.849861692913386
21
-4.0853099212598423
0
LINE
8
BLACK
6
CONTINUOUS
10
5.849861692913386
20
-4.0853099212598423
11
5.8500904330708661
21
-4.085111496062992
0
LINE
8
BLACK
6
CONTINUOUS
10
5.8500904330708661
20
-4.085111496062992
11
5.8502063385826775
21
-4.0848317322834644
0
LINE
8
BLACK
6
CONTINUOUS
10
5.8502063385826775
20
-4.0848317322834644
11
5.8524120472440941
21
-4.0826259842519681
0
LINE
8
BLACK
6
CONTINUOUS
10
5.8524120472440941
20
-4.0826259842519681
11
5.8526918503937004
21
-4.0825100787401576
0
LINE
8
BLACK
6
CONTINUOUS
10
5.8526918503937004
20
-4.0825100787401576
11
5.8528902755905508
21
-4.0822812992125987
0
LINE
8
BLACK
6
CONTINUOUS
10
5.8528902755905508
20
-4.0822812992125987
11
5.8573016929133859
21
-4.0800755905511812
0
LINE
8
BLACK
6
CONTINUOUS
10
5.8573016929133859
20
-4.0800755905511812
11
5.8575102362204721
21
-4.0800607480314959
0
LINE
8
BLACK
6
CONTINUOUS
10
5.8575102362204721
20
-4.0800607480314959
11
5.8576783070866139
21
-4.07993625984252
0
LINE
8
BLACK
6
CONTINUOUS
10
5.8576783070866139
20
-4.07993625984252
11
5.859
21
-4.0796058267716537
0
LINE
8
BLACK
6
CONTINUOUS
10
5.859
20
-4.0796058267716537
11
5.859
21
-4.0791743307086614
0
LINE
8
BLACK
6
CONTINUOUS
10
5.859
20
-4.0791743307086614
11
5.846703897637795
21
-4.0791743307086614
0
LINE
8
BLACK
6
CONTINUOUS
10
5.846703897637795
20
-4.0791743307086614
11
5.8334696062992126
21
-4.0791743307086614
0
LINE
8
BLACK
6
CONTINUOUS
10
5.8334696062992126
20
-4.0791743307086614
11
5.8321685433070867
21
-4.0786353937007869
0
LINE
8
BLACK
6
CONTINUOUS
10
5.8321685433070867
20
-4.0786353937007869
11
5.8316296062992121
21
-4.0773343307086609
0
LINE
8
BLACK
6
CONTINUOUS
10
5.8316296062992121
20
-4.0773343307086609
11
5.8321685433070867
21
-4.076033267716535
0
LINE
8
BLACK
6
CONTINUOUS
10
5.8321685433070867
20
-4.076033267716535
11
5.8334696062992126
21
-4.0754943307086613
0
LINE
8
BLACK
6
CONTINUOUS
10
5.8334696062992126
20
-4.0754943307086613
11
5.8448638976377953
21
-4.0754943307086613
0
LINE
8
BLACK
6
CONTINUOUS
10
5.8448638976377953
20
-4.0754943307086613
11
5.8448638976377953
21
-4.0310143307086612
0
LINE
8
BLACK
6
CONTINUOUS
10
5.8448638976377953
20
-4.0310143307086612
11
5.8449363779527559
21
-4.0308392913385829
0
LINE
8
BLACK
6
CONTINUOUS
10
5.8449363779527559
20
-4.0308392913385829
11
5.8448996456692912
21
-4.030653464566929
0
LINE
8
BLACK
6
CONTINUOUS
10
5.8448996456692912
20
-4.030653464566929
11
5.8451977559055113
21
-4.0302082677165352
0
LINE
8
BLACK
6
CONTINUOUS
10
5.8451977559055113
20
-4.0302082677165352
11
5.845402834645669
21
-4.0297132677165353
0
LINE
8
BLACK
6
CONTINUOUS
10
5.845402834645669
20
-4.0297132677165353
11
5.8455778346456695
21
-4.029640748031496
0
LINE
8
BLACK
6
CONTINUOUS
10
5.8455778346456695
20
-4.029640748031496
11
5.8456832677165353
21
-4.0294833464566926
0
LINE
8
BLACK
6
CONTINUOUS
10
5.8456832677165353
20
-4.0294833464566926
11
5.8462088582677163
21
-4.0293793700787397
0
LINE
8
BLACK
6
CONTINUOUS
10
5.8462088582677163
20
-4.0293793700787397
11
5.846703897637795
21
-4.0291743307086616
0
LINE
8
BLACK
6
CONTINUOUS
10
5.846703897637795
20
-4.0291743307086616
11
5.8468788976377954
21
-4.0292468110236221
0
LINE
8
BLACK
6
CONTINUOUS
10
5.8714960629921258
20
-4.107824212598425
11
5.8714960629921258
21
-4.1454278346456688
0
LINE
8
BLACK
6
CONTINUOUS
10
5.8714960629921258
20
-4.1454278346456688
11
5.8715000000000002
21
-4.1454317716535432
0
LINE
8
BLACK
6
CONTINUOUS
10
5.8715000000000002
20
-4.1454317716535432
11
5.8715000000000002
21
-4.107824212598425
0
LINE
8
BLACK
6
CONTINUOUS
10
5.8715000000000002
20
-4.107824212598425
11
5.8714960629921258
21
-4.107824212598425
0
LINE
8
BLACK
6
CONTINUOUS
10
5.8714960629921258
20
-4.1041442125984249
11
5.8715000000000002
21
-4.1041442125984249
0
LINE
8
BLACK
6
CONTINUOUS
10
5.8715000000000002
20
-4.1041442125984249
11
5.8715000000000002
21
-4.0813556299212594
0
LINE
8
BLACK
6
CONTINUOUS
10
5.8715000000000002
20
-4.0813556299212594
11
5.8714960629921258
21
-4.0813556299212594
0
LINE
8
BLACK
6
CONTINUOUS
10
5.8714960629921258
20
-4.0813556299212594
11
5.8714960629921258
21
-4.1041442125984249
0
LINE
8
BLACK
6
CONTINUOUS
10
5.8587666929133855
20
-4.0834574409448816
11
5.8548031102362206
21
-4.0854392125984251
0
LINE
8
BLACK
6
CONTINUOUS
10
5.8548031102362206
20
-4.0854392125984251
11
5.8530196456692911
21
-4.0872227165354333
0
LINE
8
BLACK
6
CONTINUOUS
10
5.8530196456692911
20
-4.0872227165354333
11
5.8511417322834642
21
-4.090978582677165
0
LINE
8
BLACK
6
CONTINUOUS
10
5.8511417322834642
20
-4.090978582677165
11
5.8511417322834642
21
-4.0945212598425194
0
LINE
8
BLACK
6
CONTINUOUS
10
5.8511417322834642
20
-4.0945212598425194
11
5.8530196456692911
21
-4.0982770866141731
0
LINE
8
BLACK
6
CONTINUOUS
10
5.8530196456692911
20
-4.0982770866141731
11
5.8548031102362206
21
-4.1000605905511813
0
LINE
8
BLACK
6
CONTINUOUS
10
5.8548031102362206
20
-4.1000605905511813
11
5.8587666929133855
21
-4.102042362204724
0
LINE
8
BLACK
6
CONTINUOUS
10
5.8587666929133855
20
-4.102042362204724
11
5.859
21
-4.1021006692913389
0
LINE
8
BLACK
6
CONTINUOUS
10
5.859
20
-4.1021006692913389
11
5.859
21
-4.0833990944881888
0
LINE
8
BLACK
6
CONTINUOUS
10
5.859
20
-4.0833990944881888
11
5.8587666929133855
21
-4.0834574409448816
0
LINE
8
BLACK
6
CONTINUOUS
10
5.8505133858267717
20
-4.0632546456692911
11
5.8499000787401574
21
-4.0634620472440943
0
LINE
8
BLACK
6
CONTINUOUS
10
5.8499000787401574
20
-4.0634620472440943
11
5.8493017322834646
21
-4.063709921259842
0
LINE
8
BLACK
6
CONTINUOUS
10
5.8493017322834646
20
-4.063709921259842
11
5.8492412598425192
21
-4.0636848425196845
0
LINE
8
BLACK
6
CONTINUOUS
10
5.8492412598425192
20
-4.0636848425196845
11
5.8491793307086617
21
-4.0637058267716535
0
LINE
8
BLACK
6
CONTINUOUS
10
5.8491793307086617
20
-4.0637058267716535
11
5.8485988976377952
21
-4.0634187795275594
0
LINE
8
BLACK
6
CONTINUOUS
10
5.8485988976377952
20
-4.0634187795275594
11
5.8485438976377955
21
-4.0633959842519687
0
LINE
8
BLACK
6
CONTINUOUS
10
5.8485438976377955
20
-4.0633959842519687
11
5.8485438976377955
21
-4.0754943307086613
0
LINE
8
BLACK
6
CONTINUOUS
10
5.8485438976377955
20
-4.0754943307086613
11
5.859
21
-4.0754943307086613
0
LINE
8
BLACK
6
CONTINUOUS
10
5.859
20
-4.0754943307086613
11
5.859
21
-4.0652480314960631
0
LINE
8
BLACK
6
CONTINUOUS
10
5.859
20
-4.0652480314960631
11
5.8714960629921258
21
-4.0652480314960631
0
LINE
8
BLACK
6
CONTINUOUS
10
5.8714960629921258
20
-4.0652480314960631
11
5.8714960629921258
21
-4.0776756299212593
0
LINE
8
BLACK
6
CONTINUOUS
10
5.8714960629921258
20
-4.0776756299212593
11
5.8715000000000002
21
-4.0776756299212593
0
LINE
8
BLACK
6
CONTINUOUS
10
5.8715000000000002
20
-4.0776756299212593
11
5.8715000000000002
21
-4.061791968503937
0
LINE
8
BLACK
6
CONTINUOUS
10
5.8715000000000002
20
-4.061791968503937
11
5.8705359842519682
21
-4.061309960629921
0
LINE
8
BLACK
6
CONTINUOUS
10
5.8705359842519682
20
-4.061309960629921
11
5.8703375590551179
21
-4.0610811417322834
0
LINE
8
BLACK
6
CONTINUOUS
10
5.8703375590551179
20
-4.0610811417322834
11
5.8700577559055116
21
-4.0609652755905508
0
LINE
8
BLACK
6
CONTINUOUS
10
5.8700577559055116
20
-4.0609652755905508
11
5.8678520866141728
21
-4.0587595669291341
0
LINE
8
BLACK
6
CONTINUOUS
10
5.8678520866141728
20
-4.0587595669291341
11
5.8677361811023623
21
-4.0584798031496065
0
LINE
8
BLACK
6
CONTINUOUS
10
5.8677361811023623
20
-4.0584798031496065
11
5.8675074015748034
21
-4.0582813779527562
0
LINE
8
BLACK
6
CONTINUOUS
10
5.8675074015748034
20
-4.0582813779527562
11
5.8653016929133859
21
-4.0538699212598424
0
LINE
8
BLACK
6
CONTINUOUS
10
5.8653016929133859
20
-4.0538699212598424
11
5.8652713385826774
21
-4.0534427165354332
0
LINE
8
BLACK
6
CONTINUOUS
10
5.8652713385826774
20
-4.0534427165354332
11
5.8651074409448816
21
-4.0530470472440943
0
LINE
8
BLACK
6
CONTINUOUS
10
5.8651074409448816
20
-4.0530470472440943
11
5.8651074409448816
21
-4.0504848425196851
0
LINE
8
BLACK
6
CONTINUOUS
10
5.8651074409448816
20
-4.0504848425196851
11
5.8505133858267717
21
-4.0632546456692911
0
LINE
8
BLACK
6
CONTINUOUS
10
5.733031496062992
20
-4.1010157480314957
11
5.7604999999999995
21
-4.1010157480314957
0
LINE
8
BLACK
6
CONTINUOUS
10
5.7604999999999995
20
-4.1010157480314957
11
5.7604999999999995
21
-4.1005000000000003
0
LINE
8
BLACK
6
CONTINUOUS
10
5.7604999999999995
20
-4.1005000000000003
11
5.7900314960629924
21
-4.1005000000000003
0
LINE
8
BLACK
6
CONTINUOUS
10
5.7900314960629924
20
-4.1005000000000003
11
5.7900314960629924
21
-4.1462474803149609
0
LINE
8
BLACK
6
CONTINUOUS
10
5.7900314960629924
20
-4.1462474803149609
11
5.7929172440944878
21
-4.1476903937007874
0
LINE
8
BLACK
6
CONTINUOUS
10
5.7929172440944878
20
-4.1476903937007874
11
5.8030770866141728
21
-4.1476903937007874
0
LINE
8
BLACK
6
CONTINUOUS
10
5.8030770866141728
20
-4.1476903937007874
11
5.8068329133858265
21
-4.1458124409448818
0
LINE
8
BLACK
6
CONTINUOUS
10
5.8068329133858265
20
-4.1458124409448818
11
5.8086164173228347
21
-4.1440289763779523
0
LINE
8
BLACK
6
CONTINUOUS
10
5.8086164173228347
20
-4.1440289763779523
11
5.8104943307086616
21
-4.1402731496062994
0
LINE
8
BLACK
6
CONTINUOUS
10
5.8104943307086616
20
-4.1402731496062994
11
5.8104943307086616
21
-4.1301133070866145
0
LINE
8
BLACK
6
CONTINUOUS
10
5.8104943307086616
20
-4.1301133070866145
11
5.8086164173228347
21
-4.1263574803149607
0
LINE
8
BLACK
6
CONTINUOUS
10
5.8086164173228347
20
-4.1263574803149607
11
5.8066218110236223
21
-4.1243629133858271
0
LINE
8
BLACK
6
CONTINUOUS
10
5.8066218110236223
20
-4.1243629133858271
11
5.8060828740157477
21
-4.1230618110236223
0
LINE
8
BLACK
6
CONTINUOUS
10
5.8060828740157477
20
-4.1230618110236223
11
5.8066217716535435
21
-4.1217607480314964
0
LINE
8
BLACK
6
CONTINUOUS
10
5.8066217716535435
20
-4.1217607480314964
11
5.8079228740157482
21
-4.1212218110236218
0
LINE
8
BLACK
6
CONTINUOUS
10
5.8079228740157482
20
-4.1212218110236218
11
5.8092239370078742
21
-4.1217607086614176
0
LINE
8
BLACK
6
CONTINUOUS
10
5.8092239370078742
20
-4.1217607086614176
11
5.8114296850393696
21
-4.1239664173228343
0
LINE
8
BLACK
6
CONTINUOUS
10
5.8114296850393696
20
-4.1239664173228343
11
5.8115455511811023
21
-4.1242462204724406
0
LINE
8
BLACK
6
CONTINUOUS
10
5.8115455511811023
20
-4.1242462204724406
11
5.8117743700787399
21
-4.1244446456692909
0
LINE
8
BLACK
6
CONTINUOUS
10
5.8117743700787399
20
-4.1244446456692909
11
5.8139800787401574
21
-4.1288561417322835
0
LINE
8
BLACK
6
CONTINUOUS
10
5.8139800787401574
20
-4.1288561417322835
11
5.8140103937007872
21
-4.1292832677165352
0
LINE
8
BLACK
6
CONTINUOUS
10
5.8140103937007872
20
-4.1292832677165352
11
5.8141743307086609
21
-4.1296789763779529
0
LINE
8
BLACK
6
CONTINUOUS
10
5.8141743307086609
20
-4.1296789763779529
11
5.8141743307086609
21
-4.1407075196850389
0
LINE
8
BLACK
6
CONTINUOUS
10
5.8141743307086609
20
-4.1407075196850389
11
5.8140103937007872
21
-4.1411031889763779
0
LINE
8
BLACK
6
CONTINUOUS
10
5.8140103937007872
20
-4.1411031889763779
11
5.8139800787401574
21
-4.1415303543307083
0
LINE
8
BLACK
6
CONTINUOUS
10
5.8139800787401574
20
-4.1415303543307083
11
5.8117743700787399
21
-4.1459418503937009
0
LINE
8
BLACK
6
CONTINUOUS
10
5.8117743700787399
20
-4.1459418503937009
11
5.8115455511811023
21
-4.1461402362204725
0
LINE
8
BLACK
6
CONTINUOUS
10
5.8115455511811023
20
-4.1461402362204725
11
5.8114296850393696
21
-4.1464200787401575
0
LINE
8
BLACK
6
CONTINUOUS
10
5.8114296850393696
20
-4.1464200787401575
11
5.8092239370078742
21
-4.1486257874015751
0
LINE
8
BLACK
6
CONTINUOUS
10
5.8092239370078742
20
-4.1486257874015751
11
5.8089441338582679
21
-4.1487416535433068
0
LINE
8
BLACK
6
CONTINUOUS
10
5.8089441338582679
20
-4.1487416535433068
11
5.8087457480314963
21
-4.1489704330708657
0
LINE
8
BLACK
6
CONTINUOUS
10
5.8087457480314963
20
-4.1489704330708657
11
5.8043343307086612
21
-4.1511761417322832
0
LINE
8
BLACK
6
CONTINUOUS
10
5.8043343307086612
20
-4.1511761417322832
11
5.8039071259842521
21
-4.151206456692913
0
LINE
8
BLACK
6
CONTINUOUS
10
5.8039071259842521
20
-4.151206456692913
11
5.8035114566929131
21
-4.1513703937007875
0
LINE
8
BLACK
6
CONTINUOUS
10
5.8035114566929131
20
-4.1513703937007875
11
5.7924828740157475
21
-4.1513703937007875
0
LINE
8
BLACK
6
CONTINUOUS
10
5.7924828740157475
20
-4.1513703937007875
11
5.7920871653543307
21
-4.151206456692913
0
LINE
8
BLACK
6
CONTINUOUS
10
5.7920871653543307
20
-4.151206456692913
11
5.7916600000000003
21
-4.1511761417322832
0
LINE
8
BLACK
6
CONTINUOUS
10
5.7916600000000003
20
-4.1511761417322832
11
5.7900314960629924
21
-4.1503618897637793
0
LINE
8
BLACK
6
CONTINUOUS
10
5.7900314960629924
20
-4.1503618897637793
11
5.7900314960629924
21
-4.1575905511811024
0
LINE
8
BLACK
6
CONTINUOUS
10
5.7900314960629924
20
-4.1575905511811024
11
5.7604999999999995
21
-4.1575905511811024
0
LINE
8
BLACK
6
CONTINUOUS
10
5.7604999999999995
20
-4.1575905511811024
11
5.7604999999999995
21
-4.1569842519685034
0
LINE
8
BLACK
6
CONTINUOUS
10
5.7604999999999995
20
-4.1569842519685034
11
5.733031496062992
21
-4.1569842519685034
0
LINE
8
BLACK
6
CONTINUOUS
10
5.733031496062992
20
-4.1569842519685034
11
5.733031496062992
21
-4.1575905511811024
0
LINE
8
BLACK
6
CONTINUOUS
10
5.733031496062992
20
-4.1575905511811024
11
5.7035
21
-4.1575905511811024
0
LINE
8
BLACK
6
CONTINUOUS
10
5.7035
20
-4.1575905511811024
11
5.7035
21
-4.1005000000000003
0
LINE
8
BLACK
6
CONTINUOUS
10
5.7035
20
-4.1005000000000003
11
5.733031496062992
21
-4.1005000000000003
0
LINE
8
BLACK
6
CONTINUOUS
10
5.733031496062992
20
-4.1005000000000003
11
5.733031496062992
21
-4.1010157480314957
0
LINE
8
BLACK
6
CONTINUOUS
10
5.733031496062992
20
-4.1050157480314962
11
5.733031496062992
21
-4.1529842519685038
0
LINE
8
BLACK
6
CONTINUOUS
10
5.733031496062992
20
-4.1529842519685038
11
5.7604999999999995
21
-4.1529842519685038
0
LINE
8
BLACK
6
CONTINUOUS
10
5.7604999999999995
20
-4.1529842519685038
11
5.7604999999999995
21
-4.1050157480314962
0
LINE
8
BLACK
6
CONTINUOUS
10
5.7604999999999995
20
-4.1050157480314962
11
5.733031496062992
21
-4.1050157480314962
0
LINE
8
BLACK
6
CONTINUOUS
10
6.0214960629921261
20
-4.1527519685039369
11
6.0089999999999995
21
-4.1527519685039369
0
LINE
8
BLACK
6
CONTINUOUS
10
6.0089999999999995
20
-4.1527519685039369
11
6.0089999999999995
21
-4.0652480314960631
0
LINE
8
BLACK
6
CONTINUOUS
10
6.0089999999999995
20
-4.0652480314960631
11
6.0214960629921261
21
-4.0652480314960631
0
LINE
8
BLACK
6
CONTINUOUS
10
6.0214960629921261
20
-4.0652480314960631
11
6.0214960629921261
21
-4.1527519685039369
0
LINE
8
BLACK
6
CONTINUOUS
10
6.0711353937007875
20
-4.1199893307086617
11
6.0716743307086611
21
-4.1212903937007876
0
LINE
8
BLACK
6
CONTINUOUS
10
6.0716743307086611
20
-4.1212903937007876
11
6.0716743307086611
21
-4.1433475590551181
0
LINE
8
BLACK
6
CONTINUOUS
10
6.0716743307086611
20
-4.1433475590551181
11
6.0711353937007875
21
-4.144648622047244
0
LINE
8
BLACK
6
CONTINUOUS
10
6.0711353937007875
20
-4.144648622047244
11
6.0698343307086615
21
-4.1451875590551177
0
LINE
8
BLACK
6
CONTINUOUS
10
6.0698343307086615
20
-4.1451875590551177
11
6.0685332677165356
21
-4.144648622047244
0
LINE
8
BLACK
6
CONTINUOUS
10
6.0685332677165356
20
-4.144648622047244
11
6.067994330708661
21
-4.1433475590551181
0
LINE
8
BLACK
6
CONTINUOUS
10
6.067994330708661
20
-4.1433475590551181
11
6.067994330708661
21
-4.1231303937007873
0
LINE
8
BLACK
6
CONTINUOUS
10
6.067994330708661
20
-4.1231303937007873
11
6.0235143307086609
21
-4.1231303937007873
0
LINE
8
BLACK
6
CONTINUOUS
10
6.0235143307086609
20
-4.1231303937007873
11
6.022213267716535
21
-4.1225914566929136
0
LINE
8
BLACK
6
CONTINUOUS
10
6.022213267716535
20
-4.1225914566929136
11
6.0216743307086613
21
-4.1212903937007876
0
LINE
8
BLACK
6
CONTINUOUS
10
6.0216743307086613
20
-4.1212903937007876
11
6.022213267716535
21
-4.1199893307086617
0
LINE
8
BLACK
6
CONTINUOUS
10
6.022213267716535
20
-4.1199893307086617
11
6.0235143307086609
21
-4.1194503937007871
0
LINE
8
BLACK
6
CONTINUOUS
10
6.0235143307086609
20
-4.1194503937007871
11
6.0698343307086615
21
-4.1194503937007871
0
LINE
8
BLACK
6
CONTINUOUS
10
6.0698343307086615
20
-4.1194503937007871
11
6.0711353937007875
21
-4.1199893307086617
0
LINE
8
BLACK
6
CONTINUOUS
10
5.6154999999999999
20
-4.0599999999999996
11
5.6624999999999996
21
-4.0599999999999996
0
LINE
8
BLACK
6
CONTINUOUS
10
5.6624999999999996
20
-4.0599999999999996
11
5.6628897637795275
21
-4.0600687007874017
0
LINE
8
BLACK
6
CONTINUOUS
10
5.6628897637795275
20
-4.0600687007874017
11
5.6630209448818896
21
-4.060045590551181
0
LINE
8
BLACK
6
CONTINUOUS
10
5.6630209448818896
20
-4.060045590551181
11
5.6631362598425197
21
-4.0601121653543304
0
LINE
8
BLACK
6
CONTINUOUS
10
5.6631362598425197
20
-4.0601121653543304
11
5.6635260629921262
21
-4.0601809055118112
0
LINE
8
BLACK
6
CONTINUOUS
10
5.6635260629921262
20
-4.0601809055118112
11
5.6641231889763777
21
-4.0606819685039373
0
LINE
8
BLACK
6
CONTINUOUS
10
5.6641231889763777
20
-4.0606819685039373
11
5.6647981496062991
21
-4.0610716535433067
0
LINE
8
BLACK
6
CONTINUOUS
10
5.6647981496062991
20
-4.0610716535433067
11
5.6648907086614173
21
-4.061325984251968
0
LINE
8
BLACK
6
CONTINUOUS
10
5.6648907086614173
20
-4.061325984251968
11
5.6650980708661418
21
-4.0614999999999997
0
LINE
8
BLACK
6
CONTINUOUS
10
5.6650980708661418
20
-4.0614999999999997
11
5.6652333858267712
21
-4.0622674803149605
0
LINE
8
BLACK
6
CONTINUOUS
10
5.6652333858267712
20
-4.0622674803149605
11
5.6654999999999998
21
-4.0629999999999997
0
LINE
8
BLACK
6
CONTINUOUS
10
5.6654999999999998
20
-4.0629999999999997
11
5.6654999999999998
21
-4.1150000000000002
0
LINE
8
BLACK
6
CONTINUOUS
10
5.6654999999999998
20
-4.1150000000000002
11
5.6654312598425198
21
-4.1153897637795271
0
LINE
8
BLACK
6
CONTINUOUS
10
5.6654312598425198
20
-4.1153897637795271
11
5.6654544094488184
21
-4.1155209448818892
0
LINE
8
BLACK
6
CONTINUOUS
10
5.6654544094488184
20
-4.1155209448818892
11
5.6653877952755902
21
-4.1156362598425194
0
LINE
8
BLACK
6
CONTINUOUS
10
5.6653877952755902
20
-4.1156362598425194
11
5.665319094488189
21
-4.1160260629921259
0
LINE
8
BLACK
6
CONTINUOUS
10
5.665319094488189
20
-4.1160260629921259
11
5.6648179921259842
21
-4.1166231889763782
0
LINE
8
BLACK
6
CONTINUOUS
10
5.6648179921259842
20
-4.1166231889763782
11
5.6644283464566927
21
-4.1172981496062988
0
LINE
8
BLACK
6
CONTINUOUS
10
5.6644283464566927
20
-4.1172981496062988
11
5.6641739763779526
21
-4.117390708661417
0
LINE
8
BLACK
6
CONTINUOUS
10
5.6641739763779526
20
-4.117390708661417
11
5.6639999999999997
21
-4.1175980708661415
0
LINE
8
BLACK
6
CONTINUOUS
10
5.6639999999999997
20
-4.1175980708661415
11
5.6632324803149601
21
-4.1177333858267717
0
LINE
8
BLACK
6
CONTINUOUS
10
5.6632324803149601
20
-4.1177333858267717
11
5.6624999999999996
21
-4.1180000000000003
0
LINE
8
BLACK
6
CONTINUOUS
10
5.6624999999999996
20
-4.1180000000000003
11
5.6524999999999999
21
-4.1180000000000003
0
LINE
8
BLACK
6
CONTINUOUS
10
5.6524999999999999
20
-4.1180000000000003
11
5.6524999999999999
21
-4.1399999999999997
0
LINE
8
BLACK
6
CONTINUOUS
10
5.6524999999999999
20
-4.1399999999999997
11
5.6345000000000001
21
-4.1399999999999997
0
LINE
8
BLACK
6
CONTINUOUS
10
5.6345000000000001
20
-4.1399999999999997
11
5.6345000000000001
21
-4.1180000000000003
0
LINE
8
BLACK
6
CONTINUOUS
10
5.6345000000000001
20
-4.1180000000000003
11
5.5785
21
-4.1180000000000003
0
LINE
8
BLACK
6
CONTINUOUS
10
5.5785
20
-4.1180000000000003
11
5.5785
21
-4.1399999999999997
0
LINE
8
BLACK
6
CONTINUOUS
10
5.5785
20
-4.1399999999999997
11
5.5605000000000002
21
-4.1399999999999997
0
LINE
8
BLACK
6
CONTINUOUS
10
5.5605000000000002
20
-4.1399999999999997
11
5.5605000000000002
21
-4.1180000000000003
0
LINE
8
BLACK
6
CONTINUOUS
10
5.5605000000000002
20
-4.1180000000000003
11
5.5504999999999995
21
-4.1180000000000003
0
LINE
8
BLACK
6
CONTINUOUS
10
5.5504999999999995
20
-4.1180000000000003
11
5.5501101968503939
21
-4.1179312598425195
0
LINE
8
BLACK
6
CONTINUOUS
10
5.5501101968503939
20
-4.1179312598425195
11
5.5499790551181105
21
-4.117954409448819
0
LINE
8
BLACK
6
CONTINUOUS
10
5.5499790551181105
20
-4.117954409448819
11
5.5498637007874017
21
-4.1178877952755908
0
LINE
8
BLACK
6
CONTINUOUS
10
5.5498637007874017
20
-4.1178877952755908
11
5.5494739370078738
21
-4.1178190944881887
0
LINE
8
BLACK
6
CONTINUOUS
10
5.5494739370078738
20
-4.1178190944881887
11
5.5488767716535428
21
-4.1173179921259839
0
LINE
8
BLACK
6
CONTINUOUS
10
5.5488767716535428
20
-4.1173179921259839
11
5.548201850393701
21
-4.1169283464566933
0
LINE
8
BLACK
6
CONTINUOUS
10
5.548201850393701
20
-4.1169283464566933
11
5.548109251968504
21
-4.1166739763779523
0
LINE
8
BLACK
6
CONTINUOUS
10
5.548109251968504
20
-4.1166739763779523
11
5.5479019291338583
21
-4.1165000000000003
0
LINE
8
BLACK
6
CONTINUOUS
10
5.5479019291338583
20
-4.1165000000000003
11
5.5477665748031493
21
-4.1157324803149606
0
LINE
8
BLACK
6
CONTINUOUS
10
5.5477665748031493
20
-4.1157324803149606
11
5.5474999999999994
21
-4.1150000000000002
0
LINE
8
BLACK
6
CONTINUOUS
10
5.5474999999999994
20
-4.1150000000000002
11
5.5474999999999994
21
-4.0629999999999997
0
LINE
8
BLACK
6
CONTINUOUS
10
5.5474999999999994
20
-4.0629999999999997
11
5.5475687007874015
21
-4.062610196850394
0
LINE
8
BLACK
6
CONTINUOUS
10
5.5475687007874015
20
-4.062610196850394
11
5.5475455905511808
21
-4.0624790551181098
0
LINE
8
BLACK
6
CONTINUOUS
10
5.5475455905511808
20
-4.0624790551181098
11
5.5476121653543302
21
-4.0623637007874018
0
LINE
8
BLACK
6
CONTINUOUS
10
5.5476121653543302
20
-4.0623637007874018
11
5.547680905511811
21
-4.061973937007874
0
LINE
8
BLACK
6
CONTINUOUS
10
5.547680905511811
20
-4.061973937007874
11
5.5481819685039371
21
-4.0613767716535429
0
LINE
8
BLACK
6
CONTINUOUS
10
5.5481819685039371
20
-4.0613767716535429
11
5.5485716535433074
21
-4.0607018503937011
0
LINE
8
BLACK
6
CONTINUOUS
10
5.5485716535433074
20
-4.0607018503937011
11
5.5488259842519687
21
-4.0606092519685042
0
LINE
8
BLACK
6
CONTINUOUS
10
5.5488259842519687
20
-4.0606092519685042
11
5.5489999999999995
21
-4.0604019291338584
0
LINE
8
BLACK
6
CONTINUOUS
10
5.5489999999999995
20
-4.0604019291338584
11
5.5497674803149604
21
-4.0602665748031495
0
LINE
8
BLACK
6
CONTINUOUS
10
5.5497674803149604
20
-4.0602665748031495
11
5.5504999999999995
21
-4.0599999999999996
0
LINE
8
BLACK
6
CONTINUOUS
10
5.5504999999999995
20
-4.0599999999999996
11
5.5975000000000001
21
-4.0599999999999996
0
LINE
8
BLACK
6
CONTINUOUS
10
5.5975000000000001
20
-4.0599999999999996
11
5.5975000000000001
21
-4.0380000000000003
0
LINE
8
BLACK
6
CONTINUOUS
10
5.5975000000000001
20
-4.0380000000000003
11
5.6154999999999999
21
-4.0380000000000003
0
LINE
8
BLACK
6
CONTINUOUS
10
5.6154999999999999
20
-4.0380000000000003
11
5.6154999999999999
21
-4.0599999999999996
0
LINE
8
BLACK
6
CONTINUOUS
10
5.5534999999999997
20
-4.0659999999999998
11
5.5534999999999997
21
-4.1120000000000001
0
LINE
8
BLACK
6
CONTINUOUS
10
5.5534999999999997
20
-4.1120000000000001
11
5.6594999999999995
21
-4.1120000000000001
0
LINE
8
BLACK
6
CONTINUOUS
10
5.6594999999999995
20
-4.1120000000000001
11
5.6594999999999995
21
-4.0659999999999998
0
LINE
8
BLACK
6
CONTINUOUS
10
5.6594999999999995
20
-4.0659999999999998
11
5.5534999999999997
21
-4.0659999999999998
0
LINE
8
BLACK
6
CONTINUOUS
10
6.0711353937007875
20
-4.0670522047244093
11
6.0716743307086611
21
-4.0683532677165353
0
LINE
8
BLACK
6
CONTINUOUS
10
6.0716743307086611
20
-4.0683532677165353
11
6.0711353937007875
21
-4.0696543307086612
0
LINE
8
BLACK
6
CONTINUOUS
10
6.0711353937007875
20
-4.0696543307086612
11
6.0698343307086615
21
-4.0701932677165358
0
LINE
8
BLACK
6
CONTINUOUS
10
6.0698343307086615
20
-4.0701932677165358
11
6.0318082283464562
21
-4.0701932677165358
0
LINE
8
BLACK
6
CONTINUOUS
10
6.0318082283464562
20
-4.0701932677165358
11
6.0573781496062988
21
-4.0821259055118109
0
LINE
8
BLACK
6
CONTINUOUS
10
6.0573781496062988
20
-4.0821259055118109
11
6.0578032283464562
21
-4.0825900393700785
0
LINE
8
BLACK
6
CONTINUOUS
10
6.0578032283464562
20
-4.0825900393700785
11
6.0582674015748026
21
-4.0830151574803146
0
LINE
8
BLACK
6
CONTINUOUS
10
6.0582674015748026
20
-4.0830151574803146
11
6.0582711417322832
21
-4.0831010236220475
0
LINE
8
BLACK
6
CONTINUOUS
10
6.0582711417322832
20
-4.0831010236220475
11
6.0583292519685035
21
-4.0831644488188976
0
LINE
8
BLACK
6
CONTINUOUS
10
6.0583292519685035
20
-4.0831644488188976
11
6.0583015748031492
21
-4.0837932677165352
0
LINE
8
BLACK
6
CONTINUOUS
10
6.0583015748031492
20
-4.0837932677165352
11
6.0583292519685035
21
-4.0844220866141727
0
LINE
8
BLACK
6
CONTINUOUS
10
6.0583292519685035
20
-4.0844220866141727
11
6.0582711417322832
21
-4.084485472440945
0
LINE
8
BLACK
6
CONTINUOUS
10
6.0582711417322832
20
-4.084485472440945
11
6.0582674015748026
21
-4.0845713779527557
0
LINE
8
BLACK
6
CONTINUOUS
10
6.0582674015748026
20
-4.0845713779527557
11
6.0578032283464562
21
-4.0849964566929131
0
LINE
8
BLACK
6
CONTINUOUS
10
6.0578032283464562
20
-4.0849964566929131
11
6.0573781496062988
21
-4.0854606299212595
0
LINE
8
BLACK
6
CONTINUOUS
10
6.0573781496062988
20
-4.0854606299212595
11
6.0318082283464562
21
-4.0973932677165354
0
LINE
8
BLACK
6
CONTINUOUS
10
6.0318082283464562
20
-4.0973932677165354
11
6.0698343307086615
21
-4.0973932677165354
0
LINE
8
BLACK
6
CONTINUOUS
10
6.0698343307086615
20
-4.0973932677165354
11
6.0711353937007875
21
-4.0979322047244091
0
LINE
8
BLACK
6
CONTINUOUS
10
6.0711353937007875
20
-4.0979322047244091
11
6.0716743307086611
21
-4.0992332677165351
0
LINE
8
BLACK
6
CONTINUOUS
10
6.0716743307086611
20
-4.0992332677165351
11
6.0711353937007875
21
-4.100534330708661
0
LINE
8
BLACK
6
CONTINUOUS
10
6.0711353937007875
20
-4.100534330708661
11
6.0698343307086615
21
-4.1010732677165356
0
LINE
8
BLACK
6
CONTINUOUS
10
6.0698343307086615
20
-4.1010732677165356
11
6.0235143307086609
21
-4.1010732677165356
0
LINE
8
BLACK
6
CONTINUOUS
10
6.0235143307086609
20
-4.1010732677165356
11
6.0232121653543302
21
-4.10094811023622
0
LINE
8
BLACK
6
CONTINUOUS
10
6.0232121653543302
20
-4.10094811023622
11
6.0228855118110234
21
-4.1009624803149602
0
LINE
8
BLACK
6
CONTINUOUS
10
6.0228855118110234
20
-4.1009624803149602
11
6.0225870472440945
21
-4.1006891732283464
0
LINE
8
BLACK
6
CONTINUOUS
10
6.0225870472440945
20
-4.1006891732283464
11
6.022213267716535
21
-4.100534330708661
0
LINE
8
BLACK
6
CONTINUOUS
10
6.022213267716535
20
-4.100534330708661
11
6.0220881102362203
21
-4.1002322047244091
0
LINE
8
BLACK
6
CONTINUOUS
10
6.0220881102362203
20
-4.1002322047244091
11
6.0218469685039366
21
-4.1000113779527556
0
LINE
8
BLACK
6
CONTINUOUS
10
6.0218469685039366
20
-4.1000113779527556
11
6.0218291732283467
21
-4.0996071259842521
0
LINE
8
BLACK
6
CONTINUOUS
10
6.0218291732283467
20
-4.0996071259842521
11
6.0216743307086613
21
-4.0992332677165351
0
LINE
8
BLACK
6
CONTINUOUS
10
6.0216743307086613
20
-4.0992332677165351
11
6.0217994488188973
21
-4.0989311023622044
0
LINE
8
BLACK
6
CONTINUOUS
10
6.0217994488188973
20
-4.0989311023622044
11
6.0217851181102358
21
-4.0986044488188975
0
LINE
8
BLACK
6
CONTINUOUS
10
6.0217851181102358
20
-4.0986044488188975
11
6.0220583858267718
21
-4.0983059842519687
0
LINE
8
BLACK
6
CONTINUOUS
10
6.0220583858267718
20
-4.0983059842519687
11
6.022213267716535
21
-4.0979322047244091
0
LINE
8
BLACK
6
CONTINUOUS
10
6.022213267716535
20
-4.0979322047244091
11
6.0225153543307082
21
-4.0978070472440944
0
LINE
8
BLACK
6
CONTINUOUS
10
6.0225153543307082
20
-4.0978070472440944
11
6.0227362204724404
21
-4.0975659055118108
0
LINE
8
BLACK
6
CONTINUOUS
10
6.0227362204724404
20
-4.0975659055118108
11
6.0522489763779523
21
-4.0837932677165352
0
LINE
8
BLACK
6
CONTINUOUS
10
6.0522489763779523
20
-4.0837932677165352
11
6.0227362204724404
21
-4.0700206299212596
0
LINE
8
BLACK
6
CONTINUOUS
10
6.0227362204724404
20
-4.0700206299212596
11
6.0225153543307082
21
-4.0697794488188972
0
LINE
8
BLACK
6
CONTINUOUS
10
6.0225153543307082
20
-4.0697794488188972
11
6.022213267716535
21
-4.0696543307086612
0
LINE
8
BLACK
6
CONTINUOUS
10
6.022213267716535
20
-4.0696543307086612
11
6.0220583858267718
21
-4.0692805118110238
0
LINE
8
BLACK
6
CONTINUOUS
10
6.0220583858267718
20
-4.0692805118110238
11
6.0217851181102358
21
-4.0689820866141728
0
LINE
8
BLACK
6
CONTINUOUS
10
6.0217851181102358
20
-4.0689820866141728
11
6.0217994488188973
21
-4.0686553937007872
0
LINE
8
BLACK
6
CONTINUOUS
10
6.0217994488188973
20
-4.0686553937007872
11
6.0216743307086613
21
-4.0683532677165353
0
LINE
8
BLACK
6
CONTINUOUS
10
6.0216743307086613
20
-4.0683532677165353
11
6.0218291732283467
21
-4.0679793700787403
0
LINE
8
BLACK
6
CONTINUOUS
10
6.0218291732283467
20
-4.0679793700787403
11
6.0218469685039366
21
-4.0675751574803147
0
LINE
8
BLACK
6
CONTINUOUS
10
6.0218469685039366
20
-4.0675751574803147
11
6.0220881102362203
21
-4.0673542913385825
0
LINE
8
BLACK
6
CONTINUOUS
10
6.0220881102362203
20
-4.0673542913385825
11
6.022213267716535
21
-4.0670522047244093
0
LINE
8
BLACK
6
CONTINUOUS
10
6.022213267716535
20
-4.0670522047244093
11
6.0225870472440945
21
-4.0668973228346452
0
LINE
8
BLACK
6
CONTINUOUS
10
6.0225870472440945
20
-4.0668973228346452
11
6.0228855118110234
21
-4.0666240551181101
0
LINE
8
BLACK
6
CONTINUOUS
10
6.0228855118110234
20
-4.0666240551181101
11
6.0232121653543302
21
-4.0666383858267716
0
LINE
8
BLACK
6
CONTINUOUS
10
6.0232121653543302
20
-4.0666383858267716
11
6.0235143307086609
21
-4.0665132677165357
0
LINE
8
BLACK
6
CONTINUOUS
10
6.0235143307086609
20
-4.0665132677165357
11
6.0698343307086615
21
-4.0665132677165357
0
LINE
8
BLACK
6
CONTINUOUS
10
6.0698343307086615
20
-4.0665132677165357
11
6.0711353937007875
21
-4.0670522047244093
0
LINE
8
BLACK
6
CONTINUOUS
10
5.728896377952756
20
-4.0297132677165353
11
5.7294353149606296
21
-4.0310143307086612
0
LINE
8
BLACK
6
CONTINUOUS
10
5.7294353149606296
20
-4.0310143307086612
11
5.7294353149606296
21
-4.0773343307086609
0
LINE
8
BLACK
6
CONTINUOUS
10
5.7294353149606296
20
-4.0773343307086609
11
5.728896377952756
21
-4.0786353937007869
0
LINE
8
BLACK
6
CONTINUOUS
10
5.728896377952756
20
-4.0786353937007869
11
5.72759531496063
21
-4.0791743307086614
0
LINE
8
BLACK
6
CONTINUOUS
10
5.72759531496063
20
-4.0791743307086614
11
5.7262942519685041
21
-4.0786353937007869
0
LINE
8
BLACK
6
CONTINUOUS
10
5.7262942519685041
20
-4.0786353937007869
11
5.7257553149606295
21
-4.0773343307086609
0
LINE
8
BLACK
6
CONTINUOUS
10
5.7257553149606295
20
-4.0773343307086609
11
5.7257553149606295
21
-4.0549114566929134
0
LINE
8
BLACK
6
CONTINUOUS
10
5.7257553149606295
20
-4.0549114566929134
11
5.7121553149606301
21
-4.0549114566929134
0
LINE
8
BLACK
6
CONTINUOUS
10
5.7121553149606301
20
-4.0549114566929134
11
5.7108542519685042
21
-4.0543725196850389
0
LINE
8
BLACK
6
CONTINUOUS
10
5.7108542519685042
20
-4.0543725196850389
11
5.7103153149606296
21
-4.0530714566929129
0
LINE
8
BLACK
6
CONTINUOUS
10
5.7103153149606296
20
-4.0530714566929129
11
5.7108542519685042
21
-4.051770393700787
0
LINE
8
BLACK
6
CONTINUOUS
10
5.7108542519685042
20
-4.051770393700787
11
5.7121553149606301
21
-4.0512314566929133
0
LINE
8
BLACK
6
CONTINUOUS
10
5.7121553149606301
20
-4.0512314566929133
11
5.7257553149606295
21
-4.0512314566929133
0
LINE
8
BLACK
6
CONTINUOUS
10
5.7257553149606295
20
-4.0512314566929133
11
5.7257553149606295
21
-4.0328543307086617
0
LINE
8
BLACK
6
CONTINUOUS
10
5.7257553149606295
20
-4.0328543307086617
11
5.7055381496062987
21
-4.0328543307086617
0
LINE
8
BLACK
6
CONTINUOUS
10
5.7055381496062987
20
-4.0328543307086617
11
5.7042370866141727
21
-4.0323153937007872
0
LINE
8
BLACK
6
CONTINUOUS
10
5.7042370866141727
20
-4.0323153937007872
11
5.7036981496062991
21
-4.0310143307086612
0
LINE
8
BLACK
6
CONTINUOUS
10
5.7036981496062991
20
-4.0310143307086612
11
5.7042370866141727
21
-4.0297132677165353
0
LINE
8
BLACK
6
CONTINUOUS
10
5.7042370866141727
20
-4.0297132677165353
11
5.7055381496062987
21
-4.0291743307086616
0
LINE
8
BLACK
6
CONTINUOUS
10
5.7055381496062987
20
-4.0291743307086616
11
5.72759531496063
21
-4.0291743307086616
0
LINE
8
BLACK
6
CONTINUOUS
10
5.72759531496063
20
-4.0291743307086616
11
5.728896377952756
21
-4.0297132677165353
0
LINE
8
BLACK
6
CONTINUOUS
10
5.7708049606299214
20
-4.0451532677165352
11
5.7713438976377951
21
-4.0464543307086611
0
LINE
8
BLACK
6
CONTINUOUS
10
5.7713438976377951
20
-4.0464543307086611
11
5.7713438976377951
21
-4.0707171653543304
0
LINE
8
BLACK
6
CONTINUOUS
10
5.7713438976377951
20
-4.0707171653543304
11
5.7711799606299214
21
-4.0711128346456693
0
LINE
8
BLACK
6
CONTINUOUS
10
5.7711799606299214
20
-4.0711128346456693
11
5.7711496456692908
21
-4.0715399999999997
0
LINE
8
BLACK
6
CONTINUOUS
10
5.7711496456692908
20
-4.0715399999999997
11
5.7689439370078741
21
-4.0759514960629923
0
LINE
8
BLACK
6
CONTINUOUS
10
5.7689439370078741
20
-4.0759514960629923
11
5.7685033070866139
21
-4.0763336220472439
0
LINE
8
BLACK
6
CONTINUOUS
10
5.7685033070866139
20
-4.0763336220472439
11
5.768121062992126
21
-4.0767743700787404
0
LINE
8
BLACK
6
CONTINUOUS
10
5.768121062992126
20
-4.0767743700787404
11
5.7637096062992121
21
-4.0789800787401571
0
LINE
8
BLACK
6
CONTINUOUS
10
5.7637096062992121
20
-4.0789800787401571
11
5.763282401574803
21
-4.0790103937007869
0
LINE
8
BLACK
6
CONTINUOUS
10
5.763282401574803
20
-4.0790103937007869
11
5.762886732283464
21
-4.0791743307086614
0
LINE
8
BLACK
6
CONTINUOUS
10
5.762886732283464
20
-4.0791743307086614
11
5.7562696062992122
21
-4.0791743307086614
0
LINE
8
BLACK
6
CONTINUOUS
10
5.7562696062992122
20
-4.0791743307086614
11
5.7558738976377954
21
-4.0790103937007869
0
LINE
8
BLACK
6
CONTINUOUS
10
5.7558738976377954
20
-4.0790103937007869
11
5.7554467322834642
21
-4.0789800787401571
0
LINE
8
BLACK
6
CONTINUOUS
10
5.7554467322834642
20
-4.0789800787401571
11
5.7514924803149601
21
-4.0770029527559055
0
LINE
8
BLACK
6
CONTINUOUS
10
5.7514924803149601
20
-4.0770029527559055
11
5.7514924803149601
21
-4.0773343307086609
0
LINE
8
BLACK
6
CONTINUOUS
10
5.7514924803149601
20
-4.0773343307086609
11
5.7509535433070864
21
-4.0786353937007869
0
LINE
8
BLACK
6
CONTINUOUS
10
5.7509535433070864
20
-4.0786353937007869
11
5.7496524803149605
21
-4.0791743307086614
0
LINE
8
BLACK
6
CONTINUOUS
10
5.7496524803149605
20
-4.0791743307086614
11
5.7483514173228345
21
-4.0786353937007869
0
LINE
8
BLACK
6
CONTINUOUS
10
5.7483514173228345
20
-4.0786353937007869
11
5.7478124803149608
21
-4.0773343307086609
0
LINE
8
BLACK
6
CONTINUOUS
10
5.7478124803149608
20
-4.0773343307086609
11
5.7478124803149608
21
-4.0464543307086611
0
LINE
8
BLACK
6
CONTINUOUS
10
5.7478124803149608
20
-4.0464543307086611
11
5.7483514173228345
21
-4.0451532677165352
0
LINE
8
BLACK
6
CONTINUOUS
10
5.7483514173228345
20
-4.0451532677165352
11
5.7496524803149605
21
-4.0446143307086615
0
LINE
8
BLACK
6
CONTINUOUS
10
5.7496524803149605
20
-4.0446143307086615
11
5.7509535433070864
21
-4.0451532677165352
0
LINE
8
BLACK
6
CONTINUOUS
10
5.7509535433070864
20
-4.0451532677165352
11
5.7514924803149601
21
-4.0464543307086611
0
LINE
8
BLACK
6
CONTINUOUS
10
5.7514924803149601
20
-4.0464543307086611
11
5.7514924803149601
21
-4.0721607086614169
0
LINE
8
BLACK
6
CONTINUOUS
10
5.7514924803149601
20
-4.0721607086614169
11
5.7529481496062989
21
-4.0736164173228344
0
LINE
8
BLACK
6
CONTINUOUS
10
5.7529481496062989
20
-4.0736164173228344
11
5.7567039763779526
21
-4.0754943307086613
0
LINE
8
BLACK
6
CONTINUOUS
10
5.7567039763779526
20
-4.0754943307086613
11
5.7624523622047246
21
-4.0754943307086613
0
LINE
8
BLACK
6
CONTINUOUS
10
5.7624523622047246
20
-4.0754943307086613
11
5.7659266929133857
21
-4.0737571653543307
0
LINE
8
BLACK
6
CONTINUOUS
10
5.7659266929133857
20
-4.0737571653543307
11
5.767663897637795
21
-4.0702827952755909
0
LINE
8
BLACK
6
CONTINUOUS
10
5.767663897637795
20
-4.0702827952755909
11
5.767663897637795
21
-4.0464543307086611
0
LINE
8
BLACK
6
CONTINUOUS
10
5.767663897637795
20
-4.0464543307086611
11
5.7682028346456695
21
-4.0451532677165352
0
LINE
8
BLACK
6
CONTINUOUS
10
5.7682028346456695
20
-4.0451532677165352
11
5.7695038976377955
21
-4.0446143307086615
0
LINE
8
BLACK
6
CONTINUOUS
10
5.7695038976377955
20
-4.0446143307086615
11
5.7708049606299214
21
-4.0451532677165352
0
LINE
8
BLACK
6
CONTINUOUS
10
5.8051909842519684
20
-4.0293382283464565
11
5.8056181889763776
21
-4.029368582677165
0
LINE
8
BLACK
6
CONTINUOUS
10
5.8056181889763776
20
-4.029368582677165
11
5.8100296456692915
21
-4.0315742913385826
0
LINE
8
BLACK
6
CONTINUOUS
10
5.8100296456692915
20
-4.0315742913385826
11
5.8102280708661418
21
-4.0318030708661414
0
LINE
8
BLACK
6
CONTINUOUS
10
5.8102280708661418
20
-4.0318030708661414
11
5.8105078346456693
21
-4.0319189763779528
0
LINE
8
BLACK
6
CONTINUOUS
10
5.8105078346456693
20
-4.0319189763779528
11
5.8127135433070869
21
-4.0341246456692916
0
LINE
8
BLACK
6
CONTINUOUS
10
5.8127135433070869
20
-4.0341246456692916
11
5.8128294094488187
21
-4.0344044488188979
0
LINE
8
BLACK
6
CONTINUOUS
10
5.8128294094488187
20
-4.0344044488188979
11
5.8130582283464562
21
-4.0346028740157482
0
LINE
8
BLACK
6
CONTINUOUS
10
5.8130582283464562
20
-4.0346028740157482
11
5.8152639370078738
21
-4.0390142913385825
0
LINE
8
BLACK
6
CONTINUOUS
10
5.8152639370078738
20
-4.0390142913385825
11
5.8152787401574804
21
-4.0392228346456696
0
LINE
8
BLACK
6
CONTINUOUS
10
5.8152787401574804
20
-4.0392228346456696
11
5.815403267716535
21
-4.0393909055118113
0
LINE
8
BLACK
6
CONTINUOUS
10
5.815403267716535
20
-4.0393909055118113
11
5.8176089763779526
21
-4.0482137795275586
0
LINE
8
BLACK
6
CONTINUOUS
10
5.8176089763779526
20
-4.0482137795275586
11
5.8175746062992122
21
-4.048444527559055
0
LINE
8
BLACK
6
CONTINUOUS
10
5.8175746062992122
20
-4.048444527559055
11
5.8176638976377948
21
-4.0486600393700787
0
LINE
8
BLACK
6
CONTINUOUS
10
5.8176638976377948
20
-4.0486600393700787
11
5.8176638976377948
21
-4.0596886220472443
0
LINE
8
BLACK
6
CONTINUOUS
10
5.8176638976377948
20
-4.0596886220472443
11
5.8175746062992122
21
-4.0599040944881892
0
LINE
8
BLACK
6
CONTINUOUS
10
5.8175746062992122
20
-4.0599040944881892
11
5.8176089763779526
21
-4.0601348818897636
0
LINE
8
BLACK
6
CONTINUOUS
10
5.8176089763779526
20
-4.0601348818897636
11
5.815403267716535
21
-4.0689577165354329
0
LINE
8
BLACK
6
CONTINUOUS
10
5.815403267716535
20
-4.0689577165354329
11
5.8152787401574804
21
-4.069125748031496
0
LINE
8
BLACK
6
CONTINUOUS
10
5.8152787401574804
20
-4.069125748031496
11
5.8152639370078738
21
-4.0693343307086609
0
LINE
8
BLACK
6
CONTINUOUS
10
5.8152639370078738
20
-4.0693343307086609
11
5.8130582283464562
21
-4.073745748031496
0
LINE
8
BLACK
6
CONTINUOUS
10
5.8130582283464562
20
-4.073745748031496
11
5.8128294488188974
21
-4.0739441338582676
0
LINE
8
BLACK
6
CONTINUOUS
10
5.8128294488188974
20
-4.0739441338582676
11
5.8127135826771656
21
-4.0742239370078739
0
LINE
8
BLACK
6
CONTINUOUS
10
5.8127135826771656
20
-4.0742239370078739
11
5.8105078740157481
21
-4.0764296850393702
0
LINE
8
BLACK
6
CONTINUOUS
10
5.8105078740157481
20
-4.0764296850393702
11
5.8102280708661418
21
-4.076545551181102
0
LINE
8
BLACK
6
CONTINUOUS
10
5.8102280708661418
20
-4.076545551181102
11
5.8100296456692915
21
-4.0767743700787404
0
LINE
8
BLACK
6
CONTINUOUS
10
5.8100296456692915
20
-4.0767743700787404
11
5.8056181889763776
21
-4.0789800787401571
0
LINE
8
BLACK
6
CONTINUOUS
10
5.8056181889763776
20
-4.0789800787401571
11
5.8051909842519684
21
-4.0790103937007869
0
LINE
8
BLACK
6
CONTINUOUS
10
5.8051909842519684
20
-4.0790103937007869
11
5.8047953149606295
21
-4.0791743307086614
0
LINE
8
BLACK
6
CONTINUOUS
10
5.8047953149606295
20
-4.0791743307086614
11
5.8003838976377953
21
-4.0791743307086614
0
LINE
8
BLACK
6
CONTINUOUS
10
5.8003838976377953
20
-4.0791743307086614
11
5.7999881889763776
21
-4.0790103937007869
0
LINE
8
BLACK
6
CONTINUOUS
10
5.7999881889763776
20
-4.0790103937007869
11
5.7995610236220472
21
-4.0789800787401571
0
LINE
8
BLACK
6
CONTINUOUS
10
5.7995610236220472
20
-4.0789800787401571
11
5.7951496062992121
21
-4.0767743700787404
0
LINE
8
BLACK
6
CONTINUOUS
10
5.7951496062992121
20
-4.0767743700787404
11
5.7949511811023617
21
-4.076545551181102
0
LINE
8
BLACK
6
CONTINUOUS
10
5.7949511811023617
20
-4.076545551181102
11
5.7946713779527554
21
-4.0764296850393702
0
LINE
8
BLACK
6
CONTINUOUS
10
5.7946713779527554
20
-4.0764296850393702
11
5.7924656692913388
21
-4.0742239370078739
0
LINE
8
BLACK
6
CONTINUOUS
10
5.7924656692913388
20
-4.0742239370078739
11
5.7923497637795274
21
-4.0739441338582676
0
LINE
8
BLACK
6
CONTINUOUS
10
5.7923497637795274
20
-4.0739441338582676
11
5.7921210236220473
21
-4.073745748031496
0
LINE
8
BLACK
6
CONTINUOUS
10
5.7921210236220473
20
-4.073745748031496
11
5.789915275590551
21
-4.0693343307086609
0
LINE
8
BLACK
6
CONTINUOUS
10
5.789915275590551
20
-4.0693343307086609
11
5.7899004330708657
21
-4.069125748031496
0
LINE
8
BLACK
6
CONTINUOUS
10
5.7899004330708657
20
-4.069125748031496
11
5.7897759448818897
21
-4.0689577165354329
0
LINE
8
BLACK
6
CONTINUOUS
10
5.7897759448818897
20
-4.0689577165354329
11
5.7875702362204722
21
-4.0601348818897636
0
LINE
8
BLACK
6
CONTINUOUS
10
5.7875702362204722
20
-4.0601348818897636
11
5.7876045669291338
21
-4.0599040944881892
0
LINE
8
BLACK
6
CONTINUOUS
10
5.7876045669291338
20
-4.0599040944881892
11
5.78751531496063
21
-4.0596886220472443
0
LINE
8
BLACK
6
CONTINUOUS
10
5.78751531496063
20
-4.0596886220472443
11
5.78751531496063
21
-4.0486600393700787
0
LINE
8
BLACK
6
CONTINUOUS
10
5.78751531496063
20
-4.0486600393700787
11
5.7876045669291338
21
-4.048444527559055
0
LINE
8
BLACK
6
CONTINUOUS
10
5.7876045669291338
20
-4.048444527559055
11
5.7875702362204722
21
-4.0482137795275586
0
LINE
8
BLACK
6
CONTINUOUS
10
5.7875702362204722
20
-4.0482137795275586
11
5.7897759448818897
21
-4.0393909055118113
0
LINE
8
BLACK
6
CONTINUOUS
10
5.7897759448818897
20
-4.0393909055118113
11
5.7899004330708657
21
-4.0392228346456696
0
LINE
8
BLACK
6
CONTINUOUS
10
5.7899004330708657
20
-4.0392228346456696
11
5.789915275590551
21
-4.0390142913385825
0
LINE
8
BLACK
6
CONTINUOUS
10
5.789915275590551
20
-4.0390142913385825
11
5.7921210236220473
21
-4.0346028740157482
0
LINE
8
BLACK
6
CONTINUOUS
10
5.7921210236220473
20
-4.0346028740157482
11
5.7923498031496061
21
-4.0344044094488192
0
LINE
8
BLACK
6
CONTINUOUS
10
5.7923498031496061
20
-4.0344044094488192
11
5.7924657086614175
21
-4.0341246850393704
0
LINE
8
BLACK
6
CONTINUOUS
10
5.7924657086614175
20
-4.0341246850393704
11
5.7946713779527554
21
-4.0319189763779528
0
LINE
8
BLACK
6
CONTINUOUS
10
5.7946713779527554
20
-4.0319189763779528
11
5.7949511811023617
21
-4.0318030708661414
0
LINE
8
BLACK
6
CONTINUOUS
10
5.7949511811023617
20
-4.0318030708661414
11
5.7951496062992121
21
-4.0315742913385826
0
LINE
8
BLACK
6
CONTINUOUS
10
5.7951496062992121
20
-4.0315742913385826
11
5.7995610236220472
21
-4.029368582677165
0
LINE
8
BLACK
6
CONTINUOUS
10
5.7995610236220472
20
-4.029368582677165
11
5.7999881889763776
21
-4.0293382283464565
0
LINE
8
BLACK
6
CONTINUOUS
10
5.7999881889763776
20
-4.0293382283464565
11
5.8003838976377953
21
-4.0291743307086616
0
LINE
8
BLACK
6
CONTINUOUS
10
5.8003838976377953
20
-4.0291743307086616
11
5.8047953149606295
21
-4.0291743307086616
0
LINE
8
BLACK
6
CONTINUOUS
10
5.8047953149606295
20
-4.0291743307086616
11
5.8051909842519684
21
-4.0293382283464565
0
LINE
8
BLACK
6
CONTINUOUS
10
5.7970624015748031
20
-4.0347322440944877
11
5.7952789763779524
21
-4.0365156299212597
0
LINE
8
BLACK
6
CONTINUOUS
10
5.7952789763779524
20
-4.0365156299212597
11
5.7932970866141735
21
-4.0404793307086617
0
LINE
8
BLACK
6
CONTINUOUS
10
5.7932970866141735
20
-4.0404793307086617
11
5.7911953149606301
21
-4.0488865748031495
0
LINE
8
BLACK
6
CONTINUOUS
10
5.7911953149606301
20
-4.0488865748031495
11
5.7911953149606301
21
-4.0594620472440948
0
LINE
8
BLACK
6
CONTINUOUS
10
5.7911953149606301
20
-4.0594620472440948
11
5.7932970866141735
21
-4.0678692519685038
0
LINE
8
BLACK
6
CONTINUOUS
10
5.7932970866141735
20
-4.0678692519685038
11
5.7952789370078737
21
-4.0718329133858271
0
LINE
8
BLACK
6
CONTINUOUS
10
5.7952789370078737
20
-4.0718329133858271
11
5.7970624409448819
21
-4.0736164173228344
0
LINE
8
BLACK
6
CONTINUOUS
10
5.7970624409448819
20
-4.0736164173228344
11
5.8008182677165356
21
-4.0754943307086613
0
LINE
8
BLACK
6
CONTINUOUS
10
5.8008182677165356
20
-4.0754943307086613
11
5.80436094488189
21
-4.0754943307086613
0
LINE
8
BLACK
6
CONTINUOUS
10
5.80436094488189
20
-4.0754943307086613
11
5.8081167322834641
21
-4.0736164173228344
0
LINE
8
BLACK
6
CONTINUOUS
10
5.8081167322834641
20
-4.0736164173228344
11
5.8099002362204724
21
-4.0718329133858271
0
LINE
8
BLACK
6
CONTINUOUS
10
5.8099002362204724
20
-4.0718329133858271
11
5.8118820866141734
21
-4.0678692913385825
0
LINE
8
BLACK
6
CONTINUOUS
10
5.8118820866141734
20
-4.0678692913385825
11
5.8139838976377956
21
-4.0594620472440948
0
LINE
8
BLACK
6
CONTINUOUS
10
5.8139838976377956
20
-4.0594620472440948
11
5.8139838976377956
21
-4.0488865748031495
0
LINE
8
BLACK
6
CONTINUOUS
10
5.8139838976377956
20
-4.0488865748031495
11
5.8118820472440946
21
-4.040479291338583
0
LINE
8
BLACK
6
CONTINUOUS
10
5.8118820472440946
20
-4.040479291338583
11
5.8099002362204724
21
-4.0365156692913384
0
LINE
8
BLACK
6
CONTINUOUS
10
5.8099002362204724
20
-4.0365156692913384
11
5.8081168110236217
21
-4.0347322440944877
0
LINE
8
BLACK
6
CONTINUOUS
10
5.8081168110236217
20
-4.0347322440944877
11
5.80436094488189
21
-4.0328543307086617
0
LINE
8
BLACK
6
CONTINUOUS
10
5.80436094488189
20
-4.0328543307086617
11
5.8008182677165356
21
-4.0328543307086617
0
LINE
8
BLACK
6
CONTINUOUS
10
5.8008182677165356
20
-4.0328543307086617
11
5.7970624015748031
21
-4.0347322440944877
0
LINE
8
BLACK
6
CONTINUOUS
10
6.0711354330708662
20
-4.0185264566929133
11
6.0716743307086611
21
-4.019827559055118
0
LINE
8
BLACK
6
CONTINUOUS
10
6.0716743307086611
20
-4.019827559055118
11
6.0716743307086611
21
-4.0485018503937003
0
LINE
8
BLACK
6
CONTINUOUS
10
6.0716743307086611
20
-4.0485018503937003
11
6.0711353937007875
21
-4.0498029133858271
0
LINE
8
BLACK
6
CONTINUOUS
10
6.0711353937007875
20
-4.0498029133858271
11
6.0698343307086615
21
-4.0503418503937008
0
LINE
8
BLACK
6
CONTINUOUS
10
6.0698343307086615
20
-4.0503418503937008
11
6.0685332677165356
21
-4.0498029133858271
0
LINE
8
BLACK
6
CONTINUOUS
10
6.0685332677165356
20
-4.0498029133858271
11
6.067994330708661
21
-4.0485018503937003
0
LINE
8
BLACK
6
CONTINUOUS
10
6.067994330708661
20
-4.0485018503937003
11
6.067994330708661
21
-4.0242696850393695
0
LINE
8
BLACK
6
CONTINUOUS
10
6.067994330708661
20
-4.0242696850393695
11
6.0446668110236219
21
-4.0475972047244095
0
LINE
8
BLACK
6
CONTINUOUS
10
6.0446668110236219
20
-4.0475972047244095
11
6.0442712204724405
21
-4.0477610236220469
0
LINE
8
BLACK
6
CONTINUOUS
10
6.0442712204724405
20
-4.0477610236220469
11
6.0439476377952754
21
-4.0480417322834645
0
LINE
8
BLACK
6
CONTINUOUS
10
6.0439476377952754
20
-4.0480417322834645
11
6.0373304724409449
21
-4.0502474409448821
0
LINE
8
BLACK
6
CONTINUOUS
10
6.0373304724409449
20
-4.0502474409448821
11
6.037028346456693
21
-4.0502259448818894
0
LINE
8
BLACK
6
CONTINUOUS
10
6.037028346456693
20
-4.0502259448818894
11
6.0367486220472442
21
-4.0503418503937008
0
LINE
8
BLACK
6
CONTINUOUS
10
6.0367486220472442
20
-4.0503418503937008
11
6.0323371653543303
21
-4.0503418503937008
0
LINE
8
BLACK
6
CONTINUOUS
10
6.0323371653543303
20
-4.0503418503937008
11
6.0319414566929135
21
-4.0501779133858271
0
LINE
8
BLACK
6
CONTINUOUS
10
6.0319414566929135
20
-4.0501779133858271
11
6.0315142913385822
21
-4.0501475984251964
0
LINE
8
BLACK
6
CONTINUOUS
10
6.0315142913385822
20
-4.0501475984251964
11
6.027102874015748
21
-4.0479418897637798
0
LINE
8
BLACK
6
CONTINUOUS
10
6.027102874015748
20
-4.0479418897637798
11
6.0269044488188976
21
-4.0477130708661413
0
LINE
8
BLACK
6
CONTINUOUS
10
6.0269044488188976
20
-4.0477130708661413
11
6.0266246456692913
21
-4.0475972047244095
0
LINE
8
BLACK
6
CONTINUOUS
10
6.0266246456692913
20
-4.0475972047244095
11
6.0244189763779525
21
-4.045391496062992
0
LINE
8
BLACK
6
CONTINUOUS
10
6.0244189763779525
20
-4.045391496062992
11
6.024303070866142
21
-4.0451117322834644
0
LINE
8
BLACK
6
CONTINUOUS
10
6.024303070866142
20
-4.0451117322834644
11
6.0240742913385823
21
-4.0449133070866141
0
LINE
8
BLACK
6
CONTINUOUS
10
6.0240742913385823
20
-4.0449133070866141
11
6.0218685826771656
21
-4.0405018503937011
0
LINE
8
BLACK
6
CONTINUOUS
10
6.0218685826771656
20
-4.0405018503937011
11
6.0218382283464562
21
-4.0400746456692911
0
LINE
8
BLACK
6
CONTINUOUS
10
6.0218382283464562
20
-4.0400746456692911
11
6.0216743307086613
21
-4.039678976377953
0
LINE
8
BLACK
6
CONTINUOUS
10
6.0216743307086613
20
-4.039678976377953
11
6.0216743307086613
21
-4.0286504330708661
0
LINE
8
BLACK
6
CONTINUOUS
10
6.0216743307086613
20
-4.0286504330708661
11
6.0218382283464562
21
-4.0282547244094484
0
LINE
8
BLACK
6
CONTINUOUS
10
6.0218382283464562
20
-4.0282547244094484
11
6.0218685826771656
21
-4.027827559055118
0
LINE
8
BLACK
6
CONTINUOUS
10
6.0218685826771656
20
-4.027827559055118
11
6.0240742913385823
21
-4.023416102362205
0
LINE
8
BLACK
6
CONTINUOUS
10
6.0240742913385823
20
-4.023416102362205
11
6.024303070866142
21
-4.0232176377952751
0
LINE
8
BLACK
6
CONTINUOUS
10
6.024303070866142
20
-4.0232176377952751
11
6.0244189763779525
21
-4.0229379133858263
0
LINE
8
BLACK
6
CONTINUOUS
10
6.0244189763779525
20
-4.0229379133858263
11
6.0266246456692913
21
-4.0207322047244096
0
LINE
8
BLACK
6
CONTINUOUS
10
6.0266246456692913
20
-4.0207322047244096
11
6.0279257480314961
21
-4.0201933070866138
0
LINE
8
BLACK
6
CONTINUOUS
10
6.0279257480314961
20
-4.0201933070866138
11
6.029226811023622
21
-4.0207322047244096
0
LINE
8
BLACK
6
CONTINUOUS
10
6.029226811023622
20
-4.0207322047244096
11
6.0297657086614169
21
-4.0220332677165356
0
LINE
8
BLACK
6
CONTINUOUS
10
6.0297657086614169
20
-4.0220332677165356
11
6.029226811023622
21
-4.0233343700787403
0
LINE
8
BLACK
6
CONTINUOUS
10
6.029226811023622
20
-4.0233343700787403
11
6.0272322440944883
21
-4.0253288976377952
0
LINE
8
BLACK
6
CONTINUOUS
10
6.0272322440944883
20
-4.0253288976377952
11
6.0253543307086614
21
-4.0290847637795277
0
LINE
8
BLACK
6
CONTINUOUS
10
6.0253543307086614
20
-4.0290847637795277
11
6.0253543307086614
21
-4.0392446062992127
0
LINE
8
BLACK
6
CONTINUOUS
10
6.0253543307086614
20
-4.0392446062992127
11
6.0272322440944883
21
-4.0430004724409452
0
LINE
8
BLACK
6
CONTINUOUS
10
6.0272322440944883
20
-4.0430004724409452
11
6.0290156692913381
21
-4.044783897637795
0
LINE
8
BLACK
6
CONTINUOUS
10
6.0290156692913381
20
-4.044783897637795
11
6.0327715354330707
21
-4.0466618503937006
0
LINE
8
BLACK
6
CONTINUOUS
10
6.0327715354330707
20
-4.0466618503937006
11
6.0364499999999994
21
-4.0466618503937006
0
LINE
8
BLACK
6
CONTINUOUS
10
6.0364499999999994
20
-4.0466618503937006
11
6.0423718503937005
21
-4.0446878740157484
0
LINE
8
BLACK
6
CONTINUOUS
10
6.0423718503937005
20
-4.0446878740157484
11
6.0685332677165356
21
-4.0185264566929133
0
LINE
8
BLACK
6
CONTINUOUS
10
6.0685332677165356
20
-4.0185264566929133
11
6.0698343307086615
21
-4.0179875590551184
0
LINE
8
BLACK
6
CONTINUOUS
10
6.0698343307086615
20
-4.0179875590551184
11
6.0711354330708662
21
-4.0185264566929133
0
LINE
8
BLACK
6
CONTINUOUS
10
5.9989999999999997
20
-3.8519999999999999
11
5.9989999999999997
21
-3.9659999999999997
0
LINE
8
BLACK
6
CONTINUOUS
10
5.9989999999999997
20
-3.9659999999999997
11
5.9989999999999997
21
-4.0034015748031493
0
LINE
8
BLACK
6
CONTINUOUS
10
5.9989999999999997
20
-4.0034015748031493
11
5.8974617322834648
21
-4.0034015748031493
0
LINE
8
BLACK
6
CONTINUOUS
10
5.8974617322834648
20
-4.0034015748031493
11
5.8974617322834648
21
-4.0089327559055121
0
LINE
8
BLACK
6
CONTINUOUS
10
5.8974617322834648
20
-4.0089327559055121
11
5.8972977952755903
21
-4.0093284251968502
0
LINE
8
BLACK
6
CONTINUOUS
10
5.8972977952755903
20
-4.0093284251968502
11
5.8972674803149605
21
-4.0097555905511806
0
LINE
8
BLACK
6
CONTINUOUS
10
5.8972674803149605
20
-4.0097555905511806
11
5.8950617716535429
21
-4.0141670866141732
0
LINE
8
BLACK
6
CONTINUOUS
10
5.8950617716535429
20
-4.0141670866141732
11
5.8948329527559054
21
-4.0143654724409448
0
LINE
8
BLACK
6
CONTINUOUS
10
5.8948329527559054
20
-4.0143654724409448
11
5.8947170866141727
21
-4.0146453149606298
0
LINE
8
BLACK
6
CONTINUOUS
10
5.8947170866141727
20
-4.0146453149606298
11
5.8925113385826773
21
-4.0168510236220474
0
LINE
8
BLACK
6
CONTINUOUS
10
5.8925113385826773
20
-4.0168510236220474
11
5.892231535433071
21
-4.0169668897637791
0
LINE
8
BLACK
6
CONTINUOUS
10
5.892231535433071
20
-4.0169668897637791
11
5.8920331496062994
21
-4.0171956692913389
0
LINE
8
BLACK
6
CONTINUOUS
10
5.8920331496062994
20
-4.0171956692913389
11
5.8876217322834643
21
-4.0194013779527555
0
LINE
8
BLACK
6
CONTINUOUS
10
5.8876217322834643
20
-4.0194013779527555
11
5.8871945275590551
21
-4.0194316929133853
0
LINE
8
BLACK
6
CONTINUOUS
10
5.8871945275590551
20
-4.0194316929133853
11
5.8867988582677162
21
-4.0195956299212598
0
LINE
8
BLACK
6
CONTINUOUS
10
5.8867988582677162
20
-4.0195956299212598
11
5.8757702755905514
21
-4.0195956299212598
0
LINE
8
BLACK
6
CONTINUOUS
10
5.8757702755905514
20
-4.0195956299212598
11
5.8753745669291337
21
-4.0194316929133853
0
LINE
8
BLACK
6
CONTINUOUS
10
5.8753745669291337
20
-4.0194316929133853
11
5.8749474015748033
21
-4.0194013779527555
0
LINE
8
BLACK
6
CONTINUOUS
10
5.8749474015748033
20
-4.0194013779527555
11
5.8705359842519682
21
-4.0171956692913389
0
LINE
8
BLACK
6
CONTINUOUS
10
5.8705359842519682
20
-4.0171956692913389
11
5.8703375590551179
21
-4.0169668503937004
0
LINE
8
BLACK
6
CONTINUOUS
10
5.8703375590551179
20
-4.0169668503937004
11
5.8700577559055116
21
-4.0168509842519686
0
LINE
8
BLACK
6
CONTINUOUS
10
5.8700577559055116
20
-4.0168509842519686
11
5.8678520866141728
21
-4.0146452755905511
0
LINE
8
BLACK
6
CONTINUOUS
10
5.8678520866141728
20
-4.0146452755905511
11
5.8677361811023623
21
-4.0143655118110235
0
LINE
8
BLACK
6
CONTINUOUS
10
5.8677361811023623
20
-4.0143655118110235
11
5.8675074015748034
21
-4.0141670866141732
0
LINE
8
BLACK
6
CONTINUOUS
10
5.8675074015748034
20
-4.0141670866141732
11
5.8653016929133859
21
-4.0097556299212593
0
LINE
8
BLACK
6
CONTINUOUS
10
5.8653016929133859
20
-4.0097556299212593
11
5.8652713385826774
21
-4.0093284251968502
0
LINE
8
BLACK
6
CONTINUOUS
10
5.8652713385826774
20
-4.0093284251968502
11
5.8651074409448816
21
-4.0089327559055121
0
LINE
8
BLACK
6
CONTINUOUS
10
5.8651074409448816
20
-4.0089327559055121
11
5.8651074409448816
21
-4.0001099212598428
0
LINE
8
BLACK
6
CONTINUOUS
10
5.8651074409448816
20
-4.0001099212598428
11
5.8652713385826774
21
-3.9997142125984251
0
LINE
8
BLACK
6
CONTINUOUS
10
5.8652713385826774
20
-3.9997142125984251
11
5.8653016929133859
21
-3.9992870472440942
0
LINE
8
BLACK
6
CONTINUOUS
10
5.8653016929133859
20
-3.9992870472440942
11
5.8675074015748034
21
-3.9948755905511808
0
LINE
8
BLACK
6
CONTINUOUS
10
5.8675074015748034
20
-3.9948755905511808
11
5.8677361811023623
21
-3.9946771259842517
0
LINE
8
BLACK
6
CONTINUOUS
10
5.8677361811023623
20
-3.9946771259842517
11
5.8678520866141728
21
-3.9943974015748029
0
LINE
8
BLACK
6
CONTINUOUS
10
5.8678520866141728
20
-3.9943974015748029
11
5.8690366141732282
21
-3.9932127952755905
0
LINE
8
BLACK
6
CONTINUOUS
10
5.8690366141732282
20
-3.9932127952755905
11
5.861085669291338
21
-3.9952005118110234
0
LINE
8
BLACK
6
CONTINUOUS
10
5.861085669291338
20
-3.9952005118110234
11
5.8548853149606295
21
-3.9993341338582677
0
LINE
8
BLACK
6
CONTINUOUS
10
5.8548853149606295
20
-3.9993341338582677
11
5.8530196456692911
21
-4.0011998031496061
0
LINE
8
BLACK
6
CONTINUOUS
10
5.8530196456692911
20
-4.0011998031496061
11
5.8511417322834642
21
-4.0049557086614174
0
LINE
8
BLACK
6
CONTINUOUS
10
5.8511417322834642
20
-4.0049557086614174
11
5.8511417322834642
21
-4.0133442125984251
0
LINE
8
BLACK
6
CONTINUOUS
10
5.8511417322834642
20
-4.0133442125984251
11
5.8506027952755906
21
-4.0146452755905511
0
LINE
8
BLACK
6
CONTINUOUS
10
5.8506027952755906
20
-4.0146452755905511
11
5.8493017322834646
21
-4.0151842125984247
0
LINE
8
BLACK
6
CONTINUOUS
10
5.8493017322834646
20
-4.0151842125984247
11
5.8480006692913387
21
-4.0146452755905511
0
LINE
8
BLACK
6
CONTINUOUS
10
5.8480006692913387
20
-4.0146452755905511
11
5.8474617322834641
21
-4.0133442125984251
0
LINE
8
BLACK
6
CONTINUOUS
10
5.8474617322834641
20
-4.0133442125984251
11
5.8474617322834641
21
-4.004521338582677
0
LINE
8
BLACK
6
CONTINUOUS
10
5.8474617322834641
20
-4.004521338582677
11
5.8476256299212599
21
-4.0041256299212593
0
LINE
8
BLACK
6
CONTINUOUS
10
5.8476256299212599
20
-4.0041256299212593
11
5.8476559842519684
21
-4.0036984645669289
0
LINE
8
BLACK
6
CONTINUOUS
10
5.8476559842519684
20
-4.0036984645669289
11
5.849861692913386
21
-3.9992870472440942
0
LINE
8
BLACK
6
CONTINUOUS
10
5.849861692913386
20
-3.9992870472440942
11
5.8500904724409448
21
-3.9990885826771652
0
LINE
8
BLACK
6
CONTINUOUS
10
5.8500904724409448
20
-3.9990885826771652
11
5.8502063779527553
21
-3.9988088582677164
0
LINE
8
BLACK
6
CONTINUOUS
10
5.8502063779527553
20
-3.9988088582677164
11
5.8524120472440941
21
-3.9966031496062993
0
LINE
8
BLACK
6
CONTINUOUS
10
5.8524120472440941
20
-3.9966031496062993
11
5.8525870472440946
21
-3.99653062992126
0
LINE
8
BLACK
6
CONTINUOUS
10
5.8525870472440946
20
-3.99653062992126
11
5.8526924803149605
21
-3.9963732283464566
0
LINE
8
BLACK
6
CONTINUOUS
10
5.8526924803149605
20
-3.9963732283464566
11
5.859309645669291
21
-3.9919617716535432
0
LINE
8
BLACK
6
CONTINUOUS
10
5.859309645669291
20
-3.9919617716535432
11
5.8596253543307082
21
-3.9918992913385827
0
LINE
8
BLACK
6
CONTINUOUS
10
5.8596253543307082
20
-3.9918992913385827
11
5.8598840157480314
21
-3.9917076771653544
0
LINE
8
BLACK
6
CONTINUOUS
10
5.8598840157480314
20
-3.9917076771653544
11
5.8687068897637795
21
-3.9895019685039368
0
LINE
8
BLACK
6
CONTINUOUS
10
5.8687068897637795
20
-3.9895019685039368
11
5.8689376377952751
21
-3.9895362992125984
0
LINE
8
BLACK
6
CONTINUOUS
10
5.8689376377952751
20
-3.9895362992125984
11
5.8690787401574802
21
-3.9894778346456694
0
LINE
8
BLACK
6
CONTINUOUS
10
5.8690787401574802
20
-3.9894778346456694
11
5.8690787401574802
21
-3.9671900787401575
0
LINE
8
BLACK
6
CONTINUOUS
10
5.8690787401574802
20
-3.9671900787401575
11
5.8689999999999998
21
-3.9670000000000001
0
LINE
8
BLACK
6
CONTINUOUS
10
5.8689999999999998
20
-3.9670000000000001
11
5.8689999999999998
21
-3.9553922834645667
0
LINE
8
BLACK
6
CONTINUOUS
10
5.8689999999999998
20
-3.9553922834645667
11
5.8676409055118111
21
-3.9526740944881888
0
LINE
8
BLACK
6
CONTINUOUS
10
5.8676409055118111
20
-3.9526740944881888
11
5.8658575196850391
21
-3.9508906692913386
0
LINE
8
BLACK
6
CONTINUOUS
10
5.8658575196850391
20
-3.9508906692913386
11
5.8621016535433066
21
-3.9490127559055117
0
LINE
8
BLACK
6
CONTINUOUS
10
5.8621016535433066
20
-3.9490127559055117
11
5.8585589370078734
21
-3.9490127559055117
0
LINE
8
BLACK
6
CONTINUOUS
10
5.8585589370078734
20
-3.9490127559055117
11
5.8548030708661418
21
-3.9508906692913386
0
LINE
8
BLACK
6
CONTINUOUS
10
5.8548030708661418
20
-3.9508906692913386
11
5.8530196456692911
21
-3.9526740944881888
0
LINE
8
BLACK
6
CONTINUOUS
10
5.8530196456692911
20
-3.9526740944881888
11
5.8511417322834642
21
-3.9564299606299214
0
LINE
8
BLACK
6
CONTINUOUS
10
5.8511417322834642
20
-3.9564299606299214
11
5.8511417322834642
21
-3.9667255511811024
0
LINE
8
BLACK
6
CONTINUOUS
10
5.8511417322834642
20
-3.9667255511811024
11
5.8532530314960631
21
-3.9730594881889765
0
LINE
8
BLACK
6
CONTINUOUS
10
5.8532530314960631
20
-3.9730594881889765
11
5.8531531889763775
21
-3.9744642125984253
0
LINE
8
BLACK
6
CONTINUOUS
10
5.8531531889763775
20
-3.9744642125984253
11
5.8520892913385829
21
-3.9753869291338582
0
LINE
8
BLACK
6
CONTINUOUS
10
5.8520892913385829
20
-3.9753869291338582
11
5.8506845669291341
21
-3.975287086614173
0
LINE
8
BLACK
6
CONTINUOUS
10
5.8506845669291341
20
-3.975287086614173
11
5.8497618503937003
21
-3.9742232283464567
0
LINE
8
BLACK
6
CONTINUOUS
10
5.8497618503937003
20
-3.9742232283464567
11
5.8475561417322837
21
-3.967606023622047
0
LINE
8
BLACK
6
CONTINUOUS
10
5.8475561417322837
20
-3.967606023622047
11
5.8475775984251968
21
-3.9673039370078738
0
LINE
8
BLACK
6
CONTINUOUS
10
5.8475775984251968
20
-3.9673039370078738
11
5.8474617322834641
21
-3.9670241732283462
0
LINE
8
BLACK
6
CONTINUOUS
10
5.8474617322834641
20
-3.9670241732283462
11
5.8474617322834641
21
-3.9559956299212597
0
LINE
8
BLACK
6
CONTINUOUS
10
5.8474617322834641
20
-3.9559956299212597
11
5.8476256299212599
21
-3.9555999212598425
0
LINE
8
BLACK
6
CONTINUOUS
10
5.8476256299212599
20
-3.9555999212598425
11
5.8476559842519684
21
-3.9551727559055117
0
LINE
8
BLACK
6
CONTINUOUS
10
5.8476559842519684
20
-3.9551727559055117
11
5.849861692913386
21
-3.9507612992125982
0
LINE
8
BLACK
6
CONTINUOUS
10
5.849861692913386
20
-3.9507612992125982
11
5.8500904724409448
21
-3.9505628346456692
0
LINE
8
BLACK
6
CONTINUOUS
10
5.8500904724409448
20
-3.9505628346456692
11
5.8502063779527553
21
-3.9502831102362204
0
LINE
8
BLACK
6
CONTINUOUS
10
5.8502063779527553
20
-3.9502831102362204
11
5.8524120472440941
21
-3.9480774015748032
0
LINE
8
BLACK
6
CONTINUOUS
10
5.8524120472440941
20
-3.9480774015748032
11
5.8526918503937004
21
-3.9479614960629918
0
LINE
8
BLACK
6
CONTINUOUS
10
5.8526918503937004
20
-3.9479614960629918
11
5.8528902755905508
21
-3.947732716535433
0
LINE
8
BLACK
6
CONTINUOUS
10
5.8528902755905508
20
-3.947732716535433
11
5.8573016929133859
21
-3.9455270078740154
0
LINE
8
BLACK
6
CONTINUOUS
10
5.8573016929133859
20
-3.9455270078740154
11
5.8577288582677163
21
-3.9454966535433069
0
LINE
8
BLACK
6
CONTINUOUS
10
5.8577288582677163
20
-3.9454966535433069
11
5.858124566929134
21
-3.9453327559055116
0
LINE
8
BLACK
6
CONTINUOUS
10
5.858124566929134
20
-3.9453327559055116
11
5.862536023622047
21
-3.9453327559055116
0
LINE
8
BLACK
6
CONTINUOUS
10
5.862536023622047
20
-3.9453327559055116
11
5.8629316929133859
21
-3.9454966535433069
0
LINE
8
BLACK
6
CONTINUOUS
10
5.8629316929133859
20
-3.9454966535433069
11
5.8633588976377951
21
-3.9455270078740154
0
LINE
8
BLACK
6
CONTINUOUS
10
5.8633588976377951
20
-3.9455270078740154
11
5.8677703149606302
21
-3.947732716535433
0
LINE
8
BLACK
6
CONTINUOUS
10
5.8677703149606302
20
-3.947732716535433
11
5.8679687401574805
21
-3.9479614960629918
0
LINE
8
BLACK
6
CONTINUOUS
10
5.8679687401574805
20
-3.9479614960629918
11
5.868248503937008
21
-3.9480774015748032
0
LINE
8
BLACK
6
CONTINUOUS
10
5.868248503937008
20
-3.9480774015748032
11
5.8689999999999998
21
-3.9488288582677162
0
LINE
8
BLACK
6
CONTINUOUS
10
5.8689999999999998
20
-3.9488288582677162
11
5.8689999999999998
21
-3.9294550787401574
0
LINE
8
BLACK
6
CONTINUOUS
10
5.8689999999999998
20
-3.9294550787401574
11
5.8655646062992126
21
-3.9311727952755904
0
LINE
8
BLACK
6
CONTINUOUS
10
5.8655646062992126
20
-3.9311727952755904
11
5.8651374015748035
21
-3.9312031102362206
0
LINE
8
BLACK
6
CONTINUOUS
10
5.8651374015748035
20
-3.9312031102362206
11
5.8647417322834645
21
-3.9313670472440942
0
LINE
8
BLACK
6
CONTINUOUS
10
5.8647417322834645
20
-3.9313670472440942
11
5.858124566929134
21
-3.9313670472440942
0
LINE
8
BLACK
6
CONTINUOUS
10
5.858124566929134
20
-3.9313670472440942
11
5.8577288582677163
21
-3.9312031102362206
0
LINE
8
BLACK
6
CONTINUOUS
10
5.8577288582677163
20
-3.9312031102362206
11
5.8573016929133859
21
-3.9311727952755904
0
LINE
8
BLACK
6
CONTINUOUS
10
5.8573016929133859
20
-3.9311727952755904
11
5.8528902755905508
21
-3.9289670866141733
0
LINE
8
BLACK
6
CONTINUOUS
10
5.8528902755905508
20
-3.9289670866141733
11
5.8526918503937004
21
-3.9287382677165352
0
LINE
8
BLACK
6
CONTINUOUS
10
5.8526918503937004
20
-3.9287382677165352
11
5.8524120472440941
21
-3.928622401574803
0
LINE
8
BLACK
6
CONTINUOUS
10
5.8524120472440941
20
-3.928622401574803
11
5.8502063779527553
21
-3.9264166929133859
0
LINE
8
BLACK
6
CONTINUOUS
10
5.8502063779527553
20
-3.9264166929133859
11
5.8500904724409448
21
-3.9261369291338584
0
LINE
8
BLACK
6
CONTINUOUS
10
5.8500904724409448
20
-3.9261369291338584
11
5.849861692913386
21
-3.9259385039370076
0
LINE
8
BLACK
6
CONTINUOUS
10
5.849861692913386
20
-3.9259385039370076
11
5.8476559842519684
21
-3.9215270472440942
0
LINE
8
BLACK
6
CONTINUOUS
10
5.8476559842519684
20
-3.9215270472440942
11
5.8476256299212599
21
-3.921099842519685
0
LINE
8
BLACK
6
CONTINUOUS
10
5.8476256299212599
20
-3.921099842519685
11
5.8474617322834641
21
-3.9207041732283465
0
LINE
8
BLACK
6
CONTINUOUS
10
5.8474617322834641
20
-3.9207041732283465
11
5.8474617322834641
21
-3.9030584645669291
0
LINE
8
BLACK
6
CONTINUOUS
10
5.8474617322834641
20
-3.9030584645669291
11
5.8480006692913387
21
-3.9017574015748031
0
LINE
8
BLACK
6
CONTINUOUS
10
5.8480006692913387
20
-3.9017574015748031
11
5.8493017322834646
21
-3.901218464566929
0
LINE
8
BLACK
6
CONTINUOUS
10
5.8493017322834646
20
-3.901218464566929
11
5.8689999999999998
21
-3.901218464566929
0
LINE
8
BLACK
6
CONTINUOUS
10
5.8689999999999998
20
-3.901218464566929
11
5.8689999999999998
21
-3.8762242125984252
0
LINE
8
BLACK
6
CONTINUOUS
10
5.8689999999999998
20
-3.8762242125984252
11
5.8511417322834642
21
-3.8762242125984252
0
LINE
8
BLACK
6
CONTINUOUS
10
5.8511417322834642
20
-3.8762242125984252
11
5.8511417322834642
21
-3.8876185039370079
0
LINE
8
BLACK
6
CONTINUOUS
10
5.8511417322834642
20
-3.8876185039370079
11
5.8506027952755906
21
-3.8889195669291339
0
LINE
8
BLACK
6
CONTINUOUS
10
5.8506027952755906
20
-3.8889195669291339
11
5.8493017322834646
21
-3.889458503937008
0
LINE
8
BLACK
6
CONTINUOUS
10
5.8493017322834646
20
-3.889458503937008
11
5.8480006692913387
21
-3.8889195669291339
0
LINE
8
BLACK
6
CONTINUOUS
10
5.8480006692913387
20
-3.8889195669291339
11
5.8474617322834641
21
-3.8876185039370079
0
LINE
8
BLACK
6
CONTINUOUS
10
5.8474617322834641
20
-3.8876185039370079
11
5.8474617322834641
21
-3.8611499212598424
0
LINE
8
BLACK
6
CONTINUOUS
10
5.8474617322834641
20
-3.8611499212598424
11
5.8480006692913387
21
-3.8598488582677164
0
LINE
8
BLACK
6
CONTINUOUS
10
5.8480006692913387
20
-3.8598488582677164
11
5.8493017322834646
21
-3.8593099212598423
0
LINE
8
BLACK
6
CONTINUOUS
10
5.8493017322834646
20
-3.8593099212598423
11
5.8506027952755906
21
-3.8598488582677164
0
LINE
8
BLACK
6
CONTINUOUS
10
5.8506027952755906
20
-3.8598488582677164
11
5.8511417322834642
21
-3.8611499212598424
0
LINE
8
BLACK
6
CONTINUOUS
10
5.8511417322834642
20
-3.8611499212598424
11
5.8511417322834642
21
-3.8725442125984251
0
LINE
8
BLACK
6
CONTINUOUS
10
5.8511417322834642
20
-3.8725442125984251
11
5.8689999999999998
21
-3.8725442125984251
0
LINE
8
BLACK
6
CONTINUOUS
10
5.8689999999999998
20
-3.8725442125984251
11
5.8689999999999998
21
-3.851
0
LINE
8
BLACK
6
CONTINUOUS
10
5.8689999999999998
20
-3.851
11
5.8690787401574802
21
-3.8508098818897638
0
LINE
8
BLACK
6
CONTINUOUS
10
5.8690787401574802
20
-3.8508098818897638
11
5.8690787401574802
21
-3.8149999999999999
0
LINE
8
BLACK
6
CONTINUOUS
10
5.8690787401574802
20
-3.8149999999999999
11
5.9989999999999997
21
-3.8149999999999999
0
LINE
8
BLACK
6
CONTINUOUS
10
5.9989999999999997
20
-3.8149999999999999
11
5.9989999999999997
21
-3.8519999999999999
0
LINE
8
BLACK
6
CONTINUOUS
10
5.8687874409448817
20
-4.0005442519685035
11
5.8687874409448817
21
-4.0084983858267718
0
LINE
8
BLACK
6
CONTINUOUS
10
5.8687874409448817
20
-4.0084983858267718
11
5.8706653543307086
21
-4.0122542519685043
0
LINE
8
BLACK
6
CONTINUOUS
10
5.8706653543307086
20
-4.0122542519685043
11
5.8724487795275593
21
-4.0140376771653541
0
LINE
8
BLACK
6
CONTINUOUS
10
5.8724487795275593
20
-4.0140376771653541
11
5.8762046456692909
21
-4.0159156299212597
0
LINE
8
BLACK
6
CONTINUOUS
10
5.8762046456692909
20
-4.0159156299212597
11
5.8863644881889758
21
-4.0159156299212597
0
LINE
8
BLACK
6
CONTINUOUS
10
5.8863644881889758
20
-4.0159156299212597
11
5.8901203149606296
21
-4.0140376771653541
0
LINE
8
BLACK
6
CONTINUOUS
10
5.8901203149606296
20
-4.0140376771653541
11
5.8919038188976378
21
-4.0122542125984255
0
LINE
8
BLACK
6
CONTINUOUS
10
5.8919038188976378
20
-4.0122542125984255
11
5.8937817322834647
21
-4.0084983858267718
0
LINE
8
BLACK
6
CONTINUOUS
10
5.8937817322834647
20
-4.0084983858267718
11
5.8937817322834647
21
-4.0034015748031493
0
LINE
8
BLACK
6
CONTINUOUS
10
5.8937817322834647
20
-4.0034015748031493
11
5.8690787401574802
21
-4.0034015748031493
0
LINE
8
BLACK
6
CONTINUOUS
10
5.8690787401574802
20
-4.0034015748031493
11
5.8690787401574802
21
-3.9999616141732282
0
LINE
8
BLACK
6
CONTINUOUS
10
5.8690787401574802
20
-3.9999616141732282
11
5.8687874409448817
21
-4.0005442519685035
0
LINE
8
BLACK
6
CONTINUOUS
10
5.8730000000000002
20
-3.8524015748031495
11
5.8730000000000002
21
-3.8725442125984251
0
LINE
8
BLACK
6
CONTINUOUS
10
5.8730000000000002
20
-3.8725442125984251
11
5.8956217322834643
21
-3.8725442125984251
0
LINE
8
BLACK
6
CONTINUOUS
10
5.8956217322834643
20
-3.8725442125984251
11
5.8969227952755903
21
-3.8730831496062992
0
LINE
8
BLACK
6
CONTINUOUS
10
5.8969227952755903
20
-3.8730831496062992
11
5.8974617322834648
21
-3.8743842125984251
0
LINE
8
BLACK
6
CONTINUOUS
10
5.8974617322834648
20
-3.8743842125984251
11
5.8969227952755903
21
-3.8756852755905511
0
LINE
8
BLACK
6
CONTINUOUS
10
5.8969227952755903
20
-3.8756852755905511
11
5.8956217322834643
21
-3.8762242125984252
0
LINE
8
BLACK
6
CONTINUOUS
10
5.8956217322834643
20
-3.8762242125984252
11
5.8730000000000002
21
-3.8762242125984252
0
LINE
8
BLACK
6
CONTINUOUS
10
5.8730000000000002
20
-3.8762242125984252
11
5.8730000000000002
21
-3.901218464566929
0
LINE
8
BLACK
6
CONTINUOUS
10
5.8730000000000002
20
-3.901218464566929
11
5.8956217322834643
21
-3.901218464566929
0
LINE
8
BLACK
6
CONTINUOUS
10
5.8956217322834643
20
-3.901218464566929
11
5.8969227952755903
21
-3.9017574015748031
0
LINE
8
BLACK
6
CONTINUOUS
10
5.8969227952755903
20
-3.9017574015748031
11
5.8974617322834648
21
-3.9030584645669291
0
LINE
8
BLACK
6
CONTINUOUS
10
5.8974617322834648
20
-3.9030584645669291
11
5.8969227952755903
21
-3.904359527559055
0
LINE
8
BLACK
6
CONTINUOUS
10
5.8969227952755903
20
-3.904359527559055
11
5.8956217322834643
21
-3.9048984645669291
0
LINE
8
BLACK
6
CONTINUOUS
10
5.8956217322834643
20
-3.9048984645669291
11
5.8754045669291335
21
-3.9048984645669291
0
LINE
8
BLACK
6
CONTINUOUS
10
5.8754045669291335
20
-3.9048984645669291
11
5.8754045669291335
21
-3.9207041732283465
0
LINE
8
BLACK
6
CONTINUOUS
10
5.8754045669291335
20
-3.9207041732283465
11
5.8752406299212598
21
-3.921099842519685
0
LINE
8
BLACK
6
CONTINUOUS
10
5.8752406299212598
20
-3.921099842519685
11
5.8752103149606301
21
-3.9215270078740159
0
LINE
8
BLACK
6
CONTINUOUS
10
5.8752103149606301
20
-3.9215270078740159
11
5.8730046062992125
21
-3.9259385039370076
0
LINE
8
BLACK
6
CONTINUOUS
10
5.8730046062992125
20
-3.9259385039370076
11
5.8730000000000002
21
-3.9259424803149607
0
LINE
8
BLACK
6
CONTINUOUS
10
5.8730000000000002
20
-3.9259424803149607
11
5.8730000000000002
21
-3.9551635433070866
0
LINE
8
BLACK
6
CONTINUOUS
10
5.8730000000000002
20
-3.9551635433070866
11
5.8730046062992125
21
-3.9551727952755904
0
LINE
8
BLACK
6
CONTINUOUS
10
5.8730046062992125
20
-3.9551727952755904
11
5.8730194094488191
21
-3.9553812992125983
0
LINE
8
BLACK
6
CONTINUOUS
10
5.8730194094488191
20
-3.9553812992125983
11
5.8731439370078737
21
-3.9555493700787401
0
LINE
8
BLACK
6
CONTINUOUS
10
5.8731439370078737
20
-3.9555493700787401
11
5.8753006692913381
21
-3.9641762992125984
0
LINE
8
BLACK
6
CONTINUOUS
10
5.8753006692913381
20
-3.9641762992125984
11
5.8762125196850397
21
-3.9659999999999997
0
LINE
8
BLACK
6
CONTINUOUS
10
5.8762125196850397
20
-3.9659999999999997
11
5.8929737795275585
21
-3.9659999999999997
0
LINE
8
BLACK
6
CONTINUOUS
10
5.8929737795275585
20
-3.9659999999999997
11
5.8937817322834647
21
-3.9643840944881887
0
LINE
8
BLACK
6
CONTINUOUS
10
5.8937817322834647
20
-3.9643840944881887
11
5.8937817322834647
21
-3.9540885433070865
0
LINE
8
BLACK
6
CONTINUOUS
10
5.8937817322834647
20
-3.9540885433070865
11
5.8916704330708658
21
-3.9477546062992124
0
LINE
8
BLACK
6
CONTINUOUS
10
5.8916704330708658
20
-3.9477546062992124
11
5.8917703149606302
21
-3.9463498818897635
0
LINE
8
BLACK
6
CONTINUOUS
10
5.8917703149606302
20
-3.9463498818897635
11
5.892834173228346
21
-3.9454271653543307
0
LINE
8
BLACK
6
CONTINUOUS
10
5.892834173228346
20
-3.9454271653543307
11
5.8942388976377948
21
-3.9455270472440942
0
LINE
8
BLACK
6
CONTINUOUS
10
5.8942388976377948
20
-3.9455270472440942
11
5.8951616141732286
21
-3.9465909055118109
0
LINE
8
BLACK
6
CONTINUOUS
10
5.8951616141732286
20
-3.9465909055118109
11
5.8973673228346453
21
-3.9532080708661415
0
LINE
8
BLACK
6
CONTINUOUS
10
5.8973673228346453
20
-3.9532080708661415
11
5.8973458267716534
21
-3.9535101574803151
0
LINE
8
BLACK
6
CONTINUOUS
10
5.8973458267716534
20
-3.9535101574803151
11
5.8974617322834648
21
-3.9537899212598426
0
LINE
8
BLACK
6
CONTINUOUS
10
5.8974617322834648
20
-3.9537899212598426
11
5.8974617322834648
21
-3.9648184645669291
0
LINE
8
BLACK
6
CONTINUOUS
10
5.8974617322834648
20
-3.9648184645669291
11
5.8972977952755903
21
-3.9652141338582676
0
LINE
8
BLACK
6
CONTINUOUS
10
5.8972977952755903
20
-3.9652141338582676
11
5.8972674803149605
21
-3.9656412992125984
0
LINE
8
BLACK
6
CONTINUOUS
10
5.8972674803149605
20
-3.9656412992125984
11
5.897088149606299
21
-3.9659999999999997
0
LINE
8
BLACK
6
CONTINUOUS
10
5.897088149606299
20
-3.9659999999999997
11
5.9950000000000001
21
-3.9659999999999997
0
LINE
8
BLACK
6
CONTINUOUS
10
5.9950000000000001
20
-3.9659999999999997
11
5.9950000000000001
21
-3.8524015748031495
0
LINE
8
BLACK
6
CONTINUOUS
10
5.9950000000000001
20
-3.8524015748031495
11
5.8730000000000002
21
-3.8524015748031495
0
LINE
8
BLACK
6
CONTINUOUS
10
5.8511417322834642
20
-3.9202698031496062
11
5.8530196456692911
21
-3.9240256692913387
0
LINE
8
BLACK
6
CONTINUOUS
10
5.8530196456692911
20
-3.9240256692913387
11
5.8548030708661418
21
-3.9258090944881889
0
LINE
8
BLACK
6
CONTINUOUS
10
5.8548030708661418
20
-3.9258090944881889
11
5.8585589370078734
21
-3.9276870472440946
0
LINE
8
BLACK
6
CONTINUOUS
10
5.8585589370078734
20
-3.9276870472440946
11
5.8643073622047241
21
-3.9276870472440946
0
LINE
8
BLACK
6
CONTINUOUS
10
5.8643073622047241
20
-3.9276870472440946
11
5.8680632283464567
21
-3.9258090944881889
0
LINE
8
BLACK
6
CONTINUOUS
10
5.8680632283464567
20
-3.9258090944881889
11
5.8689999999999998
21
-3.9248722834645666
0
LINE
8
BLACK
6
CONTINUOUS
10
5.8689999999999998
20
-3.9248722834645666
11
5.8689999999999998
21
-3.9048984645669291
0
LINE
8
BLACK
6
CONTINUOUS
10
5.8689999999999998
20
-3.9048984645669291
11
5.8511417322834642
21
-3.9048984645669291
0
LINE
8
BLACK
6
CONTINUOUS
10
5.8511417322834642
20
-3.9048984645669291
11
5.8511417322834642
21
-3.9202698031496062
0
LINE
8
BLACK
6
CONTINUOUS
10
6.0711353937007875
20
-3.7869264566929135
11
6.0716743307086611
21
-3.7882275196850395
0
LINE
8
BLACK
6
CONTINUOUS
10
6.0716743307086611
20
-3.7882275196850395
11
6.0716743307086611
21
-3.8146961023622046
0
LINE
8
BLACK
6
CONTINUOUS
10
6.0716743307086611
20
-3.8146961023622046
11
6.0714457086614173
21
-3.8152480314960631
0
LINE
8
BLACK
6
CONTINUOUS
10
6.0714457086614173
20
-3.8152480314960631
11
6.0846145275590553
21
-3.8152480314960631
0
LINE
8
BLACK
6
CONTINUOUS
10
6.0846145275590553
20
-3.8152480314960631
11
6.0843685826771656
21
-3.8147561023622045
0
LINE
8
BLACK
6
CONTINUOUS
10
6.0843685826771656
20
-3.8147561023622045
11
6.0843382283464562
21
-3.8143288976377954
0
LINE
8
BLACK
6
CONTINUOUS
10
6.0843382283464562
20
-3.8143288976377954
11
6.0841743307086613
21
-3.8139332283464564
0
LINE
8
BLACK
6
CONTINUOUS
10
6.0841743307086613
20
-3.8139332283464564
11
6.0841743307086613
21
-3.80290468503937
0
LINE
8
BLACK
6
CONTINUOUS
10
6.0841743307086613
20
-3.80290468503937
11
6.0843382283464562
21
-3.8025089763779527
0
LINE
8
BLACK
6
CONTINUOUS
10
6.0843382283464562
20
-3.8025089763779527
11
6.0843685826771656
21
-3.8020818110236219
0
LINE
8
BLACK
6
CONTINUOUS
10
6.0843685826771656
20
-3.8020818110236219
11
6.0865742913385823
21
-3.7976703543307084
0
LINE
8
BLACK
6
CONTINUOUS
10
6.0865742913385823
20
-3.7976703543307084
11
6.086803070866142
21
-3.7974718897637794
0
LINE
8
BLACK
6
CONTINUOUS
10
6.086803070866142
20
-3.7974718897637794
11
6.0869189763779525
21
-3.7971921653543306
0
LINE
8
BLACK
6
CONTINUOUS
10
6.0869189763779525
20
-3.7971921653543306
11
6.0891246456692913
21
-3.7949864566929135
0
LINE
8
BLACK
6
CONTINUOUS
10
6.0891246456692913
20
-3.7949864566929135
11
6.0904257480314961
21
-3.7944475590551181
0
LINE
8
BLACK
6
CONTINUOUS
10
6.0904257480314961
20
-3.7944475590551181
11
6.091726811023622
21
-3.7949864566929135
0
LINE
8
BLACK
6
CONTINUOUS
10
6.091726811023622
20
-3.7949864566929135
11
6.0922657086614169
21
-3.7962875196850394
0
LINE
8
BLACK
6
CONTINUOUS
10
6.0922657086614169
20
-3.7962875196850394
11
6.091726811023622
21
-3.7975886220472441
0
LINE
8
BLACK
6
CONTINUOUS
10
6.091726811023622
20
-3.7975886220472441
11
6.0897322440944883
21
-3.7995831496062991
0
LINE
8
BLACK
6
CONTINUOUS
10
6.0897322440944883
20
-3.7995831496062991
11
6.0878543307086614
21
-3.8033390157480316
0
LINE
8
BLACK
6
CONTINUOUS
10
6.0878543307086614
20
-3.8033390157480316
11
6.0878543307086614
21
-3.8134988582677165
0
LINE
8
BLACK
6
CONTINUOUS
10
6.0878543307086614
20
-3.8134988582677165
11
6.0887288976377949
21
-3.8152480314960631
0
LINE
8
BLACK
6
CONTINUOUS
10
6.0887288976377949
20
-3.8152480314960631
11
6.1085659448818896
21
-3.8152480314960631
0
LINE
8
BLACK
6
CONTINUOUS
10
6.1085659448818896
20
-3.8152480314960631
11
6.1310332677165356
21
-3.7927807086614171
0
LINE
8
BLACK
6
CONTINUOUS
10
6.1310332677165356
20
-3.7927807086614171
11
6.1323343307086615
21
-3.7922418110236218
0
LINE
8
BLACK
6
CONTINUOUS
10
6.1323343307086615
20
-3.7922418110236218
11
6.1336354330708662
21
-3.7927807086614171
0
LINE
8
BLACK
6
CONTINUOUS
10
6.1336354330708662
20
-3.7927807086614171
11
6.1341743307086611
21
-3.7940818110236219
0
LINE
8
BLACK
6
CONTINUOUS
10
6.1341743307086611
20
-3.7940818110236219
11
6.1341743307086611
21
-3.8227561023622045
0
LINE
8
BLACK
6
CONTINUOUS
10
6.1341743307086611
20
-3.8227561023622045
11
6.1336353937007875
21
-3.8240571653543305
0
LINE
8
BLACK
6
CONTINUOUS
10
6.1336353937007875
20
-3.8240571653543305
11
6.1323343307086615
21
-3.8245961023622046
0
LINE
8
BLACK
6
CONTINUOUS
10
6.1323343307086615
20
-3.8245961023622046
11
6.1310332677165356
21
-3.8240571653543305
0
LINE
8
BLACK
6
CONTINUOUS
10
6.1310332677165356
20
-3.8240571653543305
11
6.130494330708661
21
-3.8227561023622045
0
LINE
8
BLACK
6
CONTINUOUS
10
6.130494330708661
20
-3.8227561023622045
11
6.130494330708661
21
-3.7985239370078738
0
LINE
8
BLACK
6
CONTINUOUS
10
6.130494330708661
20
-3.7985239370078738
11
6.1097200000000003
21
-3.8192982283464567
0
LINE
8
BLACK
6
CONTINUOUS
10
6.1097200000000003
20
-3.8192982283464567
11
6.1107677559055116
21
-3.8197322440944883
0
LINE
8
BLACK
6
CONTINUOUS
10
6.1107677559055116
20
-3.8197322440944883
11
6.1114999999999995
21
-3.8214999999999999
0
LINE
8
BLACK
6
CONTINUOUS
10
6.1114999999999995
20
-3.8214999999999999
11
6.1114999999999995
21
-3.9964999999999997
0
LINE
8
BLACK
6
CONTINUOUS
10
6.1114999999999995
20
-3.9964999999999997
11
6.1107677559055116
21
-3.9982677559055118
0
LINE
8
BLACK
6
CONTINUOUS
10
6.1107677559055116
20
-3.9982677559055118
11
6.109
21
-3.9990000000000001
0
LINE
8
BLACK
6
CONTINUOUS
10
6.109
20
-3.9990000000000001
11
6.109
21
-4.0027519685039366
0
LINE
8
BLACK
6
CONTINUOUS
10
6.109
20
-4.0027519685039366
11
6.0674549212598423
21
-4.0027519685039366
0
LINE
8
BLACK
6
CONTINUOUS
10
6.0674549212598423
20
-4.0027519685039366
11
6.0667239370078736
21
-4.0034829527559053
0
LINE
8
BLACK
6
CONTINUOUS
10
6.0667239370078736
20
-4.0034829527559053
11
6.0664441338582673
21
-4.0035988188976379
0
LINE
8
BLACK
6
CONTINUOUS
10
6.0664441338582673
20
-4.0035988188976379
11
6.0662457480314957
21
-4.0038275984251968
0
LINE
8
BLACK
6
CONTINUOUS
10
6.0662457480314957
20
-4.0038275984251968
11
6.0618343307086615
21
-4.0060333070866143
0
LINE
8
BLACK
6
CONTINUOUS
10
6.0618343307086615
20
-4.0060333070866143
11
6.0614071259842515
21
-4.0060636220472441
0
LINE
8
BLACK
6
CONTINUOUS
10
6.0614071259842515
20
-4.0060636220472441
11
6.0610114566929134
21
-4.0062275590551177
0
LINE
8
BLACK
6
CONTINUOUS
10
6.0610114566929134
20
-4.0062275590551177
11
6.0499828740157477
21
-4.0062275590551177
0
LINE
8
BLACK
6
CONTINUOUS
10
6.0499828740157477
20
-4.0062275590551177
11
6.0495871653543309
21
-4.0060636220472441
0
LINE
8
BLACK
6
CONTINUOUS
10
6.0495871653543309
20
-4.0060636220472441
11
6.0491599999999996
21
-4.0060333070866143
0
LINE
8
BLACK
6
CONTINUOUS
10
6.0491599999999996
20
-4.0060333070866143
11
6.0447485826771654
21
-4.0038275984251968
0
LINE
8
BLACK
6
CONTINUOUS
10
6.0447485826771654
20
-4.0038275984251968
11
6.0445501574803151
21
-4.0035987795275592
0
LINE
8
BLACK
6
CONTINUOUS
10
6.0445501574803151
20
-4.0035987795275592
11
6.0442703543307088
21
-4.0034829133858265
0
LINE
8
BLACK
6
CONTINUOUS
10
6.0442703543307088
20
-4.0034829133858265
11
6.04206468503937
21
-4.001277204724409
0
LINE
8
BLACK
6
CONTINUOUS
10
6.04206468503937
20
-4.001277204724409
11
6.0419487795275586
21
-4.0009974409448814
0
LINE
8
BLACK
6
CONTINUOUS
10
6.0419487795275586
20
-4.0009974409448814
11
6.0417199999999998
21
-4.0007990157480311
0
LINE
8
BLACK
6
CONTINUOUS
10
6.0417199999999998
20
-4.0007990157480311
11
6.0395142913385822
21
-3.9963875590551181
0
LINE
8
BLACK
6
CONTINUOUS
10
6.0395142913385822
20
-3.9963875590551181
11
6.0394839370078737
21
-3.9959603543307085
0
LINE
8
BLACK
6
CONTINUOUS
10
6.0394839370078737
20
-3.9959603543307085
11
6.0393200393700788
21
-3.99556468503937
0
LINE
8
BLACK
6
CONTINUOUS
10
6.0393200393700788
20
-3.99556468503937
11
6.0393200393700788
21
-3.9845361417322835
0
LINE
8
BLACK
6
CONTINUOUS
10
6.0393200393700788
20
-3.9845361417322835
11
6.0394839370078737
21
-3.9841404330708658
0
LINE
8
BLACK
6
CONTINUOUS
10
6.0394839370078737
20
-3.9841404330708658
11
6.0395142913385822
21
-3.9837132677165354
0
LINE
8
BLACK
6
CONTINUOUS
10
6.0395142913385822
20
-3.9837132677165354
11
6.0412718503937004
21
-3.9801980708661415
0
LINE
8
BLACK
6
CONTINUOUS
10
6.0412718503937004
20
-3.9801980708661415
11
6.0253543307086614
21
-3.9817898425196852
0
LINE
8
BLACK
6
CONTINUOUS
10
6.0253543307086614
20
-3.9817898425196852
11
6.0253543307086614
21
-4.0021818503937006
0
LINE
8
BLACK
6
CONTINUOUS
10
6.0253543307086614
20
-4.0021818503937006
11
6.0248153937007869
21
-4.0034829133858265
0
LINE
8
BLACK
6
CONTINUOUS
10
6.0248153937007869
20
-4.0034829133858265
11
6.0235143307086609
21
-4.0040218503937011
0
LINE
8
BLACK
6
CONTINUOUS
10
6.0235143307086609
20
-4.0040218503937011
11
6.022213267716535
21
-4.0034829133858265
0
LINE
8
BLACK
6
CONTINUOUS
10
6.022213267716535
20
-4.0034829133858265
11
6.0216743307086613
21
-4.0021818503937006
0
LINE
8
BLACK
6
CONTINUOUS
10
6.0216743307086613
20
-4.0021818503937006
11
6.0216743307086613
21
-3.9801246850393701
0
LINE
8
BLACK
6
CONTINUOUS
10
6.0216743307086613
20
-3.9801246850393701
11
6.0219113385826768
21
-3.9795524015748032
0
LINE
8
BLACK
6
CONTINUOUS
10
6.0219113385826768
20
-3.9795524015748032
11
6.0220902755905508
21
-3.9789595275590552
0
LINE
8
BLACK
6
CONTINUOUS
10
6.0220902755905508
20
-3.9789595275590552
11
6.0221760236220474
21
-3.9789135039370076
0
LINE
8
BLACK
6
CONTINUOUS
10
6.0221760236220474
20
-3.9789135039370076
11
6.022213267716535
21
-3.9788236220472442
0
LINE
8
BLACK
6
CONTINUOUS
10
6.022213267716535
20
-3.9788236220472442
11
6.0227854724409449
21
-3.9785865748031495
0
LINE
8
BLACK
6
CONTINUOUS
10
6.0227854724409449
20
-3.9785865748031495
11
6.0233312598425197
21
-3.9782938188976376
0
LINE
8
BLACK
6
CONTINUOUS
10
6.0233312598425197
20
-3.9782938188976376
11
6.0453883464566927
21
-3.9760881102362204
0
LINE
8
BLACK
6
CONTINUOUS
10
6.0453883464566927
20
-3.9760881102362204
11
6.0454815748031496
21
-3.976116220472441
0
LINE
8
BLACK
6
CONTINUOUS
10
6.0454815748031496
20
-3.976116220472441
11
6.0455714566929135
21
-3.9760790157480312
0
LINE
8
BLACK
6
CONTINUOUS
10
6.0455714566929135
20
-3.9760790157480312
11
6.046143582677165
21
-3.9763159842519684
0
LINE
8
BLACK
6
CONTINUOUS
10
6.046143582677165
20
-3.9763159842519684
11
6.0467365748031492
21
-3.9764949212598424
0
LINE
8
BLACK
6
CONTINUOUS
10
6.0467365748031492
20
-3.9764949212598424
11
6.0467825590551181
21
-3.9765806299212598
0
LINE
8
BLACK
6
CONTINUOUS
10
6.0467825590551181
20
-3.9765806299212598
11
6.0468725196850395
21
-3.9766179133858266
0
LINE
8
BLACK
6
CONTINUOUS
10
6.0468725196850395
20
-3.9766179133858266
11
6.0471094881889762
21
-3.977190118110236
0
LINE
8
BLACK
6
CONTINUOUS
10
6.0471094881889762
20
-3.977190118110236
11
6.0474023228346452
21
-3.9777359055118109
0
LINE
8
BLACK
6
CONTINUOUS
10
6.0474023228346452
20
-3.9777359055118109
11
6.0473741732283459
21
-3.9778290944881887
0
LINE
8
BLACK
6
CONTINUOUS
10
6.0473741732283459
20
-3.9778290944881887
11
6.0474114173228344
21
-3.9779189763779526
0
LINE
8
BLACK
6
CONTINUOUS
10
6.0474114173228344
20
-3.9779189763779526
11
6.0471744488188977
21
-3.9784910629921257
0
LINE
8
BLACK
6
CONTINUOUS
10
6.0471744488188977
20
-3.9784910629921257
11
6.0469955118110237
21
-3.9790841338582674
0
LINE
8
BLACK
6
CONTINUOUS
10
6.0469955118110237
20
-3.9790841338582674
11
6.046909763779527
21
-3.9791301181102363
0
LINE
8
BLACK
6
CONTINUOUS
10
6.046909763779527
20
-3.9791301181102363
11
6.0468725196850395
21
-3.9792200787401573
0
LINE
8
BLACK
6
CONTINUOUS
10
6.0468725196850395
20
-3.9792200787401573
11
6.0448779527559058
21
-3.9812146062992126
0
LINE
8
BLACK
6
CONTINUOUS
10
6.0448779527559058
20
-3.9812146062992126
11
6.0430000393700789
21
-3.9849704724409447
0
LINE
8
BLACK
6
CONTINUOUS
10
6.0430000393700789
20
-3.9849704724409447
11
6.0430000393700789
21
-3.9951303149606296
0
LINE
8
BLACK
6
CONTINUOUS
10
6.0430000393700789
20
-3.9951303149606296
11
6.0448779527559058
21
-3.9988861811023622
0
LINE
8
BLACK
6
CONTINUOUS
10
6.0448779527559058
20
-3.9988861811023622
11
6.0466613779527556
21
-4.0006696062992129
0
LINE
8
BLACK
6
CONTINUOUS
10
6.0466613779527556
20
-4.0006696062992129
11
6.0504172440944881
21
-4.0025475590551176
0
LINE
8
BLACK
6
CONTINUOUS
10
6.0504172440944881
20
-4.0025475590551176
11
6.0590000000000002
21
-4.0025475590551176
0
LINE
8
BLACK
6
CONTINUOUS
10
6.0590000000000002
20
-4.0025475590551176
11
6.0590000000000002
21
-3.9990000000000001
0
LINE
8
BLACK
6
CONTINUOUS
10
6.0590000000000002
20
-3.9990000000000001
11
6.0572322440944877
21
-3.9982677559055118
0
LINE
8
BLACK
6
CONTINUOUS
10
6.0572322440944877
20
-3.9982677559055118
11
6.0564999999999998
21
-3.9964999999999997
0
LINE
8
BLACK
6
CONTINUOUS
10
6.0564999999999998
20
-3.9964999999999997
11
6.0564999999999998
21
-3.9488789763779528
0
LINE
8
BLACK
6
CONTINUOUS
10
6.0564999999999998
20
-3.9488789763779528
11
6.0235143307086609
21
-3.9488789763779528
0
LINE
8
BLACK
6
CONTINUOUS
10
6.0235143307086609
20
-3.9488789763779528
11
6.0233392913385826
21
-3.9488064566929131
0
LINE
8
BLACK
6
CONTINUOUS
10
6.0233392913385826
20
-3.9488064566929131
11
6.0231534645669287
21
-3.9488432283464565
0
LINE
8
BLACK
6
CONTINUOUS
10
6.0231534645669287
20
-3.9488432283464565
11
6.0227082677165349
21
-3.9485450787401573
0
LINE
8
BLACK
6
CONTINUOUS
10
6.0227082677165349
20
-3.9485450787401573
11
6.022213267716535
21
-3.9483400393700787
0
LINE
8
BLACK
6
CONTINUOUS
10
6.022213267716535
20
-3.9483400393700787
11
6.0221407480314957
21
-3.9481649999999999
0
LINE
8
BLACK
6
CONTINUOUS
10
6.0221407480314957
20
-3.9481649999999999
11
6.0219833464566932
21
-3.9480596062992124
0
LINE
8
BLACK
6
CONTINUOUS
10
6.0219833464566932
20
-3.9480596062992124
11
6.0218793700787403
21
-3.9475339763779527
0
LINE
8
BLACK
6
CONTINUOUS
10
6.0218793700787403
20
-3.9475339763779527
11
6.0216743307086613
21
-3.9470389763779528
0
LINE
8
BLACK
6
CONTINUOUS
10
6.0216743307086613
20
-3.9470389763779528
11
6.0217468110236219
21
-3.946863937007874
0
LINE
8
BLACK
6
CONTINUOUS
10
6.0217468110236219
20
-3.946863937007874
11
6.0217100787401572
21
-3.9466781102362205
0
LINE
8
BLACK
6
CONTINUOUS
10
6.0217100787401572
20
-3.9466781102362205
11
6.0220081889763781
21
-3.9462329133858267
0
LINE
8
BLACK
6
CONTINUOUS
10
6.0220081889763781
20
-3.9462329133858267
11
6.022213267716535
21
-3.9457379133858268
0
LINE
8
BLACK
6
CONTINUOUS
10
6.022213267716535
20
-3.9457379133858268
11
6.0223882677165355
21
-3.9456653937007875
0
LINE
8
BLACK
6
CONTINUOUS
10
6.0223882677165355
20
-3.9456653937007875
11
6.0224937007874013
21
-3.9455079921259841
0
LINE
8
BLACK
6
CONTINUOUS
10
6.0224937007874013
20
-3.9455079921259841
11
6.0289592519685042
21
-3.9411975984251968
0
LINE
8
BLACK
6
CONTINUOUS
10
6.0289592519685042
20
-3.9411975984251968
11
6.033030669291338
21
-3.9371261417322834
0
LINE
8
BLACK
6
CONTINUOUS
10
6.033030669291338
20
-3.9371261417322834
11
6.035102874015748
21
-3.9329818110236219
0
LINE
8
BLACK
6
CONTINUOUS
10
6.035102874015748
20
-3.9329818110236219
11
6.0361667716535434
21
-3.9320591338582678
0
LINE
8
BLACK
6
CONTINUOUS
10
6.0361667716535434
20
-3.9320591338582678
11
6.0375714960629923
21
-3.9321589370078738
0
LINE
8
BLACK
6
CONTINUOUS
10
6.0375714960629923
20
-3.9321589370078738
11
6.0384941732283464
21
-3.9332228346456692
0
LINE
8
BLACK
6
CONTINUOUS
10
6.0384941732283464
20
-3.9332228346456692
11
6.0383943700787404
21
-3.9346275590551181
0
LINE
8
BLACK
6
CONTINUOUS
10
6.0383943700787404
20
-3.9346275590551181
11
6.036188622047244
21
-3.9390389763779527
0
LINE
8
BLACK
6
CONTINUOUS
10
6.036188622047244
20
-3.9390389763779527
11
6.0359598031496065
21
-3.9392374015748031
0
LINE
8
BLACK
6
CONTINUOUS
10
6.0359598031496065
20
-3.9392374015748031
11
6.0358439370078738
21
-3.9395171653543306
0
LINE
8
BLACK
6
CONTINUOUS
10
6.0358439370078738
20
-3.9395171653543306
11
6.0314325196850396
21
-3.943928622047244
0
LINE
8
BLACK
6
CONTINUOUS
10
6.0314325196850396
20
-3.943928622047244
11
6.0312574803149603
21
-3.9440011023622046
0
LINE
8
BLACK
6
CONTINUOUS
10
6.0312574803149603
20
-3.9440011023622046
11
6.0311520866141732
21
-3.9441585433070867
0
LINE
8
BLACK
6
CONTINUOUS
10
6.0311520866141732
20
-3.9441585433070867
11
6.0295914173228349
21
-3.9451989763779527
0
LINE
8
BLACK
6
CONTINUOUS
10
6.0295914173228349
20
-3.9451989763779527
11
6.0564999999999998
21
-3.9451989763779527
0
LINE
8
BLACK
6
CONTINUOUS
10
6.0564999999999998
20
-3.9451989763779527
11
6.0564999999999998
21
-3.8606503937007872
0
LINE
8
BLACK
6
CONTINUOUS
10
6.0564999999999998
20
-3.8606503937007872
11
6.0499828740157477
21
-3.8606503937007872
0
LINE
8
BLACK
6
CONTINUOUS
10
6.0499828740157477
20
-3.8606503937007872
11
6.0495871653543309
21
-3.8604864566929131
0
LINE
8
BLACK
6
CONTINUOUS
10
6.0495871653543309
20
-3.8604864566929131
11
6.0491599999999996
21
-3.8604561417322834
0
LINE
8
BLACK
6
CONTINUOUS
10
6.0491599999999996
20
-3.8604561417322834
11
6.0447485826771654
21
-3.8582504330708662
0
LINE
8
BLACK
6
CONTINUOUS
10
6.0447485826771654
20
-3.8582504330708662
11
6.0445501574803151
21
-3.8580216141732282
0
LINE
8
BLACK
6
CONTINUOUS
10
6.0445501574803151
20
-3.8580216141732282
11
6.0442703543307088
21
-3.857905748031496
0
LINE
8
BLACK
6
CONTINUOUS
10
6.0442703543307088
20
-3.857905748031496
11
6.04206468503937
21
-3.8557000393700784
0
LINE
8
BLACK
6
CONTINUOUS
10
6.04206468503937
20
-3.8557000393700784
11
6.0419487795275586
21
-3.8554202755905509
0
LINE
8
BLACK
6
CONTINUOUS
10
6.0419487795275586
20
-3.8554202755905509
11
6.0417199999999998
21
-3.8552218503937006
0
LINE
8
BLACK
6
CONTINUOUS
10
6.0417199999999998
20
-3.8552218503937006
11
6.0395142913385822
21
-3.8508103937007871
0
LINE
8
BLACK
6
CONTINUOUS
10
6.0395142913385822
20
-3.8508103937007871
11
6.0394839370078737
21
-3.850383188976378
0
LINE
8
BLACK
6
CONTINUOUS
10
6.0394839370078737
20
-3.850383188976378
11
6.0393200393700788
21
-3.8499875196850395
0
LINE
8
BLACK
6
CONTINUOUS
10
6.0393200393700788
20
-3.8499875196850395
11
6.0393200393700788
21
-3.8389589763779526
0
LINE
8
BLACK
6
CONTINUOUS
10
6.0393200393700788
20
-3.8389589763779526
11
6.0394839370078737
21
-3.8385632677165353
0
LINE
8
BLACK
6
CONTINUOUS
10
6.0394839370078737
20
-3.8385632677165353
11
6.0395142913385822
21
-3.8381361023622045
0
LINE
8
BLACK
6
CONTINUOUS
10
6.0395142913385822
20
-3.8381361023622045
11
6.0412718503937004
21
-3.834620905511811
0
LINE
8
BLACK
6
CONTINUOUS
10
6.0412718503937004
20
-3.834620905511811
11
6.0253543307086614
21
-3.8362126771653542
0
LINE
8
BLACK
6
CONTINUOUS
10
6.0253543307086614
20
-3.8362126771653542
11
6.0253543307086614
21
-3.85660468503937
0
LINE
8
BLACK
6
CONTINUOUS
10
6.0253543307086614
20
-3.85660468503937
11
6.0248153937007869
21
-3.857905748031496
0
LINE
8
BLACK
6
CONTINUOUS
10
6.0248153937007869
20
-3.857905748031496
11
6.0235143307086609
21
-3.8584446850393701
0
LINE
8
BLACK
6
CONTINUOUS
10
6.0235143307086609
20
-3.8584446850393701
11
6.022213267716535
21
-3.857905748031496
0
LINE
8
BLACK
6
CONTINUOUS
10
6.022213267716535
20
-3.857905748031496
11
6.0216743307086613
21
-3.85660468503937
0
LINE
8
BLACK
6
CONTINUOUS
10
6.0216743307086613
20
-3.85660468503937
11
6.0216743307086613
21
-3.8345475196850392
0
LINE
8
BLACK
6
CONTINUOUS
10
6.0216743307086613
20
-3.8345475196850392
11
6.0219113385826768
21
-3.8339752362204722
0
LINE
8
BLACK
6
CONTINUOUS
10
6.0219113385826768
20
-3.8339752362204722
11
6.0220902755905508
21
-3.8333823622047243
0
LINE
8
BLACK
6
CONTINUOUS
10
6.0220902755905508
20
-3.8333823622047243
11
6.0221760236220474
21
-3.8333363385826771
0
LINE
8
BLACK
6
CONTINUOUS
10
6.0221760236220474
20
-3.8333363385826771
11
6.022213267716535
21
-3.8332464566929132
0
LINE
8
BLACK
6
CONTINUOUS
10
6.022213267716535
20
-3.8332464566929132
11
6.0227854724409449
21
-3.833009409448819
0
LINE
8
BLACK
6
CONTINUOUS
10
6.0227854724409449
20
-3.833009409448819
11
6.0233312598425197
21
-3.832716653543307
0
LINE
8
BLACK
6
CONTINUOUS
10
6.0233312598425197
20
-3.832716653543307
11
6.0453883464566927
21
-3.8305109448818895
0
LINE
8
BLACK
6
CONTINUOUS
10
6.0453883464566927
20
-3.8305109448818895
11
6.0454815748031496
21
-3.83053905511811
0
LINE
8
BLACK
6
CONTINUOUS
10
6.0454815748031496
20
-3.83053905511811
11
6.0455714566929135
21
-3.8305018503937007
0
LINE
8
BLACK
6
CONTINUOUS
10
6.0455714566929135
20
-3.8305018503937007
11
6.046143582677165
21
-3.8307388188976379
0
LINE
8
BLACK
6
CONTINUOUS
10
6.046143582677165
20
-3.8307388188976379
11
6.0467365748031492
21
-3.8309177559055119
0
LINE
8
BLACK
6
CONTINUOUS
10
6.0467365748031492
20
-3.8309177559055119
11
6.0467825590551181
21
-3.8310034645669289
0
LINE
8
BLACK
6
CONTINUOUS
10
6.0467825590551181
20
-3.8310034645669289
11
6.0468725196850395
21
-3.8310407480314961
0
LINE
8
BLACK
6
CONTINUOUS
10
6.0468725196850395
20
-3.8310407480314961
11
6.0471094881889762
21
-3.8316129527559055
0
LINE
8
BLACK
6
CONTINUOUS
10
6.0471094881889762
20
-3.8316129527559055
11
6.0474023228346452
21
-3.8321587401574804
0
LINE
8
BLACK
6
CONTINUOUS
10
6.0474023228346452
20
-3.8321587401574804
11
6.0473741732283459
21
-3.8322519291338581
0
LINE
8
BLACK
6
CONTINUOUS
10
6.0473741732283459
20
-3.8322519291338581
11
6.0474114173228344
21
-3.832341811023622
0
LINE
8
BLACK
6
CONTINUOUS
10
6.0474114173228344
20
-3.832341811023622
11
6.0471744488188977
21
-3.8329138976377952
0
LINE
8
BLACK
6
CONTINUOUS
10
6.0471744488188977
20
-3.8329138976377952
11
6.0469955118110237
21
-3.8335069685039369
0
LINE
8
BLACK
6
CONTINUOUS
10
6.0469955118110237
20
-3.8335069685039369
11
6.046909763779527
21
-3.8335529527559054
0
LINE
8
BLACK
6
CONTINUOUS
10
6.046909763779527
20
-3.8335529527559054
11
6.0468725196850395
21
-3.8336429133858267
0
LINE
8
BLACK
6
CONTINUOUS
10
6.0468725196850395
20
-3.8336429133858267
11
6.0448779527559058
21
-3.8356374409448817
0
LINE
8
BLACK
6
CONTINUOUS
10
6.0448779527559058
20
-3.8356374409448817
11
6.0430000393700789
21
-3.8393933070866142
0
LINE
8
BLACK
6
CONTINUOUS
10
6.0430000393700789
20
-3.8393933070866142
11
6.0430000393700789
21
-3.8495531496062991
0
LINE
8
BLACK
6
CONTINUOUS
10
6.0430000393700789
20
-3.8495531496062991
11
6.0448779527559058
21
-3.8533090157480312
0
LINE
8
BLACK
6
CONTINUOUS
10
6.0448779527559058
20
-3.8533090157480312
11
6.0466613779527556
21
-3.8550924409448819
0
LINE
8
BLACK
6
CONTINUOUS
10
6.0466613779527556
20
-3.8550924409448819
11
6.0504172440944881
21
-3.8569703937007871
0
LINE
8
BLACK
6
CONTINUOUS
10
6.0504172440944881
20
-3.8569703937007871
11
6.0564999999999998
21
-3.8569703937007871
0
LINE
8
BLACK
6
CONTINUOUS
10
6.0564999999999998
20
-3.8569703937007871
11
6.0564999999999998
21
-3.8214999999999999
0
LINE
8
BLACK
6
CONTINUOUS
10
6.0564999999999998
20
-3.8214999999999999
11
6.0572322440944877
21
-3.8197322440944883
0
LINE
8
BLACK
6
CONTINUOUS
10
6.0572322440944877
20
-3.8197322440944883
11
6.0590000000000002
21
-3.819
0
LINE
8
BLACK
6
CONTINUOUS
10
6.0590000000000002
20
-3.819
11
6.0590000000000002
21
-3.8152480314960631
0
LINE
8
BLACK
6
CONTINUOUS
10
6.0590000000000002
20
-3.8152480314960631
11
6.0682229527559057
21
-3.8152480314960631
0
LINE
8
BLACK
6
CONTINUOUS
10
6.0682229527559057
20
-3.8152480314960631
11
6.067994330708661
21
-3.8146961023622046
0
LINE
8
BLACK
6
CONTINUOUS
10
6.067994330708661
20
-3.8146961023622046
11
6.067994330708661
21
-3.8033018110236219
0
LINE
8
BLACK
6
CONTINUOUS
10
6.067994330708661
20
-3.8033018110236219
11
6.0235143307086609
21
-3.8033018110236219
0
LINE
8
BLACK
6
CONTINUOUS
10
6.0235143307086609
20
-3.8033018110236219
11
6.0233392913385826
21
-3.8032292913385826
0
LINE
8
BLACK
6
CONTINUOUS
10
6.0233392913385826
20
-3.8032292913385826
11
6.0231534645669287
21
-3.803266062992126
0
LINE
8
BLACK
6
CONTINUOUS
10
6.0231534645669287
20
-3.803266062992126
11
6.0227082677165349
21
-3.8029679133858267
0
LINE
8
BLACK
6
CONTINUOUS
10
6.0227082677165349
20
-3.8029679133858267
11
6.022213267716535
21
-3.8027628740157478
0
LINE
8
BLACK
6
CONTINUOUS
10
6.022213267716535
20
-3.8027628740157478
11
6.0221407480314957
21
-3.8025878346456694
0
LINE
8
BLACK
6
CONTINUOUS
10
6.0221407480314957
20
-3.8025878346456694
11
6.0219833464566932
21
-3.8024824409448819
0
LINE
8
BLACK
6
CONTINUOUS
10
6.0219833464566932
20
-3.8024824409448819
11
6.0218793700787403
21
-3.8019568110236222
0
LINE
8
BLACK
6
CONTINUOUS
10
6.0218793700787403
20
-3.8019568110236222
11
6.0216743307086613
21
-3.8014618110236218
0
LINE
8
BLACK
6
CONTINUOUS
10
6.0216743307086613
20
-3.8014618110236218
11
6.0217468110236219
21
-3.801286771653543
0
LINE
8
BLACK
6
CONTINUOUS
10
6.0217468110236219
20
-3.801286771653543
11
6.0217100787401572
21
-3.8011009448818895
0
LINE
8
BLACK
6
CONTINUOUS
10
6.0217100787401572
20
-3.8011009448818895
11
6.0220081889763781
21
-3.8006557480314962
0
LINE
8
BLACK
6
CONTINUOUS
10
6.0220081889763781
20
-3.8006557480314962
11
6.022213267716535
21
-3.8001607480314958
0
LINE
8
BLACK
6
CONTINUOUS
10
6.022213267716535
20
-3.8001607480314958
11
6.0223882677165355
21
-3.8000882283464565
0
LINE
8
BLACK
6
CONTINUOUS
10
6.0223882677165355
20
-3.8000882283464565
11
6.0224937007874013
21
-3.7999308267716536
0
LINE
8
BLACK
6
CONTINUOUS
10
6.0224937007874013
20
-3.7999308267716536
11
6.0289592519685042
21
-3.7956204330708663
0
LINE
8
BLACK
6
CONTINUOUS
10
6.0289592519685042
20
-3.7956204330708663
11
6.033030669291338
21
-3.7915489763779529
0
LINE
8
BLACK
6
CONTINUOUS
10
6.033030669291338
20
-3.7915489763779529
11
6.035102874015748
21
-3.7874046456692914
0
LINE
8
BLACK
6
CONTINUOUS
10
6.035102874015748
20
-3.7874046456692914
11
6.0361667716535434
21
-3.7864819685039368
0
LINE
8
BLACK
6
CONTINUOUS
10
6.0361667716535434
20
-3.7864819685039368
11
6.0375714960629923
21
-3.7865817716535433
0
LINE
8
BLACK
6
CONTINUOUS
10
6.0375714960629923
20
-3.7865817716535433
11
6.0384941732283464
21
-3.7876456692913383
0
LINE
8
BLACK
6
CONTINUOUS
10
6.0384941732283464
20
-3.7876456692913383
11
6.0383943700787404
21
-3.7890503937007871
0
LINE
8
BLACK
6
CONTINUOUS
10
6.0383943700787404
20
-3.7890503937007871
11
6.036188622047244
21
-3.7934618110236218
0
LINE
8
BLACK
6
CONTINUOUS
10
6.036188622047244
20
-3.7934618110236218
11
6.0359598031496065
21
-3.7936602362204725
0
LINE
8
BLACK
6
CONTINUOUS
10
6.0359598031496065
20
-3.7936602362204725
11
6.0358439370078738
21
-3.7939400000000001
0
LINE
8
BLACK
6
CONTINUOUS
10
6.0358439370078738
20
-3.7939400000000001
11
6.0314325196850396
21
-3.7983514566929135
0
LINE
8
BLACK
6
CONTINUOUS
10
6.0314325196850396
20
-3.7983514566929135
11
6.0312574803149603
21
-3.7984239370078741
0
LINE
8
BLACK
6
CONTINUOUS
10
6.0312574803149603
20
-3.7984239370078741
11
6.0311520866141732
21
-3.7985813779527557
0
LINE
8
BLACK
6
CONTINUOUS
10
6.0311520866141732
20
-3.7985813779527557
11
6.0295914173228349
21
-3.7996218110236222
0
LINE
8
BLACK
6
CONTINUOUS
10
6.0295914173228349
20
-3.7996218110236222
11
6.067994330708661
21
-3.7996218110236222
0
LINE
8
BLACK
6
CONTINUOUS
10
6.067994330708661
20
-3.7996218110236222
11
6.067994330708661
21
-3.7882275196850395
0
LINE
8
BLACK
6
CONTINUOUS
10
6.067994330708661
20
-3.7882275196850395
11
6.0685332677165356
21
-3.7869264566929135
0
LINE
8
BLACK
6
CONTINUOUS
10
6.0685332677165356
20
-3.7869264566929135
11
6.0698343307086615
21
-3.7863875196850394
0
LINE
8
BLACK
6
CONTINUOUS
10
6.0698343307086615
20
-3.7863875196850394
11
6.0711353937007875
21
-3.7869264566929135
0
LINE
8
BLACK
6
CONTINUOUS
10
6.0716743307086611
20
-3.8464999999999998
11
6.0716743307086611
21
-3.8499875196850395
0
LINE
8
BLACK
6
CONTINUOUS
10
6.0716743307086611
20
-3.8499875196850395
11
6.0715103937007875
21
-3.850383188976378
0
LINE
8
BLACK
6
CONTINUOUS
10
6.0715103937007875
20
-3.850383188976378
11
6.0714800787401577
21
-3.8508103543307084
0
LINE
8
BLACK
6
CONTINUOUS
10
6.0714800787401577
20
-3.8508103543307084
11
6.0692743700787402
21
-3.8552218503937006
0
LINE
8
BLACK
6
CONTINUOUS
10
6.0692743700787402
20
-3.8552218503937006
11
6.0690455511811026
21
-3.8554202362204721
0
LINE
8
BLACK
6
CONTINUOUS
10
6.0690455511811026
20
-3.8554202362204721
11
6.0689296850393699
21
-3.8557000787401572
0
LINE
8
BLACK
6
CONTINUOUS
10
6.0689296850393699
20
-3.8557000787401572
11
6.0667239370078736
21
-3.8579057874015747
0
LINE
8
BLACK
6
CONTINUOUS
10
6.0667239370078736
20
-3.8579057874015747
11
6.0664441338582673
21
-3.858021653543307
0
LINE
8
BLACK
6
CONTINUOUS
10
6.0664441338582673
20
-3.858021653543307
11
6.0662457480314957
21
-3.8582504330708662
0
LINE
8
BLACK
6
CONTINUOUS
10
6.0662457480314957
20
-3.8582504330708662
11
6.0618343307086615
21
-3.8604561417322834
0
LINE
8
BLACK
6
CONTINUOUS
10
6.0618343307086615
20
-3.8604561417322834
11
6.0614999999999997
21
-3.8604798425196849
0
LINE
8
BLACK
6
CONTINUOUS
10
6.0614999999999997
20
-3.8604798425196849
11
6.0614999999999997
21
-3.9451989763779527
0
LINE
8
BLACK
6
CONTINUOUS
10
6.0614999999999997
20
-3.9451989763779527
11
6.067994330708661
21
-3.9451989763779527
0
LINE
8
BLACK
6
CONTINUOUS
10
6.067994330708661
20
-3.9451989763779527
11
6.067994330708661
21
-3.93380468503937
0
LINE
8
BLACK
6
CONTINUOUS
10
6.067994330708661
20
-3.93380468503937
11
6.0685332677165356
21
-3.932503622047244
0
LINE
8
BLACK
6
CONTINUOUS
10
6.0685332677165356
20
-3.932503622047244
11
6.0698343307086615
21
-3.9319646850393699
0
LINE
8
BLACK
6
CONTINUOUS
10
6.0698343307086615
20
-3.9319646850393699
11
6.0711353937007875
21
-3.932503622047244
0
LINE
8
BLACK
6
CONTINUOUS
10
6.0711353937007875
20
-3.932503622047244
11
6.0716743307086611
21
-3.93380468503937
0
LINE
8
BLACK
6
CONTINUOUS
10
6.0716743307086611
20
-3.93380468503937
11
6.0716743307086611
21
-3.9602732677165355
0
LINE
8
BLACK
6
CONTINUOUS
10
6.0716743307086611
20
-3.9602732677165355
11
6.0711353937007875
21
-3.9615743307086615
0
LINE
8
BLACK
6
CONTINUOUS
10
6.0711353937007875
20
-3.9615743307086615
11
6.0698343307086615
21
-3.9621132677165352
0
LINE
8
BLACK
6
CONTINUOUS
10
6.0698343307086615
20
-3.9621132677165352
11
6.0685332677165356
21
-3.9615743307086615
0
LINE
8
BLACK
6
CONTINUOUS
10
6.0685332677165356
20
-3.9615743307086615
11
6.067994330708661
21
-3.9602732677165355
0
LINE
8
BLACK
6
CONTINUOUS
10
6.067994330708661
20
-3.9602732677165355
11
6.067994330708661
21
-3.9488789763779528
0
LINE
8
BLACK
6
CONTINUOUS
10
6.067994330708661
20
-3.9488789763779528
11
6.0614999999999997
21
-3.9488789763779528
0
LINE
8
BLACK
6
CONTINUOUS
10
6.0614999999999997
20
-3.9488789763779528
11
6.0614999999999997
21
-3.9714999999999998
0
LINE
8
BLACK
6
CONTINUOUS
10
6.0614999999999997
20
-3.9714999999999998
11
6.1064999999999996
21
-3.9714999999999998
0
LINE
8
BLACK
6
CONTINUOUS
10
6.1064999999999996
20
-3.9714999999999998
11
6.1064999999999996
21
-3.8464999999999998
0
LINE
8
BLACK
6
CONTINUOUS
10
6.1064999999999996
20
-3.8464999999999998
11
6.0716743307086611
21
-3.8464999999999998
0
LINE
8
BLACK
6
CONTINUOUS
10
6.0614999999999997
20
-3.8464999999999998
11
6.0614999999999997
21
-3.856508897637795
0
LINE
8
BLACK
6
CONTINUOUS
10
6.0614999999999997
20
-3.856508897637795
11
6.0643329133858268
21
-3.8550924409448819
0
LINE
8
BLACK
6
CONTINUOUS
10
6.0643329133858268
20
-3.8550924409448819
11
6.0661164173228341
21
-3.8533089763779529
0
LINE
8
BLACK
6
CONTINUOUS
10
6.0661164173228341
20
-3.8533089763779529
11
6.067994330708661
21
-3.8495531496062991
0
LINE
8
BLACK
6
CONTINUOUS
10
6.067994330708661
20
-3.8495531496062991
11
6.067994330708661
21
-3.8464999999999998
0
LINE
8
BLACK
6
CONTINUOUS
10
6.067994330708661
20
-3.8464999999999998
11
6.0614999999999997
21
-3.8464999999999998
0
LINE
8
BLACK
6
CONTINUOUS
10
6.05348968503937
20
-3.8773607480314958
11
6.0540286220472437
21
-3.8786618110236222
0
LINE
8
BLACK
6
CONTINUOUS
10
6.0540286220472437
20
-3.8786618110236222
11
6.0540286220472437
21
-3.9139532677165354
0
LINE
8
BLACK
6
CONTINUOUS
10
6.0540286220472437
20
-3.9139532677165354
11
6.05348968503937
21
-3.9152543307086614
0
LINE
8
BLACK
6
CONTINUOUS
10
6.05348968503937
20
-3.9152543307086614
11
6.0521886220472441
21
-3.9157932677165355
0
LINE
8
BLACK
6
CONTINUOUS
10
6.0521886220472441
20
-3.9157932677165355
11
6.0508875590551181
21
-3.9152543307086614
0
LINE
8
BLACK
6
CONTINUOUS
10
6.0508875590551181
20
-3.9152543307086614
11
6.0503486220472436
21
-3.9139532677165354
0
LINE
8
BLACK
6
CONTINUOUS
10
6.0503486220472436
20
-3.9139532677165354
11
6.0503486220472436
21
-3.8786618110236222
0
LINE
8
BLACK
6
CONTINUOUS
10
6.0503486220472436
20
-3.8786618110236222
11
6.0508875590551181
21
-3.8773607480314958
0
LINE
8
BLACK
6
CONTINUOUS
10
6.0508875590551181
20
-3.8773607480314958
11
6.0521886220472441
21
-3.8768218110236221
0
LINE
8
BLACK
6
CONTINUOUS
10
6.0521886220472441
20
-3.8768218110236221
11
6.05348968503937
21
-3.8773607480314958
0
LINE
8
BLACK
6
CONTINUOUS
10
6.1336353937007875
20
-3.7508721653543304
11
6.1341743307086611
21
-3.7521732283464564
0
LINE
8
BLACK
6
CONTINUOUS
10
6.1341743307086611
20
-3.7521732283464564
11
6.1341743307086611
21
-3.778641811023622
0
LINE
8
BLACK
6
CONTINUOUS
10
6.1341743307086611
20
-3.778641811023622
11
6.1336353937007875
21
-3.7799428740157479
0
LINE
8
BLACK
6
CONTINUOUS
10
6.1336353937007875
20
-3.7799428740157479
11
6.1323343307086615
21
-3.780481811023622
0
LINE
8
BLACK
6
CONTINUOUS
10
6.1323343307086615
20
-3.780481811023622
11
6.1310332677165356
21
-3.7799428740157479
0
LINE
8
BLACK
6
CONTINUOUS
10
6.1310332677165356
20
-3.7799428740157479
11
6.130494330708661
21
-3.778641811023622
0
LINE
8
BLACK
6
CONTINUOUS
10
6.130494330708661
20
-3.778641811023622
11
6.130494330708661
21
-3.7672475196850392
0
LINE
8
BLACK
6
CONTINUOUS
10
6.130494330708661
20
-3.7672475196850392
11
6.0860143307086609
21
-3.7672475196850392
0
LINE
8
BLACK
6
CONTINUOUS
10
6.0860143307086609
20
-3.7672475196850392
11
6.0858392913385826
21
-3.7671749999999999
0
LINE
8
BLACK
6
CONTINUOUS
10
6.0858392913385826
20
-3.7671749999999999
11
6.0856534645669287
21
-3.7672117716535434
0
LINE
8
BLACK
6
CONTINUOUS
10
6.0856534645669287
20
-3.7672117716535434
11
6.0852082677165349
21
-3.7669136220472441
0
LINE
8
BLACK
6
CONTINUOUS
10
6.0852082677165349
20
-3.7669136220472441
11
6.084713267716535
21
-3.7667085826771651
0
LINE
8
BLACK
6
CONTINUOUS
10
6.084713267716535
20
-3.7667085826771651
11
6.0846407480314957
21
-3.7665335433070863
0
LINE
8
BLACK
6
CONTINUOUS
10
6.0846407480314957
20
-3.7665335433070863
11
6.0844833464566932
21
-3.7664281496062992
0
LINE
8
BLACK
6
CONTINUOUS
10
6.0844833464566932
20
-3.7664281496062992
11
6.0843793700787403
21
-3.7659025196850391
0
LINE
8
BLACK
6
CONTINUOUS
10
6.0843793700787403
20
-3.7659025196850391
11
6.0841743307086613
21
-3.7654075196850392
0
LINE
8
BLACK
6
CONTINUOUS
10
6.0841743307086613
20
-3.7654075196850392
11
6.0842468110236219
21
-3.7652324803149604
0
LINE
8
BLACK
6
CONTINUOUS
10
6.0842468110236219
20
-3.7652324803149604
11
6.0842100787401572
21
-3.7650466535433069
0
LINE
8
BLACK
6
CONTINUOUS
10
6.0842100787401572
20
-3.7650466535433069
11
6.0845081889763781
21
-3.7646014566929131
0
LINE
8
BLACK
6
CONTINUOUS
10
6.0845081889763781
20
-3.7646014566929131
11
6.084713267716535
21
-3.7641064566929132
0
LINE
8
BLACK
6
CONTINUOUS
10
6.084713267716535
20
-3.7641064566929132
11
6.0848882677165355
21
-3.7640339370078739
0
LINE
8
BLACK
6
CONTINUOUS
10
6.0848882677165355
20
-3.7640339370078739
11
6.0849937007874013
21
-3.763876535433071
0
LINE
8
BLACK
6
CONTINUOUS
10
6.0849937007874013
20
-3.763876535433071
11
6.0914592519685042
21
-3.7595661417322832
0
LINE
8
BLACK
6
CONTINUOUS
10
6.0914592519685042
20
-3.7595661417322832
11
6.095530669291338
21
-3.7554946850393698
0
LINE
8
BLACK
6
CONTINUOUS
10
6.095530669291338
20
-3.7554946850393698
11
6.097602874015748
21
-3.7513503543307087
0
LINE
8
BLACK
6
CONTINUOUS
10
6.097602874015748
20
-3.7513503543307087
11
6.0986667716535434
21
-3.7504276771653542
0
LINE
8
BLACK
6
CONTINUOUS
10
6.0986667716535434
20
-3.7504276771653542
11
6.1000714960629923
21
-3.7505274803149606
0
LINE
8
BLACK
6
CONTINUOUS
10
6.1000714960629923
20
-3.7505274803149606
11
6.1009941732283464
21
-3.7515913779527557
0
LINE
8
BLACK
6
CONTINUOUS
10
6.1009941732283464
20
-3.7515913779527557
11
6.1008943700787404
21
-3.7529961023622045
0
LINE
8
BLACK
6
CONTINUOUS
10
6.1008943700787404
20
-3.7529961023622045
11
6.098688622047244
21
-3.7574075196850392
0
LINE
8
BLACK
6
CONTINUOUS
10
6.098688622047244
20
-3.7574075196850392
11
6.0984598031496065
21
-3.7576059448818895
0
LINE
8
BLACK
6
CONTINUOUS
10
6.0984598031496065
20
-3.7576059448818895
11
6.0983439370078738
21
-3.757885708661417
0
LINE
8
BLACK
6
CONTINUOUS
10
6.0983439370078738
20
-3.757885708661417
11
6.0939325196850396
21
-3.7622971653543305
0
LINE
8
BLACK
6
CONTINUOUS
10
6.0939325196850396
20
-3.7622971653543305
11
6.0937574803149603
21
-3.7623696456692914
0
LINE
8
BLACK
6
CONTINUOUS
10
6.0937574803149603
20
-3.7623696456692914
11
6.0936520866141732
21
-3.7625270866141731
0
LINE
8
BLACK
6
CONTINUOUS
10
6.0936520866141732
20
-3.7625270866141731
11
6.0920914173228349
21
-3.7635675196850391
0
LINE
8
BLACK
6
CONTINUOUS
10
6.0920914173228349
20
-3.7635675196850391
11
6.130494330708661
21
-3.7635675196850391
0
LINE
8
BLACK
6
CONTINUOUS
10
6.130494330708661
20
-3.7635675196850391
11
6.130494330708661
21
-3.7521732283464564
0
LINE
8
BLACK
6
CONTINUOUS
10
6.130494330708661
20
-3.7521732283464564
11
6.1310332677165356
21
-3.7508721653543304
0
LINE
8
BLACK
6
CONTINUOUS
10
6.1310332677165356
20
-3.7508721653543304
11
6.1323343307086615
21
-3.7503332283464568
0
LINE
8
BLACK
6
CONTINUOUS
10
6.1323343307086615
20
-3.7503332283464568
11
6.1336353937007875
21
-3.7508721653543304
0
LINE
8
BLACK
6
CONTINUOUS
10
6.2456571653543307
20
-3.7446418110236221
11
6.2465798818897635
21
-3.7457056692913384
0
LINE
8
BLACK
6
CONTINUOUS
10
6.2465798818897635
20
-3.7457056692913384
11
6.2464800393700788
21
-3.7471103937007872
0
LINE
8
BLACK
6
CONTINUOUS
10
6.2464800393700788
20
-3.7471103937007872
11
6.2454161811023621
21
-3.7480331102362205
0
LINE
8
BLACK
6
CONTINUOUS
10
6.2454161811023621
20
-3.7480331102362205
11
6.2334400393700786
21
-3.7520251574803147
0
LINE
8
BLACK
6
CONTINUOUS
10
6.2334400393700786
20
-3.7520251574803147
11
6.2334400393700786
21
-3.7714298818897638
0
LINE
8
BLACK
6
CONTINUOUS
10
6.2334400393700786
20
-3.7714298818897638
11
6.2454161811023621
21
-3.775421929133858
0
LINE
8
BLACK
6
CONTINUOUS
10
6.2454161811023621
20
-3.775421929133858
11
6.2464800393700788
21
-3.7763446456692913
0
LINE
8
BLACK
6
CONTINUOUS
10
6.2464800393700788
20
-3.7763446456692913
11
6.2465798818897635
21
-3.7777493700787401
0
LINE
8
BLACK
6
CONTINUOUS
10
6.2465798818897635
20
-3.7777493700787401
11
6.2456571653543307
21
-3.7788132283464564
0
LINE
8
BLACK
6
CONTINUOUS
10
6.2456571653543307
20
-3.7788132283464564
11
6.2442524409448819
21
-3.7789131102362203
0
LINE
8
BLACK
6
CONTINUOUS
10
6.2442524409448819
20
-3.7789131102362203
11
6.1979324803149609
21
-3.7634731102362204
0
LINE
8
BLACK
6
CONTINUOUS
10
6.1979324803149609
20
-3.7634731102362204
11
6.1978285826771655
21
-3.763382992125984
0
LINE
8
BLACK
6
CONTINUOUS
10
6.1978285826771655
20
-3.763382992125984
11
6.1976914566929135
21
-3.7633732677165352
0
LINE
8
BLACK
6
CONTINUOUS
10
6.1976914566929135
20
-3.7633732677165352
11
6.1973092519685036
21
-3.7629325590551179
0
LINE
8
BLACK
6
CONTINUOUS
10
6.1973092519685036
20
-3.7629325590551179
11
6.1968685826771654
21
-3.7625503937007871
0
LINE
8
BLACK
6
CONTINUOUS
10
6.1968685826771654
20
-3.7625503937007871
11
6.1968588188976375
21
-3.7624132283464564
0
LINE
8
BLACK
6
CONTINUOUS
10
6.1968588188976375
20
-3.7624132283464564
11
6.1967687401574798
21
-3.7623093700787402
0
LINE
8
BLACK
6
CONTINUOUS
10
6.1967687401574798
20
-3.7623093700787402
11
6.1968100787401577
21
-3.7617275196850395
0
LINE
8
BLACK
6
CONTINUOUS
10
6.1968100787401577
20
-3.7617275196850395
11
6.1967687401574798
21
-3.7611456692913383
0
LINE
8
BLACK
6
CONTINUOUS
10
6.1967687401574798
20
-3.7611456692913383
11
6.1968588188976375
21
-3.7610417716535434
0
LINE
8
BLACK
6
CONTINUOUS
10
6.1968588188976375
20
-3.7610417716535434
11
6.1968685826771654
21
-3.7609046456692914
0
LINE
8
BLACK
6
CONTINUOUS
10
6.1968685826771654
20
-3.7609046456692914
11
6.1973092519685036
21
-3.7605224409448819
0
LINE
8
BLACK
6
CONTINUOUS
10
6.1973092519685036
20
-3.7605224409448819
11
6.1976914566929135
21
-3.7600817716535433
0
LINE
8
BLACK
6
CONTINUOUS
10
6.1976914566929135
20
-3.7600817716535433
11
6.1978285826771655
21
-3.7600720078740157
0
LINE
8
BLACK
6
CONTINUOUS
10
6.1978285826771655
20
-3.7600720078740157
11
6.1979324803149609
21
-3.7599819291338581
0
LINE
8
BLACK
6
CONTINUOUS
10
6.1979324803149609
20
-3.7599819291338581
11
6.2442524409448819
21
-3.7445419291338582
0
LINE
8
BLACK
6
CONTINUOUS
10
6.2442524409448819
20
-3.7445419291338582
11
6.2456571653543307
21
-3.7446418110236221
0
LINE
8
BLACK
6
CONTINUOUS
10
6.2043329527559052
20
-3.7617275196850395
11
6.2297600393700785
21
-3.7702031889763781
0
LINE
8
BLACK
6
CONTINUOUS
10
6.2297600393700785
20
-3.7702031889763781
11
6.2297600393700785
21
-3.7532518110236222
0
LINE
8
BLACK
6
CONTINUOUS
10
6.2297600393700785
20
-3.7532518110236222
11
6.2043329527559052
21
-3.7617275196850395
0
LINE
8
BLACK
6
CONTINUOUS
10
6.0524040944881889
20
-3.7423624803149607
11
6.0526348818897633
21
-3.742328149606299
0
LINE
8
BLACK
6
CONTINUOUS
10
6.0526348818897633
20
-3.742328149606299
11
6.0614577165354326
21
-3.7445338582677166
0
LINE
8
BLACK
6
CONTINUOUS
10
6.0614577165354326
20
-3.7445338582677166
11
6.0616257480314957
21
-3.7446583464566929
0
LINE
8
BLACK
6
CONTINUOUS
10
6.0616257480314957
20
-3.7446583464566929
11
6.0618343307086615
21
-3.7446731889763778
0
LINE
8
BLACK
6
CONTINUOUS
10
6.0618343307086615
20
-3.7446731889763778
11
6.0662457480314957
21
-3.7468788976377954
0
LINE
8
BLACK
6
CONTINUOUS
10
6.0662457480314957
20
-3.7468788976377954
11
6.0664441732283461
21
-3.7471076771653542
0
LINE
8
BLACK
6
CONTINUOUS
10
6.0664441732283461
20
-3.7471076771653542
11
6.0667239370078736
21
-3.7472235826771652
0
LINE
8
BLACK
6
CONTINUOUS
10
6.0667239370078736
20
-3.7472235826771652
11
6.0689297244094487
21
-3.7494293307086615
0
LINE
8
BLACK
6
CONTINUOUS
10
6.0689297244094487
20
-3.7494293307086615
11
6.0690455905511813
21
-3.749709094488189
0
LINE
8
BLACK
6
CONTINUOUS
10
6.0690455905511813
20
-3.749709094488189
11
6.0692743700787402
21
-3.7499075196850393
0
LINE
8
BLACK
6
CONTINUOUS
10
6.0692743700787402
20
-3.7499075196850393
11
6.0714800787401577
21
-3.754318937007874
0
LINE
8
BLACK
6
CONTINUOUS
10
6.0714800787401577
20
-3.754318937007874
11
6.0715103937007875
21
-3.7547461023622049
0
LINE
8
BLACK
6
CONTINUOUS
10
6.0715103937007875
20
-3.7547461023622049
11
6.0716743307086611
21
-3.7551418110236221
0
LINE
8
BLACK
6
CONTINUOUS
10
6.0716743307086611
20
-3.7551418110236221
11
6.0716743307086611
21
-3.7595532283464568
0
LINE
8
BLACK
6
CONTINUOUS
10
6.0716743307086611
20
-3.7595532283464568
11
6.0715103937007875
21
-3.7599488976377953
0
LINE
8
BLACK
6
CONTINUOUS
10
6.0715103937007875
20
-3.7599488976377953
11
6.0714800787401577
21
-3.7603761023622044
0
LINE
8
BLACK
6
CONTINUOUS
10
6.0714800787401577
20
-3.7603761023622044
11
6.0692743700787402
21
-3.7647875196850391
0
LINE
8
BLACK
6
CONTINUOUS
10
6.0692743700787402
20
-3.7647875196850391
11
6.0690455905511813
21
-3.7649859055118111
0
LINE
8
BLACK
6
CONTINUOUS
10
6.0690455905511813
20
-3.7649859055118111
11
6.0689297244094487
21
-3.7652657086614174
0
LINE
8
BLACK
6
CONTINUOUS
10
6.0689297244094487
20
-3.7652657086614174
11
6.0667239370078736
21
-3.7674714566929133
0
LINE
8
BLACK
6
CONTINUOUS
10
6.0667239370078736
20
-3.7674714566929133
11
6.0664441732283461
21
-3.7675873228346455
0
LINE
8
BLACK
6
CONTINUOUS
10
6.0664441732283461
20
-3.7675873228346455
11
6.0662457480314957
21
-3.7678161417322835
0
LINE
8
BLACK
6
CONTINUOUS
10
6.0662457480314957
20
-3.7678161417322835
11
6.0618343307086615
21
-3.7700218503937006
0
LINE
8
BLACK
6
CONTINUOUS
10
6.0618343307086615
20
-3.7700218503937006
11
6.0616257480314957
21
-3.7700366535433072
0
LINE
8
BLACK
6
CONTINUOUS
10
6.0616257480314957
20
-3.7700366535433072
11
6.0614577165354326
21
-3.7701611811023623
0
LINE
8
BLACK
6
CONTINUOUS
10
6.0614577165354326
20
-3.7701611811023623
11
6.0526348818897633
21
-3.7723668897637794
0
LINE
8
BLACK
6
CONTINUOUS
10
6.0526348818897633
20
-3.7723668897637794
11
6.0524040944881889
21
-3.7723325196850395
0
LINE
8
BLACK
6
CONTINUOUS
10
6.0524040944881889
20
-3.7723325196850395
11
6.0521886220472441
21
-3.7724218110236221
0
LINE
8
BLACK
6
CONTINUOUS
10
6.0521886220472441
20
-3.7724218110236221
11
6.0411600393700784
21
-3.7724218110236221
0
LINE
8
BLACK
6
CONTINUOUS
10
6.0411600393700784
20
-3.7724218110236221
11
6.0409445275590548
21
-3.7723325196850395
0
LINE
8
BLACK
6
CONTINUOUS
10
6.0409445275590548
20
-3.7723325196850395
11
6.0407137795275592
21
-3.7723668897637794
0
LINE
8
BLACK
6
CONTINUOUS
10
6.0407137795275592
20
-3.7723668897637794
11
6.0318909055118111
21
-3.7701611811023623
0
LINE
8
BLACK
6
CONTINUOUS
10
6.0318909055118111
20
-3.7701611811023623
11
6.0317228346456693
21
-3.7700366535433072
0
LINE
8
BLACK
6
CONTINUOUS
10
6.0317228346456693
20
-3.7700366535433072
11
6.0315142913385822
21
-3.7700218503937006
0
LINE
8
BLACK
6
CONTINUOUS
10
6.0315142913385822
20
-3.7700218503937006
11
6.027102874015748
21
-3.7678161417322835
0
LINE
8
BLACK
6
CONTINUOUS
10
6.027102874015748
20
-3.7678161417322835
11
6.0269044488188976
21
-3.7675873228346455
0
LINE
8
BLACK
6
CONTINUOUS
10
6.0269044488188976
20
-3.7675873228346455
11
6.0266246456692913
21
-3.7674714566929133
0
LINE
8
BLACK
6
CONTINUOUS
10
6.0266246456692913
20
-3.7674714566929133
11
6.0244189370078738
21
-3.7652657086614174
0
LINE
8
BLACK
6
CONTINUOUS
10
6.0244189370078738
20
-3.7652657086614174
11
6.0243030314960633
21
-3.7649859055118111
0
LINE
8
BLACK
6
CONTINUOUS
10
6.0243030314960633
20
-3.7649859055118111
11
6.0240742913385823
21
-3.7647875196850391
0
LINE
8
BLACK
6
CONTINUOUS
10
6.0240742913385823
20
-3.7647875196850391
11
6.0218685826771656
21
-3.7603761023622044
0
LINE
8
BLACK
6
CONTINUOUS
10
6.0218685826771656
20
-3.7603761023622044
11
6.0218382283464562
21
-3.7599488976377953
0
LINE
8
BLACK
6
CONTINUOUS
10
6.0218382283464562
20
-3.7599488976377953
11
6.0216743307086613
21
-3.7595532283464568
0
LINE
8
BLACK
6
CONTINUOUS
10
6.0216743307086613
20
-3.7595532283464568
11
6.0216743307086613
21
-3.7551418110236221
0
LINE
8
BLACK
6
CONTINUOUS
10
6.0216743307086613
20
-3.7551418110236221
11
6.0218382283464562
21
-3.7547461023622049
0
LINE
8
BLACK
6
CONTINUOUS
10
6.0218382283464562
20
-3.7547461023622049
11
6.0218685826771656
21
-3.754318937007874
0
LINE
8
BLACK
6
CONTINUOUS
10
6.0218685826771656
20
-3.754318937007874
11
6.0240742913385823
21
-3.7499075196850393
0
LINE
8
BLACK
6
CONTINUOUS
10
6.0240742913385823
20
-3.7499075196850393
11
6.0243030314960633
21
-3.749709094488189
0
LINE
8
BLACK
6
CONTINUOUS
10
6.0243030314960633
20
-3.749709094488189
11
6.0244189370078738
21
-3.7494293307086615
0
LINE
8
BLACK
6
CONTINUOUS
10
6.0244189370078738
20
-3.7494293307086615
11
6.0266246456692913
21
-3.7472235826771652
0
LINE
8
BLACK
6
CONTINUOUS
10
6.0266246456692913
20
-3.7472235826771652
11
6.0269044488188976
21
-3.7471076771653542
0
LINE
8
BLACK
6
CONTINUOUS
10
6.0269044488188976
20
-3.7471076771653542
11
6.027102874015748
21
-3.7468788976377954
0
LINE
8
BLACK
6
CONTINUOUS
10
6.027102874015748
20
-3.7468788976377954
11
6.0315142913385822
21
-3.7446731889763778
0
LINE
8
BLACK
6
CONTINUOUS
10
6.0315142913385822
20
-3.7446731889763778
11
6.0317228346456693
21
-3.7446583464566929
0
LINE
8
BLACK
6
CONTINUOUS
10
6.0317228346456693
20
-3.7446583464566929
11
6.0318909055118111
21
-3.7445338582677166
0
LINE
8
BLACK
6
CONTINUOUS
10
6.0318909055118111
20
-3.7445338582677166
11
6.0407137795275592
21
-3.742328149606299
0
LINE
8
BLACK
6
CONTINUOUS
10
6.0407137795275592
20
-3.742328149606299
11
6.0409445275590548
21
-3.7423624803149607
0
LINE
8
BLACK
6
CONTINUOUS
10
6.0409445275590548
20
-3.7423624803149607
11
6.0411600393700784
21
-3.7422732283464568
0
LINE
8
BLACK
6
CONTINUOUS
10
6.0411600393700784
20
-3.7422732283464568
11
6.0521886220472441
21
-3.7422732283464568
0
LINE
8
BLACK
6
CONTINUOUS
10
6.0521886220472441
20
-3.7422732283464568
11
6.0524040944881889
21
-3.7423624803149607
0
LINE
8
BLACK
6
CONTINUOUS
10
6.0329792913385827
20
-3.7480550393700787
11
6.0290157086614169
21
-3.7500368110236217
0
LINE
8
BLACK
6
CONTINUOUS
10
6.0290157086614169
20
-3.7500368110236217
11
6.0272322440944883
21
-3.75182031496063
0
LINE
8
BLACK
6
CONTINUOUS
10
6.0272322440944883
20
-3.75182031496063
11
6.0253543307086614
21
-3.755576181102362
0
LINE
8
BLACK
6
CONTINUOUS
10
6.0253543307086614
20
-3.755576181102362
11
6.0253543307086614
21
-3.7591188582677164
0
LINE
8
BLACK
6
CONTINUOUS
10
6.0253543307086614
20
-3.7591188582677164
11
6.0272322440944883
21
-3.7628746850393702
0
LINE
8
BLACK
6
CONTINUOUS
10
6.0272322440944883
20
-3.7628746850393702
11
6.0290157086614169
21
-3.7646581889763779
0
LINE
8
BLACK
6
CONTINUOUS
10
6.0290157086614169
20
-3.7646581889763779
11
6.0329792913385827
21
-3.766639960629921
0
LINE
8
BLACK
6
CONTINUOUS
10
6.0329792913385827
20
-3.766639960629921
11
6.041386614173228
21
-3.7687418110236219
0
LINE
8
BLACK
6
CONTINUOUS
10
6.041386614173228
20
-3.7687418110236219
11
6.0519620472440945
21
-3.7687418110236219
0
LINE
8
BLACK
6
CONTINUOUS
10
6.0519620472440945
20
-3.7687418110236219
11
6.0603692913385823
21
-3.7666399999999998
0
LINE
8
BLACK
6
CONTINUOUS
10
6.0603692913385823
20
-3.7666399999999998
11
6.0643329527559056
21
-3.7646581496062992
0
LINE
8
BLACK
6
CONTINUOUS
10
6.0643329527559056
20
-3.7646581496062992
11
6.0661163779527554
21
-3.7628746850393702
0
LINE
8
BLACK
6
CONTINUOUS
10
6.0661163779527554
20
-3.7628746850393702
11
6.067994330708661
21
-3.7591188582677164
0
LINE
8
BLACK
6
CONTINUOUS
10
6.067994330708661
20
-3.7591188582677164
11
6.067994330708661
21
-3.755576181102362
0
LINE
8
BLACK
6
CONTINUOUS
10
6.067994330708661
20
-3.755576181102362
11
6.0661163779527554
21
-3.75182031496063
0
LINE
8
BLACK
6
CONTINUOUS
10
6.0661163779527554
20
-3.75182031496063
11
6.0643329527559056
21
-3.7500368503937005
0
LINE
8
BLACK
6
CONTINUOUS
10
6.0643329527559056
20
-3.7500368503937005
11
6.0603692913385823
21
-3.7480550393700787
0
LINE
8
BLACK
6
CONTINUOUS
10
6.0603692913385823
20
-3.7480550393700787
11
6.0519620472440945
21
-3.7459532283464565
0
LINE
8
BLACK
6
CONTINUOUS
10
6.0519620472440945
20
-3.7459532283464565
11
6.041386614173228
21
-3.7459532283464565
0
LINE
8
BLACK
6
CONTINUOUS
10
6.041386614173228
20
-3.7459532283464565
11
6.0329792913385827
21
-3.7480550393700787
0
LINE
8
BLACK
6
CONTINUOUS
10
6.0974385433070868
20
-3.7063828346456691
11
6.0978657480314959
21
-3.7064131889763781
0
LINE
8
BLACK
6
CONTINUOUS
10
6.0978657480314959
20
-3.7064131889763781
11
6.1022772047244089
21
-3.7086188976377952
0
LINE
8
BLACK
6
CONTINUOUS
10
6.1022772047244089
20
-3.7086188976377952
11
6.1024756299212601
21
-3.7088476771653545
0
LINE
8
BLACK
6
CONTINUOUS
10
6.1024756299212601
20
-3.7088476771653545
11
6.1027553937007877
21
-3.7089635826771654
0
LINE
8
BLACK
6
CONTINUOUS
10
6.1027553937007877
20
-3.7089635826771654
11
6.1049611023622044
21
-3.7111692519685038
0
LINE
8
BLACK
6
CONTINUOUS
10
6.1049611023622044
20
-3.7111692519685038
11
6.105076968503937
21
-3.7114490551181101
0
LINE
8
BLACK
6
CONTINUOUS
10
6.105076968503937
20
-3.7114490551181101
11
6.1053057874015746
21
-3.7116474803149604
0
LINE
8
BLACK
6
CONTINUOUS
10
6.1053057874015746
20
-3.7116474803149604
11
6.1058657086614172
21
-3.7127674015748031
0
LINE
8
BLACK
6
CONTINUOUS
10
6.1058657086614172
20
-3.7127674015748031
11
6.1064257086614173
21
-3.7116474803149604
0
LINE
8
BLACK
6
CONTINUOUS
10
6.1064257086614173
20
-3.7116474803149604
11
6.1066544881889762
21
-3.7114490157480313
0
LINE
8
BLACK
6
CONTINUOUS
10
6.1066544881889762
20
-3.7114490157480313
11
6.1067703937007876
21
-3.7111692913385825
0
LINE
8
BLACK
6
CONTINUOUS
10
6.1067703937007876
20
-3.7111692913385825
11
6.1089760629921255
21
-3.7089635826771654
0
LINE
8
BLACK
6
CONTINUOUS
10
6.1089760629921255
20
-3.7089635826771654
11
6.1092558661417318
21
-3.7088476771653545
0
LINE
8
BLACK
6
CONTINUOUS
10
6.1092558661417318
20
-3.7088476771653545
11
6.109454291338583
21
-3.7086188976377952
0
LINE
8
BLACK
6
CONTINUOUS
10
6.109454291338583
20
-3.7086188976377952
11
6.1138657874015747
21
-3.7064131889763781
0
LINE
8
BLACK
6
CONTINUOUS
10
6.1138657874015747
20
-3.7064131889763781
11
6.1142929133858264
21
-3.7063828346456691
0
LINE
8
BLACK
6
CONTINUOUS
10
6.1142929133858264
20
-3.7063828346456691
11
6.1146886220472441
21
-3.7062189370078737
0
LINE
8
BLACK
6
CONTINUOUS
10
6.1146886220472441
20
-3.7062189370078737
11
6.1235114566929134
21
-3.7062189370078737
0
LINE
8
BLACK
6
CONTINUOUS
10
6.1235114566929134
20
-3.7062189370078737
11
6.1239071259842515
21
-3.7063828346456691
0
LINE
8
BLACK
6
CONTINUOUS
10
6.1239071259842515
20
-3.7063828346456691
11
6.1243343307086615
21
-3.7064131889763781
0
LINE
8
BLACK
6
CONTINUOUS
10
6.1243343307086615
20
-3.7064131889763781
11
6.1287457480314957
21
-3.7086188976377952
0
LINE
8
BLACK
6
CONTINUOUS
10
6.1287457480314957
20
-3.7086188976377952
11
6.1289441338582673
21
-3.7088476377952757
0
LINE
8
BLACK
6
CONTINUOUS
10
6.1289441338582673
20
-3.7088476377952757
11
6.1292239370078736
21
-3.7089635433070867
0
LINE
8
BLACK
6
CONTINUOUS
10
6.1292239370078736
20
-3.7089635433070867
11
6.1314296850393699
21
-3.7111692519685038
0
LINE
8
BLACK
6
CONTINUOUS
10
6.1314296850393699
20
-3.7111692519685038
11
6.1315455511811026
21
-3.7114490551181101
0
LINE
8
BLACK
6
CONTINUOUS
10
6.1315455511811026
20
-3.7114490551181101
11
6.1317743700787402
21
-3.7116474803149604
0
LINE
8
BLACK
6
CONTINUOUS
10
6.1317743700787402
20
-3.7116474803149604
11
6.1339800787401577
21
-3.7160589763779526
0
LINE
8
BLACK
6
CONTINUOUS
10
6.1339800787401577
20
-3.7160589763779526
11
6.1340103937007875
21
-3.7164861023622047
0
LINE
8
BLACK
6
CONTINUOUS
10
6.1340103937007875
20
-3.7164861023622047
11
6.1341743307086611
21
-3.7168818110236219
0
LINE
8
BLACK
6
CONTINUOUS
10
6.1341743307086611
20
-3.7168818110236219
11
6.1341743307086611
21
-3.7257046456692913
0
LINE
8
BLACK
6
CONTINUOUS
10
6.1341743307086611
20
-3.7257046456692913
11
6.1340103937007875
21
-3.7261003149606298
0
LINE
8
BLACK
6
CONTINUOUS
10
6.1340103937007875
20
-3.7261003149606298
11
6.1339800787401577
21
-3.7265274803149606
0
LINE
8
BLACK
6
CONTINUOUS
10
6.1339800787401577
20
-3.7265274803149606
11
6.1317743700787402
21
-3.7309389763779528
0
LINE
8
BLACK
6
CONTINUOUS
10
6.1317743700787402
20
-3.7309389763779528
11
6.1315455511811026
21
-3.7311373622047244
0
LINE
8
BLACK
6
CONTINUOUS
10
6.1315455511811026
20
-3.7311373622047244
11
6.1314296850393699
21
-3.7314172047244094
0
LINE
8
BLACK
6
CONTINUOUS
10
6.1314296850393699
20
-3.7314172047244094
11
6.1292239370078736
21
-3.7336229133858265
0
LINE
8
BLACK
6
CONTINUOUS
10
6.1292239370078736
20
-3.7336229133858265
11
6.1289441338582673
21
-3.7337387795275592
0
LINE
8
BLACK
6
CONTINUOUS
10
6.1289441338582673
20
-3.7337387795275592
11
6.1287457480314957
21
-3.733967559055118
0
LINE
8
BLACK
6
CONTINUOUS
10
6.1287457480314957
20
-3.733967559055118
11
6.1243343307086615
21
-3.7361732677165351
0
LINE
8
BLACK
6
CONTINUOUS
10
6.1243343307086615
20
-3.7361732677165351
11
6.1239071259842515
21
-3.7362035826771653
0
LINE
8
BLACK
6
CONTINUOUS
10
6.1239071259842515
20
-3.7362035826771653
11
6.1235114566929134
21
-3.7363675196850394
0
LINE
8
BLACK
6
CONTINUOUS
10
6.1235114566929134
20
-3.7363675196850394
11
6.1146886220472441
21
-3.7363675196850394
0
LINE
8
BLACK
6
CONTINUOUS
10
6.1146886220472441
20
-3.7363675196850394
11
6.1142929133858264
21
-3.7362035826771653
0
LINE
8
BLACK
6
CONTINUOUS
10
6.1142929133858264
20
-3.7362035826771653
11
6.1138657874015747
21
-3.7361732677165351
0
LINE
8
BLACK
6
CONTINUOUS
10
6.1138657874015747
20
-3.7361732677165351
11
6.109454291338583
21
-3.733967559055118
0
LINE
8
BLACK
6
CONTINUOUS
10
6.109454291338583
20
-3.733967559055118
11
6.1092558661417318
21
-3.7337387401574804
0
LINE
8
BLACK
6
CONTINUOUS
10
6.1092558661417318
20
-3.7337387401574804
11
6.1089760629921255
21
-3.7336228740157478
0
LINE
8
BLACK
6
CONTINUOUS
10
6.1089760629921255
20
-3.7336228740157478
11
6.1067703937007876
21
-3.7314171653543307
0
LINE
8
BLACK
6
CONTINUOUS
10
6.1067703937007876
20
-3.7314171653543307
11
6.1066544881889762
21
-3.7311374015748031
0
LINE
8
BLACK
6
CONTINUOUS
10
6.1066544881889762
20
-3.7311374015748031
11
6.1064257086614173
21
-3.7309389763779528
0
LINE
8
BLACK
6
CONTINUOUS
10
6.1064257086614173
20
-3.7309389763779528
11
6.1058657086614172
21
-3.7298190157480313
0
LINE
8
BLACK
6
CONTINUOUS
10
6.1058657086614172
20
-3.7298190157480313
11
6.1053057874015746
21
-3.7309389763779528
0
LINE
8
BLACK
6
CONTINUOUS
10
6.1053057874015746
20
-3.7309389763779528
11
6.105076968503937
21
-3.7311373622047244
0
LINE
8
BLACK
6
CONTINUOUS
10
6.105076968503937
20
-3.7311373622047244
11
6.1049611023622044
21
-3.7314172047244094
0
LINE
8
BLACK
6
CONTINUOUS
10
6.1049611023622044
20
-3.7314172047244094
11
6.1027553937007877
21
-3.7336228740157478
0
LINE
8
BLACK
6
CONTINUOUS
10
6.1027553937007877
20
-3.7336228740157478
11
6.1024756299212601
21
-3.7337387401574804
0
LINE
8
BLACK
6
CONTINUOUS
10
6.1024756299212601
20
-3.7337387401574804
11
6.1022772047244089
21
-3.733967559055118
0
LINE
8
BLACK
6
CONTINUOUS
10
6.1022772047244089
20
-3.733967559055118
11
6.0978657480314959
21
-3.7361732677165351
0
LINE
8
BLACK
6
CONTINUOUS
10
6.0978657480314959
20
-3.7361732677165351
11
6.0974385433070868
21
-3.7362035826771653
0
LINE
8
BLACK
6
CONTINUOUS
10
6.0974385433070868
20
-3.7362035826771653
11
6.0970428740157478
21
-3.7363675196850394
0
LINE
8
BLACK
6
CONTINUOUS
10
6.0970428740157478
20
-3.7363675196850394
11
6.0948371653543303
21
-3.7363675196850394
0
LINE
8
BLACK
6
CONTINUOUS
10
6.0948371653543303
20
-3.7363675196850394
11
6.0944414566929135
21
-3.7362035826771653
0
LINE
8
BLACK
6
CONTINUOUS
10
6.0944414566929135
20
-3.7362035826771653
11
6.0940142913385822
21
-3.7361732677165351
0
LINE
8
BLACK
6
CONTINUOUS
10
6.0940142913385822
20
-3.7361732677165351
11
6.089602874015748
21
-3.733967559055118
0
LINE
8
BLACK
6
CONTINUOUS
10
6.089602874015748
20
-3.733967559055118
11
6.0894044488188976
21
-3.7337387401574804
0
LINE
8
BLACK
6
CONTINUOUS
10
6.0894044488188976
20
-3.7337387401574804
11
6.0891246456692913
21
-3.7336228740157478
0
LINE
8
BLACK
6
CONTINUOUS
10
6.0891246456692913
20
-3.7336228740157478
11
6.0869189763779525
21
-3.7314171653543307
0
LINE
8
BLACK
6
CONTINUOUS
10
6.0869189763779525
20
-3.7314171653543307
11
6.086803070866142
21
-3.7311374015748031
0
LINE
8
BLACK
6
CONTINUOUS
10
6.086803070866142
20
-3.7311374015748031
11
6.0865742913385823
21
-3.7309389763779528
0
LINE
8
BLACK
6
CONTINUOUS
10
6.0865742913385823
20
-3.7309389763779528
11
6.0843685826771656
21
-3.7265275196850394
0
LINE
8
BLACK
6
CONTINUOUS
10
6.0843685826771656
20
-3.7265275196850394
11
6.0843382283464562
21
-3.7261003149606298
0
LINE
8
BLACK
6
CONTINUOUS
10
6.0843382283464562
20
-3.7261003149606298
11
6.0841743307086613
21
-3.7257046456692913
0
LINE
8
BLACK
6
CONTINUOUS
10
6.0841743307086613
20
-3.7257046456692913
11
6.0841743307086613
21
-3.7168818110236219
0
LINE
8
BLACK
6
CONTINUOUS
10
6.0841743307086613
20
-3.7168818110236219
11
6.0843382283464562
21
-3.7164861023622047
0
LINE
8
BLACK
6
CONTINUOUS
10
6.0843382283464562
20
-3.7164861023622047
11
6.0843685826771656
21
-3.7160589370078738
0
LINE
8
BLACK
6
CONTINUOUS
10
6.0843685826771656
20
-3.7160589370078738
11
6.0865742913385823
21
-3.7116474803149604
0
LINE
8
BLACK
6
CONTINUOUS
10
6.0865742913385823
20
-3.7116474803149604
11
6.086803070866142
21
-3.7114490157480313
0
LINE
8
BLACK
6
CONTINUOUS
10
6.086803070866142
20
-3.7114490157480313
11
6.0869189763779525
21
-3.7111692913385825
0
LINE
8
BLACK
6
CONTINUOUS
10
6.0869189763779525
20
-3.7111692913385825
11
6.0891246456692913
21
-3.7089635826771654
0
LINE
8
BLACK
6
CONTINUOUS
10
6.0891246456692913
20
-3.7089635826771654
11
6.0894044488188976
21
-3.7088476771653545
0
LINE
8
BLACK
6
CONTINUOUS
10
6.0894044488188976
20
-3.7088476771653545
11
6.089602874015748
21
-3.7086188976377952
0
LINE
8
BLACK
6
CONTINUOUS
10
6.089602874015748
20
-3.7086188976377952
11
6.0940142913385822
21
-3.7064131889763781
0
LINE
8
BLACK
6
CONTINUOUS
10
6.0940142913385822
20
-3.7064131889763781
11
6.0944414566929135
21
-3.7063828346456691
0
LINE
8
BLACK
6
CONTINUOUS
10
6.0944414566929135
20
-3.7063828346456691
11
6.0948371653543303
21
-3.7062189370078737
0
LINE
8
BLACK
6
CONTINUOUS
10
6.0948371653543303
20
-3.7062189370078737
11
6.0970428740157478
21
-3.7062189370078737
0
LINE
8
BLACK
6
CONTINUOUS
10
6.0970428740157478
20
-3.7062189370078737
11
6.0974385433070868
21
-3.7063828346456691
0
LINE
8
BLACK
6
CONTINUOUS
10
6.0915156692913381
20
-3.7117768503937008
11
6.0897322440944883
21
-3.713560275590551
0
LINE
8
BLACK
6
CONTINUOUS
10
6.0897322440944883
20
-3.713560275590551
11
6.0878543307086614
21
-3.7173161417322835
0
LINE
8
BLACK
6
CONTINUOUS
10
6.0878543307086614
20
-3.7173161417322835
11
6.0878543307086614
21
-3.7252702755905509
0
LINE
8
BLACK
6
CONTINUOUS
10
6.0878543307086614
20
-3.7252702755905509
11
6.0897322440944883
21
-3.7290261417322834
0
LINE
8
BLACK
6
CONTINUOUS
10
6.0897322440944883
20
-3.7290261417322834
11
6.0915156692913381
21
-3.7308095669291337
0
LINE
8
BLACK
6
CONTINUOUS
10
6.0915156692913381
20
-3.7308095669291337
11
6.0952715354330707
21
-3.7326875196850393
0
LINE
8
BLACK
6
CONTINUOUS
10
6.0952715354330707
20
-3.7326875196850393
11
6.0966085039370075
21
-3.7326875196850393
0
LINE
8
BLACK
6
CONTINUOUS
10
6.0966085039370075
20
-3.7326875196850393
11
6.10036437007874
21
-3.7308095669291337
0
LINE
8
BLACK
6
CONTINUOUS
10
6.10036437007874
20
-3.7308095669291337
11
6.1021477952755907
21
-3.7290261417322834
0
LINE
8
BLACK
6
CONTINUOUS
10
6.1021477952755907
20
-3.7290261417322834
11
6.1040257480314963
21
-3.7252702755905509
0
LINE
8
BLACK
6
CONTINUOUS
10
6.1040257480314963
20
-3.7252702755905509
11
6.1040257480314963
21
-3.7173161417322835
0
LINE
8
BLACK
6
CONTINUOUS
10
6.1040257480314963
20
-3.7173161417322835
11
6.1021477952755907
21
-3.713560275590551
0
LINE
8
BLACK
6
CONTINUOUS
10
6.1021477952755907
20
-3.713560275590551
11
6.10036437007874
21
-3.7117768503937008
0
LINE
8
BLACK
6
CONTINUOUS
10
6.10036437007874
20
-3.7117768503937008
11
6.0966085039370075
21
-3.7098989370078739
0
LINE
8
BLACK
6
CONTINUOUS
10
6.0966085039370075
20
-3.7098989370078739
11
6.0952715354330707
21
-3.7098989370078739
0
LINE
8
BLACK
6
CONTINUOUS
10
6.0952715354330707
20
-3.7098989370078739
11
6.0915156692913381
21
-3.7117768503937008
0
LINE
8
BLACK
6
CONTINUOUS
10
6.1113670866141732
20
-3.7117768503937008
11
6.1095836614173225
21
-3.713560275590551
0
LINE
8
BLACK
6
CONTINUOUS
10
6.1095836614173225
20
-3.713560275590551
11
6.1077057480314956
21
-3.7173161417322835
0
LINE
8
BLACK
6
CONTINUOUS
10
6.1077057480314956
20
-3.7173161417322835
11
6.1077057480314956
21
-3.7252702755905509
0
LINE
8
BLACK
6
CONTINUOUS
10
6.1077057480314956
20
-3.7252702755905509
11
6.1095836614173225
21
-3.7290261417322834
0
LINE
8
BLACK
6
CONTINUOUS
10
6.1095836614173225
20
-3.7290261417322834
11
6.1113670866141732
21
-3.7308095669291337
0
LINE
8
BLACK
6
CONTINUOUS
10
6.1113670866141732
20
-3.7308095669291337
11
6.1151229921259844
21
-3.7326875196850393
0
LINE
8
BLACK
6
CONTINUOUS
10
6.1151229921259844
20
-3.7326875196850393
11
6.123077086614173
21
-3.7326875196850393
0
LINE
8
BLACK
6
CONTINUOUS
10
6.123077086614173
20
-3.7326875196850393
11
6.1268329133858268
21
-3.7308095669291337
0
LINE
8
BLACK
6
CONTINUOUS
10
6.1268329133858268
20
-3.7308095669291337
11
6.1286164173228341
21
-3.7290261023622047
0
LINE
8
BLACK
6
CONTINUOUS
10
6.1286164173228341
20
-3.7290261023622047
11
6.130494330708661
21
-3.7252702755905509
0
LINE
8
BLACK
6
CONTINUOUS
10
6.130494330708661
20
-3.7252702755905509
11
6.130494330708661
21
-3.7173161417322835
0
LINE
8
BLACK
6
CONTINUOUS
10
6.130494330708661
20
-3.7173161417322835
11
6.1286164173228341
21
-3.7135603149606298
0
LINE
8
BLACK
6
CONTINUOUS
10
6.1286164173228341
20
-3.7135603149606298
11
6.1268329133858268
21
-3.7117768503937008
0
LINE
8
BLACK
6
CONTINUOUS
10
6.1268329133858268
20
-3.7117768503937008
11
6.123077086614173
21
-3.7098989370078739
0
LINE
8
BLACK
6
CONTINUOUS
10
6.123077086614173
20
-3.7098989370078739
11
6.1151229921259844
21
-3.7098989370078739
0
LINE
8
BLACK
6
CONTINUOUS
10
6.1151229921259844
20
-3.7098989370078739
11
6.1113670866141732
21
-3.7117768503937008
0
LINE
8
BLACK
6
CONTINUOUS
10
6.2461353937007873
20
-3.6986664566929135
11
6.246674330708661
21
-3.6999675196850395
0
LINE
8
BLACK
6
CONTINUOUS
10
6.246674330708661
20
-3.6999675196850395
11
6.2461353937007873
21
-3.7012685826771654
0
LINE
8
BLACK
6
CONTINUOUS
10
6.2461353937007873
20
-3.7012685826771654
11
6.2448343307086613
21
-3.7018075196850391
0
LINE
8
BLACK
6
CONTINUOUS
10
6.2448343307086613
20
-3.7018075196850391
11
6.206808228346457
21
-3.7018075196850391
0
LINE
8
BLACK
6
CONTINUOUS
10
6.206808228346457
20
-3.7018075196850391
11
6.2323781496062987
21
-3.7137401574803151
0
LINE
8
BLACK
6
CONTINUOUS
10
6.2323781496062987
20
-3.7137401574803151
11
6.2328032283464569
21
-3.7142042913385827
0
LINE
8
BLACK
6
CONTINUOUS
10
6.2328032283464569
20
-3.7142042913385827
11
6.2332674015748033
21
-3.7146294094488188
0
LINE
8
BLACK
6
CONTINUOUS
10
6.2332674015748033
20
-3.7146294094488188
11
6.233271141732283
21
-3.7147152755905513
0
LINE
8
BLACK
6
CONTINUOUS
10
6.233271141732283
20
-3.7147152755905513
11
6.2333292519685042
21
-3.7147787007874014
0
LINE
8
BLACK
6
CONTINUOUS
10
6.2333292519685042
20
-3.7147787007874014
11
6.2333015748031491
21
-3.7154075196850394
0
LINE
8
BLACK
6
CONTINUOUS
10
6.2333015748031491
20
-3.7154075196850394
11
6.2333292519685042
21
-3.7160363385826769
0
LINE
8
BLACK
6
CONTINUOUS
10
6.2333292519685042
20
-3.7160363385826769
11
6.233271141732283
21
-3.7160997244094487
0
LINE
8
BLACK
6
CONTINUOUS
10
6.233271141732283
20
-3.7160997244094487
11
6.2332674015748033
21
-3.7161856299212599
0
LINE
8
BLACK
6
CONTINUOUS
10
6.2332674015748033
20
-3.7161856299212599
11
6.2328032283464569
21
-3.7166107086614173
0
LINE
8
BLACK
6
CONTINUOUS
10
6.2328032283464569
20
-3.7166107086614173
11
6.2323781496062987
21
-3.7170748818897636
0
LINE
8
BLACK
6
CONTINUOUS
10
6.2323781496062987
20
-3.7170748818897636
11
6.206808228346457
21
-3.7290075196850392
0
LINE
8
BLACK
6
CONTINUOUS
10
6.206808228346457
20
-3.7290075196850392
11
6.2448343307086613
21
-3.7290075196850392
0
LINE
8
BLACK
6
CONTINUOUS
10
6.2448343307086613
20
-3.7290075196850392
11
6.2461353937007873
21
-3.7295464566929133
0
LINE
8
BLACK
6
CONTINUOUS
10
6.2461353937007873
20
-3.7295464566929133
11
6.246674330708661
21
-3.7308475196850392
0
LINE
8
BLACK
6
CONTINUOUS
10
6.246674330708661
20
-3.7308475196850392
11
6.2461353937007873
21
-3.7321485826771652
0
LINE
8
BLACK
6
CONTINUOUS
10
6.2461353937007873
20
-3.7321485826771652
11
6.2448343307086613
21
-3.7326875196850393
0
LINE
8
BLACK
6
CONTINUOUS
10
6.2448343307086613
20
-3.7326875196850393
11
6.1985143307086616
21
-3.7326875196850393
0
LINE
8
BLACK
6
CONTINUOUS
10
6.1985143307086616
20
-3.7326875196850393
11
6.1982121653543309
21
-3.7325623622047241
0
LINE
8
BLACK
6
CONTINUOUS
10
6.1982121653543309
20
-3.7325623622047241
11
6.1978855118110232
21
-3.7325767322834644
0
LINE
8
BLACK
6
CONTINUOUS
10
6.1978855118110232
20
-3.7325767322834644
11
6.1975870472440944
21
-3.7323034251968501
0
LINE
8
BLACK
6
CONTINUOUS
10
6.1975870472440944
20
-3.7323034251968501
11
6.1972132677165357
21
-3.7321485826771652
0
LINE
8
BLACK
6
CONTINUOUS
10
6.1972132677165357
20
-3.7321485826771652
11
6.1970881102362201
21
-3.7318464566929133
0
LINE
8
BLACK
6
CONTINUOUS
10
6.1970881102362201
20
-3.7318464566929133
11
6.1968469685039365
21
-3.7316256299212598
0
LINE
8
BLACK
6
CONTINUOUS
10
6.1968469685039365
20
-3.7316256299212598
11
6.1968291732283465
21
-3.7312213779527559
0
LINE
8
BLACK
6
CONTINUOUS
10
6.1968291732283465
20
-3.7312213779527559
11
6.1966743307086611
21
-3.7308475196850392
0
LINE
8
BLACK
6
CONTINUOUS
10
6.1966743307086611
20
-3.7308475196850392
11
6.1967994488188971
21
-3.7305453543307086
0
LINE
8
BLACK
6
CONTINUOUS
10
6.1967994488188971
20
-3.7305453543307086
11
6.1967851181102365
21
-3.7302187007874017
0
LINE
8
BLACK
6
CONTINUOUS
10
6.1967851181102365
20
-3.7302187007874017
11
6.1970583858267716
21
-3.7299202362204724
0
LINE
8
BLACK
6
CONTINUOUS
10
6.1970583858267716
20
-3.7299202362204724
11
6.1972132677165357
21
-3.7295464566929133
0
LINE
8
BLACK
6
CONTINUOUS
10
6.1972132677165357
20
-3.7295464566929133
11
6.1975153543307089
21
-3.7294212992125981
0
LINE
8
BLACK
6
CONTINUOUS
10
6.1975153543307089
20
-3.7294212992125981
11
6.1977362204724411
21
-3.7291801574803149
0
LINE
8
BLACK
6
CONTINUOUS
10
6.1977362204724411
20
-3.7291801574803149
11
6.227248976377953
21
-3.7154075196850394
0
LINE
8
BLACK
6
CONTINUOUS
10
6.227248976377953
20
-3.7154075196850394
11
6.1977362204724411
21
-3.7016348818897638
0
LINE
8
BLACK
6
CONTINUOUS
10
6.1977362204724411
20
-3.7016348818897638
11
6.1975153543307089
21
-3.7013937007874014
0
LINE
8
BLACK
6
CONTINUOUS
10
6.1975153543307089
20
-3.7013937007874014
11
6.1972132677165357
21
-3.7012685826771654
0
LINE
8
BLACK
6
CONTINUOUS
10
6.1972132677165357
20
-3.7012685826771654
11
6.1970583858267716
21
-3.7008947637795275
0
LINE
8
BLACK
6
CONTINUOUS
10
6.1970583858267716
20
-3.7008947637795275
11
6.1967851181102365
21
-3.700596338582677
0
LINE
8
BLACK
6
CONTINUOUS
10
6.1967851181102365
20
-3.700596338582677
11
6.1967994488188971
21
-3.7002696456692914
0
LINE
8
BLACK
6
CONTINUOUS
10
6.1967994488188971
20
-3.7002696456692914
11
6.1966743307086611
21
-3.6999675196850395
0
LINE
8
BLACK
6
CONTINUOUS
10
6.1966743307086611
20
-3.6999675196850395
11
6.1968291732283465
21
-3.6995936220472441
0
LINE
8
BLACK
6
CONTINUOUS
10
6.1968291732283465
20
-3.6995936220472441
11
6.1968469685039365
21
-3.6991894094488189
0
LINE
8
BLACK
6
CONTINUOUS
10
6.1968469685039365
20
-3.6991894094488189
11
6.1970881102362201
21
-3.6989685433070867
0
LINE
8
BLACK
6
CONTINUOUS
10
6.1970881102362201
20
-3.6989685433070867
11
6.1972132677165357
21
-3.6986664566929135
0
LINE
8
BLACK
6
CONTINUOUS
10
6.1972132677165357
20
-3.6986664566929135
11
6.1975870472440944
21
-3.6985115748031494
0
LINE
8
BLACK
6
CONTINUOUS
10
6.1975870472440944
20
-3.6985115748031494
11
6.1978855118110232
21
-3.6982383070866143
0
LINE
8
BLACK
6
CONTINUOUS
10
6.1978855118110232
20
-3.6982383070866143
11
6.1982121653543309
21
-3.6982526377952754
0
LINE
8
BLACK
6
CONTINUOUS
10
6.1982121653543309
20
-3.6982526377952754
11
6.1985143307086616
21
-3.6981275196850394
0
LINE
8
BLACK
6
CONTINUOUS
10
6.1985143307086616
20
-3.6981275196850394
11
6.2448343307086613
21
-3.6981275196850394
0
LINE
8
BLACK
6
CONTINUOUS
10
6.2448343307086613
20
-3.6981275196850394
11
6.2461353937007873
21
-3.6986664566929135
0
LINE
8
BLACK
6
CONTINUOUS
10
6.0667239370078736
20
-3.696492125984252
11
6.0689296850393699
21
-3.6986978346456691
0
LINE
8
BLACK
6
CONTINUOUS
10
6.0689296850393699
20
-3.6986978346456691
11
6.0690455511811026
21
-3.6989776377952754
0
LINE
8
BLACK
6
CONTINUOUS
10
6.0690455511811026
20
-3.6989776377952754
11
6.0692743700787402
21
-3.6991760629921258
0
LINE
8
BLACK
6
CONTINUOUS
10
6.0692743700787402
20
-3.6991760629921258
11
6.0714800787401577
21
-3.7035874803149604
0
LINE
8
BLACK
6
CONTINUOUS
10
6.0714800787401577
20
-3.7035874803149604
11
6.0715103937007875
21
-3.7040146456692913
0
LINE
8
BLACK
6
CONTINUOUS
10
6.0715103937007875
20
-3.7040146456692913
11
6.0716743307086611
21
-3.7044103543307085
0
LINE
8
BLACK
6
CONTINUOUS
10
6.0716743307086611
20
-3.7044103543307085
11
6.0716743307086611
21
-3.7176446456692913
0
LINE
8
BLACK
6
CONTINUOUS
10
6.0716743307086611
20
-3.7176446456692913
11
6.0715103937007875
21
-3.7180403149606298
0
LINE
8
BLACK
6
CONTINUOUS
10
6.0715103937007875
20
-3.7180403149606298
11
6.0714800787401577
21
-3.7184674803149607
0
LINE
8
BLACK
6
CONTINUOUS
10
6.0714800787401577
20
-3.7184674803149607
11
6.0692743700787402
21
-3.7228789763779528
0
LINE
8
BLACK
6
CONTINUOUS
10
6.0692743700787402
20
-3.7228789763779528
11
6.0690455511811026
21
-3.7230773622047244
0
LINE
8
BLACK
6
CONTINUOUS
10
6.0690455511811026
20
-3.7230773622047244
11
6.0689296850393699
21
-3.7233572047244095
0
LINE
8
BLACK
6
CONTINUOUS
10
6.0689296850393699
20
-3.7233572047244095
11
6.0667239370078736
21
-3.7255629133858266
0
LINE
8
BLACK
6
CONTINUOUS
10
6.0667239370078736
20
-3.7255629133858266
11
6.0664441338582673
21
-3.7256787795275588
0
LINE
8
BLACK
6
CONTINUOUS
10
6.0664441338582673
20
-3.7256787795275588
11
6.0662457480314957
21
-3.7259075590551181
0
LINE
8
BLACK
6
CONTINUOUS
10
6.0662457480314957
20
-3.7259075590551181
11
6.0618343307086615
21
-3.7281132677165352
0
LINE
8
BLACK
6
CONTINUOUS
10
6.0618343307086615
20
-3.7281132677165352
11
6.0614071259842515
21
-3.7281435826771654
0
LINE
8
BLACK
6
CONTINUOUS
10
6.0614071259842515
20
-3.7281435826771654
11
6.0610114566929134
21
-3.7283075196850395
0
LINE
8
BLACK
6
CONTINUOUS
10
6.0610114566929134
20
-3.7283075196850395
11
6.0499828740157477
21
-3.7283075196850395
0
LINE
8
BLACK
6
CONTINUOUS
10
6.0499828740157477
20
-3.7283075196850395
11
6.0495871653543309
21
-3.7281435826771654
0
LINE
8
BLACK
6
CONTINUOUS
10
6.0495871653543309
20
-3.7281435826771654
11
6.0491599999999996
21
-3.7281132677165352
0
LINE
8
BLACK
6
CONTINUOUS
10
6.0491599999999996
20
-3.7281132677165352
11
6.0447485826771654
21
-3.7259075590551181
0
LINE
8
BLACK
6
CONTINUOUS
10
6.0447485826771654
20
-3.7259075590551181
11
6.0445501574803151
21
-3.72567874015748
0
LINE
8
BLACK
6
CONTINUOUS
10
6.0445501574803151
20
-3.72567874015748
11
6.0442703543307088
21
-3.7255628740157478
0
LINE
8
BLACK
6
CONTINUOUS
10
6.0442703543307088
20
-3.7255628740157478
11
6.04206468503937
21
-3.7233571653543307
0
LINE
8
BLACK
6
CONTINUOUS
10
6.04206468503937
20
-3.7233571653543307
11
6.0419487795275586
21
-3.7230774015748032
0
LINE
8
BLACK
6
CONTINUOUS
10
6.0419487795275586
20
-3.7230774015748032
11
6.0417199999999998
21
-3.7228789763779528
0
LINE
8
BLACK
6
CONTINUOUS
10
6.0417199999999998
20
-3.7228789763779528
11
6.0395142913385822
21
-3.7184675196850394
0
LINE
8
BLACK
6
CONTINUOUS
10
6.0395142913385822
20
-3.7184675196850394
11
6.0394839370078737
21
-3.7180403149606298
0
LINE
8
BLACK
6
CONTINUOUS
10
6.0394839370078737
20
-3.7180403149606298
11
6.0393200393700788
21
-3.7176446456692913
0
LINE
8
BLACK
6
CONTINUOUS
10
6.0393200393700788
20
-3.7176446456692913
11
6.0393200393700788
21
-3.7150824409448817
0
LINE
8
BLACK
6
CONTINUOUS
10
6.0393200393700788
20
-3.7150824409448817
11
6.024725984251968
21
-3.7278522440944881
0
LINE
8
BLACK
6
CONTINUOUS
10
6.024725984251968
20
-3.7278522440944881
11
6.0241126771653546
21
-3.7280596456692914
0
LINE
8
BLACK
6
CONTINUOUS
10
6.0241126771653546
20
-3.7280596456692914
11
6.0235143307086609
21
-3.7283075196850395
0
LINE
8
BLACK
6
CONTINUOUS
10
6.0235143307086609
20
-3.7283075196850395
11
6.0234538582677164
21
-3.7282824409448816
0
LINE
8
BLACK
6
CONTINUOUS
10
6.0234538582677164
20
-3.7282824409448816
11
6.023391929133858
21
-3.7283034251968501
0
LINE
8
BLACK
6
CONTINUOUS
10
6.023391929133858
20
-3.7283034251968501
11
6.0228114960629924
21
-3.728016377952756
0
LINE
8
BLACK
6
CONTINUOUS
10
6.0228114960629924
20
-3.728016377952756
11
6.022213267716535
21
-3.7277685826771654
0
LINE
8
BLACK
6
CONTINUOUS
10
6.022213267716535
20
-3.7277685826771654
11
6.0221882283464563
21
-3.7277081496062991
0
LINE
8
BLACK
6
CONTINUOUS
10
6.0221882283464563
20
-3.7277081496062991
11
6.0221296062992122
21
-3.7276791732283465
0
LINE
8
BLACK
6
CONTINUOUS
10
6.0221296062992122
20
-3.7276791732283465
11
6.0219221653543302
21
-3.7270658661417322
0
LINE
8
BLACK
6
CONTINUOUS
10
6.0219221653543302
20
-3.7270658661417322
11
6.0216743307086613
21
-3.7264675196850394
0
LINE
8
BLACK
6
CONTINUOUS
10
6.0216743307086613
20
-3.7264675196850394
11
6.0216743307086613
21
-3.6977932283464567
0
LINE
8
BLACK
6
CONTINUOUS
10
6.0216743307086613
20
-3.6977932283464567
11
6.022213267716535
21
-3.6964921653543308
0
LINE
8
BLACK
6
CONTINUOUS
10
6.022213267716535
20
-3.6964921653543308
11
6.0235143307086609
21
-3.6959532283464567
0
LINE
8
BLACK
6
CONTINUOUS
10
6.0235143307086609
20
-3.6959532283464567
11
6.0248153937007869
21
-3.6964921653543308
0
LINE
8
BLACK
6
CONTINUOUS
10
6.0248153937007869
20
-3.6964921653543308
11
6.0253543307086614
21
-3.6977932283464567
0
LINE
8
BLACK
6
CONTINUOUS
10
6.0253543307086614
20
-3.6977932283464567
11
6.0253543307086614
21
-3.722412559055118
0
LINE
8
BLACK
6
CONTINUOUS
10
6.0253543307086614
20
-3.722412559055118
11
6.0399483858267713
21
-3.7096427952755904
0
LINE
8
BLACK
6
CONTINUOUS
10
6.0399483858267713
20
-3.7096427952755904
11
6.0405616535433069
21
-3.7094353543307084
0
LINE
8
BLACK
6
CONTINUOUS
10
6.0405616535433069
20
-3.7094353543307084
11
6.0411600393700784
21
-3.7091875196850395
0
LINE
8
BLACK
6
CONTINUOUS
10
6.0411600393700784
20
-3.7091875196850395
11
6.0412204724409451
21
-3.7092125590551182
0
LINE
8
BLACK
6
CONTINUOUS
10
6.0412204724409451
20
-3.7092125590551182
11
6.0412824409448813
21
-3.7091916141732284
0
LINE
8
BLACK
6
CONTINUOUS
10
6.0412824409448813
20
-3.7091916141732284
11
6.0418628346456691
21
-3.7094786220472442
0
LINE
8
BLACK
6
CONTINUOUS
10
6.0418628346456691
20
-3.7094786220472442
11
6.0424611023622044
21
-3.7097264566929131
0
LINE
8
BLACK
6
CONTINUOUS
10
6.0424611023622044
20
-3.7097264566929131
11
6.0424861023622043
21
-3.7097868503937006
0
LINE
8
BLACK
6
CONTINUOUS
10
6.0424861023622043
20
-3.7097868503937006
11
6.0425447637795271
21
-3.709815866141732
0
LINE
8
BLACK
6
CONTINUOUS
10
6.0425447637795271
20
-3.709815866141732
11
6.0427521653543304
21
-3.7104291338582676
0
LINE
8
BLACK
6
CONTINUOUS
10
6.0427521653543304
20
-3.7104291338582676
11
6.0430000393700789
21
-3.7110275196850391
0
LINE
8
BLACK
6
CONTINUOUS
10
6.0430000393700789
20
-3.7110275196850391
11
6.0430000393700789
21
-3.7172102755905509
0
LINE
8
BLACK
6
CONTINUOUS
10
6.0430000393700789
20
-3.7172102755905509
11
6.0448779527559058
21
-3.7209661417322835
0
LINE
8
BLACK
6
CONTINUOUS
10
6.0448779527559058
20
-3.7209661417322835
11
6.0466613779527556
21
-3.7227495669291337
0
LINE
8
BLACK
6
CONTINUOUS
10
6.0466613779527556
20
-3.7227495669291337
11
6.0504172440944881
21
-3.7246275196850394
0
LINE
8
BLACK
6
CONTINUOUS
10
6.0504172440944881
20
-3.7246275196850394
11
6.060577086614173
21
-3.7246275196850394
0
LINE
8
BLACK
6
CONTINUOUS
10
6.060577086614173
20
-3.7246275196850394
11
6.0643329133858268
21
-3.7227495669291337
0
LINE
8
BLACK
6
CONTINUOUS
10
6.0643329133858268
20
-3.7227495669291337
11
6.0661164173228341
21
-3.7209661023622047
0
LINE
8
BLACK
6
CONTINUOUS
10
6.0661164173228341
20
-3.7209661023622047
11
6.067994330708661
21
-3.7172102755905509
0
LINE
8
BLACK
6
CONTINUOUS
10
6.067994330708661
20
-3.7172102755905509
11
6.067994330708661
21
-3.7048447244094489
0
LINE
8
BLACK
6
CONTINUOUS
10
6.067994330708661
20
-3.7048447244094489
11
6.0661164173228341
21
-3.7010888976377951
0
LINE
8
BLACK
6
CONTINUOUS
10
6.0661164173228341
20
-3.7010888976377951
11
6.0641218110236217
21
-3.6990943307086614
0
LINE
8
BLACK
6
CONTINUOUS
10
6.0641218110236217
20
-3.6990943307086614
11
6.063582874015748
21
-3.6977932283464567
0
LINE
8
BLACK
6
CONTINUOUS
10
6.063582874015748
20
-3.6977932283464567
11
6.0641217716535429
21
-3.6964921653543308
0
LINE
8
BLACK
6
CONTINUOUS
10
6.0641217716535429
20
-3.6964921653543308
11
6.0654228740157476
21
-3.6959532283464567
0
LINE
8
BLACK
6
CONTINUOUS
10
6.0654228740157476
20
-3.6959532283464567
11
6.0667239370078736
21
-3.696492125984252
0
LINE
8
BLACK
6
CONTINUOUS
10
6.1336353937007875
20
-3.6626435826771653
11
6.1341743307086611
21
-3.6639446456692912
0
LINE
8
BLACK
6
CONTINUOUS
10
6.1341743307086611
20
-3.6639446456692912
11
6.1341743307086611
21
-3.6904132283464568
0
LINE
8
BLACK
6
CONTINUOUS
10
6.1341743307086611
20
-3.6904132283464568
11
6.1336353937007875
21
-3.6917142913385828
0
LINE
8
BLACK
6
CONTINUOUS
10
6.1336353937007875
20
-3.6917142913385828
11
6.1323343307086615
21
-3.6922532283464564
0
LINE
8
BLACK
6
CONTINUOUS
10
6.1323343307086615
20
-3.6922532283464564
11
6.1310332677165356
21
-3.6917142913385828
0
LINE
8
BLACK
6
CONTINUOUS
10
6.1310332677165356
20
-3.6917142913385828
11
6.130494330708661
21
-3.6904132283464568
0
LINE
8
BLACK
6
CONTINUOUS
10
6.130494330708661
20
-3.6904132283464568
11
6.130494330708661
21
-3.6790189370078741
0
LINE
8
BLACK
6
CONTINUOUS
10
6.130494330708661
20
-3.6790189370078741
11
6.0860143307086609
21
-3.6790189370078741
0
LINE
8
BLACK
6
CONTINUOUS
10
6.0860143307086609
20
-3.6790189370078741
11
6.0858392913385826
21
-3.6789464173228348
0
LINE
8
BLACK
6
CONTINUOUS
10
6.0858392913385826
20
-3.6789464173228348
11
6.0856534645669287
21
-3.6789831889763778
0
LINE
8
BLACK
6
CONTINUOUS
10
6.0856534645669287
20
-3.6789831889763778
11
6.0852082677165349
21
-3.6786850393700785
0
LINE
8
BLACK
6
CONTINUOUS
10
6.0852082677165349
20
-3.6786850393700785
11
6.084713267716535
21
-3.67848
0
LINE
8
BLACK
6
CONTINUOUS
10
6.084713267716535
20
-3.67848
11
6.0846407480314957
21
-3.6783049606299212
0
LINE
8
BLACK
6
CONTINUOUS
10
6.0846407480314957
20
-3.6783049606299212
11
6.0844833464566932
21
-3.6781995669291336
0
LINE
8
BLACK
6
CONTINUOUS
10
6.0844833464566932
20
-3.6781995669291336
11
6.0843793700787403
21
-3.6776739370078739
0
LINE
8
BLACK
6
CONTINUOUS
10
6.0843793700787403
20
-3.6776739370078739
11
6.0841743307086613
21
-3.677178937007874
0
LINE
8
BLACK
6
CONTINUOUS
10
6.0841743307086613
20
-3.677178937007874
11
6.0842468110236219
21
-3.6770038976377952
0
LINE
8
BLACK
6
CONTINUOUS
10
6.0842468110236219
20
-3.6770038976377952
11
6.0842100787401572
21
-3.6768180708661418
0
LINE
8
BLACK
6
CONTINUOUS
10
6.0842100787401572
20
-3.6768180708661418
11
6.0845081889763781
21
-3.676372874015748
0
LINE
8
BLACK
6
CONTINUOUS
10
6.0845081889763781
20
-3.676372874015748
11
6.084713267716535
21
-3.6758778740157481
0
LINE
8
BLACK
6
CONTINUOUS
10
6.084713267716535
20
-3.6758778740157481
11
6.0848882677165355
21
-3.6758053543307088
0
LINE
8
BLACK
6
CONTINUOUS
10
6.0848882677165355
20
-3.6758053543307088
11
6.0849937007874013
21
-3.6756479527559054
0
LINE
8
BLACK
6
CONTINUOUS
10
6.0849937007874013
20
-3.6756479527559054
11
6.0914592519685042
21
-3.671337559055118
0
LINE
8
BLACK
6
CONTINUOUS
10
6.0914592519685042
20
-3.671337559055118
11
6.095530669291338
21
-3.6672661023622046
0
LINE
8
BLACK
6
CONTINUOUS
10
6.095530669291338
20
-3.6672661023622046
11
6.097602874015748
21
-3.6631217716535431
0
LINE
8
BLACK
6
CONTINUOUS
10
6.097602874015748
20
-3.6631217716535431
11
6.0986667716535434
21
-3.662199094488189
0
LINE
8
BLACK
6
CONTINUOUS
10
6.0986667716535434
20
-3.662199094488189
11
6.1000714960629923
21
-3.662298897637795
0
LINE
8
BLACK
6
CONTINUOUS
10
6.1000714960629923
20
-3.662298897637795
11
6.1009941732283464
21
-3.6633627952755905
0
LINE
8
BLACK
6
CONTINUOUS
10
6.1009941732283464
20
-3.6633627952755905
11
6.1008943700787404
21
-3.6647675196850393
0
LINE
8
BLACK
6
CONTINUOUS
10
6.1008943700787404
20
-3.6647675196850393
11
6.098688622047244
21
-3.669178937007874
0
LINE
8
BLACK
6
CONTINUOUS
10
6.098688622047244
20
-3.669178937007874
11
6.0984598031496065
21
-3.6693773622047243
0
LINE
8
BLACK
6
CONTINUOUS
10
6.0984598031496065
20
-3.6693773622047243
11
6.0983439370078738
21
-3.6696571259842519
0
LINE
8
BLACK
6
CONTINUOUS
10
6.0983439370078738
20
-3.6696571259842519
11
6.0939325196850396
21
-3.6740685826771653
0
LINE
8
BLACK
6
CONTINUOUS
10
6.0939325196850396
20
-3.6740685826771653
11
6.0937574803149603
21
-3.6741410629921258
0
LINE
8
BLACK
6
CONTINUOUS
10
6.0937574803149603
20
-3.6741410629921258
11
6.0936520866141732
21
-3.674298503937008
0
LINE
8
BLACK
6
CONTINUOUS
10
6.0936520866141732
20
-3.674298503937008
11
6.0920914173228349
21
-3.675338937007874
0
LINE
8
BLACK
6
CONTINUOUS
10
6.0920914173228349
20
-3.675338937007874
11
6.130494330708661
21
-3.675338937007874
0
LINE
8
BLACK
6
CONTINUOUS
10
6.130494330708661
20
-3.675338937007874
11
6.130494330708661
21
-3.6639446456692912
0
LINE
8
BLACK
6
CONTINUOUS
10
6.130494330708661
20
-3.6639446456692912
11
6.1310332677165356
21
-3.6626435826771653
0
LINE
8
BLACK
6
CONTINUOUS
10
6.1310332677165356
20
-3.6626435826771653
11
6.1323343307086615
21
-3.6621046456692912
0
LINE
8
BLACK
6
CONTINUOUS
10
6.1323343307086615
20
-3.6621046456692912
11
6.1336353937007875
21
-3.6626435826771653
0
LINE
8
BLACK
6
CONTINUOUS
10
6.0371442913385822
20
-3.6542085433070866
11
6.0375714960629923
21
-3.6542388976377951
0
LINE
8
BLACK
6
CONTINUOUS
10
6.0375714960629923
20
-3.6542388976377951
11
6.0419829133858265
21
-3.6564446062992126
0
LINE
8
BLACK
6
CONTINUOUS
10
6.0419829133858265
20
-3.6564446062992126
11
6.0421813385826768
21
-3.6566733858267715
0
LINE
8
BLACK
6
CONTINUOUS
10
6.0421813385826768
20
-3.6566733858267715
11
6.0424611023622044
21
-3.6567892913385824
0
LINE
8
BLACK
6
CONTINUOUS
10
6.0424611023622044
20
-3.6567892913385824
11
6.0446668110236219
21
-3.6589949606299212
0
LINE
8
BLACK
6
CONTINUOUS
10
6.0446668110236219
20
-3.6589949606299212
11
6.0447826771653546
21
-3.6592747637795275
0
LINE
8
BLACK
6
CONTINUOUS
10
6.0447826771653546
20
-3.6592747637795275
11
6.0450114960629922
21
-3.6594731889763779
0
LINE
8
BLACK
6
CONTINUOUS
10
6.0450114960629922
20
-3.6594731889763779
11
6.0472172047244097
21
-3.66388468503937
0
LINE
8
BLACK
6
CONTINUOUS
10
6.0472172047244097
20
-3.66388468503937
11
6.0472320078740154
21
-3.6640931889763779
0
LINE
8
BLACK
6
CONTINUOUS
10
6.0472320078740154
20
-3.6640931889763779
11
6.0473565354330709
21
-3.6642612598425197
0
LINE
8
BLACK
6
CONTINUOUS
10
6.0473565354330709
20
-3.6642612598425197
11
6.0495132677165353
21
-3.672888188976378
0
LINE
8
BLACK
6
CONTINUOUS
10
6.0495132677165353
20
-3.672888188976378
11
6.0514950393700788
21
-3.6768517716535434
0
LINE
8
BLACK
6
CONTINUOUS
10
6.0514950393700788
20
-3.6768517716535434
11
6.0532785433070861
21
-3.6786352755905511
0
LINE
8
BLACK
6
CONTINUOUS
10
6.0532785433070861
20
-3.6786352755905511
11
6.0570344094488187
21
-3.6805132283464568
0
LINE
8
BLACK
6
CONTINUOUS
10
6.0570344094488187
20
-3.6805132283464568
11
6.060577086614173
21
-3.6805132283464568
0
LINE
8
BLACK
6
CONTINUOUS
10
6.060577086614173
20
-3.6805132283464568
11
6.0643329133858268
21
-3.6786352755905511
0
LINE
8
BLACK
6
CONTINUOUS
10
6.0643329133858268
20
-3.6786352755905511
11
6.0661164173228341
21
-3.6768518110236221
0
LINE
8
BLACK
6
CONTINUOUS
10
6.0661164173228341
20
-3.6768518110236221
11
6.067994330708661
21
-3.6730959842519684
0
LINE
8
BLACK
6
CONTINUOUS
10
6.067994330708661
20
-3.6730959842519684
11
6.067994330708661
21
-3.6628004330708661
0
LINE
8
BLACK
6
CONTINUOUS
10
6.067994330708661
20
-3.6628004330708661
11
6.065883031496063
21
-3.656466496062992
0
LINE
8
BLACK
6
CONTINUOUS
10
6.065883031496063
20
-3.656466496062992
11
6.0659829133858265
21
-3.6550617716535432
0
LINE
8
BLACK
6
CONTINUOUS
10
6.0659829133858265
20
-3.6550617716535432
11
6.0670467716535432
21
-3.6541390551181103
0
LINE
8
BLACK
6
CONTINUOUS
10
6.0670467716535432
20
-3.6541390551181103
11
6.0684514960629921
21
-3.6542389370078738
0
LINE
8
BLACK
6
CONTINUOUS
10
6.0684514960629921
20
-3.6542389370078738
11
6.0693742125984249
21
-3.6553027952755905
0
LINE
8
BLACK
6
CONTINUOUS
10
6.0693742125984249
20
-3.6553027952755905
11
6.0715799212598425
21
-3.6619199606299211
0
LINE
8
BLACK
6
CONTINUOUS
10
6.0715799212598425
20
-3.6619199606299211
11
6.0715584251968506
21
-3.6622220472440943
0
LINE
8
BLACK
6
CONTINUOUS
10
6.0715584251968506
20
-3.6622220472440943
11
6.0716743307086611
21
-3.6625018110236218
0
LINE
8
BLACK
6
CONTINUOUS
10
6.0716743307086611
20
-3.6625018110236218
11
6.0716743307086611
21
-3.6735303543307087
0
LINE
8
BLACK
6
CONTINUOUS
10
6.0716743307086611
20
-3.6735303543307087
11
6.0715103937007875
21
-3.6739260236220472
0
LINE
8
BLACK
6
CONTINUOUS
10
6.0715103937007875
20
-3.6739260236220472
11
6.0714800787401577
21
-3.6743531889763781
0
LINE
8
BLACK
6
CONTINUOUS
10
6.0714800787401577
20
-3.6743531889763781
11
6.0692743700787402
21
-3.6787646850393698
0
LINE
8
BLACK
6
CONTINUOUS
10
6.0692743700787402
20
-3.6787646850393698
11
6.0690455511811026
21
-3.6789630708661418
0
LINE
8
BLACK
6
CONTINUOUS
10
6.0690455511811026
20
-3.6789630708661418
11
6.0689296850393699
21
-3.6792429133858269
0
LINE
8
BLACK
6
CONTINUOUS
10
6.0689296850393699
20
-3.6792429133858269
11
6.0667239370078736
21
-3.681448622047244
0
LINE
8
BLACK
6
CONTINUOUS
10
6.0667239370078736
20
-3.681448622047244
11
6.0664441338582673
21
-3.6815644881889762
0
LINE
8
BLACK
6
CONTINUOUS
10
6.0664441338582673
20
-3.6815644881889762
11
6.0662457480314957
21
-3.6817932677165355
0
LINE
8
BLACK
6
CONTINUOUS
10
6.0662457480314957
20
-3.6817932677165355
11
6.0618343307086615
21
-3.6839989763779526
0
LINE
8
BLACK
6
CONTINUOUS
10
6.0618343307086615
20
-3.6839989763779526
11
6.0614071259842515
21
-3.6840292913385828
0
LINE
8
BLACK
6
CONTINUOUS
10
6.0614071259842515
20
-3.6840292913385828
11
6.0610114566929134
21
-3.6841932283464565
0
LINE
8
BLACK
6
CONTINUOUS
10
6.0610114566929134
20
-3.6841932283464565
11
6.0566000393700783
21
-3.6841932283464565
0
LINE
8
BLACK
6
CONTINUOUS
10
6.0566000393700783
20
-3.6841932283464565
11
6.0562043307086615
21
-3.6840292913385828
0
LINE
8
BLACK
6
CONTINUOUS
10
6.0562043307086615
20
-3.6840292913385828
11
6.0557771653543302
21
-3.6839989763779526
0
LINE
8
BLACK
6
CONTINUOUS
10
6.0557771653543302
20
-3.6839989763779526
11
6.051365748031496
21
-3.6817932677165355
0
LINE
8
BLACK
6
CONTINUOUS
10
6.051365748031496
20
-3.6817932677165355
11
6.0511673228346456
21
-3.6815644881889762
0
LINE
8
BLACK
6
CONTINUOUS
10
6.0511673228346456
20
-3.6815644881889762
11
6.0508875590551181
21
-3.681448622047244
0
LINE
8
BLACK
6
CONTINUOUS
10
6.0508875590551181
20
-3.681448622047244
11
6.0486818110236218
21
-3.6792429133858269
0
LINE
8
BLACK
6
CONTINUOUS
10
6.0486818110236218
20
-3.6792429133858269
11
6.0485659055118113
21
-3.6789631102362206
0
LINE
8
BLACK
6
CONTINUOUS
10
6.0485659055118113
20
-3.6789631102362206
11
6.0483371259842515
21
-3.6787646850393698
0
LINE
8
BLACK
6
CONTINUOUS
10
6.0483371259842515
20
-3.6787646850393698
11
6.0461314173228349
21
-3.6743532283464564
0
LINE
8
BLACK
6
CONTINUOUS
10
6.0461314173228349
20
-3.6743532283464564
11
6.0461165748031496
21
-3.6741446456692914
0
LINE
8
BLACK
6
CONTINUOUS
10
6.0461165748031496
20
-3.6741446456692914
11
6.0459920866141728
21
-3.6739766141732284
0
LINE
8
BLACK
6
CONTINUOUS
10
6.0459920866141728
20
-3.6739766141732284
11
6.0438353149606296
21
-3.6653496456692913
0
LINE
8
BLACK
6
CONTINUOUS
10
6.0438353149606296
20
-3.6653496456692913
11
6.0418535039370074
21
-3.6613859842519685
0
LINE
8
BLACK
6
CONTINUOUS
10
6.0418535039370074
20
-3.6613859842519685
11
6.0400701181102363
21
-3.6596025590551182
0
LINE
8
BLACK
6
CONTINUOUS
10
6.0400701181102363
20
-3.6596025590551182
11
6.0363142519685038
21
-3.6577246456692913
0
LINE
8
BLACK
6
CONTINUOUS
10
6.0363142519685038
20
-3.6577246456692913
11
6.0327715354330707
21
-3.6577246456692913
0
LINE
8
BLACK
6
CONTINUOUS
10
6.0327715354330707
20
-3.6577246456692913
11
6.0290156692913381
21
-3.6596025590551182
0
LINE
8
BLACK
6
CONTINUOUS
10
6.0290156692913381
20
-3.6596025590551182
11
6.0272322440944883
21
-3.6613859842519685
0
LINE
8
BLACK
6
CONTINUOUS
10
6.0272322440944883
20
-3.6613859842519685
11
6.0253543307086614
21
-3.6651418503937006
0
LINE
8
BLACK
6
CONTINUOUS
10
6.0253543307086614
20
-3.6651418503937006
11
6.0253543307086614
21
-3.675437440944882
0
LINE
8
BLACK
6
CONTINUOUS
10
6.0253543307086614
20
-3.675437440944882
11
6.0274656299212594
21
-3.6817713779527557
0
LINE
8
BLACK
6
CONTINUOUS
10
6.0274656299212594
20
-3.6817713779527557
11
6.0273657874015747
21
-3.6831761023622045
0
LINE
8
BLACK
6
CONTINUOUS
10
6.0273657874015747
20
-3.6831761023622045
11
6.0263018897637792
21
-3.6840988188976378
0
LINE
8
BLACK
6
CONTINUOUS
10
6.0263018897637792
20
-3.6840988188976378
11
6.0248971653543304
21
-3.6839989763779526
0
LINE
8
BLACK
6
CONTINUOUS
10
6.0248971653543304
20
-3.6839989763779526
11
6.0239744488188975
21
-3.6829351181102363
0
LINE
8
BLACK
6
CONTINUOUS
10
6.0239744488188975
20
-3.6829351181102363
11
6.02176874015748
21
-3.6763179133858266
0
LINE
8
BLACK
6
CONTINUOUS
10
6.02176874015748
20
-3.6763179133858266
11
6.021790196850394
21
-3.6760158267716534
0
LINE
8
BLACK
6
CONTINUOUS
10
6.021790196850394
20
-3.6760158267716534
11
6.0216743307086613
21
-3.6757360629921259
0
LINE
8
BLACK
6
CONTINUOUS
10
6.0216743307086613
20
-3.6757360629921259
11
6.0216743307086613
21
-3.6647075196850394
0
LINE
8
BLACK
6
CONTINUOUS
10
6.0216743307086613
20
-3.6647075196850394
11
6.0218382283464562
21
-3.6643118110236221
0
LINE
8
BLACK
6
CONTINUOUS
10
6.0218382283464562
20
-3.6643118110236221
11
6.0218685826771656
21
-3.6638846456692913
0
LINE
8
BLACK
6
CONTINUOUS
10
6.0218685826771656
20
-3.6638846456692913
11
6.0240742913385823
21
-3.6594731889763779
0
LINE
8
BLACK
6
CONTINUOUS
10
6.0240742913385823
20
-3.6594731889763779
11
6.024303070866142
21
-3.6592747244094488
0
LINE
8
BLACK
6
CONTINUOUS
10
6.024303070866142
20
-3.6592747244094488
11
6.0244189763779525
21
-3.658995
0
LINE
8
BLACK
6
CONTINUOUS
10
6.0244189763779525
20
-3.658995
11
6.0266246456692913
21
-3.6567892913385824
0
LINE
8
BLACK
6
CONTINUOUS
10
6.0266246456692913
20
-3.6567892913385824
11
6.0269044488188976
21
-3.6566733858267715
0
LINE
8
BLACK
6
CONTINUOUS
10
6.0269044488188976
20
-3.6566733858267715
11
6.027102874015748
21
-3.6564446062992126
0
LINE
8
BLACK
6
CONTINUOUS
10
6.027102874015748
20
-3.6564446062992126
11
6.0315142913385822
21
-3.6542388976377951
0
LINE
8
BLACK
6
CONTINUOUS
10
6.0315142913385822
20
-3.6542388976377951
11
6.0319414566929135
21
-3.6542085433070866
0
LINE
8
BLACK
6
CONTINUOUS
10
6.0319414566929135
20
-3.6542085433070866
11
6.0323371653543303
21
-3.6540446456692912
0
LINE
8
BLACK
6
CONTINUOUS
10
6.0323371653543303
20
-3.6540446456692912
11
6.0367486220472442
21
-3.6540446456692912
0
LINE
8
BLACK
6
CONTINUOUS
10
6.0367486220472442
20
-3.6540446456692912
11
6.0371442913385822
21
-3.6542085433070866
0
LINE
8
BLACK
6
CONTINUOUS
10
6.2121442913385829
20
-3.6519714173228346
11
6.2125714960629921
21
-3.6520017716535431
0
LINE
8
BLACK
6
CONTINUOUS
10
6.2125714960629921
20
-3.6520017716535431
11
6.2169829133858263
21
-3.6542074803149607
0
LINE
8
BLACK
6
CONTINUOUS
10
6.2169829133858263
20
-3.6542074803149607
11
6.2171813385826766
21
-3.6544362598425195
0
LINE
8
BLACK
6
CONTINUOUS
10
6.2171813385826766
20
-3.6544362598425195
11
6.2174611023622042
21
-3.6545521653543305
0
LINE
8
BLACK
6
CONTINUOUS
10
6.2174611023622042
20
-3.6545521653543305
11
6.2196668110236217
21
-3.6567578346456693
0
LINE
8
BLACK
6
CONTINUOUS
10
6.2196668110236217
20
-3.6567578346456693
11
6.2197826771653544
21
-3.6570376377952756
0
LINE
8
BLACK
6
CONTINUOUS
10
6.2197826771653544
20
-3.6570376377952756
11
6.220011496062992
21
-3.6572360629921259
0
LINE
8
BLACK
6
CONTINUOUS
10
6.220011496062992
20
-3.6572360629921259
11
6.2222172047244095
21
-3.6616475590551181
0
LINE
8
BLACK
6
CONTINUOUS
10
6.2222172047244095
20
-3.6616475590551181
11
6.2222320078740152
21
-3.661856062992126
0
LINE
8
BLACK
6
CONTINUOUS
10
6.2222320078740152
20
-3.661856062992126
11
6.2223565354330708
21
-3.6620241338582677
0
LINE
8
BLACK
6
CONTINUOUS
10
6.2223565354330708
20
-3.6620241338582677
11
6.2245132677165351
21
-3.6706510629921261
0
LINE
8
BLACK
6
CONTINUOUS
10
6.2245132677165351
20
-3.6706510629921261
11
6.2264950393700786
21
-3.6746146456692914
0
LINE
8
BLACK
6
CONTINUOUS
10
6.2264950393700786
20
-3.6746146456692914
11
6.2282785433070869
21
-3.6763981496062992
0
LINE
8
BLACK
6
CONTINUOUS
10
6.2282785433070869
20
-3.6763981496062992
11
6.2320344094488185
21
-3.6782761023622048
0
LINE
8
BLACK
6
CONTINUOUS
10
6.2320344094488185
20
-3.6782761023622048
11
6.2355770866141729
21
-3.6782761023622048
0
LINE
8
BLACK
6
CONTINUOUS
10
6.2355770866141729
20
-3.6782761023622048
11
6.2393329133858266
21
-3.6763981496062992
0
LINE
8
BLACK
6
CONTINUOUS
10
6.2393329133858266
20
-3.6763981496062992
11
6.2411164173228348
21
-3.6746146850393702
0
LINE
8
BLACK
6
CONTINUOUS
10
6.2411164173228348
20
-3.6746146850393702
11
6.2429943307086608
21
-3.6708588582677164
0
LINE
8
BLACK
6
CONTINUOUS
10
6.2429943307086608
20
-3.6708588582677164
11
6.2429943307086608
21
-3.6605633070866141
0
LINE
8
BLACK
6
CONTINUOUS
10
6.2429943307086608
20
-3.6605633070866141
11
6.2408830314960628
21
-3.65422937007874
0
LINE
8
BLACK
6
CONTINUOUS
10
6.2408830314960628
20
-3.65422937007874
11
6.2409829133858263
21
-3.6528246456692912
0
LINE
8
BLACK
6
CONTINUOUS
10
6.2409829133858263
20
-3.6528246456692912
11
6.242046771653543
21
-3.6519019291338584
0
LINE
8
BLACK
6
CONTINUOUS
10
6.242046771653543
20
-3.6519019291338584
11
6.2434514960629919
21
-3.6520018110236219
0
LINE
8
BLACK
6
CONTINUOUS
10
6.2434514960629919
20
-3.6520018110236219
11
6.2443742125984247
21
-3.6530656692913386
0
LINE
8
BLACK
6
CONTINUOUS
10
6.2443742125984247
20
-3.6530656692913386
11
6.2465799212598423
21
-3.6596828346456691
0
LINE
8
BLACK
6
CONTINUOUS
10
6.2465799212598423
20
-3.6596828346456691
11
6.2465584251968505
21
-3.6599849212598423
0
LINE
8
BLACK
6
CONTINUOUS
10
6.2465584251968505
20
-3.6599849212598423
11
6.246674330708661
21
-3.6602646850393699
0
LINE
8
BLACK
6
CONTINUOUS
10
6.246674330708661
20
-3.6602646850393699
11
6.246674330708661
21
-3.6712932283464568
0
LINE
8
BLACK
6
CONTINUOUS
10
6.246674330708661
20
-3.6712932283464568
11
6.2465103937007873
21
-3.6716888976377953
0
LINE
8
BLACK
6
CONTINUOUS
10
6.2465103937007873
20
-3.6716888976377953
11
6.2464800787401575
21
-3.6721160629921261
0
LINE
8
BLACK
6
CONTINUOUS
10
6.2464800787401575
20
-3.6721160629921261
11
6.24427437007874
21
-3.6765275590551179
0
LINE
8
BLACK
6
CONTINUOUS
10
6.24427437007874
20
-3.6765275590551179
11
6.2440455511811024
21
-3.6767259448818899
0
LINE
8
BLACK
6
CONTINUOUS
10
6.2440455511811024
20
-3.6767259448818899
11
6.2439296850393697
21
-3.6770057874015749
0
LINE
8
BLACK
6
CONTINUOUS
10
6.2439296850393697
20
-3.6770057874015749
11
6.2417239370078743
21
-3.679211496062992
0
LINE
8
BLACK
6
CONTINUOUS
10
6.2417239370078743
20
-3.679211496062992
11
6.241444133858268
21
-3.6793273622047242
0
LINE
8
BLACK
6
CONTINUOUS
10
6.241444133858268
20
-3.6793273622047242
11
6.2412457480314956
21
-3.6795561417322835
0
LINE
8
BLACK
6
CONTINUOUS
10
6.2412457480314956
20
-3.6795561417322835
11
6.2368343307086613
21
-3.6817618503937006
0
LINE
8
BLACK
6
CONTINUOUS
10
6.2368343307086613
20
-3.6817618503937006
11
6.2364071259842522
21
-3.6817921653543304
0
LINE
8
BLACK
6
CONTINUOUS
10
6.2364071259842522
20
-3.6817921653543304
11
6.2360114566929132
21
-3.6819561023622045
0
LINE
8
BLACK
6
CONTINUOUS
10
6.2360114566929132
20
-3.6819561023622045
11
6.231600039370079
21
-3.6819561023622045
0
LINE
8
BLACK
6
CONTINUOUS
10
6.231600039370079
20
-3.6819561023622045
11
6.2312043307086613
21
-3.6817921653543304
0
LINE
8
BLACK
6
CONTINUOUS
10
6.2312043307086613
20
-3.6817921653543304
11
6.2307771653543309
21
-3.6817618503937006
0
LINE
8
BLACK
6
CONTINUOUS
10
6.2307771653543309
20
-3.6817618503937006
11
6.2263657480314958
21
-3.6795561417322835
0
LINE
8
BLACK
6
CONTINUOUS
10
6.2263657480314958
20
-3.6795561417322835
11
6.2261673228346455
21
-3.6793273622047242
0
LINE
8
BLACK
6
CONTINUOUS
10
6.2261673228346455
20
-3.6793273622047242
11
6.2258875590551179
21
-3.679211496062992
0
LINE
8
BLACK
6
CONTINUOUS
10
6.2258875590551179
20
-3.679211496062992
11
6.2236818110236216
21
-3.6770057874015749
0
LINE
8
BLACK
6
CONTINUOUS
10
6.2236818110236216
20
-3.6770057874015749
11
6.2235659055118111
21
-3.6767259842519686
0
LINE
8
BLACK
6
CONTINUOUS
10
6.2235659055118111
20
-3.6767259842519686
11
6.2233371259842523
21
-3.6765275590551179
0
LINE
8
BLACK
6
CONTINUOUS
10
6.2233371259842523
20
-3.6765275590551179
11
6.2211314173228347
21
-3.6721161023622044
0
LINE
8
BLACK
6
CONTINUOUS
10
6.2211314173228347
20
-3.6721161023622044
11
6.2211165748031494
21
-3.6719075196850395
0
LINE
8
BLACK
6
CONTINUOUS
10
6.2211165748031494
20
-3.6719075196850395
11
6.2209920866141735
21
-3.6717394881889764
0
LINE
8
BLACK
6
CONTINUOUS
10
6.2209920866141735
20
-3.6717394881889764
11
6.2188353149606295
21
-3.6631125196850394
0
LINE
8
BLACK
6
CONTINUOUS
10
6.2188353149606295
20
-3.6631125196850394
11
6.2168535039370081
21
-3.6591488582677165
0
LINE
8
BLACK
6
CONTINUOUS
10
6.2168535039370081
20
-3.6591488582677165
11
6.2150701181102361
21
-3.6573654330708663
0
LINE
8
BLACK
6
CONTINUOUS
10
6.2150701181102361
20
-3.6573654330708663
11
6.2113142519685036
21
-3.6554875196850394
0
LINE
8
BLACK
6
CONTINUOUS
10
6.2113142519685036
20
-3.6554875196850394
11
6.2077715354330705
21
-3.6554875196850394
0
LINE
8
BLACK
6
CONTINUOUS
10
6.2077715354330705
20
-3.6554875196850394
11
6.2040156692913389
21
-3.6573654330708663
0
LINE
8
BLACK
6
CONTINUOUS
10
6.2040156692913389
20
-3.6573654330708663
11
6.2022322440944881
21
-3.6591488582677165
0
LINE
8
BLACK
6
CONTINUOUS
10
6.2022322440944881
20
-3.6591488582677165
11
6.2003543307086613
21
-3.6629047244094486
0
LINE
8
BLACK
6
CONTINUOUS
10
6.2003543307086613
20
-3.6629047244094486
11
6.2003543307086613
21
-3.67320031496063
0
LINE
8
BLACK
6
CONTINUOUS
10
6.2003543307086613
20
-3.67320031496063
11
6.2024656299212593
21
-3.6795342519685037
0
LINE
8
BLACK
6
CONTINUOUS
10
6.2024656299212593
20
-3.6795342519685037
11
6.2023657874015745
21
-3.6809389763779525
0
LINE
8
BLACK
6
CONTINUOUS
10
6.2023657874015745
20
-3.6809389763779525
11
6.2013018897637791
21
-3.6818616929133858
0
LINE
8
BLACK
6
CONTINUOUS
10
6.2013018897637791
20
-3.6818616929133858
11
6.1998971653543302
21
-3.6817618503937006
0
LINE
8
BLACK
6
CONTINUOUS
10
6.1998971653543302
20
-3.6817618503937006
11
6.1989744488188974
21
-3.6806979921259844
0
LINE
8
BLACK
6
CONTINUOUS
10
6.1989744488188974
20
-3.6806979921259844
11
6.1967687401574798
21
-3.6740807874015746
0
LINE
8
BLACK
6
CONTINUOUS
10
6.1967687401574798
20
-3.6740807874015746
11
6.1967901968503938
21
-3.6737787007874014
0
LINE
8
BLACK
6
CONTINUOUS
10
6.1967901968503938
20
-3.6737787007874014
11
6.1966743307086611
21
-3.6734989370078739
0
LINE
8
BLACK
6
CONTINUOUS
10
6.1966743307086611
20
-3.6734989370078739
11
6.1966743307086611
21
-3.6624703937007874
0
LINE
8
BLACK
6
CONTINUOUS
10
6.1966743307086611
20
-3.6624703937007874
11
6.1968382283464569
21
-3.6620746850393702
0
LINE
8
BLACK
6
CONTINUOUS
10
6.1968382283464569
20
-3.6620746850393702
11
6.1968685826771654
21
-3.6616475196850393
0
LINE
8
BLACK
6
CONTINUOUS
10
6.1968685826771654
20
-3.6616475196850393
11
6.1990742913385821
21
-3.6572360629921259
0
LINE
8
BLACK
6
CONTINUOUS
10
6.1990742913385821
20
-3.6572360629921259
11
6.1993030708661419
21
-3.6570375984251968
0
LINE
8
BLACK
6
CONTINUOUS
10
6.1993030708661419
20
-3.6570375984251968
11
6.1994189763779524
21
-3.656757874015748
0
LINE
8
BLACK
6
CONTINUOUS
10
6.1994189763779524
20
-3.656757874015748
11
6.2016246456692912
21
-3.6545521653543305
0
LINE
8
BLACK
6
CONTINUOUS
10
6.2016246456692912
20
-3.6545521653543305
11
6.2019044488188975
21
-3.6544362598425195
0
LINE
8
BLACK
6
CONTINUOUS
10
6.2019044488188975
20
-3.6544362598425195
11
6.2021028740157478
21
-3.6542074803149607
0
LINE
8
BLACK
6
CONTINUOUS
10
6.2021028740157478
20
-3.6542074803149607
11
6.2065142913385829
21
-3.6520017716535431
0
LINE
8
BLACK
6
CONTINUOUS
10
6.2065142913385829
20
-3.6520017716535431
11
6.2069414566929133
21
-3.6519714173228346
0
LINE
8
BLACK
6
CONTINUOUS
10
6.2069414566929133
20
-3.6519714173228346
11
6.207337165354331
21
-3.6518075196850392
0
LINE
8
BLACK
6
CONTINUOUS
10
6.207337165354331
20
-3.6518075196850392
11
6.211748622047244
21
-3.6518075196850392
0
LINE
8
BLACK
6
CONTINUOUS
10
6.211748622047244
20
-3.6518075196850392
11
6.2121442913385829
21
-3.6519714173228346
0
LINE
8
BLACK
6
CONTINUOUS
10
6.1380468110236217
20
-3.6185293307086615
11
6.1385857480314963
21
-3.6198303937007874
0
LINE
8
BLACK
6
CONTINUOUS
10
6.1385857480314963
20
-3.6198303937007874
11
6.1385857480314963
21
-3.6551218110236219
0
LINE
8
BLACK
6
CONTINUOUS
10
6.1385857480314963
20
-3.6551218110236219
11
6.1380468110236217
21
-3.6564228740157478
0
LINE
8
BLACK
6
CONTINUOUS
10
6.1380468110236217
20
-3.6564228740157478
11
6.1367457480314958
21
-3.6569618110236219
0
LINE
8
BLACK
6
CONTINUOUS
10
6.1367457480314958
20
-3.6569618110236219
11
6.1354446850393698
21
-3.6564228740157478
0
LINE
8
BLACK
6
CONTINUOUS
10
6.1354446850393698
20
-3.6564228740157478
11
6.1349057480314961
21
-3.6551218110236219
0
LINE
8
BLACK
6
CONTINUOUS
10
6.1349057480314961
20
-3.6551218110236219
11
6.1349057480314961
21
-3.6198303937007874
0
LINE
8
BLACK
6
CONTINUOUS
10
6.1349057480314961
20
-3.6198303937007874
11
6.1354446850393698
21
-3.6185293307086615
0
LINE
8
BLACK
6
CONTINUOUS
10
6.1354446850393698
20
-3.6185293307086615
11
6.1367457480314958
21
-3.6179903937007873
0
LINE
8
BLACK
6
CONTINUOUS
10
6.1367457480314958
20
-3.6179903937007873
11
6.1380468110236217
21
-3.6185293307086615
0
LINE
8
BLACK
6
CONTINUOUS
10
6.0711353937007875
20
-3.6104692913385827
11
6.0716743307086611
21
-3.6117703543307087
0
LINE
8
BLACK
6
CONTINUOUS
10
6.0716743307086611
20
-3.6117703543307087
11
6.0711353937007875
21
-3.6130714173228347
0
LINE
8
BLACK
6
CONTINUOUS
10
6.0711353937007875
20
-3.6130714173228347
11
6.0698343307086615
21
-3.6136103543307088
0
LINE
8
BLACK
6
CONTINUOUS
10
6.0698343307086615
20
-3.6136103543307088
11
6.0496171653543307
21
-3.6136103543307088
0
LINE
8
BLACK
6
CONTINUOUS
10
6.0496171653543307
20
-3.6136103543307088
11
6.0496171653543307
21
-3.6294160629921257
0
LINE
8
BLACK
6
CONTINUOUS
10
6.0496171653543307
20
-3.6294160629921257
11
6.0494532283464562
21
-3.6298117322834647
0
LINE
8
BLACK
6
CONTINUOUS
10
6.0494532283464562
20
-3.6298117322834647
11
6.0494229133858264
21
-3.6302388976377951
0
LINE
8
BLACK
6
CONTINUOUS
10
6.0494229133858264
20
-3.6302388976377951
11
6.0472172047244097
21
-3.6346503937007872
0
LINE
8
BLACK
6
CONTINUOUS
10
6.0472172047244097
20
-3.6346503937007872
11
6.0469883858267712
21
-3.6348487795275588
0
LINE
8
BLACK
6
CONTINUOUS
10
6.0469883858267712
20
-3.6348487795275588
11
6.0468725196850395
21
-3.6351286220472439
0
LINE
8
BLACK
6
CONTINUOUS
10
6.0468725196850395
20
-3.6351286220472439
11
6.0446668110236219
21
-3.6373342913385827
0
LINE
8
BLACK
6
CONTINUOUS
10
6.0446668110236219
20
-3.6373342913385827
11
6.0443870472440944
21
-3.6374501574803149
0
LINE
8
BLACK
6
CONTINUOUS
10
6.0443870472440944
20
-3.6374501574803149
11
6.0441886220472441
21
-3.6376789763779525
0
LINE
8
BLACK
6
CONTINUOUS
10
6.0441886220472441
20
-3.6376789763779525
11
6.0397772047244089
21
-3.63988468503937
0
LINE
8
BLACK
6
CONTINUOUS
10
6.0397772047244089
20
-3.63988468503937
11
6.0393499999999998
21
-3.6399149999999998
0
LINE
8
BLACK
6
CONTINUOUS
10
6.0393499999999998
20
-3.6399149999999998
11
6.0389543307086617
21
-3.6400789370078739
0
LINE
8
BLACK
6
CONTINUOUS
10
6.0389543307086617
20
-3.6400789370078739
11
6.0323371653543303
21
-3.6400789370078739
0
LINE
8
BLACK
6
CONTINUOUS
10
6.0323371653543303
20
-3.6400789370078739
11
6.0319414566929135
21
-3.6399149999999998
0
LINE
8
BLACK
6
CONTINUOUS
10
6.0319414566929135
20
-3.6399149999999998
11
6.0315142913385822
21
-3.63988468503937
0
LINE
8
BLACK
6
CONTINUOUS
10
6.0315142913385822
20
-3.63988468503937
11
6.027102874015748
21
-3.6376789763779525
0
LINE
8
BLACK
6
CONTINUOUS
10
6.027102874015748
20
-3.6376789763779525
11
6.0269044488188976
21
-3.6374501574803149
0
LINE
8
BLACK
6
CONTINUOUS
10
6.0269044488188976
20
-3.6374501574803149
11
6.0266246456692913
21
-3.6373342913385827
0
LINE
8
BLACK
6
CONTINUOUS
10
6.0266246456692913
20
-3.6373342913385827
11
6.0244189763779525
21
-3.6351285826771651
0
LINE
8
BLACK
6
CONTINUOUS
10
6.0244189763779525
20
-3.6351285826771651
11
6.024303070866142
21
-3.6348488188976376
0
LINE
8
BLACK
6
CONTINUOUS
10
6.024303070866142
20
-3.6348488188976376
11
6.0240742913385823
21
-3.6346503937007872
0
LINE
8
BLACK
6
CONTINUOUS
10
6.0240742913385823
20
-3.6346503937007872
11
6.0218685826771656
21
-3.6302389370078738
0
LINE
8
BLACK
6
CONTINUOUS
10
6.0218685826771656
20
-3.6302389370078738
11
6.0218382283464562
21
-3.6298117322834647
0
LINE
8
BLACK
6
CONTINUOUS
10
6.0218382283464562
20
-3.6298117322834647
11
6.0216743307086613
21
-3.6294160629921257
0
LINE
8
BLACK
6
CONTINUOUS
10
6.0216743307086613
20
-3.6294160629921257
11
6.0216743307086613
21
-3.6117703543307087
0
LINE
8
BLACK
6
CONTINUOUS
10
6.0216743307086613
20
-3.6117703543307087
11
6.022213267716535
21
-3.6104692913385827
0
LINE
8
BLACK
6
CONTINUOUS
10
6.022213267716535
20
-3.6104692913385827
11
6.0235143307086609
21
-3.6099303543307086
0
LINE
8
BLACK
6
CONTINUOUS
10
6.0235143307086609
20
-3.6099303543307086
11
6.0698343307086615
21
-3.6099303543307086
0
LINE
8
BLACK
6
CONTINUOUS
10
6.0698343307086615
20
-3.6099303543307086
11
6.0711353937007875
21
-3.6104692913385827
0
LINE
8
BLACK
6
CONTINUOUS
10
6.0253543307086614
20
-3.6289816929133858
11
6.0272322440944883
21
-3.6327375590551179
0
LINE
8
BLACK
6
CONTINUOUS
10
6.0272322440944883
20
-3.6327375590551179
11
6.0290156692913381
21
-3.6345209842519686
0
LINE
8
BLACK
6
CONTINUOUS
10
6.0290156692913381
20
-3.6345209842519686
11
6.0327715354330707
21
-3.6363989370078738
0
LINE
8
BLACK
6
CONTINUOUS
10
6.0327715354330707
20
-3.6363989370078738
11
6.0385199606299214
21
-3.6363989370078738
0
LINE
8
BLACK
6
CONTINUOUS
10
6.0385199606299214
20
-3.6363989370078738
11
6.042275826771653
21
-3.6345209842519686
0
LINE
8
BLACK
6
CONTINUOUS
10
6.042275826771653
20
-3.6345209842519686
11
6.0440592125984249
21
-3.6327375590551179
0
LINE
8
BLACK
6
CONTINUOUS
10
6.0440592125984249
20
-3.6327375590551179
11
6.0459371653543306
21
-3.6289816929133858
0
LINE
8
BLACK
6
CONTINUOUS
10
6.0459371653543306
20
-3.6289816929133858
11
6.0459371653543306
21
-3.6136103543307088
0
LINE
8
BLACK
6
CONTINUOUS
10
6.0459371653543306
20
-3.6136103543307088
11
6.0253543307086614
21
-3.6136103543307088
0
LINE
8
BLACK
6
CONTINUOUS
10
6.0253543307086614
20
-3.6136103543307088
11
6.0253543307086614
21
-3.6289816929133858
0
LINE
8
BLACK
6
CONTINUOUS
10
6.2439297244094485
20
-3.6302893307086612
11
6.2439297244094485
21
-3.63028937007874
0
LINE
8
BLACK
6
CONTINUOUS
10
6.2439297244094485
20
-3.63028937007874
11
6.2461353937007873
21
-3.632495
0
LINE
8
BLACK
6
CONTINUOUS
10
6.2461353937007873
20
-3.632495
11
6.2461353937007873
21
-3.6324950393700788
0
LINE
8
BLACK
6
CONTINUOUS
10
6.2461353937007873
20
-3.6324950393700788
11
6.246674330708661
21
-3.6337961023622047
0
LINE
8
BLACK
6
CONTINUOUS
10
6.246674330708661
20
-3.6337961023622047
11
6.2462996062992122
21
-3.6347007086614171
0
LINE
8
BLACK
6
CONTINUOUS
10
6.2462996062992122
20
-3.6347007086614171
11
6.2461353937007873
21
-3.6350972047244094
0
LINE
8
BLACK
6
CONTINUOUS
10
6.2461353937007873
20
-3.6350972047244094
11
6.2439297244094485
21
-3.6373027952755903
0
LINE
8
BLACK
6
CONTINUOUS
10
6.2439297244094485
20
-3.6373027952755903
11
6.2439297244094485
21
-3.6373028740157478
0
LINE
8
BLACK
6
CONTINUOUS
10
6.2439297244094485
20
-3.6373028740157478
11
6.2426286220472438
21
-3.6378418110236219
0
LINE
8
BLACK
6
CONTINUOUS
10
6.2426286220472438
20
-3.6378418110236219
11
6.2413275590551178
21
-3.6373029133858266
0
LINE
8
BLACK
6
CONTINUOUS
10
6.2413275590551178
20
-3.6373029133858266
11
6.2391218110236215
21
-3.6350972047244094
0
LINE
8
BLACK
6
CONTINUOUS
10
6.2391218110236215
20
-3.6350972047244094
11
6.2391217716535428
21
-3.6350971653543307
0
LINE
8
BLACK
6
CONTINUOUS
10
6.2391217716535428
20
-3.6350971653543307
11
6.2385828740157478
21
-3.6337961023622047
0
LINE
8
BLACK
6
CONTINUOUS
10
6.2385828740157478
20
-3.6337961023622047
11
6.2389575590551178
21
-3.6328914960629919
0
LINE
8
BLACK
6
CONTINUOUS
10
6.2389575590551178
20
-3.6328914960629919
11
6.2391217716535428
21
-3.6324950393700788
0
LINE
8
BLACK
6
CONTINUOUS
10
6.2391217716535428
20
-3.6324950393700788
11
6.2391217716535428
21
-3.632495
0
LINE
8
BLACK
6
CONTINUOUS
10
6.2391217716535428
20
-3.632495
11
6.2391218110236215
21
-3.632495
0
LINE
8
BLACK
6
CONTINUOUS
10
6.2391218110236215
20
-3.632495
11
6.2413275590551178
21
-3.6302892913385825
0
LINE
8
BLACK
6
CONTINUOUS
10
6.2413275590551178
20
-3.6302892913385825
11
6.2426286220472438
21
-3.6297503937007871
0
LINE
8
BLACK
6
CONTINUOUS
10
6.2426286220472438
20
-3.6297503937007871
11
6.2439297244094485
21
-3.6302893307086612
0
LINE
8
BLACK
6
CONTINUOUS
10
6.1331571653543309
20
-3.5828932283464567
11
6.1340798818897637
21
-3.583957086614173
0
LINE
8
BLACK
6
CONTINUOUS
10
6.1340798818897637
20
-3.583957086614173
11
6.133980039370079
21
-3.5853618110236218
0
LINE
8
BLACK
6
CONTINUOUS
10
6.133980039370079
20
-3.5853618110236218
11
6.1329161811023623
21
-3.5862845275590551
0
LINE
8
BLACK
6
CONTINUOUS
10
6.1329161811023623
20
-3.5862845275590551
11
6.1209400393700788
21
-3.5902765748031493
0
LINE
8
BLACK
6
CONTINUOUS
10
6.1209400393700788
20
-3.5902765748031493
11
6.1209400393700788
21
-3.6096812992125984
0
LINE
8
BLACK
6
CONTINUOUS
10
6.1209400393700788
20
-3.6096812992125984
11
6.1329161811023623
21
-3.613673346456693
0
LINE
8
BLACK
6
CONTINUOUS
10
6.1329161811023623
20
-3.613673346456693
11
6.133980039370079
21
-3.6145960629921259
0
LINE
8
BLACK
6
CONTINUOUS
10
6.133980039370079
20
-3.6145960629921259
11
6.1340798818897637
21
-3.6160007874015747
0
LINE
8
BLACK
6
CONTINUOUS
10
6.1340798818897637
20
-3.6160007874015747
11
6.1331571653543309
21
-3.6170646456692914
0
LINE
8
BLACK
6
CONTINUOUS
10
6.1331571653543309
20
-3.6170646456692914
11
6.131752440944882
21
-3.6171645275590549
0
LINE
8
BLACK
6
CONTINUOUS
10
6.131752440944882
20
-3.6171645275590549
11
6.0854324803149602
21
-3.601724527559055
0
LINE
8
BLACK
6
CONTINUOUS
10
6.0854324803149602
20
-3.601724527559055
11
6.0853285826771648
21
-3.6016344094488186
0
LINE
8
BLACK
6
CONTINUOUS
10
6.0853285826771648
20
-3.6016344094488186
11
6.0851914566929128
21
-3.6016246850393698
0
LINE
8
BLACK
6
CONTINUOUS
10
6.0851914566929128
20
-3.6016246850393698
11
6.0848092519685038
21
-3.6011839763779525
0
LINE
8
BLACK
6
CONTINUOUS
10
6.0848092519685038
20
-3.6011839763779525
11
6.0843685826771656
21
-3.6008018110236222
0
LINE
8
BLACK
6
CONTINUOUS
10
6.0843685826771656
20
-3.6008018110236222
11
6.0843588188976376
21
-3.6006646456692915
0
LINE
8
BLACK
6
CONTINUOUS
10
6.0843588188976376
20
-3.6006646456692915
11
6.08426874015748
21
-3.6005607874015748
0
LINE
8
BLACK
6
CONTINUOUS
10
6.08426874015748
20
-3.6005607874015748
11
6.0843100787401569
21
-3.5999789370078741
0
LINE
8
BLACK
6
CONTINUOUS
10
6.0843100787401569
20
-3.5999789370078741
11
6.08426874015748
21
-3.5993970866141733
0
LINE
8
BLACK
6
CONTINUOUS
10
6.08426874015748
20
-3.5993970866141733
11
6.0843588188976376
21
-3.599293188976378
0
LINE
8
BLACK
6
CONTINUOUS
10
6.0843588188976376
20
-3.599293188976378
11
6.0843685826771656
21
-3.599156062992126
0
LINE
8
BLACK
6
CONTINUOUS
10
6.0843685826771656
20
-3.599156062992126
11
6.0848092519685038
21
-3.5987738582677165
0
LINE
8
BLACK
6
CONTINUOUS
10
6.0848092519685038
20
-3.5987738582677165
11
6.0851914566929128
21
-3.5983331889763779
0
LINE
8
BLACK
6
CONTINUOUS
10
6.0851914566929128
20
-3.5983331889763779
11
6.0853285826771648
21
-3.5983234251968503
0
LINE
8
BLACK
6
CONTINUOUS
10
6.0853285826771648
20
-3.5983234251968503
11
6.0854324803149602
21
-3.5982333464566927
0
LINE
8
BLACK
6
CONTINUOUS
10
6.0854324803149602
20
-3.5982333464566927
11
6.131752440944882
21
-3.5827933464566928
0
LINE
8
BLACK
6
CONTINUOUS
10
6.131752440944882
20
-3.5827933464566928
11
6.1331571653543309
21
-3.5828932283464567
0
LINE
8
BLACK
6
CONTINUOUS
10
6.0918329527559054
20
-3.5999789370078741
11
6.1172600393700787
21
-3.6084546062992127
0
LINE
8
BLACK
6
CONTINUOUS
10
6.1172600393700787
20
-3.6084546062992127
11
6.1172600393700787
21
-3.5915032283464567
0
LINE
8
BLACK
6
CONTINUOUS
10
6.1172600393700787
20
-3.5915032283464567
11
6.0918329527559054
21
-3.5999789370078741
0
LINE
8
BLACK
6
CONTINUOUS
10
6.2461353937007873
20
-3.5861750393700786
11
6.246674330708661
21
-3.5874761023622046
0
LINE
8
BLACK
6
CONTINUOUS
10
6.246674330708661
20
-3.5874761023622046
11
6.246674330708661
21
-3.6051218110236221
0
LINE
8
BLACK
6
CONTINUOUS
10
6.246674330708661
20
-3.6051218110236221
11
6.2465103937007873
21
-3.6055174803149606
0
LINE
8
BLACK
6
CONTINUOUS
10
6.2465103937007873
20
-3.6055174803149606
11
6.2464800787401575
21
-3.6059446456692914
0
LINE
8
BLACK
6
CONTINUOUS
10
6.2464800787401575
20
-3.6059446456692914
11
6.24427437007874
21
-3.6103561417322836
0
LINE
8
BLACK
6
CONTINUOUS
10
6.24427437007874
20
-3.6103561417322836
11
6.2440455511811024
21
-3.6105545275590551
0
LINE
8
BLACK
6
CONTINUOUS
10
6.2440455511811024
20
-3.6105545275590551
11
6.2439296850393697
21
-3.6108343700787402
0
LINE
8
BLACK
6
CONTINUOUS
10
6.2439296850393697
20
-3.6108343700787402
11
6.2417239370078743
21
-3.6130400787401573
0
LINE
8
BLACK
6
CONTINUOUS
10
6.2417239370078743
20
-3.6130400787401573
11
6.241444133858268
21
-3.6131559448818895
0
LINE
8
BLACK
6
CONTINUOUS
10
6.241444133858268
20
-3.6131559448818895
11
6.2412457480314956
21
-3.6133847244094488
0
LINE
8
BLACK
6
CONTINUOUS
10
6.2412457480314956
20
-3.6133847244094488
11
6.2368343307086613
21
-3.6155904330708659
0
LINE
8
BLACK
6
CONTINUOUS
10
6.2368343307086613
20
-3.6155904330708659
11
6.2364071259842522
21
-3.6156207480314961
0
LINE
8
BLACK
6
CONTINUOUS
10
6.2364071259842522
20
-3.6156207480314961
11
6.2360114566929132
21
-3.6157846850393698
0
LINE
8
BLACK
6
CONTINUOUS
10
6.2360114566929132
20
-3.6157846850393698
11
6.2293943307086614
21
-3.6157846850393698
0
LINE
8
BLACK
6
CONTINUOUS
10
6.2293943307086614
20
-3.6157846850393698
11
6.2289986220472437
21
-3.6156207480314961
0
LINE
8
BLACK
6
CONTINUOUS
10
6.2289986220472437
20
-3.6156207480314961
11
6.2285714960629921
21
-3.6155904330708659
0
LINE
8
BLACK
6
CONTINUOUS
10
6.2285714960629921
20
-3.6155904330708659
11
6.2241599999999995
21
-3.6133847244094488
0
LINE
8
BLACK
6
CONTINUOUS
10
6.2241599999999995
20
-3.6133847244094488
11
6.2239615748031492
21
-3.6131559055118108
0
LINE
8
BLACK
6
CONTINUOUS
10
6.2239615748031492
20
-3.6131559055118108
11
6.2236817716535429
21
-3.6130400393700786
0
LINE
8
BLACK
6
CONTINUOUS
10
6.2236817716535429
20
-3.6130400393700786
11
6.2214761023622049
21
-3.6108343307086614
0
LINE
8
BLACK
6
CONTINUOUS
10
6.2214761023622049
20
-3.6108343307086614
11
6.2213122440944879
21
-3.6104387401574805
0
LINE
8
BLACK
6
CONTINUOUS
10
6.2213122440944879
20
-3.6104387401574805
11
6.2210315748031491
21
-3.610115157480315
0
LINE
8
BLACK
6
CONTINUOUS
10
6.2210315748031491
20
-3.610115157480315
11
6.2202305905511812
21
-3.6077122047244092
0
LINE
8
BLACK
6
CONTINUOUS
10
6.2202305905511812
20
-3.6077122047244092
11
6.220011496062992
21
-3.608150433070866
0
LINE
8
BLACK
6
CONTINUOUS
10
6.220011496062992
20
-3.608150433070866
11
6.2197826771653544
21
-3.6083488188976376
0
LINE
8
BLACK
6
CONTINUOUS
10
6.2197826771653544
20
-3.6083488188976376
11
6.2196668110236217
21
-3.6086286614173226
0
LINE
8
BLACK
6
CONTINUOUS
10
6.2196668110236217
20
-3.6086286614173226
11
6.2174611023622042
21
-3.6108343307086614
0
LINE
8
BLACK
6
CONTINUOUS
10
6.2174611023622042
20
-3.6108343307086614
11
6.2171813385826766
21
-3.6109501968503936
0
LINE
8
BLACK
6
CONTINUOUS
10
6.2171813385826766
20
-3.6109501968503936
11
6.2169829133858263
21
-3.6111790157480312
0
LINE
8
BLACK
6
CONTINUOUS
10
6.2169829133858263
20
-3.6111790157480312
11
6.2125714960629921
21
-3.6133847244094488
0
LINE
8
BLACK
6
CONTINUOUS
10
6.2125714960629921
20
-3.6133847244094488
11
6.2121442913385829
21
-3.6134150393700786
0
LINE
8
BLACK
6
CONTINUOUS
10
6.2121442913385829
20
-3.6134150393700786
11
6.211748622047244
21
-3.6135789763779527
0
LINE
8
BLACK
6
CONTINUOUS
10
6.211748622047244
20
-3.6135789763779527
11
6.207337165354331
21
-3.6135789763779527
0
LINE
8
BLACK
6
CONTINUOUS
10
6.207337165354331
20
-3.6135789763779527
11
6.2069414566929133
21
-3.6134150393700786
0
LINE
8
BLACK
6
CONTINUOUS
10
6.2069414566929133
20
-3.6134150393700786
11
6.2065142913385829
21
-3.6133847244094488
0
LINE
8
BLACK
6
CONTINUOUS
10
6.2065142913385829
20
-3.6133847244094488
11
6.2021028740157478
21
-3.6111790157480312
0
LINE
8
BLACK
6
CONTINUOUS
10
6.2021028740157478
20
-3.6111790157480312
11
6.2019044488188975
21
-3.6109501968503936
0
LINE
8
BLACK
6
CONTINUOUS
10
6.2019044488188975
20
-3.6109501968503936
11
6.2016246456692912
21
-3.6108343307086614
0
LINE
8
BLACK
6
CONTINUOUS
10
6.2016246456692912
20
-3.6108343307086614
11
6.1994189763779524
21
-3.6086286220472439
0
LINE
8
BLACK
6
CONTINUOUS
10
6.1994189763779524
20
-3.6086286220472439
11
6.1993030708661419
21
-3.6083488582677163
0
LINE
8
BLACK
6
CONTINUOUS
10
6.1993030708661419
20
-3.6083488582677163
11
6.1990742913385821
21
-3.608150433070866
0
LINE
8
BLACK
6
CONTINUOUS
10
6.1990742913385821
20
-3.608150433070866
11
6.1968685826771654
21
-3.6037389763779526
0
LINE
8
BLACK
6
CONTINUOUS
10
6.1968685826771654
20
-3.6037389763779526
11
6.1968382283464569
21
-3.6033117716535434
0
LINE
8
BLACK
6
CONTINUOUS
10
6.1968382283464569
20
-3.6033117716535434
11
6.1966743307086611
21
-3.6029161023622045
0
LINE
8
BLACK
6
CONTINUOUS
10
6.1966743307086611
20
-3.6029161023622045
11
6.1966743307086611
21
-3.5874761023622046
0
LINE
8
BLACK
6
CONTINUOUS
10
6.1966743307086611
20
-3.5874761023622046
11
6.1972132677165357
21
-3.5861750393700786
0
LINE
8
BLACK
6
CONTINUOUS
10
6.1972132677165357
20
-3.5861750393700786
11
6.1985143307086616
21
-3.5856361023622045
0
LINE
8
BLACK
6
CONTINUOUS
10
6.1985143307086616
20
-3.5856361023622045
11
6.2448343307086613
21
-3.5856361023622045
0
LINE
8
BLACK
6
CONTINUOUS
10
6.2448343307086613
20
-3.5856361023622045
11
6.2461353937007873
21
-3.5861750393700786
0
LINE
8
BLACK
6
CONTINUOUS
10
6.222411456692913
20
-3.6026174803149607
11
6.2243853937007874
21
-3.60853937007874
0
LINE
8
BLACK
6
CONTINUOUS
10
6.2243853937007874
20
-3.60853937007874
11
6.2260727952755905
21
-3.6102267322834645
0
LINE
8
BLACK
6
CONTINUOUS
10
6.2260727952755905
20
-3.6102267322834645
11
6.2298287007874018
21
-3.6121046850393701
0
LINE
8
BLACK
6
CONTINUOUS
10
6.2298287007874018
20
-3.6121046850393701
11
6.2355770866141729
21
-3.6121046850393701
0
LINE
8
BLACK
6
CONTINUOUS
10
6.2355770866141729
20
-3.6121046850393701
11
6.2393329133858266
21
-3.6102267322834645
0
LINE
8
BLACK
6
CONTINUOUS
10
6.2393329133858266
20
-3.6102267322834645
11
6.2411164173228348
21
-3.6084432677165355
0
LINE
8
BLACK
6
CONTINUOUS
10
6.2411164173228348
20
-3.6084432677165355
11
6.2429943307086608
21
-3.6046874409448817
0
LINE
8
BLACK
6
CONTINUOUS
10
6.2429943307086608
20
-3.6046874409448817
11
6.2429943307086608
21
-3.5893161023622047
0
LINE
8
BLACK
6
CONTINUOUS
10
6.2429943307086608
20
-3.5893161023622047
11
6.222411456692913
21
-3.5893161023622047
0
LINE
8
BLACK
6
CONTINUOUS
10
6.222411456692913
20
-3.5893161023622047
11
6.222411456692913
21
-3.6026174803149607
0
LINE
8
BLACK
6
CONTINUOUS
10
6.2003543307086613
20
-3.6024817322834646
11
6.2022322440944881
21
-3.6062375984251966
0
LINE
8
BLACK
6
CONTINUOUS
10
6.2022322440944881
20
-3.6062375984251966
11
6.2040156692913389
21
-3.6080210236220474
0
LINE
8
BLACK
6
CONTINUOUS
10
6.2040156692913389
20
-3.6080210236220474
11
6.2077715354330705
21
-3.6098989763779525
0
LINE
8
BLACK
6
CONTINUOUS
10
6.2077715354330705
20
-3.6098989763779525
11
6.2113142519685036
21
-3.6098989763779525
0
LINE
8
BLACK
6
CONTINUOUS
10
6.2113142519685036
20
-3.6098989763779525
11
6.2150701181102361
21
-3.6080210236220474
0
LINE
8
BLACK
6
CONTINUOUS
10
6.2150701181102361
20
-3.6080210236220474
11
6.2168535039370081
21
-3.6062375984251966
0
LINE
8
BLACK
6
CONTINUOUS
10
6.2168535039370081
20
-3.6062375984251966
11
6.2187314566929128
21
-3.6024817322834646
0
LINE
8
BLACK
6
CONTINUOUS
10
6.2187314566929128
20
-3.6024817322834646
11
6.2187314566929128
21
-3.5893161023622047
0
LINE
8
BLACK
6
CONTINUOUS
10
6.2187314566929128
20
-3.5893161023622047
11
6.2003543307086613
21
-3.5893161023622047
0
LINE
8
BLACK
6
CONTINUOUS
10
6.2003543307086613
20
-3.5893161023622047
11
6.2003543307086613
21
-3.6024817322834646
0
LINE
8
BLACK
6
CONTINUOUS
10
6.0711353937007875
20
-3.5729721653543307
11
6.0716743307086611
21
-3.5742732283464567
0
LINE
8
BLACK
6
CONTINUOUS
10
6.0716743307086611
20
-3.5742732283464567
11
6.0716743307086611
21
-3.5963303937007871
0
LINE
8
BLACK
6
CONTINUOUS
10
6.0716743307086611
20
-3.5963303937007871
11
6.0711353937007875
21
-3.5976314566929135
0
LINE
8
BLACK
6
CONTINUOUS
10
6.0711353937007875
20
-3.5976314566929135
11
6.0698343307086615
21
-3.5981703937007872
0
LINE
8
BLACK
6
CONTINUOUS
10
6.0698343307086615
20
-3.5981703937007872
11
6.0685332677165356
21
-3.5976314566929135
0
LINE
8
BLACK
6
CONTINUOUS
10
6.0685332677165356
20
-3.5976314566929135
11
6.067994330708661
21
-3.5963303937007871
0
LINE
8
BLACK
6
CONTINUOUS
10
6.067994330708661
20
-3.5963303937007871
11
6.067994330708661
21
-3.5761132283464567
0
LINE
8
BLACK
6
CONTINUOUS
10
6.067994330708661
20
-3.5761132283464567
11
6.0235143307086609
21
-3.5761132283464567
0
LINE
8
BLACK
6
CONTINUOUS
10
6.0235143307086609
20
-3.5761132283464567
11
6.022213267716535
21
-3.5755742913385826
0
LINE
8
BLACK
6
CONTINUOUS
10
6.022213267716535
20
-3.5755742913385826
11
6.0216743307086613
21
-3.5742732283464567
0
LINE
8
BLACK
6
CONTINUOUS
10
6.0216743307086613
20
-3.5742732283464567
11
6.022213267716535
21
-3.5729721653543307
0
LINE
8
BLACK
6
CONTINUOUS
10
6.022213267716535
20
-3.5729721653543307
11
6.0235143307086609
21
-3.5724332283464566
0
LINE
8
BLACK
6
CONTINUOUS
10
6.0235143307086609
20
-3.5724332283464566
11
6.0698343307086615
21
-3.5724332283464566
0
LINE
8
BLACK
6
CONTINUOUS
10
6.0698343307086615
20
-3.5724332283464566
11
6.0711353937007875
21
-3.5729721653543307
0
LINE
8
BLACK
6
CONTINUOUS
10
6.1336353937007875
20
-3.5435349999999999
11
6.1341743307086611
21
-3.5448360629921258
0
LINE
8
BLACK
6
CONTINUOUS
10
6.1341743307086611
20
-3.5448360629921258
11
6.1336353937007875
21
-3.5461371259842518
0
LINE
8
BLACK
6
CONTINUOUS
10
6.1336353937007875
20
-3.5461371259842518
11
6.1323343307086615
21
-3.5466760629921259
0
LINE
8
BLACK
6
CONTINUOUS
10
6.1323343307086615
20
-3.5466760629921259
11
6.113245
21
-3.5466760629921259
0
LINE
8
BLACK
6
CONTINUOUS
10
6.113245
20
-3.5466760629921259
11
6.1086669291338582
21
-3.551254094488189
0
LINE
8
BLACK
6
CONTINUOUS
10
6.1086669291338582
20
-3.551254094488189
11
6.1334383070866139
21
-3.5698326377952756
0
LINE
8
BLACK
6
CONTINUOUS
10
6.1334383070866139
20
-3.5698326377952756
11
6.1341558267716536
21
-3.571044409448819
0
LINE
8
BLACK
6
CONTINUOUS
10
6.1341558267716536
20
-3.571044409448819
11
6.1338063385826773
21
-3.5724086220472442
0
LINE
8
BLACK
6
CONTINUOUS
10
6.1338063385826773
20
-3.5724086220472442
11
6.1325945275590552
21
-3.5731261417322835
0
LINE
8
BLACK
6
CONTINUOUS
10
6.1325945275590552
20
-3.5731261417322835
11
6.1312303149606295
21
-3.5727766535433072
0
LINE
8
BLACK
6
CONTINUOUS
10
6.1312303149606295
20
-3.5727766535433072
11
6.1060383464566925
21
-3.5538826771653542
0
LINE
8
BLACK
6
CONTINUOUS
10
6.1060383464566925
20
-3.5538826771653542
11
6.0873153937007869
21
-3.5726057086614174
0
LINE
8
BLACK
6
CONTINUOUS
10
6.0873153937007869
20
-3.5726057086614174
11
6.0860143307086609
21
-3.5731446456692915
0
LINE
8
BLACK
6
CONTINUOUS
10
6.0860143307086609
20
-3.5731446456692915
11
6.084713267716535
21
-3.5726057086614174
0
LINE
8
BLACK
6
CONTINUOUS
10
6.084713267716535
20
-3.5726057086614174
11
6.0841743307086613
21
-3.5713046456692914
0
LINE
8
BLACK
6
CONTINUOUS
10
6.0841743307086613
20
-3.5713046456692914
11
6.084713267716535
21
-3.5700035826771654
0
LINE
8
BLACK
6
CONTINUOUS
10
6.084713267716535
20
-3.5700035826771654
11
6.1080407480314962
21
-3.5466760629921259
0
LINE
8
BLACK
6
CONTINUOUS
10
6.1080407480314962
20
-3.5466760629921259
11
6.0860143307086609
21
-3.5466760629921259
0
LINE
8
BLACK
6
CONTINUOUS
10
6.0860143307086609
20
-3.5466760629921259
11
6.084713267716535
21
-3.5461371259842518
0
LINE
8
BLACK
6
CONTINUOUS
10
6.084713267716535
20
-3.5461371259842518
11
6.0841743307086613
21
-3.5448360629921258
0
LINE
8
BLACK
6
CONTINUOUS
10
6.0841743307086613
20
-3.5448360629921258
11
6.084713267716535
21
-3.5435349999999999
0
LINE
8
BLACK
6
CONTINUOUS
10
6.084713267716535
20
-3.5435349999999999
11
6.0860143307086609
21
-3.5429960629921258
0
LINE
8
BLACK
6
CONTINUOUS
10
6.0860143307086609
20
-3.5429960629921258
11
6.1323343307086615
21
-3.5429960629921258
0
LINE
8
BLACK
6
CONTINUOUS
10
6.1323343307086615
20
-3.5429960629921258
11
6.1336353937007875
21
-3.5435349999999999
0
LINE
8
BLACK
6
CONTINUOUS
10
6.2296098031496063
20
-3.534993937007874
11
6.2298405905511807
21
-3.5349596062992124
0
LINE
8
BLACK
6
CONTINUOUS
10
6.2298405905511807
20
-3.5349596062992124
11
6.23866342519685
21
-3.5371653149606299
0
LINE
8
BLACK
6
CONTINUOUS
10
6.23866342519685
20
-3.5371653149606299
11
6.2390610629921257
21
-3.5374599212598423
0
LINE
8
BLACK
6
CONTINUOUS
10
6.2390610629921257
20
-3.5374599212598423
11
6.2395182283464568
21
-3.5376493307086614
0
LINE
8
BLACK
6
CONTINUOUS
10
6.2395182283464568
20
-3.5376493307086614
11
6.2439296850393697
21
-3.5420607874015748
0
LINE
8
BLACK
6
CONTINUOUS
10
6.2439296850393697
20
-3.5420607874015748
11
6.2440455511811024
21
-3.5423405118110236
0
LINE
8
BLACK
6
CONTINUOUS
10
6.2440455511811024
20
-3.5423405118110236
11
6.24427437007874
21
-3.5425389763779527
0
LINE
8
BLACK
6
CONTINUOUS
10
6.24427437007874
20
-3.5425389763779527
11
6.2464800787401575
21
-3.5469503937007874
0
LINE
8
BLACK
6
CONTINUOUS
10
6.2464800787401575
20
-3.5469503937007874
11
6.2465103937007873
21
-3.5473775590551182
0
LINE
8
BLACK
6
CONTINUOUS
10
6.2465103937007873
20
-3.5473775590551182
11
6.246674330708661
21
-3.5477732677165355
0
LINE
8
BLACK
6
CONTINUOUS
10
6.246674330708661
20
-3.5477732677165355
11
6.246674330708661
21
-3.5565961023622048
0
LINE
8
BLACK
6
CONTINUOUS
10
6.246674330708661
20
-3.5565961023622048
11
6.2465103937007873
21
-3.5569917716535433
0
LINE
8
BLACK
6
CONTINUOUS
10
6.2465103937007873
20
-3.5569917716535433
11
6.2464800787401575
21
-3.5574189370078741
0
LINE
8
BLACK
6
CONTINUOUS
10
6.2464800787401575
20
-3.5574189370078741
11
6.24427437007874
21
-3.5618304330708659
0
LINE
8
BLACK
6
CONTINUOUS
10
6.24427437007874
20
-3.5618304330708659
11
6.2440455511811024
21
-3.5620288188976379
0
LINE
8
BLACK
6
CONTINUOUS
10
6.2440455511811024
20
-3.5620288188976379
11
6.2439296850393697
21
-3.5623086614173229
0
LINE
8
BLACK
6
CONTINUOUS
10
6.2439296850393697
20
-3.5623086614173229
11
6.2395182283464568
21
-3.5667200393700789
0
LINE
8
BLACK
6
CONTINUOUS
10
6.2395182283464568
20
-3.5667200393700789
11
6.2390610629921257
21
-3.5669094094488187
0
LINE
8
BLACK
6
CONTINUOUS
10
6.2390610629921257
20
-3.5669094094488187
11
6.23866342519685
21
-3.5672040551181103
0
LINE
8
BLACK
6
CONTINUOUS
10
6.23866342519685
20
-3.5672040551181103
11
6.2298405905511807
21
-3.5694097637795275
0
LINE
8
BLACK
6
CONTINUOUS
10
6.2298405905511807
20
-3.5694097637795275
11
6.2296098031496063
21
-3.5693753937007875
0
LINE
8
BLACK
6
CONTINUOUS
10
6.2296098031496063
20
-3.5693753937007875
11
6.2293943307086614
21
-3.5694646850393701
0
LINE
8
BLACK
6
CONTINUOUS
10
6.2293943307086614
20
-3.5694646850393701
11
6.2139543307086615
21
-3.5694646850393701
0
LINE
8
BLACK
6
CONTINUOUS
10
6.2139543307086615
20
-3.5694646850393701
11
6.2137388188976379
21
-3.5693753937007875
0
LINE
8
BLACK
6
CONTINUOUS
10
6.2137388188976379
20
-3.5693753937007875
11
6.2135080708661414
21
-3.5694097637795275
0
LINE
8
BLACK
6
CONTINUOUS
10
6.2135080708661414
20
-3.5694097637795275
11
6.2046851968503933
21
-3.5672040551181103
0
LINE
8
BLACK
6
CONTINUOUS
10
6.2046851968503933
20
-3.5672040551181103
11
6.2042875984251964
21
-3.5669094488188975
0
LINE
8
BLACK
6
CONTINUOUS
10
6.2042875984251964
20
-3.5669094488188975
11
6.2038303937007875
21
-3.5667200787401576
0
LINE
8
BLACK
6
CONTINUOUS
10
6.2038303937007875
20
-3.5667200787401576
11
6.1994189763779524
21
-3.5623086220472442
0
LINE
8
BLACK
6
CONTINUOUS
10
6.1994189763779524
20
-3.5623086220472442
11
6.1993030708661419
21
-3.5620288582677166
0
LINE
8
BLACK
6
CONTINUOUS
10
6.1993030708661419
20
-3.5620288582677166
11
6.1990742913385821
21
-3.5618304330708659
0
LINE
8
BLACK
6
CONTINUOUS
10
6.1990742913385821
20
-3.5618304330708659
11
6.1968685826771654
21
-3.5574189763779525
0
LINE
8
BLACK
6
CONTINUOUS
10
6.1968685826771654
20
-3.5574189763779525
11
6.1968382283464569
21
-3.5569917716535433
0
LINE
8
BLACK
6
CONTINUOUS
10
6.1968382283464569
20
-3.5569917716535433
11
6.1966743307086611
21
-3.5565961023622048
0
LINE
8
BLACK
6
CONTINUOUS
10
6.1966743307086611
20
-3.5565961023622048
11
6.1966743307086611
21
-3.5477732677165355
0
LINE
8
BLACK
6
CONTINUOUS
10
6.1966743307086611
20
-3.5477732677165355
11
6.1968382283464569
21
-3.5473775590551182
0
LINE
8
BLACK
6
CONTINUOUS
10
6.1968382283464569
20
-3.5473775590551182
11
6.1968685826771654
21
-3.5469503937007874
0
LINE
8
BLACK
6
CONTINUOUS
10
6.1968685826771654
20
-3.5469503937007874
11
6.1990742913385821
21
-3.5425389763779527
0
LINE
8
BLACK
6
CONTINUOUS
10
6.1990742913385821
20
-3.5425389763779527
11
6.1993030708661419
21
-3.5423405118110236
0
LINE
8
BLACK
6
CONTINUOUS
10
6.1993030708661419
20
-3.5423405118110236
11
6.1994189763779524
21
-3.5420607874015748
0
LINE
8
BLACK
6
CONTINUOUS
10
6.1994189763779524
20
-3.5420607874015748
11
6.2038303543307087
21
-3.5376493307086614
0
LINE
8
BLACK
6
CONTINUOUS
10
6.2038303543307087
20
-3.5376493307086614
11
6.2042875196850389
21
-3.5374599606299211
0
LINE
8
BLACK
6
CONTINUOUS
10
6.2042875196850389
20
-3.5374599606299211
11
6.2046851968503933
21
-3.5371653149606299
0
LINE
8
BLACK
6
CONTINUOUS
10
6.2046851968503933
20
-3.5371653149606299
11
6.2135080708661414
21
-3.5349596062992124
0
LINE
8
BLACK
6
CONTINUOUS
10
6.2135080708661414
20
-3.5349596062992124
11
6.2137388188976379
21
-3.534993937007874
0
LINE
8
BLACK
6
CONTINUOUS
10
6.2137388188976379
20
-3.534993937007874
11
6.2139543307086615
21
-3.5349046850393702
0
LINE
8
BLACK
6
CONTINUOUS
10
6.2139543307086615
20
-3.5349046850393702
11
6.2293943307086614
21
-3.5349046850393702
0
LINE
8
BLACK
6
CONTINUOUS
10
6.2293943307086614
20
-3.5349046850393702
11
6.2296098031496063
21
-3.534993937007874
0
LINE
8
BLACK
6
CONTINUOUS
10
6.2060720866141734
20
-3.5406118503937005
11
6.2022322834645669
21
-3.5444516929133858
0
LINE
8
BLACK
6
CONTINUOUS
10
6.2022322834645669
20
-3.5444516929133858
11
6.2003543307086613
21
-3.5482076377952754
0
LINE
8
BLACK
6
CONTINUOUS
10
6.2003543307086613
20
-3.5482076377952754
11
6.2003543307086613
21
-3.5561617322834644
0
LINE
8
BLACK
6
CONTINUOUS
10
6.2003543307086613
20
-3.5561617322834644
11
6.2022322440944881
21
-3.5599176377952757
0
LINE
8
BLACK
6
CONTINUOUS
10
6.2022322440944881
20
-3.5599176377952757
11
6.2060721259842522
21
-3.5637574803149605
0
LINE
8
BLACK
6
CONTINUOUS
10
6.2060721259842522
20
-3.5637574803149605
11
6.2141809055118111
21
-3.56578468503937
0
LINE
8
BLACK
6
CONTINUOUS
10
6.2141809055118111
20
-3.56578468503937
11
6.2291677559055119
21
-3.56578468503937
0
LINE
8
BLACK
6
CONTINUOUS
10
6.2291677559055119
20
-3.56578468503937
11
6.2372764960629921
21
-3.5637574803149605
0
LINE
8
BLACK
6
CONTINUOUS
10
6.2372764960629921
20
-3.5637574803149605
11
6.2411163385826773
21
-3.5599176377952757
0
LINE
8
BLACK
6
CONTINUOUS
10
6.2411163385826773
20
-3.5599176377952757
11
6.2429943307086608
21
-3.5561617322834644
0
LINE
8
BLACK
6
CONTINUOUS
10
6.2429943307086608
20
-3.5561617322834644
11
6.2429943307086608
21
-3.5482076377952754
0
LINE
8
BLACK
6
CONTINUOUS
10
6.2429943307086608
20
-3.5482076377952754
11
6.2411163779527561
21
-3.5444517322834646
0
LINE
8
BLACK
6
CONTINUOUS
10
6.2411163779527561
20
-3.5444517322834646
11
6.2372764960629921
21
-3.5406118503937005
0
LINE
8
BLACK
6
CONTINUOUS
10
6.2372764960629921
20
-3.5406118503937005
11
6.2291677559055119
21
-3.5385846850393698
0
LINE
8
BLACK
6
CONTINUOUS
10
6.2291677559055119
20
-3.5385846850393698
11
6.2141809055118111
21
-3.5385846850393698
0
LINE
8
BLACK
6
CONTINUOUS
10
6.2141809055118111
20
-3.5385846850393698
11
6.2060720866141734
21
-3.5406118503937005
0
LINE
8
BLACK
6
CONTINUOUS
10
6.0873153937007869
20
-3.5016264566929132
11
6.0878543307086614
21
-3.5029275196850391
0
LINE
8
BLACK
6
CONTINUOUS
10
6.0878543307086614
20
-3.5029275196850391
11
6.0878543307086614
21
-3.5143218110236218
0
LINE
8
BLACK
6
CONTINUOUS
10
6.0878543307086614
20
-3.5143218110236218
11
6.1323343307086615
21
-3.5143218110236218
0
LINE
8
BLACK
6
CONTINUOUS
10
6.1323343307086615
20
-3.5143218110236218
11
6.1336353937007875
21
-3.514860748031496
0
LINE
8
BLACK
6
CONTINUOUS
10
6.1336353937007875
20
-3.514860748031496
11
6.1341743307086611
21
-3.5161618110236219
0
LINE
8
BLACK
6
CONTINUOUS
10
6.1341743307086611
20
-3.5161618110236219
11
6.1336353937007875
21
-3.5174628740157479
0
LINE
8
BLACK
6
CONTINUOUS
10
6.1336353937007875
20
-3.5174628740157479
11
6.1323343307086615
21
-3.518001811023622
0
LINE
8
BLACK
6
CONTINUOUS
10
6.1323343307086615
20
-3.518001811023622
11
6.0878543307086614
21
-3.518001811023622
0
LINE
8
BLACK
6
CONTINUOUS
10
6.0878543307086614
20
-3.518001811023622
11
6.0878543307086614
21
-3.5293961023622047
0
LINE
8
BLACK
6
CONTINUOUS
10
6.0878543307086614
20
-3.5293961023622047
11
6.0873153937007869
21
-3.5306971653543306
0
LINE
8
BLACK
6
CONTINUOUS
10
6.0873153937007869
20
-3.5306971653543306
11
6.0860143307086609
21
-3.5312361023622048
0
LINE
8
BLACK
6
CONTINUOUS
10
6.0860143307086609
20
-3.5312361023622048
11
6.084713267716535
21
-3.5306971653543306
0
LINE
8
BLACK
6
CONTINUOUS
10
6.084713267716535
20
-3.5306971653543306
11
6.0841743307086613
21
-3.5293961023622047
0
LINE
8
BLACK
6
CONTINUOUS
10
6.0841743307086613
20
-3.5293961023622047
11
6.0841743307086613
21
-3.5029275196850391
0
LINE
8
BLACK
6
CONTINUOUS
10
6.0841743307086613
20
-3.5029275196850391
11
6.084713267716535
21
-3.5016264566929132
0
LINE
8
BLACK
6
CONTINUOUS
10
6.084713267716535
20
-3.5016264566929132
11
6.0860143307086609
21
-3.5010875196850395
0
LINE
8
BLACK
6
CONTINUOUS
10
6.0860143307086609
20
-3.5010875196850395
11
6.0873153937007869
21
-3.5016264566929132
0
LINE
8
BLACK
6
CONTINUOUS
10
6.2284896850393698
20
-3.480300748031496
11
6.2290286220472444
21
-3.481601811023622
0
LINE
8
BLACK
6
CONTINUOUS
10
6.2290286220472444
20
-3.481601811023622
11
6.2290286220472444
21
-3.5168932677165352
0
LINE
8
BLACK
6
CONTINUOUS
10
6.2290286220472444
20
-3.5168932677165352
11
6.2284896850393698
21
-3.5181943307086612
0
LINE
8
BLACK
6
CONTINUOUS
10
6.2284896850393698
20
-3.5181943307086612
11
6.2271886220472439
21
-3.5187332677165353
0
LINE
8
BLACK
6
CONTINUOUS
10
6.2271886220472439
20
-3.5187332677165353
11
6.2258875590551179
21
-3.5181943307086612
0
LINE
8
BLACK
6
CONTINUOUS
10
6.2258875590551179
20
-3.5181943307086612
11
6.2253486220472443
21
-3.5168932677165352
0
LINE
8
BLACK
6
CONTINUOUS
10
6.2253486220472443
20
-3.5168932677165352
11
6.2253486220472443
21
-3.481601811023622
0
LINE
8
BLACK
6
CONTINUOUS
10
6.2253486220472443
20
-3.481601811023622
11
6.2258875590551179
21
-3.480300748031496
0
LINE
8
BLACK
6
CONTINUOUS
10
6.2258875590551179
20
-3.480300748031496
11
6.2271886220472439
21
-3.4797618110236219
0
LINE
8
BLACK
6
CONTINUOUS
10
6.2271886220472439
20
-3.4797618110236219
11
6.2284896850393698
21
-3.480300748031496
0
LINE
8
BLACK
6
CONTINUOUS
10
6.0996442913385822
20
-3.4615485433070865
11
6.1000714960629923
21
-3.461578897637795
0
LINE
8
BLACK
6
CONTINUOUS
10
6.1000714960629923
20
-3.461578897637795
11
6.1044829133858265
21
-3.4637846062992126
0
LINE
8
BLACK
6
CONTINUOUS
10
6.1044829133858265
20
-3.4637846062992126
11
6.1046813385826768
21
-3.4640133858267714
0
LINE
8
BLACK
6
CONTINUOUS
10
6.1046813385826768
20
-3.4640133858267714
11
6.1049611023622044
21
-3.4641292913385824
0
LINE
8
BLACK
6
CONTINUOUS
10
6.1049611023622044
20
-3.4641292913385824
11
6.1071668110236219
21
-3.4663349606299212
0
LINE
8
BLACK
6
CONTINUOUS
10
6.1071668110236219
20
-3.4663349606299212
11
6.1072826771653546
21
-3.4666147637795275
0
LINE
8
BLACK
6
CONTINUOUS
10
6.1072826771653546
20
-3.4666147637795275
11
6.1075114960629922
21
-3.4668131889763778
0
LINE
8
BLACK
6
CONTINUOUS
10
6.1075114960629922
20
-3.4668131889763778
11
6.1097172047244097
21
-3.47122468503937
0
LINE
8
BLACK
6
CONTINUOUS
10
6.1097172047244097
20
-3.47122468503937
11
6.1097320078740154
21
-3.4714331889763779
0
LINE
8
BLACK
6
CONTINUOUS
10
6.1097320078740154
20
-3.4714331889763779
11
6.1098565354330709
21
-3.4716012598425197
0
LINE
8
BLACK
6
CONTINUOUS
10
6.1098565354330709
20
-3.4716012598425197
11
6.1120132677165353
21
-3.480228188976378
0
LINE
8
BLACK
6
CONTINUOUS
10
6.1120132677165353
20
-3.480228188976378
11
6.1139950393700788
21
-3.4841917716535433
0
LINE
8
BLACK
6
CONTINUOUS
10
6.1139950393700788
20
-3.4841917716535433
11
6.1157785433070861
21
-3.4859752755905511
0
LINE
8
BLACK
6
CONTINUOUS
10
6.1157785433070861
20
-3.4859752755905511
11
6.1195344094488187
21
-3.4878532283464567
0
LINE
8
BLACK
6
CONTINUOUS
10
6.1195344094488187
20
-3.4878532283464567
11
6.123077086614173
21
-3.4878532283464567
0
LINE
8
BLACK
6
CONTINUOUS
10
6.123077086614173
20
-3.4878532283464567
11
6.1268329133858268
21
-3.4859752755905511
0
LINE
8
BLACK
6
CONTINUOUS
10
6.1268329133858268
20
-3.4859752755905511
11
6.1286164173228341
21
-3.4841918110236221
0
LINE
8
BLACK
6
CONTINUOUS
10
6.1286164173228341
20
-3.4841918110236221
11
6.130494330708661
21
-3.4804359842519683
0
LINE
8
BLACK
6
CONTINUOUS
10
6.130494330708661
20
-3.4804359842519683
11
6.130494330708661
21
-3.4701404330708661
0
LINE
8
BLACK
6
CONTINUOUS
10
6.130494330708661
20
-3.4701404330708661
11
6.128383031496063
21
-3.463806496062992
0
LINE
8
BLACK
6
CONTINUOUS
10
6.128383031496063
20
-3.463806496062992
11
6.1284829133858265
21
-3.4624017716535431
0
LINE
8
BLACK
6
CONTINUOUS
10
6.1284829133858265
20
-3.4624017716535431
11
6.1295467716535432
21
-3.4614790551181103
0
LINE
8
BLACK
6
CONTINUOUS
10
6.1295467716535432
20
-3.4614790551181103
11
6.1309514960629921
21
-3.4615789370078738
0
LINE
8
BLACK
6
CONTINUOUS
10
6.1309514960629921
20
-3.4615789370078738
11
6.1318742125984249
21
-3.4626427952755905
0
LINE
8
BLACK
6
CONTINUOUS
10
6.1318742125984249
20
-3.4626427952755905
11
6.1340799212598425
21
-3.469259960629921
0
LINE
8
BLACK
6
CONTINUOUS
10
6.1340799212598425
20
-3.469259960629921
11
6.1340584251968506
21
-3.4695620472440942
0
LINE
8
BLACK
6
CONTINUOUS
10
6.1340584251968506
20
-3.4695620472440942
11
6.1341743307086611
21
-3.4698418110236218
0
LINE
8
BLACK
6
CONTINUOUS
10
6.1341743307086611
20
-3.4698418110236218
11
6.1341743307086611
21
-3.4808703543307087
0
LINE
8
BLACK
6
CONTINUOUS
10
6.1341743307086611
20
-3.4808703543307087
11
6.1340103937007875
21
-3.4812660236220472
0
LINE
8
BLACK
6
CONTINUOUS
10
6.1340103937007875
20
-3.4812660236220472
11
6.1339800787401577
21
-3.481693188976378
0
LINE
8
BLACK
6
CONTINUOUS
10
6.1339800787401577
20
-3.481693188976378
11
6.1317743700787402
21
-3.4861046850393702
0
LINE
8
BLACK
6
CONTINUOUS
10
6.1317743700787402
20
-3.4861046850393702
11
6.1315455511811026
21
-3.4863030708661418
0
LINE
8
BLACK
6
CONTINUOUS
10
6.1315455511811026
20
-3.4863030708661418
11
6.1314296850393699
21
-3.4865829133858268
0
LINE
8
BLACK
6
CONTINUOUS
10
6.1314296850393699
20
-3.4865829133858268
11
6.1292239370078736
21
-3.4887886220472439
0
LINE
8
BLACK
6
CONTINUOUS
10
6.1292239370078736
20
-3.4887886220472439
11
6.1289441338582673
21
-3.4889044881889761
0
LINE
8
BLACK
6
CONTINUOUS
10
6.1289441338582673
20
-3.4889044881889761
11
6.1287457480314957
21
-3.4891332677165354
0
LINE
8
BLACK
6
CONTINUOUS
10
6.1287457480314957
20
-3.4891332677165354
11
6.1243343307086615
21
-3.4913389763779525
0
LINE
8
BLACK
6
CONTINUOUS
10
6.1243343307086615
20
-3.4913389763779525
11
6.1239071259842515
21
-3.4913692913385828
0
LINE
8
BLACK
6
CONTINUOUS
10
6.1239071259842515
20
-3.4913692913385828
11
6.1235114566929134
21
-3.4915332283464564
0
LINE
8
BLACK
6
CONTINUOUS
10
6.1235114566929134
20
-3.4915332283464564
11
6.1191000393700783
21
-3.4915332283464564
0
LINE
8
BLACK
6
CONTINUOUS
10
6.1191000393700783
20
-3.4915332283464564
11
6.1187043307086615
21
-3.4913692913385828
0
LINE
8
BLACK
6
CONTINUOUS
10
6.1187043307086615
20
-3.4913692913385828
11
6.1182771653543302
21
-3.4913389763779525
0
LINE
8
BLACK
6
CONTINUOUS
10
6.1182771653543302
20
-3.4913389763779525
11
6.113865748031496
21
-3.4891332677165354
0
LINE
8
BLACK
6
CONTINUOUS
10
6.113865748031496
20
-3.4891332677165354
11
6.1136673228346456
21
-3.4889044881889761
0
LINE
8
BLACK
6
CONTINUOUS
10
6.1136673228346456
20
-3.4889044881889761
11
6.1133875590551181
21
-3.4887886220472439
0
LINE
8
BLACK
6
CONTINUOUS
10
6.1133875590551181
20
-3.4887886220472439
11
6.1111818110236218
21
-3.4865829133858268
0
LINE
8
BLACK
6
CONTINUOUS
10
6.1111818110236218
20
-3.4865829133858268
11
6.1110659055118113
21
-3.4863031102362205
0
LINE
8
BLACK
6
CONTINUOUS
10
6.1110659055118113
20
-3.4863031102362205
11
6.1108371259842515
21
-3.4861046850393702
0
LINE
8
BLACK
6
CONTINUOUS
10
6.1108371259842515
20
-3.4861046850393702
11
6.1086314173228349
21
-3.4816932283464568
0
LINE
8
BLACK
6
CONTINUOUS
10
6.1086314173228349
20
-3.4816932283464568
11
6.1086165748031496
21
-3.4814846456692914
0
LINE
8
BLACK
6
CONTINUOUS
10
6.1086165748031496
20
-3.4814846456692914
11
6.1084920866141728
21
-3.4813166141732284
0
LINE
8
BLACK
6
CONTINUOUS
10
6.1084920866141728
20
-3.4813166141732284
11
6.1063353149606296
21
-3.4726896456692913
0
LINE
8
BLACK
6
CONTINUOUS
10
6.1063353149606296
20
-3.4726896456692913
11
6.1043535039370074
21
-3.4687259842519684
0
LINE
8
BLACK
6
CONTINUOUS
10
6.1043535039370074
20
-3.4687259842519684
11
6.1025701181102363
21
-3.4669425590551182
0
LINE
8
BLACK
6
CONTINUOUS
10
6.1025701181102363
20
-3.4669425590551182
11
6.0988142519685038
21
-3.4650646456692913
0
LINE
8
BLACK
6
CONTINUOUS
10
6.0988142519685038
20
-3.4650646456692913
11
6.0952715354330707
21
-3.4650646456692913
0
LINE
8
BLACK
6
CONTINUOUS
10
6.0952715354330707
20
-3.4650646456692913
11
6.0915156692913381
21
-3.4669425590551182
0
LINE
8
BLACK
6
CONTINUOUS
10
6.0915156692913381
20
-3.4669425590551182
11
6.0897322440944883
21
-3.4687259842519684
0
LINE
8
BLACK
6
CONTINUOUS
10
6.0897322440944883
20
-3.4687259842519684
11
6.0878543307086614
21
-3.4724818503937005
0
LINE
8
BLACK
6
CONTINUOUS
10
6.0878543307086614
20
-3.4724818503937005
11
6.0878543307086614
21
-3.482777440944882
0
LINE
8
BLACK
6
CONTINUOUS
10
6.0878543307086614
20
-3.482777440944882
11
6.0899656299212594
21
-3.4891113779527556
0
LINE
8
BLACK
6
CONTINUOUS
10
6.0899656299212594
20
-3.4891113779527556
11
6.0898657874015747
21
-3.4905161023622044
0
LINE
8
BLACK
6
CONTINUOUS
10
6.0898657874015747
20
-3.4905161023622044
11
6.0888018897637792
21
-3.4914388188976377
0
LINE
8
BLACK
6
CONTINUOUS
10
6.0888018897637792
20
-3.4914388188976377
11
6.0873971653543304
21
-3.4913389763779525
0
LINE
8
BLACK
6
CONTINUOUS
10
6.0873971653543304
20
-3.4913389763779525
11
6.0864744488188975
21
-3.4902751181102363
0
LINE
8
BLACK
6
CONTINUOUS
10
6.0864744488188975
20
-3.4902751181102363
11
6.08426874015748
21
-3.4836579133858265
0
LINE
8
BLACK
6
CONTINUOUS
10
6.08426874015748
20
-3.4836579133858265
11
6.084290196850394
21
-3.4833558267716533
0
LINE
8
BLACK
6
CONTINUOUS
10
6.084290196850394
20
-3.4833558267716533
11
6.0841743307086613
21
-3.4830760629921258
0
LINE
8
BLACK
6
CONTINUOUS
10
6.0841743307086613
20
-3.4830760629921258
11
6.0841743307086613
21
-3.4720475196850393
0
LINE
8
BLACK
6
CONTINUOUS
10
6.0841743307086613
20
-3.4720475196850393
11
6.0843382283464562
21
-3.4716518110236221
0
LINE
8
BLACK
6
CONTINUOUS
10
6.0843382283464562
20
-3.4716518110236221
11
6.0843685826771656
21
-3.4712246456692912
0
LINE
8
BLACK
6
CONTINUOUS
10
6.0843685826771656
20
-3.4712246456692912
11
6.0865742913385823
21
-3.4668131889763778
0
LINE
8
BLACK
6
CONTINUOUS
10
6.0865742913385823
20
-3.4668131889763778
11
6.086803070866142
21
-3.4666147244094487
0
LINE
8
BLACK
6
CONTINUOUS
10
6.086803070866142
20
-3.4666147244094487
11
6.0869189763779525
21
-3.4663349999999999
0
LINE
8
BLACK
6
CONTINUOUS
10
6.0869189763779525
20
-3.4663349999999999
11
6.0891246456692913
21
-3.4641292913385824
0
LINE
8
BLACK
6
CONTINUOUS
10
6.0891246456692913
20
-3.4641292913385824
11
6.0894044488188976
21
-3.4640133858267714
0
LINE
8
BLACK
6
CONTINUOUS
10
6.0894044488188976
20
-3.4640133858267714
11
6.089602874015748
21
-3.4637846062992126
0
LINE
8
BLACK
6
CONTINUOUS
10
6.089602874015748
20
-3.4637846062992126
11
6.0940142913385822
21
-3.461578897637795
0
LINE
8
BLACK
6
CONTINUOUS
10
6.0940142913385822
20
-3.461578897637795
11
6.0944414566929135
21
-3.4615485433070865
0
LINE
8
BLACK
6
CONTINUOUS
10
6.0944414566929135
20
-3.4615485433070865
11
6.0948371653543303
21
-3.4613846456692912
0
LINE
8
BLACK
6
CONTINUOUS
10
6.0948371653543303
20
-3.4613846456692912
11
6.0992486220472442
21
-3.4613846456692912
0
LINE
8
BLACK
6
CONTINUOUS
10
6.0992486220472442
20
-3.4613846456692912
11
6.0996442913385822
21
-3.4615485433070865
0
LINE
8
BLACK
6
CONTINUOUS
10
6.2461353937007873
20
-3.4339807480314959
11
6.246674330708661
21
-3.4352818110236218
0
LINE
8
BLACK
6
CONTINUOUS
10
6.246674330708661
20
-3.4352818110236218
11
6.246674330708661
21
-3.4463103937007875
0
LINE
8
BLACK
6
CONTINUOUS
10
6.246674330708661
20
-3.4463103937007875
11
6.2465584251968505
21
-3.4465901181102363
0
LINE
8
BLACK
6
CONTINUOUS
10
6.2465584251968505
20
-3.4465901181102363
11
6.2465799212598423
21
-3.4468922440944882
0
LINE
8
BLACK
6
CONTINUOUS
10
6.2465799212598423
20
-3.4468922440944882
11
6.2443742125984247
21
-3.45350937007874
0
LINE
8
BLACK
6
CONTINUOUS
10
6.2443742125984247
20
-3.45350937007874
11
6.244093503937008
21
-3.4538329527559055
0
LINE
8
BLACK
6
CONTINUOUS
10
6.244093503937008
20
-3.4538329527559055
11
6.2439296850393697
21
-3.4542285826771653
0
LINE
8
BLACK
6
CONTINUOUS
10
6.2439296850393697
20
-3.4542285826771653
11
6.2395182283464568
21
-3.4586400393700787
0
LINE
8
BLACK
6
CONTINUOUS
10
6.2395182283464568
20
-3.4586400393700787
11
6.2392384645669292
21
-3.4587559055118109
0
LINE
8
BLACK
6
CONTINUOUS
10
6.2392384645669292
20
-3.4587559055118109
11
6.2390400393700789
21
-3.4589847244094489
0
LINE
8
BLACK
6
CONTINUOUS
10
6.2390400393700789
20
-3.4589847244094489
11
6.2346286220472438
21
-3.461190433070866
0
LINE
8
BLACK
6
CONTINUOUS
10
6.2346286220472438
20
-3.461190433070866
11
6.2344200393700788
21
-3.4612052362204722
0
LINE
8
BLACK
6
CONTINUOUS
10
6.2344200393700788
20
-3.4612052362204722
11
6.2342520078740158
21
-3.4613297637795273
0
LINE
8
BLACK
6
CONTINUOUS
10
6.2342520078740158
20
-3.4613297637795273
11
6.2254291338582677
21
-3.4635354724409448
0
LINE
8
BLACK
6
CONTINUOUS
10
6.2254291338582677
20
-3.4635354724409448
11
6.2251983464566925
21
-3.4635011023622044
0
LINE
8
BLACK
6
CONTINUOUS
10
6.2251983464566925
20
-3.4635011023622044
11
6.2249828740157476
21
-3.4635903937007875
0
LINE
8
BLACK
6
CONTINUOUS
10
6.2249828740157476
20
-3.4635903937007875
11
6.2183657480314958
21
-3.4635903937007875
0
LINE
8
BLACK
6
CONTINUOUS
10
6.2183657480314958
20
-3.4635903937007875
11
6.2181502362204721
21
-3.4635011023622044
0
LINE
8
BLACK
6
CONTINUOUS
10
6.2181502362204721
20
-3.4635011023622044
11
6.2179194881889766
21
-3.4635354724409448
0
LINE
8
BLACK
6
CONTINUOUS
10
6.2179194881889766
20
-3.4635354724409448
11
6.2090966141732284
21
-3.4613297637795273
0
LINE
8
BLACK
6
CONTINUOUS
10
6.2090966141732284
20
-3.4613297637795273
11
6.2089285433070867
21
-3.4612052362204722
0
LINE
8
BLACK
6
CONTINUOUS
10
6.2089285433070867
20
-3.4612052362204722
11
6.2087199999999996
21
-3.461190433070866
0
LINE
8
BLACK
6
CONTINUOUS
10
6.2087199999999996
20
-3.461190433070866
11
6.2043085826771653
21
-3.4589847244094489
0
LINE
8
BLACK
6
CONTINUOUS
10
6.2043085826771653
20
-3.4589847244094489
11
6.204110157480315
21
-3.4587559055118109
0
LINE
8
BLACK
6
CONTINUOUS
10
6.204110157480315
20
-3.4587559055118109
11
6.2038303543307087
21
-3.4586400393700787
0
LINE
8
BLACK
6
CONTINUOUS
10
6.2038303543307087
20
-3.4586400393700787
11
6.1994189763779524
21
-3.4542285826771653
0
LINE
8
BLACK
6
CONTINUOUS
10
6.1994189763779524
20
-3.4542285826771653
11
6.1992551181102362
21
-3.4538329921259843
0
LINE
8
BLACK
6
CONTINUOUS
10
6.1992551181102362
20
-3.4538329921259843
11
6.1989744488188974
21
-3.4535094094488188
0
LINE
8
BLACK
6
CONTINUOUS
10
6.1989744488188974
20
-3.4535094094488188
11
6.1967687401574798
21
-3.4468922440944882
0
LINE
8
BLACK
6
CONTINUOUS
10
6.1967687401574798
20
-3.4468922440944882
11
6.1967901968503938
21
-3.4465901181102363
0
LINE
8
BLACK
6
CONTINUOUS
10
6.1967901968503938
20
-3.4465901181102363
11
6.1966743307086611
21
-3.4463103937007875
0
LINE
8
BLACK
6
CONTINUOUS
10
6.1966743307086611
20
-3.4463103937007875
11
6.1966743307086611
21
-3.4352818110236218
0
LINE
8
BLACK
6
CONTINUOUS
10
6.1966743307086611
20
-3.4352818110236218
11
6.1972132677165357
21
-3.4339807480314959
0
LINE
8
BLACK
6
CONTINUOUS
10
6.1972132677165357
20
-3.4339807480314959
11
6.1985143307086616
21
-3.4334418110236218
0
LINE
8
BLACK
6
CONTINUOUS
10
6.1985143307086616
20
-3.4334418110236218
11
6.2448343307086613
21
-3.4334418110236218
0
LINE
8
BLACK
6
CONTINUOUS
10
6.2448343307086613
20
-3.4334418110236218
11
6.2461353937007873
21
-3.4339807480314959
0
LINE
8
BLACK
6
CONTINUOUS
10
6.2003543307086613
20
-3.4460117716535432
11
6.2023282677165357
21
-3.4519336220472439
0
LINE
8
BLACK
6
CONTINUOUS
10
6.2023282677165357
20
-3.4519336220472439
11
6.2062213385826768
21
-3.4558267322834646
0
LINE
8
BLACK
6
CONTINUOUS
10
6.2062213385826768
20
-3.4558267322834646
11
6.2101850000000001
21
-3.4578085433070864
0
LINE
8
BLACK
6
CONTINUOUS
10
6.2101850000000001
20
-3.4578085433070864
11
6.2185923228346454
21
-3.4599103937007873
0
LINE
8
BLACK
6
CONTINUOUS
10
6.2185923228346454
20
-3.4599103937007873
11
6.224756299212598
21
-3.4599103937007873
0
LINE
8
BLACK
6
CONTINUOUS
10
6.224756299212598
20
-3.4599103937007873
11
6.2331635826771654
21
-3.4578085433070864
0
LINE
8
BLACK
6
CONTINUOUS
10
6.2331635826771654
20
-3.4578085433070864
11
6.2371272834645666
21
-3.4558267322834646
0
LINE
8
BLACK
6
CONTINUOUS
10
6.2371272834645666
20
-3.4558267322834646
11
6.2410203543307086
21
-3.4519336220472439
0
LINE
8
BLACK
6
CONTINUOUS
10
6.2410203543307086
20
-3.4519336220472439
11
6.2429943307086608
21
-3.4460117322834645
0
LINE
8
BLACK
6
CONTINUOUS
10
6.2429943307086608
20
-3.4460117322834645
11
6.2429943307086608
21
-3.4371218110236219
0
LINE
8
BLACK
6
CONTINUOUS
10
6.2429943307086608
20
-3.4371218110236219
11
6.2003543307086613
21
-3.4371218110236219
0
LINE
8
BLACK
6
CONTINUOUS
10
6.2003543307086613
20
-3.4371218110236219
11
6.2003543307086613
21
-3.4460117716535432
0
LINE
8
BLACK
6
CONTINUOUS
10
6.1336353937007875
20
-3.4420721653543307
11
6.1341743307086611
21
-3.4433732283464566
0
LINE
8
BLACK
6
CONTINUOUS
10
6.1341743307086611
20
-3.4433732283464566
11
6.1336353937007875
21
-3.4446742913385826
0
LINE
8
BLACK
6
CONTINUOUS
10
6.1336353937007875
20
-3.4446742913385826
11
6.1323343307086615
21
-3.4452132283464567
0
LINE
8
BLACK
6
CONTINUOUS
10
6.1323343307086615
20
-3.4452132283464567
11
6.0860143307086609
21
-3.4452132283464567
0
LINE
8
BLACK
6
CONTINUOUS
10
6.0860143307086609
20
-3.4452132283464567
11
6.084713267716535
21
-3.4446742913385826
0
LINE
8
BLACK
6
CONTINUOUS
10
6.084713267716535
20
-3.4446742913385826
11
6.0841743307086613
21
-3.4433732283464566
0
LINE
8
BLACK
6
CONTINUOUS
10
6.0841743307086613
20
-3.4433732283464566
11
6.084713267716535
21
-3.4420721653543307
0
LINE
8
BLACK
6
CONTINUOUS
10
6.084713267716535
20
-3.4420721653543307
11
6.0860143307086609
21
-3.4415332283464566
0
LINE
8
BLACK
6
CONTINUOUS
10
6.0860143307086609
20
-3.4415332283464566
11
6.1323343307086615
21
-3.4415332283464566
0
LINE
8
BLACK
6
CONTINUOUS
10
6.1323343307086615
20
-3.4415332283464566
11
6.1336353937007875
21
-3.4420721653543307
0
LINE
8
BLACK
6
CONTINUOUS
10
6.1336353937007875
20
-3.4023693307086615
11
6.1341743307086611
21
-3.4036703937007875
0
LINE
8
BLACK
6
CONTINUOUS
10
6.1341743307086611
20
-3.4036703937007875
11
6.1341743307086611
21
-3.4080818110236222
0
LINE
8
BLACK
6
CONTINUOUS
10
6.1341743307086611
20
-3.4080818110236222
11
6.1340584251968506
21
-3.408361535433071
0
LINE
8
BLACK
6
CONTINUOUS
10
6.1340584251968506
20
-3.408361535433071
11
6.1340799212598425
21
-3.4086636614173229
0
LINE
8
BLACK
6
CONTINUOUS
10
6.1340799212598425
20
-3.4086636614173229
11
6.1318742125984249
21
-3.4152808267716535
0
LINE
8
BLACK
6
CONTINUOUS
10
6.1318742125984249
20
-3.4152808267716535
11
6.1315935433070861
21
-3.4156043700787402
0
LINE
8
BLACK
6
CONTINUOUS
10
6.1315935433070861
20
-3.4156043700787402
11
6.1314296850393699
21
-3.4160000787401574
0
LINE
8
BLACK
6
CONTINUOUS
10
6.1314296850393699
20
-3.4160000787401574
11
6.1270182283464569
21
-3.4204114566929134
0
LINE
8
BLACK
6
CONTINUOUS
10
6.1270182283464569
20
-3.4204114566929134
11
6.1266226377952755
21
-3.4205752755905512
0
LINE
8
BLACK
6
CONTINUOUS
10
6.1266226377952755
20
-3.4205752755905512
11
6.1262990551181105
21
-3.4208559842519684
0
LINE
8
BLACK
6
CONTINUOUS
10
6.1262990551181105
20
-3.4208559842519684
11
6.119681889763779
21
-3.4230616929133859
0
LINE
8
BLACK
6
CONTINUOUS
10
6.119681889763779
20
-3.4230616929133859
11
6.1193797637795271
21
-3.4230401968503936
0
LINE
8
BLACK
6
CONTINUOUS
10
6.1193797637795271
20
-3.4230401968503936
11
6.1191000393700783
21
-3.4231561023622046
0
LINE
8
BLACK
6
CONTINUOUS
10
6.1191000393700783
20
-3.4231561023622046
11
6.0860143307086609
21
-3.4231561023622046
0
LINE
8
BLACK
6
CONTINUOUS
10
6.0860143307086609
20
-3.4231561023622046
11
6.084713267716535
21
-3.4226171653543305
0
LINE
8
BLACK
6
CONTINUOUS
10
6.084713267716535
20
-3.4226171653543305
11
6.0841743307086613
21
-3.4213161023622045
0
LINE
8
BLACK
6
CONTINUOUS
10
6.0841743307086613
20
-3.4213161023622045
11
6.084713267716535
21
-3.4200150393700786
0
LINE
8
BLACK
6
CONTINUOUS
10
6.084713267716535
20
-3.4200150393700786
11
6.0860143307086609
21
-3.4194761023622045
0
LINE
8
BLACK
6
CONTINUOUS
10
6.0860143307086609
20
-3.4194761023622045
11
6.1188014173228344
21
-3.4194761023622045
0
LINE
8
BLACK
6
CONTINUOUS
10
6.1188014173228344
20
-3.4194761023622045
11
6.1247232677165355
21
-3.4175021259842517
0
LINE
8
BLACK
6
CONTINUOUS
10
6.1247232677165355
20
-3.4175021259842517
11
6.1285203543307087
21
-3.4137050787401573
0
LINE
8
BLACK
6
CONTINUOUS
10
6.1285203543307087
20
-3.4137050787401573
11
6.130494330708661
21
-3.4077831496062991
0
LINE
8
BLACK
6
CONTINUOUS
10
6.130494330708661
20
-3.4077831496062991
11
6.130494330708661
21
-3.4036703937007875
0
LINE
8
BLACK
6
CONTINUOUS
10
6.130494330708661
20
-3.4036703937007875
11
6.1310332677165356
21
-3.4023693307086615
0
LINE
8
BLACK
6
CONTINUOUS
10
6.1310332677165356
20
-3.4023693307086615
11
6.1323343307086615
21
-3.4018303937007874
0
LINE
8
BLACK
6
CONTINUOUS
10
6.1323343307086615
20
-3.4018303937007874
11
6.1336353937007875
21
-3.4023693307086615
0
LINE
8
BLACK
6
CONTINUOUS
10
6.1171098031496065
20
-3.3555996456692911
11
6.1173405905511808
21
-3.3555653149606299
0
LINE
8
BLACK
6
CONTINUOUS
10
6.1173405905511808
20
-3.3555653149606299
11
6.1261634251968502
21
-3.357771023622047
0
LINE
8
BLACK
6
CONTINUOUS
10
6.1261634251968502
20
-3.357771023622047
11
6.1265610629921259
21
-3.3580656299212599
0
LINE
8
BLACK
6
CONTINUOUS
10
6.1265610629921259
20
-3.3580656299212599
11
6.1270182283464569
21
-3.3582550393700785
0
LINE
8
BLACK
6
CONTINUOUS
10
6.1270182283464569
20
-3.3582550393700785
11
6.1314296850393699
21
-3.3626664960629919
0
LINE
8
BLACK
6
CONTINUOUS
10
6.1314296850393699
20
-3.3626664960629919
11
6.1315455511811026
21
-3.3629462204724407
0
LINE
8
BLACK
6
CONTINUOUS
10
6.1315455511811026
20
-3.3629462204724407
11
6.1317743700787402
21
-3.3631446850393698
0
LINE
8
BLACK
6
CONTINUOUS
10
6.1317743700787402
20
-3.3631446850393698
11
6.1339800787401577
21
-3.3675561023622045
0
LINE
8
BLACK
6
CONTINUOUS
10
6.1339800787401577
20
-3.3675561023622045
11
6.1340103937007875
21
-3.3679832677165353
0
LINE
8
BLACK
6
CONTINUOUS
10
6.1340103937007875
20
-3.3679832677165353
11
6.1341743307086611
21
-3.3683789763779526
0
LINE
8
BLACK
6
CONTINUOUS
10
6.1341743307086611
20
-3.3683789763779526
11
6.1341743307086611
21
-3.3772018110236219
0
LINE
8
BLACK
6
CONTINUOUS
10
6.1341743307086611
20
-3.3772018110236219
11
6.1340103937007875
21
-3.3775974803149604
0
LINE
8
BLACK
6
CONTINUOUS
10
6.1340103937007875
20
-3.3775974803149604
11
6.1339800787401577
21
-3.3780246456692913
0
LINE
8
BLACK
6
CONTINUOUS
10
6.1339800787401577
20
-3.3780246456692913
11
6.1317743700787402
21
-3.3824361417322835
0
LINE
8
BLACK
6
CONTINUOUS
10
6.1317743700787402
20
-3.3824361417322835
11
6.1315455511811026
21
-3.382634527559055
0
LINE
8
BLACK
6
CONTINUOUS
10
6.1315455511811026
20
-3.382634527559055
11
6.1314296850393699
21
-3.3829143700787401
0
LINE
8
BLACK
6
CONTINUOUS
10
6.1314296850393699
20
-3.3829143700787401
11
6.1270182283464569
21
-3.387325748031496
0
LINE
8
BLACK
6
CONTINUOUS
10
6.1270182283464569
20
-3.387325748031496
11
6.1265610629921259
21
-3.3875151181102363
0
LINE
8
BLACK
6
CONTINUOUS
10
6.1265610629921259
20
-3.3875151181102363
11
6.1261634251968502
21
-3.3878097637795275
0
LINE
8
BLACK
6
CONTINUOUS
10
6.1261634251968502
20
-3.3878097637795275
11
6.1173405905511808
21
-3.3900154724409446
0
LINE
8
BLACK
6
CONTINUOUS
10
6.1173405905511808
20
-3.3900154724409446
11
6.1171098031496065
21
-3.3899811023622046
0
LINE
8
BLACK
6
CONTINUOUS
10
6.1171098031496065
20
-3.3899811023622046
11
6.1168943307086616
21
-3.3900703937007872
0
LINE
8
BLACK
6
CONTINUOUS
10
6.1168943307086616
20
-3.3900703937007872
11
6.1014543307086617
21
-3.3900703937007872
0
LINE
8
BLACK
6
CONTINUOUS
10
6.1014543307086617
20
-3.3900703937007872
11
6.1012388188976381
21
-3.3899811023622046
0
LINE
8
BLACK
6
CONTINUOUS
10
6.1012388188976381
20
-3.3899811023622046
11
6.1010080708661416
21
-3.3900154724409446
0
LINE
8
BLACK
6
CONTINUOUS
10
6.1010080708661416
20
-3.3900154724409446
11
6.0921851968503935
21
-3.3878097637795275
0
LINE
8
BLACK
6
CONTINUOUS
10
6.0921851968503935
20
-3.3878097637795275
11
6.0917875984251966
21
-3.3875151574803151
0
LINE
8
BLACK
6
CONTINUOUS
10
6.0917875984251966
20
-3.3875151574803151
11
6.0913303937007877
21
-3.3873257874015748
0
LINE
8
BLACK
6
CONTINUOUS
10
6.0913303937007877
20
-3.3873257874015748
11
6.0869189763779525
21
-3.3829143307086613
0
LINE
8
BLACK
6
CONTINUOUS
10
6.0869189763779525
20
-3.3829143307086613
11
6.086803070866142
21
-3.3826345669291338
0
LINE
8
BLACK
6
CONTINUOUS
10
6.086803070866142
20
-3.3826345669291338
11
6.0865742913385823
21
-3.3824361417322835
0
LINE
8
BLACK
6
CONTINUOUS
10
6.0865742913385823
20
-3.3824361417322835
11
6.0843685826771656
21
-3.37802468503937
0
LINE
8
BLACK
6
CONTINUOUS
10
6.0843685826771656
20
-3.37802468503937
11
6.0843382283464562
21
-3.3775974803149604
0
LINE
8
BLACK
6
CONTINUOUS
10
6.0843382283464562
20
-3.3775974803149604
11
6.0841743307086613
21
-3.3772018110236219
0
LINE
8
BLACK
6
CONTINUOUS
10
6.0841743307086613
20
-3.3772018110236219
11
6.0841743307086613
21
-3.3683789763779526
0
LINE
8
BLACK
6
CONTINUOUS
10
6.0841743307086613
20
-3.3683789763779526
11
6.0843382283464562
21
-3.3679832677165353
0
LINE
8
BLACK
6
CONTINUOUS
10
6.0843382283464562
20
-3.3679832677165353
11
6.0843685826771656
21
-3.3675561023622045
0
LINE
8
BLACK
6
CONTINUOUS
10
6.0843685826771656
20
-3.3675561023622045
11
6.0865742913385823
21
-3.3631446850393698
0
LINE
8
BLACK
6
CONTINUOUS
10
6.0865742913385823
20
-3.3631446850393698
11
6.086803070866142
21
-3.3629462204724407
0
LINE
8
BLACK
6
CONTINUOUS
10
6.086803070866142
20
-3.3629462204724407
11
6.0869189763779525
21
-3.3626664960629919
0
LINE
8
BLACK
6
CONTINUOUS
10
6.0869189763779525
20
-3.3626664960629919
11
6.0913303543307089
21
-3.3582550393700785
0
LINE
8
BLACK
6
CONTINUOUS
10
6.0913303543307089
20
-3.3582550393700785
11
6.0917875196850391
21
-3.3580656692913387
0
LINE
8
BLACK
6
CONTINUOUS
10
6.0917875196850391
20
-3.3580656692913387
11
6.0921851968503935
21
-3.357771023622047
0
LINE
8
BLACK
6
CONTINUOUS
10
6.0921851968503935
20
-3.357771023622047
11
6.1010080708661416
21
-3.3555653149606299
0
LINE
8
BLACK
6
CONTINUOUS
10
6.1010080708661416
20
-3.3555653149606299
11
6.1012388188976381
21
-3.3555996456692911
0
LINE
8
BLACK
6
CONTINUOUS
10
6.1012388188976381
20
-3.3555996456692911
11
6.1014543307086617
21
-3.3555103937007873
0
LINE
8
BLACK
6
CONTINUOUS
10
6.1014543307086617
20
-3.3555103937007873
11
6.1168943307086616
21
-3.3555103937007873
0
LINE
8
BLACK
6
CONTINUOUS
10
6.1168943307086616
20
-3.3555103937007873
11
6.1171098031496065
21
-3.3555996456692911
0
LINE
8
BLACK
6
CONTINUOUS
10
6.0935720866141727
20
-3.3612175590551181
11
6.0897322834645671
21
-3.3650574015748029
0
LINE
8
BLACK
6
CONTINUOUS
10
6.0897322834645671
20
-3.3650574015748029
11
6.0878543307086614
21
-3.3688133464566929
0
LINE
8
BLACK
6
CONTINUOUS
10
6.0878543307086614
20
-3.3688133464566929
11
6.0878543307086614
21
-3.376767440944882
0
LINE
8
BLACK
6
CONTINUOUS
10
6.0878543307086614
20
-3.376767440944882
11
6.0897322440944883
21
-3.3805233464566928
0
LINE
8
BLACK
6
CONTINUOUS
10
6.0897322440944883
20
-3.3805233464566928
11
6.0935721259842515
21
-3.3843631889763777
0
LINE
8
BLACK
6
CONTINUOUS
10
6.0935721259842515
20
-3.3843631889763777
11
6.1016809055118113
21
-3.3863903937007875
0
LINE
8
BLACK
6
CONTINUOUS
10
6.1016809055118113
20
-3.3863903937007875
11
6.116667755905512
21
-3.3863903937007875
0
LINE
8
BLACK
6
CONTINUOUS
10
6.116667755905512
20
-3.3863903937007875
11
6.1247764960629922
21
-3.3843631889763777
0
LINE
8
BLACK
6
CONTINUOUS
10
6.1247764960629922
20
-3.3843631889763777
11
6.1286163385826766
21
-3.3805233464566928
0
LINE
8
BLACK
6
CONTINUOUS
10
6.1286163385826766
20
-3.3805233464566928
11
6.130494330708661
21
-3.376767440944882
0
LINE
8
BLACK
6
CONTINUOUS
10
6.130494330708661
20
-3.376767440944882
11
6.130494330708661
21
-3.3688133464566929
0
LINE
8
BLACK
6
CONTINUOUS
10
6.130494330708661
20
-3.3688133464566929
11
6.1286163779527554
21
-3.3650574409448817
0
LINE
8
BLACK
6
CONTINUOUS
10
6.1286163779527554
20
-3.3650574409448817
11
6.1247764960629922
21
-3.3612175590551181
0
LINE
8
BLACK
6
CONTINUOUS
10
6.1247764960629922
20
-3.3612175590551181
11
6.116667755905512
21
-3.3591903937007874
0
LINE
8
BLACK
6
CONTINUOUS
10
6.116667755905512
20
-3.3591903937007874
11
6.1016809055118113
21
-3.3591903937007874
0
LINE
8
BLACK
6
CONTINUOUS
10
6.1016809055118113
20
-3.3591903937007874
11
6.0935720866141727
21
-3.3612175590551181
0
LINE
8
BLACK
6
CONTINUOUS
10
6.1336353937007875
20
-3.3119350393700788
11
6.1341743307086611
21
-3.3132361023622048
0
LINE
8
BLACK
6
CONTINUOUS
10
6.1341743307086611
20
-3.3132361023622048
11
6.1336353937007875
21
-3.3145371653543307
0
LINE
8
BLACK
6
CONTINUOUS
10
6.1336353937007875
20
-3.3145371653543307
11
6.1323343307086615
21
-3.3150761023622048
0
LINE
8
BLACK
6
CONTINUOUS
10
6.1323343307086615
20
-3.3150761023622048
11
6.1121171653543307
21
-3.3150761023622048
0
LINE
8
BLACK
6
CONTINUOUS
10
6.1121171653543307
20
-3.3150761023622048
11
6.1121171653543307
21
-3.3308818110236218
0
LINE
8
BLACK
6
CONTINUOUS
10
6.1121171653543307
20
-3.3308818110236218
11
6.1119532283464562
21
-3.3312774803149607
0
LINE
8
BLACK
6
CONTINUOUS
10
6.1119532283464562
20
-3.3312774803149607
11
6.1119229133858264
21
-3.3317046456692911
0
LINE
8
BLACK
6
CONTINUOUS
10
6.1119229133858264
20
-3.3317046456692911
11
6.1097172047244097
21
-3.3361161417322833
0
LINE
8
BLACK
6
CONTINUOUS
10
6.1097172047244097
20
-3.3361161417322833
11
6.1094883858267712
21
-3.3363145275590549
0
LINE
8
BLACK
6
CONTINUOUS
10
6.1094883858267712
20
-3.3363145275590549
11
6.1093725196850395
21
-3.3365943700787399
0
LINE
8
BLACK
6
CONTINUOUS
10
6.1093725196850395
20
-3.3365943700787399
11
6.1071668110236219
21
-3.3388000393700787
0
LINE
8
BLACK
6
CONTINUOUS
10
6.1071668110236219
20
-3.3388000393700787
11
6.1068870472440944
21
-3.3389159055118109
0
LINE
8
BLACK
6
CONTINUOUS
10
6.1068870472440944
20
-3.3389159055118109
11
6.1066886220472441
21
-3.3391447244094485
0
LINE
8
BLACK
6
CONTINUOUS
10
6.1066886220472441
20
-3.3391447244094485
11
6.1022772047244089
21
-3.3413504330708661
0
LINE
8
BLACK
6
CONTINUOUS
10
6.1022772047244089
20
-3.3413504330708661
11
6.1018499999999998
21
-3.3413807480314959
0
LINE
8
BLACK
6
CONTINUOUS
10
6.1018499999999998
20
-3.3413807480314959
11
6.1014543307086617
21
-3.34154468503937
0
LINE
8
BLACK
6
CONTINUOUS
10
6.1014543307086617
20
-3.34154468503937
11
6.0948371653543303
21
-3.34154468503937
0
LINE
8
BLACK
6
CONTINUOUS
10
6.0948371653543303
20
-3.34154468503937
11
6.0944414566929135
21
-3.3413807480314959
0
LINE
8
BLACK
6
CONTINUOUS
10
6.0944414566929135
20
-3.3413807480314959
11
6.0940142913385822
21
-3.3413504330708661
0
LINE
8
BLACK
6
CONTINUOUS
10
6.0940142913385822
20
-3.3413504330708661
11
6.089602874015748
21
-3.3391447244094485
0
LINE
8
BLACK
6
CONTINUOUS
10
6.089602874015748
20
-3.3391447244094485
11
6.0894044488188976
21
-3.3389159055118109
0
LINE
8
BLACK
6
CONTINUOUS
10
6.0894044488188976
20
-3.3389159055118109
11
6.0891246456692913
21
-3.3388000393700787
0
LINE
8
BLACK
6
CONTINUOUS
10
6.0891246456692913
20
-3.3388000393700787
11
6.0869189763779525
21
-3.3365943307086612
0
LINE
8
BLACK
6
CONTINUOUS
10
6.0869189763779525
20
-3.3365943307086612
11
6.086803070866142
21
-3.3363145669291336
0
LINE
8
BLACK
6
CONTINUOUS
10
6.086803070866142
20
-3.3363145669291336
11
6.0865742913385823
21
-3.3361161417322833
0
LINE
8
BLACK
6
CONTINUOUS
10
6.0865742913385823
20
-3.3361161417322833
11
6.0843685826771656
21
-3.3317046850393699
0
LINE
8
BLACK
6
CONTINUOUS
10
6.0843685826771656
20
-3.3317046850393699
11
6.0843382283464562
21
-3.3312774803149607
0
LINE
8
BLACK
6
CONTINUOUS
10
6.0843382283464562
20
-3.3312774803149607
11
6.0841743307086613
21
-3.3308818110236218
0
LINE
8
BLACK
6
CONTINUOUS
10
6.0841743307086613
20
-3.3308818110236218
11
6.0841743307086613
21
-3.3132361023622048
0
LINE
8
BLACK
6
CONTINUOUS
10
6.0841743307086613
20
-3.3132361023622048
11
6.084713267716535
21
-3.3119350393700788
0
LINE
8
BLACK
6
CONTINUOUS
10
6.084713267716535
20
-3.3119350393700788
11
6.0860143307086609
21
-3.3113961023622047
0
LINE
8
BLACK
6
CONTINUOUS
10
6.0860143307086609
20
-3.3113961023622047
11
6.1323343307086615
21
-3.3113961023622047
0
LINE
8
BLACK
6
CONTINUOUS
10
6.1323343307086615
20
-3.3113961023622047
11
6.1336353937007875
21
-3.3119350393700788
0
LINE
8
BLACK
6
CONTINUOUS
10
6.0878543307086614
20
-3.3304474409448819
11
6.0897322440944883
21
-3.3342033070866139
0
LINE
8
BLACK
6
CONTINUOUS
10
6.0897322440944883
20
-3.3342033070866139
11
6.0915156692913381
21
-3.3359867322834647
0
LINE
8
BLACK
6
CONTINUOUS
10
6.0915156692913381
20
-3.3359867322834647
11
6.0952715354330707
21
-3.3378646850393698
0
LINE
8
BLACK
6
CONTINUOUS
10
6.0952715354330707
20
-3.3378646850393698
11
6.1010199606299214
21
-3.3378646850393698
0
LINE
8
BLACK
6
CONTINUOUS
10
6.1010199606299214
20
-3.3378646850393698
11
6.104775826771653
21
-3.3359867322834647
0
LINE
8
BLACK
6
CONTINUOUS
10
6.104775826771653
20
-3.3359867322834647
11
6.1065592125984249
21
-3.3342033070866139
0
LINE
8
BLACK
6
CONTINUOUS
10
6.1065592125984249
20
-3.3342033070866139
11
6.1084371653543306
21
-3.3304474409448819
0
LINE
8
BLACK
6
CONTINUOUS
10
6.1084371653543306
20
-3.3304474409448819
11
6.1084371653543306
21
-3.3150761023622048
0
LINE
8
BLACK
6
CONTINUOUS
10
6.1084371653543306
20
-3.3150761023622048
11
6.0878543307086614
21
-3.3150761023622048
0
LINE
8
BLACK
6
CONTINUOUS
10
6.0878543307086614
20
-3.3150761023622048
11
6.0878543307086614
21
-3.3304474409448819
  0
ENDSEC
  0
EOF
