  0
SECTION
  2
HEADER
  9
$ANGBASE
  50
0.0
  9
$ANGDIR
  70
1
  9
$MEASUREMENT
  70
0
  0
ENDSEC
  0
SECTION
  2
TABLES
  0
TABLE
  2
LTYPE
  70
4
  0
LTYPE
  5
40F
  2
CONTINUOUS
  70
0
  3
Solid line
  72
65
  73
0
  40
0.0
  0
LTYPE
  5
410
  2
DASHDOT
 70
0
  3
Dash Dot ____ _ ____ _
 72
65
 73
4
 40
2.0
 49
1.25
 49
-0.25
 49
0.25
 49
-0.25
  0
LTYPE
  5
411
  2
DASHED
 70
0
  3
Dashed __ __ __ __ __
 72
65
 73
2
 40
0.75
 49
0.5
 49
-0.25
  0
LTYPE
  5
43B
  2
DOTTED
 70
0
  3
Dotted .  .  .  .
 72
65
 73
2
 40
0.2
 49
0.0
 49
-0.2
  0
ENDTAB
  0
TABLE
  2
STYLE
  70
4
  0
STYLE
  2
KICAD
  70
0
  40
0
  41
1
  42
1
  50
0
  71
0
  3
isocp.shx
  0
STYLE
  2
KICADB
  70
0
  40
0
  41
1
  42
1
  50
0
  71
0
  3
isocp.shx
  0
STYLE
  2
KICADI
  70
0
  40
0
  41
1
  42
1
  50
15
  71
0
  3
isocp.shx
  0
STYLE
  2
KICADBI
  70
0
  40
0
  41
1
  42
1
  50
15
  71
0
  3
isocp.shx
  0
ENDTAB
  0
TABLE
  2
LAYER
  70
1
  0
LAYER
  2
BLACK
  70
0
  62
7
  6
CONTINUOUS
  0
ENDTAB
  0
ENDSEC
  0
SECTION
  2
ENTITIES
0
LINE
8
BLACK
6
CONTINUOUS
10
5.7910766535433069
20
-4.8592875196850391
11
5.791662440944882
21
-4.8607017322834647
0
LINE
8
BLACK
6
CONTINUOUS
10
5.791662440944882
20
-4.8607017322834647
11
5.791662440944882
21
-4.8718446062992129
0
LINE
8
BLACK
6
CONTINUOUS
10
5.791662440944882
20
-4.8718446062992129
11
5.8356624409448816
21
-4.8718446062992129
0
LINE
8
BLACK
6
CONTINUOUS
10
5.8356624409448816
20
-4.8718446062992129
11
5.8370766535433072
21
-4.8724303937007871
0
LINE
8
BLACK
6
CONTINUOUS
10
5.8370766535433072
20
-4.8724303937007871
11
5.8376624409448814
21
-4.8738446062992127
0
LINE
8
BLACK
6
CONTINUOUS
10
5.8376624409448814
20
-4.8738446062992127
11
5.8370766535433072
21
-4.8752588188976373
0
LINE
8
BLACK
6
CONTINUOUS
10
5.8370766535433072
20
-4.8752588188976373
11
5.8356624409448816
21
-4.8758446062992125
0
LINE
8
BLACK
6
CONTINUOUS
10
5.8356624409448816
20
-4.8758446062992125
11
5.791662440944882
21
-4.8758446062992125
0
LINE
8
BLACK
6
CONTINUOUS
10
5.791662440944882
20
-4.8758446062992125
11
5.791662440944882
21
-4.8869874409448819
0
LINE
8
BLACK
6
CONTINUOUS
10
5.791662440944882
20
-4.8869874409448819
11
5.7910766535433069
21
-4.8884016535433066
0
LINE
8
BLACK
6
CONTINUOUS
10
5.7910766535433069
20
-4.8884016535433066
11
5.7896624409448814
21
-4.8889874409448817
0
LINE
8
BLACK
6
CONTINUOUS
10
5.7896624409448814
20
-4.8889874409448817
11
5.7882482283464567
21
-4.8884016535433066
0
LINE
8
BLACK
6
CONTINUOUS
10
5.7882482283464567
20
-4.8884016535433066
11
5.7876624409448816
21
-4.8869874409448819
0
LINE
8
BLACK
6
CONTINUOUS
10
5.7876624409448816
20
-4.8869874409448819
11
5.7876624409448816
21
-4.8607017322834647
0
LINE
8
BLACK
6
CONTINUOUS
10
5.7876624409448816
20
-4.8607017322834647
11
5.7882482283464567
21
-4.8592875196850391
0
LINE
8
BLACK
6
CONTINUOUS
10
5.7882482283464567
20
-4.8592875196850391
11
5.7896624409448814
21
-4.858701732283464
0
LINE
8
BLACK
6
CONTINUOUS
10
5.7896624409448814
20
-4.858701732283464
11
5.7910766535433069
21
-4.8592875196850391
0
LINE
8
BLACK
6
CONTINUOUS
10
5.8054257874015747
20
-4.8172607874015743
11
5.8058901574803148
21
-4.817293818897638
0
LINE
8
BLACK
6
CONTINUOUS
10
5.8058901574803148
20
-4.817293818897638
11
5.8102711023622042
21
-4.8194842913385827
0
LINE
8
BLACK
6
CONTINUOUS
10
5.8102711023622042
20
-4.8194842913385827
11
5.8104867716535429
21
-4.8197329527559054
0
LINE
8
BLACK
6
CONTINUOUS
10
5.8104867716535429
20
-4.8197329527559054
11
5.8107909055118112
21
-4.8198589370078739
0
LINE
8
BLACK
6
CONTINUOUS
10
5.8107909055118112
20
-4.8198589370078739
11
5.8129814173228347
21
-4.8220494094488187
0
LINE
8
BLACK
6
CONTINUOUS
10
5.8129814173228347
20
-4.8220494094488187
11
5.8131073622047245
21
-4.8223535433070861
0
LINE
8
BLACK
6
CONTINUOUS
10
5.8131073622047245
20
-4.8223535433070861
11
5.8133560629921259
21
-4.8225692125984247
0
LINE
8
BLACK
6
CONTINUOUS
10
5.8133560629921259
20
-4.8225692125984247
11
5.8155465354330707
21
-4.8269501181102363
0
LINE
8
BLACK
6
CONTINUOUS
10
5.8155465354330707
20
-4.8269501181102363
11
5.8155795275590547
21
-4.8274144881889764
0
LINE
8
BLACK
6
CONTINUOUS
10
5.8155795275590547
20
-4.8274144881889764
11
5.8157576771653545
21
-4.8278445669291337
0
LINE
8
BLACK
6
CONTINUOUS
10
5.8157576771653545
20
-4.8278445669291337
11
5.8157576771653545
21
-4.8433683858267713
0
LINE
8
BLACK
6
CONTINUOUS
10
5.8157576771653545
20
-4.8433683858267713
11
5.8356624409448816
21
-4.8433683858267713
0
LINE
8
BLACK
6
CONTINUOUS
10
5.8356624409448816
20
-4.8433683858267713
11
5.8370766535433072
21
-4.8439541732283464
0
LINE
8
BLACK
6
CONTINUOUS
10
5.8370766535433072
20
-4.8439541732283464
11
5.8376624409448814
21
-4.845368385826772
0
LINE
8
BLACK
6
CONTINUOUS
10
5.8376624409448814
20
-4.845368385826772
11
5.8370766535433072
21
-4.8467825984251967
0
LINE
8
BLACK
6
CONTINUOUS
10
5.8370766535433072
20
-4.8467825984251967
11
5.8356624409448816
21
-4.8473683858267718
0
LINE
8
BLACK
6
CONTINUOUS
10
5.8356624409448816
20
-4.8473683858267718
11
5.8137576771653539
21
-4.8473683858267718
0
LINE
8
BLACK
6
CONTINUOUS
10
5.8137576771653539
20
-4.8473683858267718
11
5.7896624409448814
21
-4.8473683858267718
0
LINE
8
BLACK
6
CONTINUOUS
10
5.7896624409448814
20
-4.8473683858267718
11
5.7882482283464567
21
-4.8467825984251967
0
LINE
8
BLACK
6
CONTINUOUS
10
5.7882482283464567
20
-4.8467825984251967
11
5.7876624409448816
21
-4.845368385826772
0
LINE
8
BLACK
6
CONTINUOUS
10
5.7876624409448816
20
-4.845368385826772
11
5.7876624409448816
21
-4.8278445669291337
0
LINE
8
BLACK
6
CONTINUOUS
10
5.7876624409448816
20
-4.8278445669291337
11
5.7878405511811026
21
-4.8274144881889764
0
LINE
8
BLACK
6
CONTINUOUS
10
5.7878405511811026
20
-4.8274144881889764
11
5.7878735826771655
21
-4.8269501574803151
0
LINE
8
BLACK
6
CONTINUOUS
10
5.7878735826771655
20
-4.8269501574803151
11
5.7900640551181102
21
-4.8225692125984247
0
LINE
8
BLACK
6
CONTINUOUS
10
5.7900640551181102
20
-4.8225692125984247
11
5.7903127165354329
21
-4.8223535039370073
0
LINE
8
BLACK
6
CONTINUOUS
10
5.7903127165354329
20
-4.8223535039370073
11
5.7904387007874014
21
-4.8220494094488187
0
LINE
8
BLACK
6
CONTINUOUS
10
5.7904387007874014
20
-4.8220494094488187
11
5.7926291732283461
21
-4.8198589370078739
0
LINE
8
BLACK
6
CONTINUOUS
10
5.7926291732283461
20
-4.8198589370078739
11
5.7929333070866145
21
-4.8197329527559054
0
LINE
8
BLACK
6
CONTINUOUS
10
5.7929333070866145
20
-4.8197329527559054
11
5.7931489763779522
21
-4.8194842913385827
0
LINE
8
BLACK
6
CONTINUOUS
10
5.7931489763779522
20
-4.8194842913385827
11
5.7975298818897638
21
-4.817293818897638
0
LINE
8
BLACK
6
CONTINUOUS
10
5.7975298818897638
20
-4.817293818897638
11
5.7979942519685039
21
-4.8172607874015743
0
LINE
8
BLACK
6
CONTINUOUS
10
5.7979942519685039
20
-4.8172607874015743
11
5.7984243307086611
21
-4.8170826771653541
0
LINE
8
BLACK
6
CONTINUOUS
10
5.7984243307086611
20
-4.8170826771653541
11
5.8049957480314962
21
-4.8170826771653541
0
LINE
8
BLACK
6
CONTINUOUS
10
5.8049957480314962
20
-4.8170826771653541
11
5.8054257874015747
21
-4.8172607874015743
0
LINE
8
BLACK
6
CONTINUOUS
10
5.79522811023622
20
-4.8229168503937005
11
5.793496614173228
21
-4.8246483070866137
0
LINE
8
BLACK
6
CONTINUOUS
10
5.793496614173228
20
-4.8246483070866137
11
5.791662440944882
21
-4.8283166929133854
0
LINE
8
BLACK
6
CONTINUOUS
10
5.791662440944882
20
-4.8283166929133854
11
5.791662440944882
21
-4.8433683858267713
0
LINE
8
BLACK
6
CONTINUOUS
10
5.791662440944882
20
-4.8433683858267713
11
5.8117576771653541
21
-4.8433683858267713
0
LINE
8
BLACK
6
CONTINUOUS
10
5.8117576771653541
20
-4.8433683858267713
11
5.8117576771653541
21
-4.8283166929133854
0
LINE
8
BLACK
6
CONTINUOUS
10
5.8117576771653541
20
-4.8283166929133854
11
5.8099235433070868
21
-4.82464842519685
0
LINE
8
BLACK
6
CONTINUOUS
10
5.8099235433070868
20
-4.82464842519685
11
5.8081919685039365
21
-4.8229168503937005
0
LINE
8
BLACK
6
CONTINUOUS
10
5.8081919685039365
20
-4.8229168503937005
11
5.8045236220472436
21
-4.8210826771653545
0
LINE
8
BLACK
6
CONTINUOUS
10
5.8045236220472436
20
-4.8210826771653545
11
5.7988964566929129
21
-4.8210826771653545
0
LINE
8
BLACK
6
CONTINUOUS
10
5.7988964566929129
20
-4.8210826771653545
11
5.79522811023622
21
-4.8229168503937005
0
LINE
8
BLACK
6
CONTINUOUS
10
5.8273305511811024
20
-4.7734512598425196
11
5.8277949212598426
21
-4.7734842913385824
0
LINE
8
BLACK
6
CONTINUOUS
10
5.8277949212598426
20
-4.7734842913385824
11
5.832175866141732
21
-4.7756747637795272
0
LINE
8
BLACK
6
CONTINUOUS
10
5.832175866141732
20
-4.7756747637795272
11
5.8323915354330707
21
-4.7759234251968499
0
LINE
8
BLACK
6
CONTINUOUS
10
5.8323915354330707
20
-4.7759234251968499
11
5.8326956692913381
21
-4.7760494094488184
0
LINE
8
BLACK
6
CONTINUOUS
10
5.8326956692913381
20
-4.7760494094488184
11
5.8348861811023625
21
-4.778239881889764
0
LINE
8
BLACK
6
CONTINUOUS
10
5.8348861811023625
20
-4.778239881889764
11
5.8350121259842522
21
-4.7785440157480314
0
LINE
8
BLACK
6
CONTINUOUS
10
5.8350121259842522
20
-4.7785440157480314
11
5.8352608267716537
21
-4.7787596850393701
0
LINE
8
BLACK
6
CONTINUOUS
10
5.8352608267716537
20
-4.7787596850393701
11
5.8374512992125984
21
-4.7831405905511808
0
LINE
8
BLACK
6
CONTINUOUS
10
5.8374512992125984
20
-4.7831405905511808
11
5.8374842913385825
21
-4.7836049606299209
0
LINE
8
BLACK
6
CONTINUOUS
10
5.8374842913385825
20
-4.7836049606299209
11
5.8376624409448814
21
-4.784035039370079
0
LINE
8
BLACK
6
CONTINUOUS
10
5.8376624409448814
20
-4.784035039370079
11
5.8376624409448814
21
-4.7949874409448814
0
LINE
8
BLACK
6
CONTINUOUS
10
5.8376624409448814
20
-4.7949874409448814
11
5.8375364566929129
21
-4.795291535433071
0
LINE
8
BLACK
6
CONTINUOUS
10
5.8375364566929129
20
-4.795291535433071
11
5.8375598031496061
21
-4.7956198818897633
0
LINE
8
BLACK
6
CONTINUOUS
10
5.8375598031496061
20
-4.7956198818897633
11
5.8353693307086614
21
-4.8021912992125984
0
LINE
8
BLACK
6
CONTINUOUS
10
5.8353693307086614
20
-4.8021912992125984
11
5.8343663779527555
21
-4.8033477165354332
0
LINE
8
BLACK
6
CONTINUOUS
10
5.8343663779527555
20
-4.8033477165354332
11
5.832839527559055
21
-4.8034562204724409
0
LINE
8
BLACK
6
CONTINUOUS
10
5.832839527559055
20
-4.8034562204724409
11
5.8316831102362201
21
-4.802453267716535
0
LINE
8
BLACK
6
CONTINUOUS
10
5.8316831102362201
20
-4.802453267716535
11
5.8315746062992124
21
-4.8009264173228345
0
LINE
8
BLACK
6
CONTINUOUS
10
5.8315746062992124
20
-4.8009264173228345
11
5.8336624409448818
21
-4.7946628740157475
0
LINE
8
BLACK
6
CONTINUOUS
10
5.8336624409448818
20
-4.7946628740157475
11
5.8336624409448818
21
-4.7845071653543307
0
LINE
8
BLACK
6
CONTINUOUS
10
5.8336624409448818
20
-4.7845071653543307
11
5.8318283070866137
21
-4.7808388976377953
0
LINE
8
BLACK
6
CONTINUOUS
10
5.8318283070866137
20
-4.7808388976377953
11
5.8300967322834643
21
-4.7791073228346459
0
LINE
8
BLACK
6
CONTINUOUS
10
5.8300967322834643
20
-4.7791073228346459
11
5.8264283858267714
21
-4.777273149606299
0
LINE
8
BLACK
6
CONTINUOUS
10
5.8264283858267714
20
-4.777273149606299
11
5.8229916929133854
21
-4.777273149606299
0
LINE
8
BLACK
6
CONTINUOUS
10
5.8229916929133854
20
-4.777273149606299
11
5.8193233464566925
21
-4.7791073228346459
0
LINE
8
BLACK
6
CONTINUOUS
10
5.8193233464566925
20
-4.7791073228346459
11
5.8175918503937005
21
-4.7808387795275591
0
LINE
8
BLACK
6
CONTINUOUS
10
5.8175918503937005
20
-4.7808387795275591
11
5.8156446850393699
21
-4.7847331102362203
0
LINE
8
BLACK
6
CONTINUOUS
10
5.8156446850393699
20
-4.7847331102362203
11
5.8135074803149607
21
-4.7932820472440945
0
LINE
8
BLACK
6
CONTINUOUS
10
5.8135074803149607
20
-4.7932820472440945
11
5.8133721653543304
21
-4.7934646456692915
0
LINE
8
BLACK
6
CONTINUOUS
10
5.8133721653543304
20
-4.7934646456692915
11
5.8133560629921259
21
-4.7936914173228349
0
LINE
8
BLACK
6
CONTINUOUS
10
5.8133560629921259
20
-4.7936914173228349
11
5.8111655511811025
21
-4.7980723622047243
0
LINE
8
BLACK
6
CONTINUOUS
10
5.8111655511811025
20
-4.7980723622047243
11
5.810916850393701
21
-4.798288031496063
0
LINE
8
BLACK
6
CONTINUOUS
10
5.810916850393701
20
-4.798288031496063
11
5.8107909055118112
21
-4.7985921259842517
0
LINE
8
BLACK
6
CONTINUOUS
10
5.8107909055118112
20
-4.7985921259842517
11
5.8086004330708656
21
-4.8007825984251964
0
LINE
8
BLACK
6
CONTINUOUS
10
5.8086004330708656
20
-4.8007825984251964
11
5.8082962992125982
21
-4.8009085433070862
0
LINE
8
BLACK
6
CONTINUOUS
10
5.8082962992125982
20
-4.8009085433070862
11
5.8080806299212595
21
-4.8011572440944885
0
LINE
8
BLACK
6
CONTINUOUS
10
5.8080806299212595
20
-4.8011572440944885
11
5.8036996850393701
21
-4.8033477165354332
0
LINE
8
BLACK
6
CONTINUOUS
10
5.8036996850393701
20
-4.8033477165354332
11
5.8032353149606299
21
-4.8033807086614173
0
LINE
8
BLACK
6
CONTINUOUS
10
5.8032353149606299
20
-4.8033807086614173
11
5.8028052755905515
21
-4.8035588582677162
0
LINE
8
BLACK
6
CONTINUOUS
10
5.8028052755905515
20
-4.8035588582677162
11
5.7984243307086611
21
-4.8035588582677162
0
LINE
8
BLACK
6
CONTINUOUS
10
5.7984243307086611
20
-4.8035588582677162
11
5.7979942519685039
21
-4.8033807086614173
0
LINE
8
BLACK
6
CONTINUOUS
10
5.7979942519685039
20
-4.8033807086614173
11
5.7975298818897638
21
-4.8033477165354332
0
LINE
8
BLACK
6
CONTINUOUS
10
5.7975298818897638
20
-4.8033477165354332
11
5.7931489763779522
21
-4.8011572440944885
0
LINE
8
BLACK
6
CONTINUOUS
10
5.7931489763779522
20
-4.8011572440944885
11
5.7929333070866145
21
-4.8009085433070862
0
LINE
8
BLACK
6
CONTINUOUS
10
5.7929333070866145
20
-4.8009085433070862
11
5.7926291732283461
21
-4.8007825984251964
0
LINE
8
BLACK
6
CONTINUOUS
10
5.7926291732283461
20
-4.8007825984251964
11
5.7904387007874014
21
-4.7985921259842517
0
LINE
8
BLACK
6
CONTINUOUS
10
5.7904387007874014
20
-4.7985921259842517
11
5.7903127165354329
21
-4.7982879921259842
0
LINE
8
BLACK
6
CONTINUOUS
10
5.7903127165354329
20
-4.7982879921259842
11
5.7900640551181102
21
-4.7980723228346456
0
LINE
8
BLACK
6
CONTINUOUS
10
5.7900640551181102
20
-4.7980723228346456
11
5.7878735826771655
21
-4.7936913779527561
0
LINE
8
BLACK
6
CONTINUOUS
10
5.7878735826771655
20
-4.7936913779527561
11
5.7878405511811026
21
-4.793227007874016
0
LINE
8
BLACK
6
CONTINUOUS
10
5.7878405511811026
20
-4.793227007874016
11
5.7876624409448816
21
-4.7927969685039367
0
LINE
8
BLACK
6
CONTINUOUS
10
5.7876624409448816
20
-4.7927969685039367
11
5.7876624409448816
21
-4.7818445669291334
0
LINE
8
BLACK
6
CONTINUOUS
10
5.7876624409448816
20
-4.7818445669291334
11
5.7877883858267714
21
-4.781540433070866
0
LINE
8
BLACK
6
CONTINUOUS
10
5.7877883858267714
20
-4.781540433070866
11
5.7877650787401578
21
-4.7812121259842515
0
LINE
8
BLACK
6
CONTINUOUS
10
5.7877650787401578
20
-4.7812121259842515
11
5.7899555511811025
21
-4.7746406692913386
0
LINE
8
BLACK
6
CONTINUOUS
10
5.7899555511811025
20
-4.7746406692913386
11
5.7909585039370075
21
-4.7734842913385824
0
LINE
8
BLACK
6
CONTINUOUS
10
5.7909585039370075
20
-4.7734842913385824
11
5.7924853543307089
21
-4.7733757874015748
0
LINE
8
BLACK
6
CONTINUOUS
10
5.7924853543307089
20
-4.7733757874015748
11
5.7936417716535429
21
-4.7743787007874019
0
LINE
8
BLACK
6
CONTINUOUS
10
5.7936417716535429
20
-4.7743787007874019
11
5.7937502755905514
21
-4.7759055905511811
0
LINE
8
BLACK
6
CONTINUOUS
10
5.7937502755905514
20
-4.7759055905511811
11
5.791662440944882
21
-4.7821690944881885
0
LINE
8
BLACK
6
CONTINUOUS
10
5.791662440944882
20
-4.7821690944881885
11
5.791662440944882
21
-4.7923248031496062
0
LINE
8
BLACK
6
CONTINUOUS
10
5.791662440944882
20
-4.7923248031496062
11
5.793496614173228
21
-4.7959931889763778
0
LINE
8
BLACK
6
CONTINUOUS
10
5.793496614173228
20
-4.7959931889763778
11
5.79522811023622
21
-4.7977246850393698
0
LINE
8
BLACK
6
CONTINUOUS
10
5.79522811023622
20
-4.7977246850393698
11
5.7988964566929129
21
-4.7995588582677167
0
LINE
8
BLACK
6
CONTINUOUS
10
5.7988964566929129
20
-4.7995588582677167
11
5.8023331496062989
21
-4.7995588582677167
0
LINE
8
BLACK
6
CONTINUOUS
10
5.8023331496062989
20
-4.7995588582677167
11
5.8060014960629918
21
-4.797724645669291
0
LINE
8
BLACK
6
CONTINUOUS
10
5.8060014960629918
20
-4.797724645669291
11
5.807732952755905
21
-4.7959931889763778
0
LINE
8
BLACK
6
CONTINUOUS
10
5.807732952755905
20
-4.7959931889763778
11
5.8096801968503939
21
-4.7920987795275591
0
LINE
8
BLACK
6
CONTINUOUS
10
5.8096801968503939
20
-4.7920987795275591
11
5.8118174015748032
21
-4.78355
0
LINE
8
BLACK
6
CONTINUOUS
10
5.8118174015748032
20
-4.78355
11
5.8119526771653538
21
-4.7833673622047241
0
LINE
8
BLACK
6
CONTINUOUS
10
5.8119526771653538
20
-4.7833673622047241
11
5.8119688188976379
21
-4.7831406299212595
0
LINE
8
BLACK
6
CONTINUOUS
10
5.8119688188976379
20
-4.7831406299212595
11
5.8141592913385827
21
-4.7787596850393701
0
LINE
8
BLACK
6
CONTINUOUS
10
5.8141592913385827
20
-4.7787596850393701
11
5.8144079527559054
21
-4.7785439763779527
0
LINE
8
BLACK
6
CONTINUOUS
10
5.8144079527559054
20
-4.7785439763779527
11
5.8145339370078739
21
-4.778239881889764
0
LINE
8
BLACK
6
CONTINUOUS
10
5.8145339370078739
20
-4.778239881889764
11
5.8167244094488186
21
-4.7760494094488184
0
LINE
8
BLACK
6
CONTINUOUS
10
5.8167244094488186
20
-4.7760494094488184
11
5.8170285433070861
21
-4.7759234251968499
0
LINE
8
BLACK
6
CONTINUOUS
10
5.8170285433070861
20
-4.7759234251968499
11
5.8172442125984247
21
-4.7756747637795272
0
LINE
8
BLACK
6
CONTINUOUS
10
5.8172442125984247
20
-4.7756747637795272
11
5.8216251181102363
21
-4.7734842913385824
0
LINE
8
BLACK
6
CONTINUOUS
10
5.8216251181102363
20
-4.7734842913385824
11
5.8220894881889764
21
-4.7734512598425196
0
LINE
8
BLACK
6
CONTINUOUS
10
5.8220894881889764
20
-4.7734512598425196
11
5.8225195669291336
21
-4.7732731496062994
0
LINE
8
BLACK
6
CONTINUOUS
10
5.8225195669291336
20
-4.7732731496062994
11
5.8269005118110231
21
-4.7732731496062994
0
LINE
8
BLACK
6
CONTINUOUS
10
5.8269005118110231
20
-4.7732731496062994
11
5.8273305511811024
21
-4.7734512598425196
0
LINE
8
BLACK
6
CONTINUOUS
10
5.8987949212598423
20
-4.7797567716535436
11
5.8989077952755906
21
-4.7798546456692916
0
LINE
8
BLACK
6
CONTINUOUS
10
5.8989077952755906
20
-4.7798546456692916
11
5.899056889763779
21
-4.7798652755905513
0
LINE
8
BLACK
6
CONTINUOUS
10
5.899056889763779
20
-4.7798652755905513
11
5.8994723622047243
21
-4.7803443307086617
0
LINE
8
BLACK
6
CONTINUOUS
10
5.8994723622047243
20
-4.7803443307086617
11
5.8999512992125984
21
-4.7807597244094486
0
LINE
8
BLACK
6
CONTINUOUS
10
5.8999512992125984
20
-4.7807597244094486
11
5.8999618503937006
21
-4.7809087401574804
0
LINE
8
BLACK
6
CONTINUOUS
10
5.8999618503937006
20
-4.7809087401574804
11
5.9000598425196848
21
-4.7810216929133853
0
LINE
8
BLACK
6
CONTINUOUS
10
5.9000598425196848
20
-4.7810216929133853
11
5.9000148425196848
21
-4.7816542913385822
0
LINE
8
BLACK
6
CONTINUOUS
10
5.9000148425196848
20
-4.7816542913385822
11
5.9000598031496061
21
-4.7822865748031491
0
LINE
8
BLACK
6
CONTINUOUS
10
5.9000598031496061
20
-4.7822865748031491
11
5.8999618897637793
21
-4.7823994488188974
0
LINE
8
BLACK
6
CONTINUOUS
10
5.8999618897637793
20
-4.7823994488188974
11
5.8999512992125984
21
-4.7825485433070867
0
LINE
8
BLACK
6
CONTINUOUS
10
5.8999512992125984
20
-4.7825485433070867
11
5.8994723228346455
21
-4.7829639370078736
0
LINE
8
BLACK
6
CONTINUOUS
10
5.8994723228346455
20
-4.7829639370078736
11
5.899056889763779
21
-4.783442992125984
0
LINE
8
BLACK
6
CONTINUOUS
10
5.899056889763779
20
-4.783442992125984
11
5.8989077952755906
21
-4.7834535826771649
0
LINE
8
BLACK
6
CONTINUOUS
10
5.8989077952755906
20
-4.7834535826771649
11
5.8987949212598423
21
-4.7835514960629917
0
LINE
8
BLACK
6
CONTINUOUS
10
5.8987949212598423
20
-4.7835514960629917
11
5.8527948818897633
21
-4.7988848031496065
0
LINE
8
BLACK
6
CONTINUOUS
10
5.8527948818897633
20
-4.7988848031496065
11
5.8512680314960628
21
-4.798776299212598
0
LINE
8
BLACK
6
CONTINUOUS
10
5.8512680314960628
20
-4.798776299212598
11
5.8502650787401578
21
-4.797619881889764
0
LINE
8
BLACK
6
CONTINUOUS
10
5.8502650787401578
20
-4.797619881889764
11
5.8503735826771655
21
-4.7960930314960626
0
LINE
8
BLACK
6
CONTINUOUS
10
5.8503735826771655
20
-4.7960930314960626
11
5.8515299999999995
21
-4.7950900787401576
0
LINE
8
BLACK
6
CONTINUOUS
10
5.8515299999999995
20
-4.7950900787401576
11
5.8918378740157475
21
-4.7816540944881885
0
LINE
8
BLACK
6
CONTINUOUS
10
5.8918378740157475
20
-4.7816540944881885
11
5.8515299999999995
21
-4.768218149606299
0
LINE
8
BLACK
6
CONTINUOUS
10
5.8515299999999995
20
-4.768218149606299
11
5.8503735826771655
21
-4.767215196850394
0
LINE
8
BLACK
6
CONTINUOUS
10
5.8503735826771655
20
-4.767215196850394
11
5.8502650787401578
21
-4.7656883464566926
0
LINE
8
BLACK
6
CONTINUOUS
10
5.8502650787401578
20
-4.7656883464566926
11
5.8512680314960628
21
-4.7645319291338586
0
LINE
8
BLACK
6
CONTINUOUS
10
5.8512680314960628
20
-4.7645319291338586
11
5.8527948818897633
21
-4.76442342519685
0
LINE
8
BLACK
6
CONTINUOUS
10
5.8527948818897633
20
-4.76442342519685
11
5.8987949212598423
21
-4.7797567716535436
0
LINE
8
BLACK
6
CONTINUOUS
10
5.8273305511811024
20
-4.7296417322834641
11
5.8277949212598426
21
-4.7296747637795278
0
LINE
8
BLACK
6
CONTINUOUS
10
5.8277949212598426
20
-4.7296747637795278
11
5.832175866141732
21
-4.7318652362204725
0
LINE
8
BLACK
6
CONTINUOUS
10
5.832175866141732
20
-4.7318652362204725
11
5.8323915354330707
21
-4.7321138976377952
0
LINE
8
BLACK
6
CONTINUOUS
10
5.8323915354330707
20
-4.7321138976377952
11
5.8326956692913381
21
-4.7322398818897637
0
LINE
8
BLACK
6
CONTINUOUS
10
5.8326956692913381
20
-4.7322398818897637
11
5.8348861811023625
21
-4.7344303543307085
0
LINE
8
BLACK
6
CONTINUOUS
10
5.8348861811023625
20
-4.7344303543307085
11
5.8350121259842522
21
-4.7347344881889759
0
LINE
8
BLACK
6
CONTINUOUS
10
5.8350121259842522
20
-4.7347344881889759
11
5.8352608267716537
21
-4.7349501574803146
0
LINE
8
BLACK
6
CONTINUOUS
10
5.8352608267716537
20
-4.7349501574803146
11
5.8374512992125984
21
-4.7393310629921261
0
LINE
8
BLACK
6
CONTINUOUS
10
5.8374512992125984
20
-4.7393310629921261
11
5.8374842913385825
21
-4.7397954330708663
0
LINE
8
BLACK
6
CONTINUOUS
10
5.8374842913385825
20
-4.7397954330708663
11
5.8376624409448814
21
-4.7402255118110235
0
LINE
8
BLACK
6
CONTINUOUS
10
5.8376624409448814
20
-4.7402255118110235
11
5.8376624409448814
21
-4.748987440944882
0
LINE
8
BLACK
6
CONTINUOUS
10
5.8376624409448814
20
-4.748987440944882
11
5.8374842913385825
21
-4.7494174803149605
0
LINE
8
BLACK
6
CONTINUOUS
10
5.8374842913385825
20
-4.7494174803149605
11
5.8374512992125984
21
-4.7498818897637793
0
LINE
8
BLACK
6
CONTINUOUS
10
5.8374512992125984
20
-4.7498818897637793
11
5.8352608267716537
21
-4.75426279527559
0
LINE
8
BLACK
6
CONTINUOUS
10
5.8352608267716537
20
-4.75426279527559
11
5.8350121259842522
21
-4.7544784251968499
0
LINE
8
BLACK
6
CONTINUOUS
10
5.8350121259842522
20
-4.7544784251968499
11
5.8348861811023625
21
-4.754782598425197
0
LINE
8
BLACK
6
CONTINUOUS
10
5.8348861811023625
20
-4.754782598425197
11
5.8326956692913381
21
-4.7569730708661417
0
LINE
8
BLACK
6
CONTINUOUS
10
5.8326956692913381
20
-4.7569730708661417
11
5.8323915354330707
21
-4.7570990157480315
0
LINE
8
BLACK
6
CONTINUOUS
10
5.8323915354330707
20
-4.7570990157480315
11
5.832175866141732
21
-4.757347716535433
0
LINE
8
BLACK
6
CONTINUOUS
10
5.832175866141732
20
-4.757347716535433
11
5.8277949212598426
21
-4.7595381889763777
0
LINE
8
BLACK
6
CONTINUOUS
10
5.8277949212598426
20
-4.7595381889763777
11
5.8273305511811024
21
-4.7595711811023618
0
LINE
8
BLACK
6
CONTINUOUS
10
5.8273305511811024
20
-4.7595711811023618
11
5.8269005118110231
21
-4.7597493307086616
0
LINE
8
BLACK
6
CONTINUOUS
10
5.8269005118110231
20
-4.7597493307086616
11
5.8093766929133857
21
-4.7597493307086616
0
LINE
8
BLACK
6
CONTINUOUS
10
5.8093766929133857
20
-4.7597493307086616
11
5.8091424015748032
21
-4.7596522834645665
0
LINE
8
BLACK
6
CONTINUOUS
10
5.8091424015748032
20
-4.7596522834645665
11
5.8088916141732279
21
-4.7596896062992124
0
LINE
8
BLACK
6
CONTINUOUS
10
5.8088916141732279
20
-4.7596896062992124
11
5.800129724409449
21
-4.7574991338582677
0
LINE
8
BLACK
6
CONTINUOUS
10
5.800129724409449
20
-4.7574991338582677
11
5.7998485826771651
21
-4.7572908267716532
0
LINE
8
BLACK
6
CONTINUOUS
10
5.7998485826771651
20
-4.7572908267716532
11
5.7995054330708662
21
-4.7572229527559058
0
LINE
8
BLACK
6
CONTINUOUS
10
5.7995054330708662
20
-4.7572229527559058
11
5.7929339763779524
21
-4.7528420078740155
0
LINE
8
BLACK
6
CONTINUOUS
10
5.7929339763779524
20
-4.7528420078740155
11
5.7928193700787398
21
-4.7526709055118106
0
LINE
8
BLACK
6
CONTINUOUS
10
5.7928193700787398
20
-4.7526709055118106
11
5.7926291732283461
21
-4.7525921259842523
0
LINE
8
BLACK
6
CONTINUOUS
10
5.7926291732283461
20
-4.7525921259842523
11
5.7904387007874014
21
-4.7504016535433067
0
LINE
8
BLACK
6
CONTINUOUS
10
5.7904387007874014
20
-4.7504016535433067
11
5.7903127165354329
21
-4.7500975196850392
0
LINE
8
BLACK
6
CONTINUOUS
10
5.7903127165354329
20
-4.7500975196850392
11
5.7900640551181102
21
-4.7498818503937006
0
LINE
8
BLACK
6
CONTINUOUS
10
5.7900640551181102
20
-4.7498818503937006
11
5.7878735826771655
21
-4.7455009055118111
0
LINE
8
BLACK
6
CONTINUOUS
10
5.7878735826771655
20
-4.7455009055118111
11
5.7878405511811026
21
-4.745036535433071
0
LINE
8
BLACK
6
CONTINUOUS
10
5.7878405511811026
20
-4.745036535433071
11
5.7876624409448816
21
-4.7446064960629917
0
LINE
8
BLACK
6
CONTINUOUS
10
5.7876624409448816
20
-4.7446064960629917
11
5.7876624409448816
21
-4.735844566929134
0
LINE
8
BLACK
6
CONTINUOUS
10
5.7876624409448816
20
-4.735844566929134
11
5.7882482283464567
21
-4.7344303543307085
0
LINE
8
BLACK
6
CONTINUOUS
10
5.7882482283464567
20
-4.7344303543307085
11
5.7896624409448814
21
-4.7338445669291334
0
LINE
8
BLACK
6
CONTINUOUS
10
5.7896624409448814
20
-4.7338445669291334
11
5.7910766535433069
21
-4.7344303543307085
0
LINE
8
BLACK
6
CONTINUOUS
10
5.7910766535433069
20
-4.7344303543307085
11
5.791662440944882
21
-4.735844566929134
0
LINE
8
BLACK
6
CONTINUOUS
10
5.791662440944882
20
-4.735844566929134
11
5.791662440944882
21
-4.7441343307086612
0
LINE
8
BLACK
6
CONTINUOUS
10
5.791662440944882
20
-4.7441343307086612
11
5.793496614173228
21
-4.7478027165354328
0
LINE
8
BLACK
6
CONTINUOUS
10
5.793496614173228
20
-4.7478027165354328
11
5.7953175590551176
21
-4.7496236614173224
0
LINE
8
BLACK
6
CONTINUOUS
10
5.7953175590551176
20
-4.7496236614173224
11
5.8014359448818897
21
-4.753702598425197
0
LINE
8
BLACK
6
CONTINUOUS
10
5.8014359448818897
20
-4.753702598425197
11
5.8086979921259845
21
-4.7555181102362205
0
LINE
8
BLACK
6
CONTINUOUS
10
5.8086979921259845
20
-4.7555181102362205
11
5.8079624803149601
21
-4.754782598425197
0
LINE
8
BLACK
6
CONTINUOUS
10
5.8079624803149601
20
-4.754782598425197
11
5.8078364960629916
21
-4.7544784645669287
0
LINE
8
BLACK
6
CONTINUOUS
10
5.8078364960629916
20
-4.7544784645669287
11
5.8075878346456689
21
-4.75426279527559
0
LINE
8
BLACK
6
CONTINUOUS
10
5.8075878346456689
20
-4.75426279527559
11
5.8053973622047241
21
-4.7498818503937006
0
LINE
8
BLACK
6
CONTINUOUS
10
5.8053973622047241
20
-4.7498818503937006
11
5.8053643307086613
21
-4.7494174803149605
0
LINE
8
BLACK
6
CONTINUOUS
10
5.8053643307086613
20
-4.7494174803149605
11
5.8051862204724411
21
-4.748987440944882
0
LINE
8
BLACK
6
CONTINUOUS
10
5.8051862204724411
20
-4.748987440944882
11
5.8051862204724411
21
-4.7402255118110235
0
LINE
8
BLACK
6
CONTINUOUS
10
5.8051862204724411
20
-4.7402255118110235
11
5.8053643307086613
21
-4.7397954330708663
0
LINE
8
BLACK
6
CONTINUOUS
10
5.8053643307086613
20
-4.7397954330708663
11
5.8053973622047241
21
-4.7393311023622049
0
LINE
8
BLACK
6
CONTINUOUS
10
5.8053973622047241
20
-4.7393311023622049
11
5.8075878346456689
21
-4.7349501574803146
0
LINE
8
BLACK
6
CONTINUOUS
10
5.8075878346456689
20
-4.7349501574803146
11
5.8078364960629916
21
-4.7347344488188972
0
LINE
8
BLACK
6
CONTINUOUS
10
5.8078364960629916
20
-4.7347344488188972
11
5.8079624803149601
21
-4.7344303543307085
0
LINE
8
BLACK
6
CONTINUOUS
10
5.8079624803149601
20
-4.7344303543307085
11
5.8101529921259845
21
-4.732239842519685
0
LINE
8
BLACK
6
CONTINUOUS
10
5.8101529921259845
20
-4.732239842519685
11
5.8104571259842519
21
-4.7321138582677165
0
LINE
8
BLACK
6
CONTINUOUS
10
5.8104571259842519
20
-4.7321138582677165
11
5.8106727952755906
21
-4.7318652362204725
0
LINE
8
BLACK
6
CONTINUOUS
10
5.8106727952755906
20
-4.7318652362204725
11
5.8150537007874012
21
-4.7296747637795278
0
LINE
8
BLACK
6
CONTINUOUS
10
5.8150537007874012
20
-4.7296747637795278
11
5.8155180708661414
21
-4.7296417322834641
0
LINE
8
BLACK
6
CONTINUOUS
10
5.8155180708661414
20
-4.7296417322834641
11
5.8159481496062995
21
-4.7294636220472439
0
LINE
8
BLACK
6
CONTINUOUS
10
5.8159481496062995
20
-4.7294636220472439
11
5.8269005118110231
21
-4.7294636220472439
0
LINE
8
BLACK
6
CONTINUOUS
10
5.8269005118110231
20
-4.7294636220472439
11
5.8273305511811024
21
-4.7296417322834641
0
LINE
8
BLACK
6
CONTINUOUS
10
5.8127518897637795
20
-4.7352977952755904
11
5.8110203937007876
21
-4.7370292519685036
0
LINE
8
BLACK
6
CONTINUOUS
10
5.8110203937007876
20
-4.7370292519685036
11
5.8091862204724407
21
-4.7406976377952752
0
LINE
8
BLACK
6
CONTINUOUS
10
5.8091862204724407
20
-4.7406976377952752
11
5.8091862204724407
21
-4.7485152755905506
0
LINE
8
BLACK
6
CONTINUOUS
10
5.8091862204724407
20
-4.7485152755905506
11
5.8110203937007876
21
-4.7521836614173223
0
LINE
8
BLACK
6
CONTINUOUS
10
5.8110203937007876
20
-4.7521836614173223
11
5.8127518897637795
21
-4.7539151181102364
0
LINE
8
BLACK
6
CONTINUOUS
10
5.8127518897637795
20
-4.7539151181102364
11
5.8164202755905512
21
-4.7557493307086611
0
LINE
8
BLACK
6
CONTINUOUS
10
5.8164202755905512
20
-4.7557493307086611
11
5.8264283858267714
21
-4.7557493307086611
0
LINE
8
BLACK
6
CONTINUOUS
10
5.8264283858267714
20
-4.7557493307086611
11
5.8300967322834643
21
-4.7539151181102364
0
LINE
8
BLACK
6
CONTINUOUS
10
5.8300967322834643
20
-4.7539151181102364
11
5.8318283070866137
21
-4.7521835826771657
0
LINE
8
BLACK
6
CONTINUOUS
10
5.8318283070866137
20
-4.7521835826771657
11
5.8336624409448818
21
-4.7485153149606294
0
LINE
8
BLACK
6
CONTINUOUS
10
5.8336624409448818
20
-4.7485153149606294
11
5.8336624409448818
21
-4.7406976377952752
0
LINE
8
BLACK
6
CONTINUOUS
10
5.8336624409448818
20
-4.7406976377952752
11
5.8318283070866137
21
-4.7370293700787398
0
LINE
8
BLACK
6
CONTINUOUS
10
5.8318283070866137
20
-4.7370293700787398
11
5.8300967322834643
21
-4.7352977952755904
0
LINE
8
BLACK
6
CONTINUOUS
10
5.8300967322834643
20
-4.7352977952755904
11
5.8264283858267714
21
-4.7334636220472444
0
LINE
8
BLACK
6
CONTINUOUS
10
5.8264283858267714
20
-4.7334636220472444
11
5.8164202755905512
21
-4.7334636220472444
0
LINE
8
BLACK
6
CONTINUOUS
10
5.8164202755905512
20
-4.7334636220472444
11
5.8127518897637795
21
-4.7352977952755904
0
LINE
8
BLACK
6
CONTINUOUS
10
5.8808728740157479
20
-4.724989212598425
11
5.8811237007874011
21
-4.7249519291338578
0
LINE
8
BLACK
6
CONTINUOUS
10
5.8811237007874011
20
-4.7249519291338578
11
5.8898855511811021
21
-4.7271424015748034
0
LINE
8
BLACK
6
CONTINUOUS
10
5.8898855511811021
20
-4.7271424015748034
11
5.8900681496062992
21
-4.727277677165354
0
LINE
8
BLACK
6
CONTINUOUS
10
5.8900681496062992
20
-4.727277677165354
11
5.8902949212598426
21
-4.7272938188976381
0
LINE
8
BLACK
6
CONTINUOUS
10
5.8902949212598426
20
-4.7272938188976381
11
5.894675866141732
21
-4.7294842913385828
0
LINE
8
BLACK
6
CONTINUOUS
10
5.894675866141732
20
-4.7294842913385828
11
5.8948915354330707
21
-4.7297329527559056
0
LINE
8
BLACK
6
CONTINUOUS
10
5.8948915354330707
20
-4.7297329527559056
11
5.8951956692913381
21
-4.7298589370078741
0
LINE
8
BLACK
6
CONTINUOUS
10
5.8951956692913381
20
-4.7298589370078741
11
5.8973861811023625
21
-4.7320494094488188
0
LINE
8
BLACK
6
CONTINUOUS
10
5.8973861811023625
20
-4.7320494094488188
11
5.8975121259842522
21
-4.7323535433070862
0
LINE
8
BLACK
6
CONTINUOUS
10
5.8975121259842522
20
-4.7323535433070862
11
5.8977608267716537
21
-4.7325692125984249
0
LINE
8
BLACK
6
CONTINUOUS
10
5.8977608267716537
20
-4.7325692125984249
11
5.8999512992125984
21
-4.7369501181102365
0
LINE
8
BLACK
6
CONTINUOUS
10
5.8999512992125984
20
-4.7369501181102365
11
5.8999842913385825
21
-4.7374144881889766
0
LINE
8
BLACK
6
CONTINUOUS
10
5.8999842913385825
20
-4.7374144881889766
11
5.9001624409448814
21
-4.7378445669291338
0
LINE
8
BLACK
6
CONTINUOUS
10
5.9001624409448814
20
-4.7378445669291338
11
5.9001624409448814
21
-4.742225551181102
0
LINE
8
BLACK
6
CONTINUOUS
10
5.9001624409448814
20
-4.742225551181102
11
5.8999842913385825
21
-4.7426555905511814
0
LINE
8
BLACK
6
CONTINUOUS
10
5.8999842913385825
20
-4.7426555905511814
11
5.8999512992125984
21
-4.7431200000000002
0
LINE
8
BLACK
6
CONTINUOUS
10
5.8999512992125984
20
-4.7431200000000002
11
5.8977608267716537
21
-4.7475009055118109
0
LINE
8
BLACK
6
CONTINUOUS
10
5.8977608267716537
20
-4.7475009055118109
11
5.8975121259842522
21
-4.7477165354330708
0
LINE
8
BLACK
6
CONTINUOUS
10
5.8975121259842522
20
-4.7477165354330708
11
5.8973861811023625
21
-4.748020708661417
0
LINE
8
BLACK
6
CONTINUOUS
10
5.8973861811023625
20
-4.748020708661417
11
5.8951956692913381
21
-4.7502111811023617
0
LINE
8
BLACK
6
CONTINUOUS
10
5.8951956692913381
20
-4.7502111811023617
11
5.8948915354330707
21
-4.7503371259842515
0
LINE
8
BLACK
6
CONTINUOUS
10
5.8948915354330707
20
-4.7503371259842515
11
5.894675866141732
21
-4.7505858267716539
0
LINE
8
BLACK
6
CONTINUOUS
10
5.894675866141732
20
-4.7505858267716539
11
5.8902949212598426
21
-4.7527762992125986
0
LINE
8
BLACK
6
CONTINUOUS
10
5.8902949212598426
20
-4.7527762992125986
11
5.8900681496062992
21
-4.7527924015748031
0
LINE
8
BLACK
6
CONTINUOUS
10
5.8900681496062992
20
-4.7527924015748031
11
5.8898855511811021
21
-4.7529277165354333
0
LINE
8
BLACK
6
CONTINUOUS
10
5.8898855511811021
20
-4.7529277165354333
11
5.8811237007874011
21
-4.7551181889763781
0
LINE
8
BLACK
6
CONTINUOUS
10
5.8811237007874011
20
-4.7551181889763781
11
5.8808728740157479
21
-4.7550808661417321
0
LINE
8
BLACK
6
CONTINUOUS
10
5.8808728740157479
20
-4.7550808661417321
11
5.8806386220472442
21
-4.7551779133858263
0
LINE
8
BLACK
6
CONTINUOUS
10
5.8806386220472442
20
-4.7551779133858263
11
5.8696862204724409
21
-4.7551779133858263
0
LINE
8
BLACK
6
CONTINUOUS
10
5.8696862204724409
20
-4.7551779133858263
11
5.8694519291338585
21
-4.7550808661417321
0
LINE
8
BLACK
6
CONTINUOUS
10
5.8694519291338585
20
-4.7550808661417321
11
5.8692011417322831
21
-4.7551181889763781
0
LINE
8
BLACK
6
CONTINUOUS
10
5.8692011417322831
20
-4.7551181889763781
11
5.8604392519685042
21
-4.7529277165354333
0
LINE
8
BLACK
6
CONTINUOUS
10
5.8604392519685042
20
-4.7529277165354333
11
5.8602566141732284
21
-4.7527924015748031
0
LINE
8
BLACK
6
CONTINUOUS
10
5.8602566141732284
20
-4.7527924015748031
11
5.8600298818897638
21
-4.7527762992125986
0
LINE
8
BLACK
6
CONTINUOUS
10
5.8600298818897638
20
-4.7527762992125986
11
5.8556489763779522
21
-4.7505858267716539
0
LINE
8
BLACK
6
CONTINUOUS
10
5.8556489763779522
20
-4.7505858267716539
11
5.8554333070866145
21
-4.7503371259842515
0
LINE
8
BLACK
6
CONTINUOUS
10
5.8554333070866145
20
-4.7503371259842515
11
5.8551291732283461
21
-4.7502111811023617
0
LINE
8
BLACK
6
CONTINUOUS
10
5.8551291732283461
20
-4.7502111811023617
11
5.8529387007874014
21
-4.748020708661417
0
LINE
8
BLACK
6
CONTINUOUS
10
5.8529387007874014
20
-4.748020708661417
11
5.8528127165354329
21
-4.7477165748031496
0
LINE
8
BLACK
6
CONTINUOUS
10
5.8528127165354329
20
-4.7477165748031496
11
5.8525640551181102
21
-4.7475009055118109
0
LINE
8
BLACK
6
CONTINUOUS
10
5.8525640551181102
20
-4.7475009055118109
11
5.8503735826771655
21
-4.7431199606299215
0
LINE
8
BLACK
6
CONTINUOUS
10
5.8503735826771655
20
-4.7431199606299215
11
5.8503405511811026
21
-4.7426555905511814
0
LINE
8
BLACK
6
CONTINUOUS
10
5.8503405511811026
20
-4.7426555905511814
11
5.8501624409448816
21
-4.742225551181102
0
LINE
8
BLACK
6
CONTINUOUS
10
5.8501624409448816
20
-4.742225551181102
11
5.8501624409448816
21
-4.7378445669291338
0
LINE
8
BLACK
6
CONTINUOUS
10
5.8501624409448816
20
-4.7378445669291338
11
5.8503405511811026
21
-4.7374144881889766
0
LINE
8
BLACK
6
CONTINUOUS
10
5.8503405511811026
20
-4.7374144881889766
11
5.8503735826771655
21
-4.7369501574803152
0
LINE
8
BLACK
6
CONTINUOUS
10
5.8503735826771655
20
-4.7369501574803152
11
5.8525640551181102
21
-4.7325692125984249
0
LINE
8
BLACK
6
CONTINUOUS
10
5.8525640551181102
20
-4.7325692125984249
11
5.8528127165354329
21
-4.7323535039370075
0
LINE
8
BLACK
6
CONTINUOUS
10
5.8528127165354329
20
-4.7323535039370075
11
5.8529387007874014
21
-4.7320494094488188
0
LINE
8
BLACK
6
CONTINUOUS
10
5.8529387007874014
20
-4.7320494094488188
11
5.8551291732283461
21
-4.7298589370078741
0
LINE
8
BLACK
6
CONTINUOUS
10
5.8551291732283461
20
-4.7298589370078741
11
5.8554333070866145
21
-4.7297329527559056
0
LINE
8
BLACK
6
CONTINUOUS
10
5.8554333070866145
20
-4.7297329527559056
11
5.8556489763779522
21
-4.7294842913385828
0
LINE
8
BLACK
6
CONTINUOUS
10
5.8556489763779522
20
-4.7294842913385828
11
5.8600298818897638
21
-4.7272938188976381
0
LINE
8
BLACK
6
CONTINUOUS
10
5.8600298818897638
20
-4.7272938188976381
11
5.8602566141732284
21
-4.727277677165354
0
LINE
8
BLACK
6
CONTINUOUS
10
5.8602566141732284
20
-4.727277677165354
11
5.8604392519685042
21
-4.7271424015748034
0
LINE
8
BLACK
6
CONTINUOUS
10
5.8604392519685042
20
-4.7271424015748034
11
5.8692011417322831
21
-4.7249519291338578
0
LINE
8
BLACK
6
CONTINUOUS
10
5.8692011417322831
20
-4.7249519291338578
11
5.8694519291338585
21
-4.724989212598425
0
LINE
8
BLACK
6
CONTINUOUS
10
5.8694519291338585
20
-4.724989212598425
11
5.8696862204724409
21
-4.7248922047244095
0
LINE
8
BLACK
6
CONTINUOUS
10
5.8696862204724409
20
-4.7248922047244095
11
5.8806386220472442
21
-4.7248922047244095
0
LINE
8
BLACK
6
CONTINUOUS
10
5.8806386220472442
20
-4.7248922047244095
11
5.8808728740157479
21
-4.724989212598425
0
LINE
8
BLACK
6
CONTINUOUS
10
5.8616224015748033
20
-4.7309696850393701
11
5.85772811023622
21
-4.7329168503937007
0
LINE
8
BLACK
6
CONTINUOUS
10
5.85772811023622
20
-4.7329168503937007
11
5.855996614173228
21
-4.7346483070866139
0
LINE
8
BLACK
6
CONTINUOUS
10
5.855996614173228
20
-4.7346483070866139
11
5.854162440944882
21
-4.7383166929133855
0
LINE
8
BLACK
6
CONTINUOUS
10
5.854162440944882
20
-4.7383166929133855
11
5.854162440944882
21
-4.7417533858267715
0
LINE
8
BLACK
6
CONTINUOUS
10
5.854162440944882
20
-4.7417533858267715
11
5.855996614173228
21
-4.7454217716535432
0
LINE
8
BLACK
6
CONTINUOUS
10
5.855996614173228
20
-4.7454217716535432
11
5.85772811023622
21
-4.7471532677165351
0
LINE
8
BLACK
6
CONTINUOUS
10
5.85772811023622
20
-4.7471532677165351
11
5.8616224015748033
21
-4.749100393700787
0
LINE
8
BLACK
6
CONTINUOUS
10
5.8616224015748033
20
-4.749100393700787
11
5.8699323622047244
21
-4.7511779133858267
0
LINE
8
BLACK
6
CONTINUOUS
10
5.8699323622047244
20
-4.7511779133858267
11
5.880392440944882
21
-4.7511779133858267
0
LINE
8
BLACK
6
CONTINUOUS
10
5.880392440944882
20
-4.7511779133858267
11
5.8887024015748031
21
-4.749100393700787
0
LINE
8
BLACK
6
CONTINUOUS
10
5.8887024015748031
20
-4.749100393700787
11
5.8925967322834643
21
-4.7471532283464564
0
LINE
8
BLACK
6
CONTINUOUS
10
5.8925967322834643
20
-4.7471532283464564
11
5.8943283070866137
21
-4.7454216929133857
0
LINE
8
BLACK
6
CONTINUOUS
10
5.8943283070866137
20
-4.7454216929133857
11
5.8961624409448818
21
-4.7417534251968503
0
LINE
8
BLACK
6
CONTINUOUS
10
5.8961624409448818
20
-4.7417534251968503
11
5.8961624409448818
21
-4.7383166929133855
0
LINE
8
BLACK
6
CONTINUOUS
10
5.8961624409448818
20
-4.7383166929133855
11
5.8943283070866137
21
-4.7346484251968501
0
LINE
8
BLACK
6
CONTINUOUS
10
5.8943283070866137
20
-4.7346484251968501
11
5.8925967322834643
21
-4.7329168503937007
0
LINE
8
BLACK
6
CONTINUOUS
10
5.8925967322834643
20
-4.7329168503937007
11
5.8887024015748031
21
-4.7309696850393701
0
LINE
8
BLACK
6
CONTINUOUS
10
5.8887024015748031
20
-4.7309696850393701
11
5.880392440944882
21
-4.7288922047244091
0
LINE
8
BLACK
6
CONTINUOUS
10
5.880392440944882
20
-4.7288922047244091
11
5.8699323622047244
21
-4.7288922047244091
0
LINE
8
BLACK
6
CONTINUOUS
10
5.8699323622047244
20
-4.7288922047244091
11
5.8616224015748033
21
-4.7309696850393701
0
LINE
8
BLACK
6
CONTINUOUS
10
5.8273305511811024
20
-4.6858322047244094
11
5.8277949212598426
21
-4.6858652362204722
0
LINE
8
BLACK
6
CONTINUOUS
10
5.8277949212598426
20
-4.6858652362204722
11
5.832175866141732
21
-4.688055708661417
0
LINE
8
BLACK
6
CONTINUOUS
10
5.832175866141732
20
-4.688055708661417
11
5.8323915354330707
21
-4.6883043700787397
0
LINE
8
BLACK
6
CONTINUOUS
10
5.8323915354330707
20
-4.6883043700787397
11
5.8326956692913381
21
-4.6884303543307082
0
LINE
8
BLACK
6
CONTINUOUS
10
5.8326956692913381
20
-4.6884303543307082
11
5.8348861811023625
21
-4.6906208267716538
0
LINE
8
BLACK
6
CONTINUOUS
10
5.8348861811023625
20
-4.6906208267716538
11
5.8350121259842522
21
-4.6909249606299213
0
LINE
8
BLACK
6
CONTINUOUS
10
5.8350121259842522
20
-4.6909249606299213
11
5.8352608267716537
21
-4.6911406299212599
0
LINE
8
BLACK
6
CONTINUOUS
10
5.8352608267716537
20
-4.6911406299212599
11
5.8374512992125984
21
-4.6955215354330706
0
LINE
8
BLACK
6
CONTINUOUS
10
5.8374512992125984
20
-4.6955215354330706
11
5.8374842913385825
21
-4.6959859055118107
0
LINE
8
BLACK
6
CONTINUOUS
10
5.8374842913385825
20
-4.6959859055118107
11
5.8376624409448814
21
-4.6964159842519688
0
LINE
8
BLACK
6
CONTINUOUS
10
5.8376624409448814
20
-4.6964159842519688
11
5.8376624409448814
21
-4.7095588582677168
0
LINE
8
BLACK
6
CONTINUOUS
10
5.8376624409448814
20
-4.7095588582677168
11
5.8374842913385825
21
-4.7099888976377953
0
LINE
8
BLACK
6
CONTINUOUS
10
5.8374842913385825
20
-4.7099888976377953
11
5.8374512992125984
21
-4.7104533070866141
0
LINE
8
BLACK
6
CONTINUOUS
10
5.8374512992125984
20
-4.7104533070866141
11
5.8352608267716537
21
-4.7148342125984248
0
LINE
8
BLACK
6
CONTINUOUS
10
5.8352608267716537
20
-4.7148342125984248
11
5.8350121259842522
21
-4.7150498425196847
0
LINE
8
BLACK
6
CONTINUOUS
10
5.8350121259842522
20
-4.7150498425196847
11
5.8348861811023625
21
-4.7153540157480318
0
LINE
8
BLACK
6
CONTINUOUS
10
5.8348861811023625
20
-4.7153540157480318
11
5.8326956692913381
21
-4.7175444881889765
0
LINE
8
BLACK
6
CONTINUOUS
10
5.8326956692913381
20
-4.7175444881889765
11
5.8312814566929134
21
-4.7181302755905508
0
LINE
8
BLACK
6
CONTINUOUS
10
5.8312814566929134
20
-4.7181302755905508
11
5.8298672440944879
21
-4.7175444881889765
0
LINE
8
BLACK
6
CONTINUOUS
10
5.8298672440944879
20
-4.7175444881889765
11
5.8292814566929136
21
-4.716130275590551
0
LINE
8
BLACK
6
CONTINUOUS
10
5.8292814566929136
20
-4.716130275590551
11
5.8298672440944879
21
-4.7147160629921263
0
LINE
8
BLACK
6
CONTINUOUS
10
5.8298672440944879
20
-4.7147160629921263
11
5.8318283070866137
21
-4.7127549999999996
0
LINE
8
BLACK
6
CONTINUOUS
10
5.8318283070866137
20
-4.7127549999999996
11
5.8336624409448818
21
-4.7090867322834642
0
LINE
8
BLACK
6
CONTINUOUS
10
5.8336624409448818
20
-4.7090867322834642
11
5.8336624409448818
21
-4.6968881102362205
0
LINE
8
BLACK
6
CONTINUOUS
10
5.8336624409448818
20
-4.6968881102362205
11
5.8318283070866137
21
-4.6932198425196852
0
LINE
8
BLACK
6
CONTINUOUS
10
5.8318283070866137
20
-4.6932198425196852
11
5.8300967322834643
21
-4.6914882677165357
0
LINE
8
BLACK
6
CONTINUOUS
10
5.8300967322834643
20
-4.6914882677165357
11
5.8264283858267714
21
-4.6896540944881888
0
LINE
8
BLACK
6
CONTINUOUS
10
5.8264283858267714
20
-4.6896540944881888
11
5.8164202755905512
21
-4.6896540944881888
0
LINE
8
BLACK
6
CONTINUOUS
10
5.8164202755905512
20
-4.6896540944881888
11
5.8127518897637795
21
-4.6914882677165357
0
LINE
8
BLACK
6
CONTINUOUS
10
5.8127518897637795
20
-4.6914882677165357
11
5.8110203937007876
21
-4.6932197244094489
0
LINE
8
BLACK
6
CONTINUOUS
10
5.8110203937007876
20
-4.6932197244094489
11
5.8091862204724407
21
-4.6968881102362205
0
LINE
8
BLACK
6
CONTINUOUS
10
5.8091862204724407
20
-4.6968881102362205
11
5.8091862204724407
21
-4.7029874409448817
0
LINE
8
BLACK
6
CONTINUOUS
10
5.8091862204724407
20
-4.7029874409448817
11
5.8089169291338578
21
-4.7036375196850395
0
LINE
8
BLACK
6
CONTINUOUS
10
5.8089169291338578
20
-4.7036375196850395
11
5.8086913779527558
21
-4.7043044488188972
0
LINE
8
BLACK
6
CONTINUOUS
10
5.8086913779527558
20
-4.7043044488188972
11
5.8086276377952757
21
-4.7043359448818896
0
LINE
8
BLACK
6
CONTINUOUS
10
5.8086276377952757
20
-4.7043359448818896
11
5.8086004330708656
21
-4.7044016535433073
0
LINE
8
BLACK
6
CONTINUOUS
10
5.8086004330708656
20
-4.7044016535433073
11
5.8079502755905512
21
-4.7046709448818893
0
LINE
8
BLACK
6
CONTINUOUS
10
5.8079502755905512
20
-4.7046709448818893
11
5.8073192519685035
21
-4.704983031496063
0
LINE
8
BLACK
6
CONTINUOUS
10
5.8073192519685035
20
-4.704983031496063
11
5.8072518503937003
21
-4.7049602362204723
0
LINE
8
BLACK
6
CONTINUOUS
10
5.8072518503937003
20
-4.7049602362204723
11
5.8071862204724409
21
-4.7049874409448815
0
LINE
8
BLACK
6
CONTINUOUS
10
5.8071862204724409
20
-4.7049874409448815
11
5.8065361023622044
21
-4.7047181496062995
0
LINE
8
BLACK
6
CONTINUOUS
10
5.8065361023622044
20
-4.7047181496062995
11
5.8058692125984255
21
-4.7044925984251966
0
LINE
8
BLACK
6
CONTINUOUS
10
5.8058692125984255
20
-4.7044925984251966
11
5.791662440944882
21
-4.6920616141732285
0
LINE
8
BLACK
6
CONTINUOUS
10
5.791662440944882
20
-4.6920616141732285
11
5.791662440944882
21
-4.716130275590551
0
LINE
8
BLACK
6
CONTINUOUS
10
5.791662440944882
20
-4.716130275590551
11
5.7910766535433069
21
-4.7175444881889765
0
LINE
8
BLACK
6
CONTINUOUS
10
5.7910766535433069
20
-4.7175444881889765
11
5.7896624409448814
21
-4.7181302755905508
0
LINE
8
BLACK
6
CONTINUOUS
10
5.7896624409448814
20
-4.7181302755905508
11
5.7882482283464567
21
-4.7175444881889765
0
LINE
8
BLACK
6
CONTINUOUS
10
5.7882482283464567
20
-4.7175444881889765
11
5.7876624409448816
21
-4.716130275590551
0
LINE
8
BLACK
6
CONTINUOUS
10
5.7876624409448816
20
-4.716130275590551
11
5.7876624409448816
21
-4.687654094488189
0
LINE
8
BLACK
6
CONTINUOUS
10
5.7876624409448816
20
-4.687654094488189
11
5.787931811023622
21
-4.68700374015748
0
LINE
8
BLACK
6
CONTINUOUS
10
5.787931811023622
20
-4.68700374015748
11
5.7881572834645665
21
-4.6863370866141727
0
LINE
8
BLACK
6
CONTINUOUS
10
5.7881572834645665
20
-4.6863370866141727
11
5.7882209842519687
21
-4.6863055511811025
0
LINE
8
BLACK
6
CONTINUOUS
10
5.7882209842519687
20
-4.6863055511811025
11
5.7882482283464567
21
-4.6862398818897635
0
LINE
8
BLACK
6
CONTINUOUS
10
5.7882482283464567
20
-4.6862398818897635
11
5.7888986220472436
21
-4.6859704724409443
0
LINE
8
BLACK
6
CONTINUOUS
10
5.7888986220472436
20
-4.6859704724409443
11
5.7895294094488188
21
-4.6856585433070865
0
LINE
8
BLACK
6
CONTINUOUS
10
5.7895294094488188
20
-4.6856585433070865
11
5.7895967322834645
21
-4.6856812992125985
0
LINE
8
BLACK
6
CONTINUOUS
10
5.7895967322834645
20
-4.6856812992125985
11
5.7896624409448814
21
-4.6856540944881893
0
LINE
8
BLACK
6
CONTINUOUS
10
5.7896624409448814
20
-4.6856540944881893
11
5.7903127559055116
21
-4.6859234645669288
0
LINE
8
BLACK
6
CONTINUOUS
10
5.7903127559055116
20
-4.6859234645669288
11
5.7909794488188977
21
-4.6861489370078742
0
LINE
8
BLACK
6
CONTINUOUS
10
5.7909794488188977
20
-4.6861489370078742
11
5.8051862204724411
21
-4.6985798818897635
0
LINE
8
BLACK
6
CONTINUOUS
10
5.8051862204724411
20
-4.6985798818897635
11
5.8051862204724411
21
-4.6964159842519688
0
LINE
8
BLACK
6
CONTINUOUS
10
5.8051862204724411
20
-4.6964159842519688
11
5.8053643307086613
21
-4.6959859055118107
0
LINE
8
BLACK
6
CONTINUOUS
10
5.8053643307086613
20
-4.6959859055118107
11
5.8053973622047241
21
-4.6955215748031494
0
LINE
8
BLACK
6
CONTINUOUS
10
5.8053973622047241
20
-4.6955215748031494
11
5.8075878346456689
21
-4.6911406299212599
0
LINE
8
BLACK
6
CONTINUOUS
10
5.8075878346456689
20
-4.6911406299212599
11
5.8078364960629916
21
-4.6909249212598425
0
LINE
8
BLACK
6
CONTINUOUS
10
5.8078364960629916
20
-4.6909249212598425
11
5.8079624803149601
21
-4.6906208267716538
0
LINE
8
BLACK
6
CONTINUOUS
10
5.8079624803149601
20
-4.6906208267716538
11
5.8101529921259845
21
-4.6884303149606295
0
LINE
8
BLACK
6
CONTINUOUS
10
5.8101529921259845
20
-4.6884303149606295
11
5.8104571259842519
21
-4.6883043307086609
0
LINE
8
BLACK
6
CONTINUOUS
10
5.8104571259842519
20
-4.6883043307086609
11
5.8106727952755906
21
-4.688055708661417
0
LINE
8
BLACK
6
CONTINUOUS
10
5.8106727952755906
20
-4.688055708661417
11
5.8150537007874012
21
-4.6858652362204722
0
LINE
8
BLACK
6
CONTINUOUS
10
5.8150537007874012
20
-4.6858652362204722
11
5.8155180708661414
21
-4.6858322047244094
0
LINE
8
BLACK
6
CONTINUOUS
10
5.8155180708661414
20
-4.6858322047244094
11
5.8159481496062995
21
-4.6856540944881893
0
LINE
8
BLACK
6
CONTINUOUS
10
5.8159481496062995
20
-4.6856540944881893
11
5.8269005118110231
21
-4.6856540944881893
0
LINE
8
BLACK
6
CONTINUOUS
10
5.8269005118110231
20
-4.6856540944881893
11
5.8273305511811024
21
-4.6858322047244094
0
LINE
8
BLACK
6
CONTINUOUS
10
5.8995766535433072
20
-4.6816684645669291
11
5.9001624409448814
21
-4.6830826771653546
0
LINE
8
BLACK
6
CONTINUOUS
10
5.9001624409448814
20
-4.6830826771653546
11
5.9001624409448814
21
-4.7093683858267719
0
LINE
8
BLACK
6
CONTINUOUS
10
5.9001624409448814
20
-4.7093683858267719
11
5.8995766535433072
21
-4.7107825984251965
0
LINE
8
BLACK
6
CONTINUOUS
10
5.8995766535433072
20
-4.7107825984251965
11
5.8981624409448816
21
-4.7113683858267716
0
LINE
8
BLACK
6
CONTINUOUS
10
5.8981624409448816
20
-4.7113683858267716
11
5.896748228346457
21
-4.7107825984251965
0
LINE
8
BLACK
6
CONTINUOUS
10
5.896748228346457
20
-4.7107825984251965
11
5.8961624409448818
21
-4.7093683858267719
0
LINE
8
BLACK
6
CONTINUOUS
10
5.8961624409448818
20
-4.7093683858267719
11
5.8961624409448818
21
-4.6982255511811024
0
LINE
8
BLACK
6
CONTINUOUS
10
5.8961624409448818
20
-4.6982255511811024
11
5.8587679921259843
21
-4.6982255511811024
0
LINE
8
BLACK
6
CONTINUOUS
10
5.8587679921259843
20
-4.6982255511811024
11
5.8598432677165357
21
-4.6989424015748034
0
LINE
8
BLACK
6
CONTINUOUS
10
5.8598432677165357
20
-4.6989424015748034
11
5.8599578346456695
21
-4.6991134645669295
0
LINE
8
BLACK
6
CONTINUOUS
10
5.8599578346456695
20
-4.6991134645669295
11
5.860148070866142
21
-4.6991922834645665
0
LINE
8
BLACK
6
CONTINUOUS
10
5.860148070866142
20
-4.6991922834645665
11
5.8645290157480314
21
-4.7035732283464569
0
LINE
8
BLACK
6
CONTINUOUS
10
5.8645290157480314
20
-4.7035732283464569
11
5.8646549606299212
21
-4.7038773622047243
0
LINE
8
BLACK
6
CONTINUOUS
10
5.8646549606299212
20
-4.7038773622047243
11
5.8649036614173227
21
-4.7040930314960629
0
LINE
8
BLACK
6
CONTINUOUS
10
5.8649036614173227
20
-4.7040930314960629
11
5.8670941338582674
21
-4.7084739370078736
0
LINE
8
BLACK
6
CONTINUOUS
10
5.8670941338582674
20
-4.7084739370078736
11
5.8672026377952751
21
-4.7100008267716538
0
LINE
8
BLACK
6
CONTINUOUS
10
5.8672026377952751
20
-4.7100008267716538
11
5.8661996850393701
21
-4.7111572440944878
0
LINE
8
BLACK
6
CONTINUOUS
10
5.8661996850393701
20
-4.7111572440944878
11
5.8646727952755908
21
-4.7112657480314963
0
LINE
8
BLACK
6
CONTINUOUS
10
5.8646727952755908
20
-4.7112657480314963
11
5.8635164173228347
21
-4.7102627952755904
0
LINE
8
BLACK
6
CONTINUOUS
10
5.8635164173228347
20
-4.7102627952755904
11
5.8614711023622048
21
-4.7061721653543307
0
LINE
8
BLACK
6
CONTINUOUS
10
5.8614711023622048
20
-4.7061721653543307
11
5.8574596062992121
21
-4.7021606692913389
0
LINE
8
BLACK
6
CONTINUOUS
10
5.8574596062992121
20
-4.7021606692913389
11
5.8510530314960629
21
-4.6978896456692913
0
LINE
8
BLACK
6
CONTINUOUS
10
5.8510530314960629
20
-4.6978896456692913
11
5.8509384251968504
21
-4.6977185433070865
0
LINE
8
BLACK
6
CONTINUOUS
10
5.8509384251968504
20
-4.6977185433070865
11
5.8507482283464567
21
-4.6976397637795273
0
LINE
8
BLACK
6
CONTINUOUS
10
5.8507482283464567
20
-4.6976397637795273
11
5.8505253149606302
21
-4.6971016535433066
0
LINE
8
BLACK
6
CONTINUOUS
10
5.8505253149606302
20
-4.6971016535433066
11
5.850201299212598
21
-4.6966177952755901
0
LINE
8
BLACK
6
CONTINUOUS
10
5.850201299212598
20
-4.6966177952755901
11
5.8502412204724408
21
-4.6964157874015751
0
LINE
8
BLACK
6
CONTINUOUS
10
5.8502412204724408
20
-4.6964157874015751
11
5.8501624409448816
21
-4.6962255511811026
0
LINE
8
BLACK
6
CONTINUOUS
10
5.8501624409448816
20
-4.6962255511811026
11
5.8503853149606302
21
-4.6956874015748031
0
LINE
8
BLACK
6
CONTINUOUS
10
5.8503853149606302
20
-4.6956874015748031
11
5.8504983464566926
21
-4.6951161417322833
0
LINE
8
BLACK
6
CONTINUOUS
10
5.8504983464566926
20
-4.6951161417322833
11
5.8506694094488187
21
-4.6950015354330707
0
LINE
8
BLACK
6
CONTINUOUS
10
5.8506694094488187
20
-4.6950015354330707
11
5.8507482283464567
21
-4.6948113385826771
0
LINE
8
BLACK
6
CONTINUOUS
10
5.8507482283464567
20
-4.6948113385826771
11
5.8512862992125987
21
-4.6945884251968506
0
LINE
8
BLACK
6
CONTINUOUS
10
5.8512862992125987
20
-4.6945884251968506
11
5.8517701968503939
21
-4.6942644094488184
0
LINE
8
BLACK
6
CONTINUOUS
10
5.8517701968503939
20
-4.6942644094488184
11
5.8519721653543302
21
-4.6943043307086612
0
LINE
8
BLACK
6
CONTINUOUS
10
5.8519721653543302
20
-4.6943043307086612
11
5.8521624409448814
21
-4.694225551181102
0
LINE
8
BLACK
6
CONTINUOUS
10
5.8521624409448814
20
-4.694225551181102
11
5.8961624409448818
21
-4.694225551181102
0
LINE
8
BLACK
6
CONTINUOUS
10
5.8961624409448818
20
-4.694225551181102
11
5.8961624409448818
21
-4.6830826771653546
0
LINE
8
BLACK
6
CONTINUOUS
10
5.8961624409448818
20
-4.6830826771653546
11
5.896748228346457
21
-4.6816684645669291
0
LINE
8
BLACK
6
CONTINUOUS
10
5.896748228346457
20
-4.6816684645669291
11
5.8981624409448816
21
-4.681082677165354
0
LINE
8
BLACK
6
CONTINUOUS
10
5.8981624409448816
20
-4.681082677165354
11
5.8995766535433072
21
-4.6816684645669291
0
LINE
8
BLACK
6
CONTINUOUS
10
5.8183728740157479
20
-4.6419415748031492
11
5.8186237007874011
21
-4.6419042913385828
0
LINE
8
BLACK
6
CONTINUOUS
10
5.8186237007874011
20
-4.6419042913385828
11
5.8273855511811021
21
-4.6440947637795276
0
LINE
8
BLACK
6
CONTINUOUS
10
5.8273855511811021
20
-4.6440947637795276
11
5.8275681496062992
21
-4.6442300393700791
0
LINE
8
BLACK
6
CONTINUOUS
10
5.8275681496062992
20
-4.6442300393700791
11
5.8277949212598426
21
-4.6442461811023623
0
LINE
8
BLACK
6
CONTINUOUS
10
5.8277949212598426
20
-4.6442461811023623
11
5.832175866141732
21
-4.646436653543307
0
LINE
8
BLACK
6
CONTINUOUS
10
5.832175866141732
20
-4.646436653543307
11
5.8323915354330707
21
-4.6466853149606298
0
LINE
8
BLACK
6
CONTINUOUS
10
5.8323915354330707
20
-4.6466853149606298
11
5.8326956692913381
21
-4.6468112992125983
0
LINE
8
BLACK
6
CONTINUOUS
10
5.8326956692913381
20
-4.6468112992125983
11
5.8348861811023625
21
-4.649001771653543
0
LINE
8
BLACK
6
CONTINUOUS
10
5.8348861811023625
20
-4.649001771653543
11
5.8350121259842522
21
-4.6493059055118113
0
LINE
8
BLACK
6
CONTINUOUS
10
5.8350121259842522
20
-4.6493059055118113
11
5.8352608267716537
21
-4.6495215748031491
0
LINE
8
BLACK
6
CONTINUOUS
10
5.8352608267716537
20
-4.6495215748031491
11
5.8374512992125984
21
-4.6539024803149607
0
LINE
8
BLACK
6
CONTINUOUS
10
5.8374512992125984
20
-4.6539024803149607
11
5.8374842913385825
21
-4.6543668503937008
0
LINE
8
BLACK
6
CONTINUOUS
10
5.8374842913385825
20
-4.6543668503937008
11
5.8376624409448814
21
-4.654796929133858
0
LINE
8
BLACK
6
CONTINUOUS
10
5.8376624409448814
20
-4.654796929133858
11
5.8376624409448814
21
-4.6591779133858271
0
LINE
8
BLACK
6
CONTINUOUS
10
5.8376624409448814
20
-4.6591779133858271
11
5.8374842913385825
21
-4.6596079527559056
0
LINE
8
BLACK
6
CONTINUOUS
10
5.8374842913385825
20
-4.6596079527559056
11
5.8374512992125984
21
-4.6600723622047244
0
LINE
8
BLACK
6
CONTINUOUS
10
5.8374512992125984
20
-4.6600723622047244
11
5.8352608267716537
21
-4.6644532677165351
0
LINE
8
BLACK
6
CONTINUOUS
10
5.8352608267716537
20
-4.6644532677165351
11
5.8350121259842522
21
-4.664668897637795
0
LINE
8
BLACK
6
CONTINUOUS
10
5.8350121259842522
20
-4.664668897637795
11
5.8348861811023625
21
-4.6649730708661412
0
LINE
8
BLACK
6
CONTINUOUS
10
5.8348861811023625
20
-4.6649730708661412
11
5.8326956692913381
21
-4.6671635433070868
0
LINE
8
BLACK
6
CONTINUOUS
10
5.8326956692913381
20
-4.6671635433070868
11
5.8323915354330707
21
-4.6672894881889766
0
LINE
8
BLACK
6
CONTINUOUS
10
5.8323915354330707
20
-4.6672894881889766
11
5.832175866141732
21
-4.6675381889763781
0
LINE
8
BLACK
6
CONTINUOUS
10
5.832175866141732
20
-4.6675381889763781
11
5.8277949212598426
21
-4.6697286614173228
0
LINE
8
BLACK
6
CONTINUOUS
10
5.8277949212598426
20
-4.6697286614173228
11
5.8275681496062992
21
-4.6697447637795273
0
LINE
8
BLACK
6
CONTINUOUS
10
5.8275681496062992
20
-4.6697447637795273
11
5.8273855511811021
21
-4.6698800787401575
0
LINE
8
BLACK
6
CONTINUOUS
10
5.8273855511811021
20
-4.6698800787401575
11
5.8186237007874011
21
-4.6720705511811023
0
LINE
8
BLACK
6
CONTINUOUS
10
5.8186237007874011
20
-4.6720705511811023
11
5.8183728740157479
21
-4.6720332283464563
0
LINE
8
BLACK
6
CONTINUOUS
10
5.8183728740157479
20
-4.6720332283464563
11
5.8181386220472442
21
-4.6721302755905514
0
LINE
8
BLACK
6
CONTINUOUS
10
5.8181386220472442
20
-4.6721302755905514
11
5.8071862204724409
21
-4.6721302755905514
0
LINE
8
BLACK
6
CONTINUOUS
10
5.8071862204724409
20
-4.6721302755905514
11
5.8069519291338585
21
-4.6720332283464563
0
LINE
8
BLACK
6
CONTINUOUS
10
5.8069519291338585
20
-4.6720332283464563
11
5.8067011417322831
21
-4.6720705511811023
0
LINE
8
BLACK
6
CONTINUOUS
10
5.8067011417322831
20
-4.6720705511811023
11
5.7979392519685042
21
-4.6698800787401575
0
LINE
8
BLACK
6
CONTINUOUS
10
5.7979392519685042
20
-4.6698800787401575
11
5.7977566141732284
21
-4.6697447637795273
0
LINE
8
BLACK
6
CONTINUOUS
10
5.7977566141732284
20
-4.6697447637795273
11
5.7975298818897638
21
-4.6697286614173228
0
LINE
8
BLACK
6
CONTINUOUS
10
5.7975298818897638
20
-4.6697286614173228
11
5.7931489763779522
21
-4.6675381889763781
0
LINE
8
BLACK
6
CONTINUOUS
10
5.7931489763779522
20
-4.6675381889763781
11
5.7929333070866145
21
-4.6672894881889766
0
LINE
8
BLACK
6
CONTINUOUS
10
5.7929333070866145
20
-4.6672894881889766
11
5.7926291732283461
21
-4.6671635433070868
0
LINE
8
BLACK
6
CONTINUOUS
10
5.7926291732283461
20
-4.6671635433070868
11
5.7904387007874014
21
-4.6649730708661412
0
LINE
8
BLACK
6
CONTINUOUS
10
5.7904387007874014
20
-4.6649730708661412
11
5.7903127165354329
21
-4.6646689370078738
0
LINE
8
BLACK
6
CONTINUOUS
10
5.7903127165354329
20
-4.6646689370078738
11
5.7900640551181102
21
-4.6644532677165351
0
LINE
8
BLACK
6
CONTINUOUS
10
5.7900640551181102
20
-4.6644532677165351
11
5.7878735826771655
21
-4.6600723228346457
0
LINE
8
BLACK
6
CONTINUOUS
10
5.7878735826771655
20
-4.6600723228346457
11
5.7878405511811026
21
-4.6596079527559056
0
LINE
8
BLACK
6
CONTINUOUS
10
5.7878405511811026
20
-4.6596079527559056
11
5.7876624409448816
21
-4.6591779133858271
0
LINE
8
BLACK
6
CONTINUOUS
10
5.7876624409448816
20
-4.6591779133858271
11
5.7876624409448816
21
-4.654796929133858
0
LINE
8
BLACK
6
CONTINUOUS
10
5.7876624409448816
20
-4.654796929133858
11
5.7878405511811026
21
-4.6543668503937008
0
LINE
8
BLACK
6
CONTINUOUS
10
5.7878405511811026
20
-4.6543668503937008
11
5.7878735826771655
21
-4.6539025196850394
0
LINE
8
BLACK
6
CONTINUOUS
10
5.7878735826771655
20
-4.6539025196850394
11
5.7900640551181102
21
-4.6495215748031491
0
LINE
8
BLACK
6
CONTINUOUS
10
5.7900640551181102
20
-4.6495215748031491
11
5.7903127165354329
21
-4.6493058661417326
0
LINE
8
BLACK
6
CONTINUOUS
10
5.7903127165354329
20
-4.6493058661417326
11
5.7904387007874014
21
-4.649001771653543
0
LINE
8
BLACK
6
CONTINUOUS
10
5.7904387007874014
20
-4.649001771653543
11
5.7926291732283461
21
-4.6468112992125983
0
LINE
8
BLACK
6
CONTINUOUS
10
5.7926291732283461
20
-4.6468112992125983
11
5.7929333070866145
21
-4.6466853149606298
0
LINE
8
BLACK
6
CONTINUOUS
10
5.7929333070866145
20
-4.6466853149606298
11
5.7931489763779522
21
-4.646436653543307
0
LINE
8
BLACK
6
CONTINUOUS
10
5.7931489763779522
20
-4.646436653543307
11
5.7975298818897638
21
-4.6442461811023623
0
LINE
8
BLACK
6
CONTINUOUS
10
5.7975298818897638
20
-4.6442461811023623
11
5.7977566141732284
21
-4.6442300393700791
0
LINE
8
BLACK
6
CONTINUOUS
10
5.7977566141732284
20
-4.6442300393700791
11
5.7979392519685042
21
-4.6440947637795276
0
LINE
8
BLACK
6
CONTINUOUS
10
5.7979392519685042
20
-4.6440947637795276
11
5.8067011417322831
21
-4.6419042913385828
0
LINE
8
BLACK
6
CONTINUOUS
10
5.8067011417322831
20
-4.6419042913385828
11
5.8069519291338585
21
-4.6419415748031492
0
LINE
8
BLACK
6
CONTINUOUS
10
5.8069519291338585
20
-4.6419415748031492
11
5.8071862204724409
21
-4.6418445669291337
0
LINE
8
BLACK
6
CONTINUOUS
10
5.8071862204724409
20
-4.6418445669291337
11
5.8181386220472442
21
-4.6418445669291337
0
LINE
8
BLACK
6
CONTINUOUS
10
5.8181386220472442
20
-4.6418445669291337
11
5.8183728740157479
21
-4.6419415748031492
0
LINE
8
BLACK
6
CONTINUOUS
10
5.7991224015748033
20
-4.6479220472440943
11
5.79522811023622
21
-4.6498692125984249
0
LINE
8
BLACK
6
CONTINUOUS
10
5.79522811023622
20
-4.6498692125984249
11
5.793496614173228
21
-4.6516006692913381
0
LINE
8
BLACK
6
CONTINUOUS
10
5.793496614173228
20
-4.6516006692913381
11
5.791662440944882
21
-4.6552690551181097
0
LINE
8
BLACK
6
CONTINUOUS
10
5.791662440944882
20
-4.6552690551181097
11
5.791662440944882
21
-4.6587057480314957
0
LINE
8
BLACK
6
CONTINUOUS
10
5.791662440944882
20
-4.6587057480314957
11
5.793496614173228
21
-4.6623741338582674
0
LINE
8
BLACK
6
CONTINUOUS
10
5.793496614173228
20
-4.6623741338582674
11
5.79522811023622
21
-4.6641056299212593
0
LINE
8
BLACK
6
CONTINUOUS
10
5.79522811023622
20
-4.6641056299212593
11
5.7991224015748033
21
-4.6660527559055121
0
LINE
8
BLACK
6
CONTINUOUS
10
5.7991224015748033
20
-4.6660527559055121
11
5.8074323622047244
21
-4.6681302755905509
0
LINE
8
BLACK
6
CONTINUOUS
10
5.8074323622047244
20
-4.6681302755905509
11
5.817892440944882
21
-4.6681302755905509
0
LINE
8
BLACK
6
CONTINUOUS
10
5.817892440944882
20
-4.6681302755905509
11
5.8262024015748031
21
-4.6660527559055121
0
LINE
8
BLACK
6
CONTINUOUS
10
5.8262024015748031
20
-4.6660527559055121
11
5.8300967322834643
21
-4.6641055905511806
0
LINE
8
BLACK
6
CONTINUOUS
10
5.8300967322834643
20
-4.6641055905511806
11
5.8318283070866137
21
-4.6623740551181099
0
LINE
8
BLACK
6
CONTINUOUS
10
5.8318283070866137
20
-4.6623740551181099
11
5.8336624409448818
21
-4.6587057874015745
0
LINE
8
BLACK
6
CONTINUOUS
10
5.8336624409448818
20
-4.6587057874015745
11
5.8336624409448818
21
-4.6552690551181097
0
LINE
8
BLACK
6
CONTINUOUS
10
5.8336624409448818
20
-4.6552690551181097
11
5.8318283070866137
21
-4.6516007874015743
0
LINE
8
BLACK
6
CONTINUOUS
10
5.8318283070866137
20
-4.6516007874015743
11
5.8300967322834643
21
-4.6498692125984249
0
LINE
8
BLACK
6
CONTINUOUS
10
5.8300967322834643
20
-4.6498692125984249
11
5.8262024015748031
21
-4.6479220472440943
0
LINE
8
BLACK
6
CONTINUOUS
10
5.8262024015748031
20
-4.6479220472440943
11
5.817892440944882
21
-4.6458445669291342
0
LINE
8
BLACK
6
CONTINUOUS
10
5.817892440944882
20
-4.6458445669291342
11
5.8074323622047244
21
-4.6458445669291342
0
LINE
8
BLACK
6
CONTINUOUS
10
5.8074323622047244
20
-4.6458445669291342
11
5.7991224015748033
21
-4.6479220472440943
0
LINE
8
BLACK
6
CONTINUOUS
10
5.899056889763779
20
-4.6374842913385823
11
5.9000598031496061
21
-4.6386407086614172
0
LINE
8
BLACK
6
CONTINUOUS
10
5.9000598031496061
20
-4.6386407086614172
11
5.8999512992125984
21
-4.6401675590551177
0
LINE
8
BLACK
6
CONTINUOUS
10
5.8999512992125984
20
-4.6401675590551177
11
5.8987949212598423
21
-4.6411705118110236
0
LINE
8
BLACK
6
CONTINUOUS
10
5.8987949212598423
20
-4.6411705118110236
11
5.8870195669291334
21
-4.6450956299212596
0
LINE
8
BLACK
6
CONTINUOUS
10
5.8870195669291334
20
-4.6450956299212596
11
5.8870195669291334
21
-4.6641173228346453
0
LINE
8
BLACK
6
CONTINUOUS
10
5.8870195669291334
20
-4.6641173228346453
11
5.8987949212598423
21
-4.6680424409448822
0
LINE
8
BLACK
6
CONTINUOUS
10
5.8987949212598423
20
-4.6680424409448822
11
5.8999512992125984
21
-4.6690453937007872
0
LINE
8
BLACK
6
CONTINUOUS
10
5.8999512992125984
20
-4.6690453937007872
11
5.9000598425196848
21
-4.6705722440944877
0
LINE
8
BLACK
6
CONTINUOUS
10
5.9000598425196848
20
-4.6705722440944877
11
5.899056889763779
21
-4.6717286614173226
0
LINE
8
BLACK
6
CONTINUOUS
10
5.899056889763779
20
-4.6717286614173226
11
5.8975299999999997
21
-4.6718371653543302
0
LINE
8
BLACK
6
CONTINUOUS
10
5.8975299999999997
20
-4.6718371653543302
11
5.8515299999999995
21
-4.6565038582677163
0
LINE
8
BLACK
6
CONTINUOUS
10
5.8515299999999995
20
-4.6565038582677163
11
5.8514170866141733
21
-4.6564059448818895
0
LINE
8
BLACK
6
CONTINUOUS
10
5.8514170866141733
20
-4.6564059448818895
11
5.8512680314960628
21
-4.6563953543307086
0
LINE
8
BLACK
6
CONTINUOUS
10
5.8512680314960628
20
-4.6563953543307086
11
5.8508525590551184
21
-4.6559163385826769
0
LINE
8
BLACK
6
CONTINUOUS
10
5.8508525590551184
20
-4.6559163385826769
11
5.8503735826771655
21
-4.6555009055118113
0
LINE
8
BLACK
6
CONTINUOUS
10
5.8503735826771655
20
-4.6555009055118113
11
5.8503629527559058
21
-4.6553518110236221
0
LINE
8
BLACK
6
CONTINUOUS
10
5.8503629527559058
20
-4.6553518110236221
11
5.8502650787401578
21
-4.6552389370078737
0
LINE
8
BLACK
6
CONTINUOUS
10
5.8502650787401578
20
-4.6552389370078737
11
5.8503099999999995
21
-4.6546064960629918
0
LINE
8
BLACK
6
CONTINUOUS
10
5.8503099999999995
20
-4.6546064960629918
11
5.8502650787401578
21
-4.6539740551181099
0
LINE
8
BLACK
6
CONTINUOUS
10
5.8502650787401578
20
-4.6539740551181099
11
5.8503629527559058
21
-4.6538611417322837
0
LINE
8
BLACK
6
CONTINUOUS
10
5.8503629527559058
20
-4.6538611417322837
11
5.8503735826771655
21
-4.6537120866141732
0
LINE
8
BLACK
6
CONTINUOUS
10
5.8503735826771655
20
-4.6537120866141732
11
5.8508525590551184
21
-4.6532966141732279
0
LINE
8
BLACK
6
CONTINUOUS
10
5.8508525590551184
20
-4.6532966141732279
11
5.8512680314960628
21
-4.6528176377952759
0
LINE
8
BLACK
6
CONTINUOUS
10
5.8512680314960628
20
-4.6528176377952759
11
5.8514170866141733
21
-4.6528070078740154
0
LINE
8
BLACK
6
CONTINUOUS
10
5.8514170866141733
20
-4.6528070078740154
11
5.8515299999999995
21
-4.6527091338582673
0
LINE
8
BLACK
6
CONTINUOUS
10
5.8515299999999995
20
-4.6527091338582673
11
5.8975299999999997
21
-4.6373757874015746
0
LINE
8
BLACK
6
CONTINUOUS
10
5.8975299999999997
20
-4.6373757874015746
11
5.899056889763779
21
-4.6374842913385823
0
LINE
8
BLACK
6
CONTINUOUS
10
5.8584869685039367
20
-4.6546064566929131
11
5.8830195669291339
21
-4.6627839763779528
0
LINE
8
BLACK
6
CONTINUOUS
10
5.8830195669291339
20
-4.6627839763779528
11
5.8830195669291339
21
-4.6464289370078742
0
LINE
8
BLACK
6
CONTINUOUS
10
5.8830195669291339
20
-4.6464289370078742
11
5.8584869685039367
21
-4.6546064566929131
0
LINE
8
BLACK
6
CONTINUOUS
10
5.8273305511811024
20
-4.5982131496062992
11
5.8277949212598426
21
-4.5982461811023621
0
LINE
8
BLACK
6
CONTINUOUS
10
5.8277949212598426
20
-4.5982461811023621
11
5.832175866141732
21
-4.6004366535433068
0
LINE
8
BLACK
6
CONTINUOUS
10
5.832175866141732
20
-4.6004366535433068
11
5.8323915354330707
21
-4.6006853149606295
0
LINE
8
BLACK
6
CONTINUOUS
10
5.8323915354330707
20
-4.6006853149606295
11
5.8326956692913381
21
-4.600811299212598
0
LINE
8
BLACK
6
CONTINUOUS
10
5.8326956692913381
20
-4.600811299212598
11
5.8348861811023625
21
-4.6030017716535436
0
LINE
8
BLACK
6
CONTINUOUS
10
5.8348861811023625
20
-4.6030017716535436
11
5.8350121259842522
21
-4.6033059055118111
0
LINE
8
BLACK
6
CONTINUOUS
10
5.8350121259842522
20
-4.6033059055118111
11
5.8352608267716537
21
-4.6035215748031497
0
LINE
8
BLACK
6
CONTINUOUS
10
5.8352608267716537
20
-4.6035215748031497
11
5.8374512992125984
21
-4.6079024803149604
0
LINE
8
BLACK
6
CONTINUOUS
10
5.8374512992125984
20
-4.6079024803149604
11
5.8374842913385825
21
-4.6083668503937005
0
LINE
8
BLACK
6
CONTINUOUS
10
5.8374842913385825
20
-4.6083668503937005
11
5.8376624409448814
21
-4.6087969291338577
0
LINE
8
BLACK
6
CONTINUOUS
10
5.8376624409448814
20
-4.6087969291338577
11
5.8376624409448814
21
-4.6219398031496066
0
LINE
8
BLACK
6
CONTINUOUS
10
5.8376624409448814
20
-4.6219398031496066
11
5.8374842913385825
21
-4.6223698425196851
0
LINE
8
BLACK
6
CONTINUOUS
10
5.8374842913385825
20
-4.6223698425196851
11
5.8374512992125984
21
-4.6228342519685039
0
LINE
8
BLACK
6
CONTINUOUS
10
5.8374512992125984
20
-4.6228342519685039
11
5.8352608267716537
21
-4.6272151574803146
0
LINE
8
BLACK
6
CONTINUOUS
10
5.8352608267716537
20
-4.6272151574803146
11
5.8350121259842522
21
-4.6274307874015745
0
LINE
8
BLACK
6
CONTINUOUS
10
5.8350121259842522
20
-4.6274307874015745
11
5.8348861811023625
21
-4.6277349606299207
0
LINE
8
BLACK
6
CONTINUOUS
10
5.8348861811023625
20
-4.6277349606299207
11
5.8326956692913381
21
-4.6299254330708663
0
LINE
8
BLACK
6
CONTINUOUS
10
5.8326956692913381
20
-4.6299254330708663
11
5.8312814566929134
21
-4.6305112204724406
0
LINE
8
BLACK
6
CONTINUOUS
10
5.8312814566929134
20
-4.6305112204724406
11
5.8298672440944879
21
-4.6299254330708663
0
LINE
8
BLACK
6
CONTINUOUS
10
5.8298672440944879
20
-4.6299254330708663
11
5.8292814566929136
21
-4.6285112204724408
0
LINE
8
BLACK
6
CONTINUOUS
10
5.8292814566929136
20
-4.6285112204724408
11
5.8298672440944879
21
-4.6270970078740152
0
LINE
8
BLACK
6
CONTINUOUS
10
5.8298672440944879
20
-4.6270970078740152
11
5.8318283070866137
21
-4.6251359448818894
0
LINE
8
BLACK
6
CONTINUOUS
10
5.8318283070866137
20
-4.6251359448818894
11
5.8336624409448818
21
-4.621467677165354
0
LINE
8
BLACK
6
CONTINUOUS
10
5.8336624409448818
20
-4.621467677165354
11
5.8336624409448818
21
-4.6092690551181104
0
LINE
8
BLACK
6
CONTINUOUS
10
5.8336624409448818
20
-4.6092690551181104
11
5.8318283070866137
21
-4.605600787401575
0
LINE
8
BLACK
6
CONTINUOUS
10
5.8318283070866137
20
-4.605600787401575
11
5.8300967322834643
21
-4.6038692125984255
0
LINE
8
BLACK
6
CONTINUOUS
10
5.8300967322834643
20
-4.6038692125984255
11
5.8264283858267714
21
-4.6020350393700786
0
LINE
8
BLACK
6
CONTINUOUS
10
5.8264283858267714
20
-4.6020350393700786
11
5.8164202755905512
21
-4.6020350393700786
0
LINE
8
BLACK
6
CONTINUOUS
10
5.8164202755905512
20
-4.6020350393700786
11
5.8127518897637795
21
-4.6038692125984255
0
LINE
8
BLACK
6
CONTINUOUS
10
5.8127518897637795
20
-4.6038692125984255
11
5.8110203937007876
21
-4.6056006692913387
0
LINE
8
BLACK
6
CONTINUOUS
10
5.8110203937007876
20
-4.6056006692913387
11
5.8091862204724407
21
-4.6092690551181104
0
LINE
8
BLACK
6
CONTINUOUS
10
5.8091862204724407
20
-4.6092690551181104
11
5.8091862204724407
21
-4.6153683858267716
0
LINE
8
BLACK
6
CONTINUOUS
10
5.8091862204724407
20
-4.6153683858267716
11
5.8089169291338578
21
-4.6160184645669293
0
LINE
8
BLACK
6
CONTINUOUS
10
5.8089169291338578
20
-4.6160184645669293
11
5.8086913779527558
21
-4.616685393700787
0
LINE
8
BLACK
6
CONTINUOUS
10
5.8086913779527558
20
-4.616685393700787
11
5.8086276377952757
21
-4.6167168897637794
0
LINE
8
BLACK
6
CONTINUOUS
10
5.8086276377952757
20
-4.6167168897637794
11
5.8086004330708656
21
-4.6167825984251971
0
LINE
8
BLACK
6
CONTINUOUS
10
5.8086004330708656
20
-4.6167825984251971
11
5.8079502755905512
21
-4.6170518897637791
0
LINE
8
BLACK
6
CONTINUOUS
10
5.8079502755905512
20
-4.6170518897637791
11
5.8073192519685035
21
-4.6173639763779528
0
LINE
8
BLACK
6
CONTINUOUS
10
5.8073192519685035
20
-4.6173639763779528
11
5.8072518503937003
21
-4.6173411811023621
0
LINE
8
BLACK
6
CONTINUOUS
10
5.8072518503937003
20
-4.6173411811023621
11
5.8071862204724409
21
-4.6173683858267713
0
LINE
8
BLACK
6
CONTINUOUS
10
5.8071862204724409
20
-4.6173683858267713
11
5.8065361023622044
21
-4.6170990944881884
0
LINE
8
BLACK
6
CONTINUOUS
10
5.8065361023622044
20
-4.6170990944881884
11
5.8058692125984255
21
-4.6168735433070864
0
LINE
8
BLACK
6
CONTINUOUS
10
5.8058692125984255
20
-4.6168735433070864
11
5.791662440944882
21
-4.6044425590551183
0
LINE
8
BLACK
6
CONTINUOUS
10
5.791662440944882
20
-4.6044425590551183
11
5.791662440944882
21
-4.6285112204724408
0
LINE
8
BLACK
6
CONTINUOUS
10
5.791662440944882
20
-4.6285112204724408
11
5.7910766535433069
21
-4.6299254330708663
0
LINE
8
BLACK
6
CONTINUOUS
10
5.7910766535433069
20
-4.6299254330708663
11
5.7896624409448814
21
-4.6305112204724406
0
LINE
8
BLACK
6
CONTINUOUS
10
5.7896624409448814
20
-4.6305112204724406
11
5.7882482283464567
21
-4.6299254330708663
0
LINE
8
BLACK
6
CONTINUOUS
10
5.7882482283464567
20
-4.6299254330708663
11
5.7876624409448816
21
-4.6285112204724408
0
LINE
8
BLACK
6
CONTINUOUS
10
5.7876624409448816
20
-4.6285112204724408
11
5.7876624409448816
21
-4.6000350393700788
0
LINE
8
BLACK
6
CONTINUOUS
10
5.7876624409448816
20
-4.6000350393700788
11
5.787931811023622
21
-4.5993846850393698
0
LINE
8
BLACK
6
CONTINUOUS
10
5.787931811023622
20
-4.5993846850393698
11
5.7881572834645665
21
-4.5987180314960625
0
LINE
8
BLACK
6
CONTINUOUS
10
5.7881572834645665
20
-4.5987180314960625
11
5.7882209842519687
21
-4.5986864960629923
0
LINE
8
BLACK
6
CONTINUOUS
10
5.7882209842519687
20
-4.5986864960629923
11
5.7882482283464567
21
-4.5986208267716533
0
LINE
8
BLACK
6
CONTINUOUS
10
5.7882482283464567
20
-4.5986208267716533
11
5.7888986220472436
21
-4.5983514173228341
0
LINE
8
BLACK
6
CONTINUOUS
10
5.7888986220472436
20
-4.5983514173228341
11
5.7895294094488188
21
-4.5980394881889763
0
LINE
8
BLACK
6
CONTINUOUS
10
5.7895294094488188
20
-4.5980394881889763
11
5.7895967322834645
21
-4.5980622440944883
0
LINE
8
BLACK
6
CONTINUOUS
10
5.7895967322834645
20
-4.5980622440944883
11
5.7896624409448814
21
-4.5980350393700791
0
LINE
8
BLACK
6
CONTINUOUS
10
5.7896624409448814
20
-4.5980350393700791
11
5.7903127559055116
21
-4.5983044094488186
0
LINE
8
BLACK
6
CONTINUOUS
10
5.7903127559055116
20
-4.5983044094488186
11
5.7909794488188977
21
-4.598529881889764
0
LINE
8
BLACK
6
CONTINUOUS
10
5.7909794488188977
20
-4.598529881889764
11
5.8051862204724411
21
-4.6109608267716533
0
LINE
8
BLACK
6
CONTINUOUS
10
5.8051862204724411
20
-4.6109608267716533
11
5.8051862204724411
21
-4.6087969291338577
0
LINE
8
BLACK
6
CONTINUOUS
10
5.8051862204724411
20
-4.6087969291338577
11
5.8053643307086613
21
-4.6083668503937005
0
LINE
8
BLACK
6
CONTINUOUS
10
5.8053643307086613
20
-4.6083668503937005
11
5.8053973622047241
21
-4.6079025196850392
0
LINE
8
BLACK
6
CONTINUOUS
10
5.8053973622047241
20
-4.6079025196850392
11
5.8075878346456689
21
-4.6035215748031497
0
LINE
8
BLACK
6
CONTINUOUS
10
5.8075878346456689
20
-4.6035215748031497
11
5.8078364960629916
21
-4.6033058661417323
0
LINE
8
BLACK
6
CONTINUOUS
10
5.8078364960629916
20
-4.6033058661417323
11
5.8079624803149601
21
-4.6030017716535436
0
LINE
8
BLACK
6
CONTINUOUS
10
5.8079624803149601
20
-4.6030017716535436
11
5.8101529921259845
21
-4.6008112598425193
0
LINE
8
BLACK
6
CONTINUOUS
10
5.8101529921259845
20
-4.6008112598425193
11
5.8104571259842519
21
-4.6006852755905507
0
LINE
8
BLACK
6
CONTINUOUS
10
5.8104571259842519
20
-4.6006852755905507
11
5.8106727952755906
21
-4.6004366535433068
0
LINE
8
BLACK
6
CONTINUOUS
10
5.8106727952755906
20
-4.6004366535433068
11
5.8150537007874012
21
-4.5982461811023621
0
LINE
8
BLACK
6
CONTINUOUS
10
5.8150537007874012
20
-4.5982461811023621
11
5.8155180708661414
21
-4.5982131496062992
0
LINE
8
BLACK
6
CONTINUOUS
10
5.8155180708661414
20
-4.5982131496062992
11
5.8159481496062995
21
-4.5980350393700791
0
LINE
8
BLACK
6
CONTINUOUS
10
5.8159481496062995
20
-4.5980350393700791
11
5.8269005118110231
21
-4.5980350393700791
0
LINE
8
BLACK
6
CONTINUOUS
10
5.8269005118110231
20
-4.5980350393700791
11
5.8273305511811024
21
-4.5982131496062992
0
LINE
8
BLACK
6
CONTINUOUS
10
6.0061569291338586
20
-4.5453307480314962
11
6.0065963779527554
21
-4.5453500787401575
0
LINE
8
BLACK
6
CONTINUOUS
10
6.0065963779527554
20
-4.5453500787401575
11
6.0068364173228348
21
-4.5456122047244092
0
LINE
8
BLACK
6
CONTINUOUS
10
6.0068364173228348
20
-4.5456122047244092
11
6.0071648031496059
21
-4.545748228346457
0
LINE
8
BLACK
6
CONTINUOUS
10
6.0071648031496059
20
-4.545748228346457
11
6.0073330708661414
21
-4.5461544881889759
0
LINE
8
BLACK
6
CONTINUOUS
10
6.0073330708661414
20
-4.5461544881889759
11
6.0076301968503936
21
-4.5464789370078735
0
LINE
8
BLACK
6
CONTINUOUS
10
6.0076301968503936
20
-4.5464789370078735
11
6.0076145669291341
21
-4.5468340551181106
0
LINE
8
BLACK
6
CONTINUOUS
10
6.0076145669291341
20
-4.5468340551181106
11
6.007750590551181
21
-4.5471624409448816
0
LINE
8
BLACK
6
CONTINUOUS
10
6.007750590551181
20
-4.5471624409448816
11
6.007750590551181
21
-4.5931624409448819
0
LINE
8
BLACK
6
CONTINUOUS
10
6.007750590551181
20
-4.5931624409448819
11
6.0071648031496059
21
-4.5945766535433066
0
LINE
8
BLACK
6
CONTINUOUS
10
6.0071648031496059
20
-4.5945766535433066
11
6.0057505905511812
21
-4.5951624409448817
0
LINE
8
BLACK
6
CONTINUOUS
10
6.0057505905511812
20
-4.5951624409448817
11
6.0043363779527557
21
-4.5945766535433066
0
LINE
8
BLACK
6
CONTINUOUS
10
6.0043363779527557
20
-4.5945766535433066
11
6.0037505905511805
21
-4.5931624409448819
0
LINE
8
BLACK
6
CONTINUOUS
10
6.0037505905511805
20
-4.5931624409448819
11
6.0037505905511805
21
-4.5561775196850389
0
LINE
8
BLACK
6
CONTINUOUS
10
6.0037505905511805
20
-4.5561775196850389
11
5.9922296456692914
21
-4.580865354330709
0
LINE
8
BLACK
6
CONTINUOUS
10
5.9922296456692914
20
-4.580865354330709
11
5.9917249999999997
21
-4.5813274803149602
0
LINE
8
BLACK
6
CONTINUOUS
10
5.9917249999999997
20
-4.5813274803149602
11
5.9912630708661414
21
-4.5818319291338581
0
LINE
8
BLACK
6
CONTINUOUS
10
5.9912630708661414
20
-4.5818319291338581
11
5.9911696850393703
21
-4.5818360236220474
0
LINE
8
BLACK
6
CONTINUOUS
10
5.9911696850393703
20
-4.5818360236220474
11
5.9911007874015745
21
-4.5818991338582675
0
LINE
8
BLACK
6
CONTINUOUS
10
5.9911007874015745
20
-4.5818991338582675
11
5.9904172834645664
21
-4.581869094488189
0
LINE
8
BLACK
6
CONTINUOUS
10
5.9904172834645664
20
-4.581869094488189
11
5.9897337795275591
21
-4.5818991338582675
0
LINE
8
BLACK
6
CONTINUOUS
10
5.9897337795275591
20
-4.5818991338582675
11
5.9896648425196846
21
-4.5818360236220474
0
LINE
8
BLACK
6
CONTINUOUS
10
5.9896648425196846
20
-4.5818360236220474
11
5.9895714960629922
21
-4.5818319291338581
0
LINE
8
BLACK
6
CONTINUOUS
10
5.9895714960629922
20
-4.5818319291338581
11
5.9891094488188976
21
-4.5813273622047239
0
LINE
8
BLACK
6
CONTINUOUS
10
5.9891094488188976
20
-4.5813273622047239
11
5.9886049212598422
21
-4.580865354330709
0
LINE
8
BLACK
6
CONTINUOUS
10
5.9886049212598422
20
-4.580865354330709
11
5.9770839370078734
21
-4.5561775590551177
0
LINE
8
BLACK
6
CONTINUOUS
10
5.9770839370078734
20
-4.5561775590551177
11
5.9770839370078734
21
-4.5931624409448819
0
LINE
8
BLACK
6
CONTINUOUS
10
5.9770839370078734
20
-4.5931624409448819
11
5.9764981496062992
21
-4.5945766535433066
0
LINE
8
BLACK
6
CONTINUOUS
10
5.9764981496062992
20
-4.5945766535433066
11
5.9750839370078737
21
-4.5951624409448817
0
LINE
8
BLACK
6
CONTINUOUS
10
5.9750839370078737
20
-4.5951624409448817
11
5.973669724409449
21
-4.5945766535433066
0
LINE
8
BLACK
6
CONTINUOUS
10
5.973669724409449
20
-4.5945766535433066
11
5.9730839370078739
21
-4.5931624409448819
0
LINE
8
BLACK
6
CONTINUOUS
10
5.9730839370078739
20
-4.5931624409448819
11
5.9730839370078739
21
-4.5471624409448816
0
LINE
8
BLACK
6
CONTINUOUS
10
5.9730839370078739
20
-4.5471624409448816
11
5.9732199606299208
21
-4.5468340157480318
0
LINE
8
BLACK
6
CONTINUOUS
10
5.9732199606299208
20
-4.5468340157480318
11
5.9732043700787401
21
-4.5464789370078735
0
LINE
8
BLACK
6
CONTINUOUS
10
5.9732043700787401
20
-4.5464789370078735
11
5.9735013779527559
21
-4.5461545669291334
0
LINE
8
BLACK
6
CONTINUOUS
10
5.9735013779527559
20
-4.5461545669291334
11
5.973669724409449
21
-4.545748228346457
0
LINE
8
BLACK
6
CONTINUOUS
10
5.973669724409449
20
-4.545748228346457
11
5.9739980708661413
21
-4.5456122047244092
0
LINE
8
BLACK
6
CONTINUOUS
10
5.9739980708661413
20
-4.5456122047244092
11
5.9742381496062995
21
-4.5453500787401575
0
LINE
8
BLACK
6
CONTINUOUS
10
5.9742381496062995
20
-4.5453500787401575
11
5.9746775196850388
21
-4.5453307480314962
0
LINE
8
BLACK
6
CONTINUOUS
10
5.9746775196850388
20
-4.5453307480314962
11
5.9750839370078737
21
-4.5451624409448819
0
LINE
8
BLACK
6
CONTINUOUS
10
5.9750839370078737
20
-4.5451624409448819
11
5.9754123228346456
21
-4.5452984645669288
0
LINE
8
BLACK
6
CONTINUOUS
10
5.9754123228346456
20
-4.5452984645669288
11
5.9757674409448818
21
-4.545282874015748
0
LINE
8
BLACK
6
CONTINUOUS
10
5.9757674409448818
20
-4.545282874015748
11
5.9760917716535431
21
-4.5455798818897639
0
LINE
8
BLACK
6
CONTINUOUS
10
5.9760917716535431
20
-4.5455798818897639
11
5.9764981496062992
21
-4.545748228346457
0
LINE
8
BLACK
6
CONTINUOUS
10
5.9764981496062992
20
-4.545748228346457
11
5.9766341338582674
21
-4.5460765748031493
0
LINE
8
BLACK
6
CONTINUOUS
10
5.9766341338582674
20
-4.5460765748031493
11
5.9768962992125987
21
-4.5463166535433066
0
LINE
8
BLACK
6
CONTINUOUS
10
5.9768962992125987
20
-4.5463166535433066
11
5.9904172440944876
21
-4.5752901181102361
0
LINE
8
BLACK
6
CONTINUOUS
10
5.9904172440944876
20
-4.5752901181102361
11
6.0039382283464562
21
-4.5463166535433066
0
LINE
8
BLACK
6
CONTINUOUS
10
6.0039382283464562
20
-4.5463166535433066
11
6.0042003543307088
21
-4.5460765748031493
0
LINE
8
BLACK
6
CONTINUOUS
10
6.0042003543307088
20
-4.5460765748031493
11
6.0043363779527557
21
-4.545748228346457
0
LINE
8
BLACK
6
CONTINUOUS
10
6.0043363779527557
20
-4.545748228346457
11
6.004742716535433
21
-4.5455798818897639
0
LINE
8
BLACK
6
CONTINUOUS
10
6.004742716535433
20
-4.5455798818897639
11
6.0050671259842519
21
-4.5452828346456693
0
LINE
8
BLACK
6
CONTINUOUS
10
6.0050671259842519
20
-4.5452828346456693
11
6.0054222047244092
21
-4.54529842519685
0
LINE
8
BLACK
6
CONTINUOUS
10
6.0054222047244092
20
-4.54529842519685
11
6.0057505905511812
21
-4.5451624409448819
0
LINE
8
BLACK
6
CONTINUOUS
10
6.0057505905511812
20
-4.5451624409448819
11
6.0061569291338586
21
-4.5453307480314962
0
LINE
8
BLACK
6
CONTINUOUS
10
6.0290695669291337
20
-4.545748228346457
11
6.0296553543307088
21
-4.5471624409448816
0
LINE
8
BLACK
6
CONTINUOUS
10
6.0296553543307088
20
-4.5471624409448816
11
6.0296553543307088
21
-4.5911624409448821
0
LINE
8
BLACK
6
CONTINUOUS
10
6.0296553543307088
20
-4.5911624409448821
11
6.0495601181102359
21
-4.5911624409448821
0
LINE
8
BLACK
6
CONTINUOUS
10
6.0495601181102359
20
-4.5911624409448821
11
6.0509743307086614
21
-4.5917482283464564
0
LINE
8
BLACK
6
CONTINUOUS
10
6.0509743307086614
20
-4.5917482283464564
11
6.0515601181102356
21
-4.5931624409448819
0
LINE
8
BLACK
6
CONTINUOUS
10
6.0515601181102356
20
-4.5931624409448819
11
6.0509743307086614
21
-4.5945766535433066
0
LINE
8
BLACK
6
CONTINUOUS
10
6.0509743307086614
20
-4.5945766535433066
11
6.0495601181102359
21
-4.5951624409448817
0
LINE
8
BLACK
6
CONTINUOUS
10
6.0495601181102359
20
-4.5951624409448817
11
6.0276553543307081
21
-4.5951624409448817
0
LINE
8
BLACK
6
CONTINUOUS
10
6.0276553543307081
20
-4.5951624409448817
11
6.0262411417322834
21
-4.5945766535433066
0
LINE
8
BLACK
6
CONTINUOUS
10
6.0262411417322834
20
-4.5945766535433066
11
6.0256553543307083
21
-4.5931624409448819
0
LINE
8
BLACK
6
CONTINUOUS
10
6.0256553543307083
20
-4.5931624409448819
11
6.0256553543307083
21
-4.5471624409448816
0
LINE
8
BLACK
6
CONTINUOUS
10
6.0256553543307083
20
-4.5471624409448816
11
6.0262411417322834
21
-4.545748228346457
0
LINE
8
BLACK
6
CONTINUOUS
10
6.0262411417322834
20
-4.545748228346457
11
6.0276553543307081
21
-4.5451624409448819
0
LINE
8
BLACK
6
CONTINUOUS
10
6.0276553543307081
20
-4.5451624409448819
11
6.0290695669291337
21
-4.545748228346457
0
LINE
8
BLACK
6
CONTINUOUS
10
6.1200854330708658
20
-4.545340551181102
11
6.1205498031496059
21
-4.5453735826771648
0
LINE
8
BLACK
6
CONTINUOUS
10
6.1205498031496059
20
-4.5453735826771648
11
6.1249307480314963
21
-4.5475640551181105
0
LINE
8
BLACK
6
CONTINUOUS
10
6.1249307480314963
20
-4.5475640551181105
11
6.1251464173228349
21
-4.5478127165354332
0
LINE
8
BLACK
6
CONTINUOUS
10
6.1251464173228349
20
-4.5478127165354332
11
6.1254505511811024
21
-4.5479387007874017
0
LINE
8
BLACK
6
CONTINUOUS
10
6.1254505511811024
20
-4.5479387007874017
11
6.1276410236220471
21
-4.5501291732283464
0
LINE
8
BLACK
6
CONTINUOUS
10
6.1276410236220471
20
-4.5501291732283464
11
6.1277669685039369
21
-4.5504333070866139
0
LINE
8
BLACK
6
CONTINUOUS
10
6.1277669685039369
20
-4.5504333070866139
11
6.1280156692913383
21
-4.5506489763779525
0
LINE
8
BLACK
6
CONTINUOUS
10
6.1280156692913383
20
-4.5506489763779525
11
6.1302061417322831
21
-4.5550298818897641
0
LINE
8
BLACK
6
CONTINUOUS
10
6.1302061417322831
20
-4.5550298818897641
11
6.130239133858268
21
-4.5554942519685042
0
LINE
8
BLACK
6
CONTINUOUS
10
6.130239133858268
20
-4.5554942519685042
11
6.1304172834645669
21
-4.5559243307086614
0
LINE
8
BLACK
6
CONTINUOUS
10
6.1304172834645669
20
-4.5559243307086614
11
6.1304172834645669
21
-4.5603052755905509
0
LINE
8
BLACK
6
CONTINUOUS
10
6.1304172834645669
20
-4.5603052755905509
11
6.130239133858268
21
-4.5607353149606302
0
LINE
8
BLACK
6
CONTINUOUS
10
6.130239133858268
20
-4.5607353149606302
11
6.1302061417322831
21
-4.5611997244094491
0
LINE
8
BLACK
6
CONTINUOUS
10
6.1302061417322831
20
-4.5611997244094491
11
6.1280156692913383
21
-4.5655806299212598
0
LINE
8
BLACK
6
CONTINUOUS
10
6.1280156692913383
20
-4.5655806299212598
11
6.1277669685039369
21
-4.5657962598425197
0
LINE
8
BLACK
6
CONTINUOUS
10
6.1277669685039369
20
-4.5657962598425197
11
6.1276410236220471
21
-4.5661004330708659
0
LINE
8
BLACK
6
CONTINUOUS
10
6.1276410236220471
20
-4.5661004330708659
11
6.1254505511811024
21
-4.5682909055118106
0
LINE
8
BLACK
6
CONTINUOUS
10
6.1254505511811024
20
-4.5682909055118106
11
6.1251464566929137
21
-4.5684168503937004
0
LINE
8
BLACK
6
CONTINUOUS
10
6.1251464566929137
20
-4.5684168503937004
11
6.124930787401575
21
-4.5686655511811018
0
LINE
8
BLACK
6
CONTINUOUS
10
6.124930787401575
20
-4.5686655511811018
11
6.1248684645669291
21
-4.5686966929133854
0
LINE
8
BLACK
6
CONTINUOUS
10
6.1248684645669291
20
-4.5686966929133854
11
6.1268592913385822
21
-4.5693603149606297
0
LINE
8
BLACK
6
CONTINUOUS
10
6.1268592913385822
20
-4.5693603149606297
11
6.1272109448818899
21
-4.5696653149606297
0
LINE
8
BLACK
6
CONTINUOUS
10
6.1272109448818899
20
-4.5696653149606297
11
6.1276410236220471
21
-4.5698434645669295
0
LINE
8
BLACK
6
CONTINUOUS
10
6.1276410236220471
20
-4.5698434645669295
11
6.1298314960629918
21
-4.5720339370078742
0
LINE
8
BLACK
6
CONTINUOUS
10
6.1298314960629918
20
-4.5720339370078742
11
6.1299574409448816
21
-4.5723380708661416
0
LINE
8
BLACK
6
CONTINUOUS
10
6.1299574409448816
20
-4.5723380708661416
11
6.1302061417322831
21
-4.5725537401574803
0
LINE
8
BLACK
6
CONTINUOUS
10
6.1302061417322831
20
-4.5725537401574803
11
6.1323966141732278
21
-4.576934645669291
0
LINE
8
BLACK
6
CONTINUOUS
10
6.1323966141732278
20
-4.576934645669291
11
6.1324296062992127
21
-4.5773990157480311
0
LINE
8
BLACK
6
CONTINUOUS
10
6.1324296062992127
20
-4.5773990157480311
11
6.1326077559055117
21
-4.5778290944881892
0
LINE
8
BLACK
6
CONTINUOUS
10
6.1326077559055117
20
-4.5778290944881892
11
6.1326077559055117
21
-4.5844005118110234
0
LINE
8
BLACK
6
CONTINUOUS
10
6.1326077559055117
20
-4.5844005118110234
11
6.1324296062992127
21
-4.5848305511811018
0
LINE
8
BLACK
6
CONTINUOUS
10
6.1324296062992127
20
-4.5848305511811018
11
6.1323966141732278
21
-4.5852949606299216
0
LINE
8
BLACK
6
CONTINUOUS
10
6.1323966141732278
20
-4.5852949606299216
11
6.1302061417322831
21
-4.5896758661417323
0
LINE
8
BLACK
6
CONTINUOUS
10
6.1302061417322831
20
-4.5896758661417323
11
6.1299574803149603
21
-4.5898914960629922
0
LINE
8
BLACK
6
CONTINUOUS
10
6.1299574803149603
20
-4.5898914960629922
11
6.1298315354330706
21
-4.5901956692913384
0
LINE
8
BLACK
6
CONTINUOUS
10
6.1298315354330706
20
-4.5901956692913384
11
6.1276410236220471
21
-4.5923861811023619
0
LINE
8
BLACK
6
CONTINUOUS
10
6.1276410236220471
20
-4.5923861811023619
11
6.1273368897637797
21
-4.5925121259842516
0
LINE
8
BLACK
6
CONTINUOUS
10
6.1273368897637797
20
-4.5925121259842516
11
6.127121220472441
21
-4.5927608267716531
0
LINE
8
BLACK
6
CONTINUOUS
10
6.127121220472441
20
-4.5927608267716531
11
6.1227402755905507
21
-4.5949512992125987
0
LINE
8
BLACK
6
CONTINUOUS
10
6.1227402755905507
20
-4.5949512992125987
11
6.1222759055118106
21
-4.5949842913385828
0
LINE
8
BLACK
6
CONTINUOUS
10
6.1222759055118106
20
-4.5949842913385828
11
6.1218458661417321
21
-4.5951624409448817
0
LINE
8
BLACK
6
CONTINUOUS
10
6.1218458661417321
20
-4.5951624409448817
11
6.1043220472440947
21
-4.5951624409448817
0
LINE
8
BLACK
6
CONTINUOUS
10
6.1043220472440947
20
-4.5951624409448817
11
6.1029078346456691
21
-4.5945766535433066
0
LINE
8
BLACK
6
CONTINUOUS
10
6.1029078346456691
20
-4.5945766535433066
11
6.102322047244094
21
-4.5931624409448819
0
LINE
8
BLACK
6
CONTINUOUS
10
6.102322047244094
20
-4.5931624409448819
11
6.102322047244094
21
-4.5471624409448816
0
LINE
8
BLACK
6
CONTINUOUS
10
6.102322047244094
20
-4.5471624409448816
11
6.1029078346456691
21
-4.545748228346457
0
LINE
8
BLACK
6
CONTINUOUS
10
6.1029078346456691
20
-4.545748228346457
11
6.1043220472440947
21
-4.5451624409448819
0
LINE
8
BLACK
6
CONTINUOUS
10
6.1043220472440947
20
-4.5451624409448819
11
6.1196553937007874
21
-4.5451624409448819
0
LINE
8
BLACK
6
CONTINUOUS
10
6.1196553937007874
20
-4.5451624409448819
11
6.1200854330708658
21
-4.545340551181102
0
LINE
8
BLACK
6
CONTINUOUS
10
6.1063220472440944
20
-4.5911624409448821
11
6.1213737401574804
21
-4.5911624409448821
0
LINE
8
BLACK
6
CONTINUOUS
10
6.1213737401574804
20
-4.5911624409448821
11
6.1250420866141733
21
-4.5893282283464565
0
LINE
8
BLACK
6
CONTINUOUS
10
6.1250420866141733
20
-4.5893282283464565
11
6.1267735433070865
21
-4.5875967322834645
0
LINE
8
BLACK
6
CONTINUOUS
10
6.1267735433070865
20
-4.5875967322834645
11
6.1286077559055121
21
-4.5839283858267716
0
LINE
8
BLACK
6
CONTINUOUS
10
6.1286077559055121
20
-4.5839283858267716
11
6.1286077559055121
21
-4.5783012204724409
0
LINE
8
BLACK
6
CONTINUOUS
10
6.1286077559055121
20
-4.5783012204724409
11
6.1267735826771652
21
-4.574632874015748
0
LINE
8
BLACK
6
CONTINUOUS
10
6.1267735826771652
20
-4.574632874015748
11
6.1251464173228349
21
-4.5730057086614169
0
LINE
8
BLACK
6
CONTINUOUS
10
6.1251464173228349
20
-4.5730057086614169
11
6.1193308661417323
21
-4.5710672047244092
0
LINE
8
BLACK
6
CONTINUOUS
10
6.1193308661417323
20
-4.5710672047244092
11
6.1063220472440944
21
-4.5710672047244092
0
LINE
8
BLACK
6
CONTINUOUS
10
6.1063220472440944
20
-4.5710672047244092
11
6.1063220472440944
21
-4.5911624409448821
0
LINE
8
BLACK
6
CONTINUOUS
10
6.1063220472440944
20
-4.5670672047244096
11
6.1191832283464569
21
-4.5670672047244096
0
LINE
8
BLACK
6
CONTINUOUS
10
6.1191832283464569
20
-4.5670672047244096
11
6.1228516141732285
21
-4.5652329527559052
0
LINE
8
BLACK
6
CONTINUOUS
10
6.1228516141732285
20
-4.5652329527559052
11
6.1245831102362205
21
-4.563501496062992
0
LINE
8
BLACK
6
CONTINUOUS
10
6.1245831102362205
20
-4.563501496062992
11
6.1264172834645665
21
-4.5598331496062992
0
LINE
8
BLACK
6
CONTINUOUS
10
6.1264172834645665
20
-4.5598331496062992
11
6.1264172834645665
21
-4.5563964566929132
0
LINE
8
BLACK
6
CONTINUOUS
10
6.1264172834645665
20
-4.5563964566929132
11
6.1245831102362205
21
-4.5527281102362203
0
LINE
8
BLACK
6
CONTINUOUS
10
6.1245831102362205
20
-4.5527281102362203
11
6.1228516141732285
21
-4.5509966141732283
0
LINE
8
BLACK
6
CONTINUOUS
10
6.1228516141732285
20
-4.5509966141732283
11
6.1191832677165356
21
-4.5491624409448814
0
LINE
8
BLACK
6
CONTINUOUS
10
6.1191832677165356
20
-4.5491624409448814
11
6.1063220472440944
21
-4.5491624409448814
0
LINE
8
BLACK
6
CONTINUOUS
10
6.1063220472440944
20
-4.5491624409448814
11
6.1063220472440944
21
-4.5670672047244096
0
LINE
8
BLACK
6
CONTINUOUS
10
6.0744007086614173
20
-4.5453629921259839
11
6.0745497637795278
21
-4.5453735826771648
0
LINE
8
BLACK
6
CONTINUOUS
10
6.0745497637795278
20
-4.5453735826771648
11
6.0749650393700785
21
-4.5458524015748027
0
LINE
8
BLACK
6
CONTINUOUS
10
6.0749650393700785
20
-4.5458524015748027
11
6.0754442125984252
21
-4.5462679921259843
0
LINE
8
BLACK
6
CONTINUOUS
10
6.0754442125984252
20
-4.5462679921259843
11
6.0754548031496061
21
-4.5464170866141735
0
LINE
8
BLACK
6
CONTINUOUS
10
6.0754548031496061
20
-4.5464170866141735
11
6.0755527165354328
21
-4.5465299999999997
0
LINE
8
BLACK
6
CONTINUOUS
10
6.0755527165354328
20
-4.5465299999999997
11
6.0908860629921255
21
-4.59253
0
LINE
8
BLACK
6
CONTINUOUS
10
6.0908860629921255
20
-4.59253
11
6.0907775590551179
21
-4.5940568897637792
0
LINE
8
BLACK
6
CONTINUOUS
10
6.0907775590551179
20
-4.5940568897637792
11
6.089621141732283
21
-4.5950598031496064
0
LINE
8
BLACK
6
CONTINUOUS
10
6.089621141732283
20
-4.5950598031496064
11
6.0880942913385825
21
-4.5949512992125987
0
LINE
8
BLACK
6
CONTINUOUS
10
6.0880942913385825
20
-4.5949512992125987
11
6.0870913385826766
21
-4.5937949212598426
0
LINE
8
BLACK
6
CONTINUOUS
10
6.0870913385826766
20
-4.5937949212598426
11
6.0831662204724406
21
-4.5820195669291337
0
LINE
8
BLACK
6
CONTINUOUS
10
6.0831662204724406
20
-4.5820195669291337
11
6.0641444881889761
21
-4.5820195669291337
0
LINE
8
BLACK
6
CONTINUOUS
10
6.0641444881889761
20
-4.5820195669291337
11
6.0602194094488189
21
-4.5937948818897638
0
LINE
8
BLACK
6
CONTINUOUS
10
6.0602194094488189
20
-4.5937948818897638
11
6.059216456692913
21
-4.5949512992125987
0
LINE
8
BLACK
6
CONTINUOUS
10
6.059216456692913
20
-4.5949512992125987
11
6.0576896062992125
21
-4.5950598031496064
0
LINE
8
BLACK
6
CONTINUOUS
10
6.0576896062992125
20
-4.5950598031496064
11
6.0565331889763776
21
-4.5940568503937005
0
LINE
8
BLACK
6
CONTINUOUS
10
6.0565331889763776
20
-4.5940568503937005
11
6.0564246850393699
21
-4.59253
0
LINE
8
BLACK
6
CONTINUOUS
10
6.0564246850393699
20
-4.59253
11
6.0717579921259839
21
-4.546529960629921
0
LINE
8
BLACK
6
CONTINUOUS
10
6.0717579921259839
20
-4.546529960629921
11
6.0718558661417319
21
-4.5464170472440948
0
LINE
8
BLACK
6
CONTINUOUS
10
6.0718558661417319
20
-4.5464170472440948
11
6.0718664960629916
21
-4.5462680314960631
0
LINE
8
BLACK
6
CONTINUOUS
10
6.0718664960629916
20
-4.5462680314960631
11
6.0723454330708657
21
-4.5458526377952753
0
LINE
8
BLACK
6
CONTINUOUS
10
6.0723454330708657
20
-4.5458526377952753
11
6.0727609448818898
21
-4.5453735826771648
0
LINE
8
BLACK
6
CONTINUOUS
10
6.0727609448818898
20
-4.5453735826771648
11
6.0729100000000003
21
-4.5453629527559052
0
LINE
8
BLACK
6
CONTINUOUS
10
6.0729100000000003
20
-4.5453629527559052
11
6.0730229133858264
21
-4.5452650787401572
0
LINE
8
BLACK
6
CONTINUOUS
10
6.0730229133858264
20
-4.5452650787401572
11
6.0736551574803146
21
-4.5453099999999997
0
LINE
8
BLACK
6
CONTINUOUS
10
6.0736551574803146
20
-4.5453099999999997
11
6.0742877952755903
21
-4.5452650393700784
0
LINE
8
BLACK
6
CONTINUOUS
10
6.0742877952755903
20
-4.5452650393700784
11
6.0744007086614173
21
-4.5453629921259839
0
LINE
8
BLACK
6
CONTINUOUS
10
6.0654778346456695
20
-4.5780195669291341
11
6.0818328740157481
21
-4.5780195669291341
0
LINE
8
BLACK
6
CONTINUOUS
10
6.0818328740157481
20
-4.5780195669291341
11
6.0736553543307084
21
-4.553486968503937
0
LINE
8
BLACK
6
CONTINUOUS
10
6.0736553543307084
20
-4.553486968503937
11
6.0654778346456695
21
-4.5780195669291341
0
LINE
8
BLACK
6
CONTINUOUS
10
5.609
20
-4.5439999999999996
11
5.5889999999999995
21
-4.5439999999999996
0
LINE
8
BLACK
6
CONTINUOUS
10
5.5889999999999995
20
-4.5439999999999996
11
5.5889999999999995
21
-4.524
0
LINE
8
BLACK
6
CONTINUOUS
10
5.5889999999999995
20
-4.524
11
5.609
21
-4.524
0
LINE
8
BLACK
6
CONTINUOUS
10
5.609
20
-4.524
11
5.609
21
-4.5439999999999996
0
LINE
8
BLACK
6
CONTINUOUS
10
5.609
20
-4.3440000000000003
11
5.5889999999999995
21
-4.3440000000000003
0
LINE
8
BLACK
6
CONTINUOUS
10
5.5889999999999995
20
-4.3440000000000003
11
5.5889999999999995
21
-4.3239999999999998
0
LINE
8
BLACK
6
CONTINUOUS
10
5.5889999999999995
20
-4.3239999999999998
11
5.609
21
-4.3239999999999998
0
LINE
8
BLACK
6
CONTINUOUS
10
5.609
20
-4.3239999999999998
11
5.609
21
-4.3440000000000003
0
LINE
8
BLACK
6
CONTINUOUS
10
5.6241833858267718
20
-4.1810323228346453
11
5.6242614960629922
21
-4.1810114173228348
0
LINE
8
BLACK
6
CONTINUOUS
10
5.6242614960629922
20
-4.1810114173228348
11
5.6243811023622046
21
-4.1810671653543308
0
LINE
8
BLACK
6
CONTINUOUS
10
5.6243811023622046
20
-4.1810671653543308
11
5.6250260629921263
21
-4.1811809055118108
0
LINE
8
BLACK
6
CONTINUOUS
10
5.6250260629921263
20
-4.1811809055118108
11
5.6255277165354327
21
-4.1816018503937009
0
LINE
8
BLACK
6
CONTINUOUS
10
5.6255277165354327
20
-4.1816018503937009
11
5.6261213385826769
21
-4.1818786614173229
0
LINE
8
BLACK
6
CONTINUOUS
10
5.6261213385826769
20
-4.1818786614173229
11
5.6511213385826773
21
-4.2068787007874011
0
LINE
8
BLACK
6
CONTINUOUS
10
5.6511213385826773
20
-4.2068787007874011
11
5.6512281102362207
21
-4.2070312204724409
0
LINE
8
BLACK
6
CONTINUOUS
10
5.6512281102362207
20
-4.2070312204724409
11
5.6512981496062995
21
-4.2070716535433066
0
LINE
8
BLACK
6
CONTINUOUS
10
5.6512981496062995
20
-4.2070716535433066
11
5.6513432677165349
21
-4.2071956692913384
0
LINE
8
BLACK
6
CONTINUOUS
10
5.6513432677165349
20
-4.2071956692913384
11
5.6517189370078738
21
-4.2077321653543303
0
LINE
8
BLACK
6
CONTINUOUS
10
5.6517189370078738
20
-4.2077321653543303
11
5.6517759842519686
21
-4.2083846062992123
0
LINE
8
BLACK
6
CONTINUOUS
10
5.6517759842519686
20
-4.2083846062992123
11
5.6520000000000001
21
-4.2089999999999996
0
LINE
8
BLACK
6
CONTINUOUS
10
5.6520000000000001
20
-4.2089999999999996
11
5.6520000000000001
21
-4.2590000000000003
0
LINE
8
BLACK
6
CONTINUOUS
10
5.6520000000000001
20
-4.2590000000000003
11
5.6519676377952752
21
-4.2591833858267716
0
LINE
8
BLACK
6
CONTINUOUS
10
5.6519676377952752
20
-4.2591833858267716
11
5.6519885826771654
21
-4.259261496062992
0
LINE
8
BLACK
6
CONTINUOUS
10
5.6519885826771654
20
-4.259261496062992
11
5.6519327952755907
21
-4.2593811023622044
0
LINE
8
BLACK
6
CONTINUOUS
10
5.6519327952755907
20
-4.2593811023622044
11
5.6518190944881885
21
-4.2600260629921261
0
LINE
8
BLACK
6
CONTINUOUS
10
5.6518190944881885
20
-4.2600260629921261
11
5.6513980708661418
21
-4.2605277559055121
0
LINE
8
BLACK
6
CONTINUOUS
10
5.6513980708661418
20
-4.2605277559055121
11
5.6511213385826773
21
-4.261121299212598
0
LINE
8
BLACK
6
CONTINUOUS
10
5.6511213385826773
20
-4.261121299212598
11
5.6282426377952754
21
-4.2839999999999998
0
LINE
8
BLACK
6
CONTINUOUS
10
5.6282426377952754
20
-4.2839999999999998
11
5.6511213385826773
21
-4.3068787007874016
0
LINE
8
BLACK
6
CONTINUOUS
10
5.6511213385826773
20
-4.3068787007874016
11
5.6512281102362207
21
-4.3070312204724406
0
LINE
8
BLACK
6
CONTINUOUS
10
5.6512281102362207
20
-4.3070312204724406
11
5.6512981496062995
21
-4.3070716535433071
0
LINE
8
BLACK
6
CONTINUOUS
10
5.6512981496062995
20
-4.3070716535433071
11
5.6513432677165349
21
-4.3071956692913389
0
LINE
8
BLACK
6
CONTINUOUS
10
5.6513432677165349
20
-4.3071956692913389
11
5.6517189370078738
21
-4.3077321653543308
0
LINE
8
BLACK
6
CONTINUOUS
10
5.6517189370078738
20
-4.3077321653543308
11
5.6517759842519686
21
-4.3083846062992128
0
LINE
8
BLACK
6
CONTINUOUS
10
5.6517759842519686
20
-4.3083846062992128
11
5.6520000000000001
21
-4.3090000000000002
0
LINE
8
BLACK
6
CONTINUOUS
10
5.6520000000000001
20
-4.3090000000000002
11
5.6520000000000001
21
-4.359
0
LINE
8
BLACK
6
CONTINUOUS
10
5.6520000000000001
20
-4.359
11
5.6519676377952752
21
-4.3591833858267712
0
LINE
8
BLACK
6
CONTINUOUS
10
5.6519676377952752
20
-4.3591833858267712
11
5.6519885826771654
21
-4.3592614960629916
0
LINE
8
BLACK
6
CONTINUOUS
10
5.6519885826771654
20
-4.3592614960629916
11
5.6519327952755907
21
-4.3593811023622049
0
LINE
8
BLACK
6
CONTINUOUS
10
5.6519327952755907
20
-4.3593811023622049
11
5.6518190944881885
21
-4.3600260629921257
0
LINE
8
BLACK
6
CONTINUOUS
10
5.6518190944881885
20
-4.3600260629921257
11
5.6513980708661418
21
-4.3605277559055118
0
LINE
8
BLACK
6
CONTINUOUS
10
5.6513980708661418
20
-4.3605277559055118
11
5.6511213385826773
21
-4.3611212992125985
0
LINE
8
BLACK
6
CONTINUOUS
10
5.6511213385826773
20
-4.3611212992125985
11
5.6282426377952754
21
-4.3840000000000003
0
LINE
8
BLACK
6
CONTINUOUS
10
5.6282426377952754
20
-4.3840000000000003
11
5.6511213385826773
21
-4.4068787007874013
0
LINE
8
BLACK
6
CONTINUOUS
10
5.6511213385826773
20
-4.4068787007874013
11
5.6512281102362207
21
-4.4070312204724411
0
LINE
8
BLACK
6
CONTINUOUS
10
5.6512281102362207
20
-4.4070312204724411
11
5.6512981496062995
21
-4.4070716535433068
0
LINE
8
BLACK
6
CONTINUOUS
10
5.6512981496062995
20
-4.4070716535433068
11
5.6513432677165349
21
-4.4071956692913385
0
LINE
8
BLACK
6
CONTINUOUS
10
5.6513432677165349
20
-4.4071956692913385
11
5.6517189370078738
21
-4.4077321653543304
0
LINE
8
BLACK
6
CONTINUOUS
10
5.6517189370078738
20
-4.4077321653543304
11
5.6517759842519686
21
-4.4083846062992125
0
LINE
8
BLACK
6
CONTINUOUS
10
5.6517759842519686
20
-4.4083846062992125
11
5.6520000000000001
21
-4.4089999999999998
0
LINE
8
BLACK
6
CONTINUOUS
10
5.6520000000000001
20
-4.4089999999999998
11
5.6520000000000001
21
-4.4589999999999996
0
LINE
8
BLACK
6
CONTINUOUS
10
5.6520000000000001
20
-4.4589999999999996
11
5.6519676377952752
21
-4.4591833858267718
0
LINE
8
BLACK
6
CONTINUOUS
10
5.6519676377952752
20
-4.4591833858267718
11
5.6519885826771654
21
-4.4592614960629922
0
LINE
8
BLACK
6
CONTINUOUS
10
5.6519885826771654
20
-4.4592614960629922
11
5.6519327952755907
21
-4.4593811023622045
0
LINE
8
BLACK
6
CONTINUOUS
10
5.6519327952755907
20
-4.4593811023622045
11
5.6518190944881885
21
-4.4600260629921262
0
LINE
8
BLACK
6
CONTINUOUS
10
5.6518190944881885
20
-4.4600260629921262
11
5.6513980708661418
21
-4.4605277559055114
0
LINE
8
BLACK
6
CONTINUOUS
10
5.6513980708661418
20
-4.4605277559055114
11
5.6511213385826773
21
-4.4611212992125981
0
LINE
8
BLACK
6
CONTINUOUS
10
5.6511213385826773
20
-4.4611212992125981
11
5.6282426377952754
21
-4.484
0
LINE
8
BLACK
6
CONTINUOUS
10
5.6282426377952754
20
-4.484
11
5.6511213385826773
21
-4.5068787007874018
0
LINE
8
BLACK
6
CONTINUOUS
10
5.6511213385826773
20
-4.5068787007874018
11
5.6512281102362207
21
-4.5070312204724408
0
LINE
8
BLACK
6
CONTINUOUS
10
5.6512281102362207
20
-4.5070312204724408
11
5.6512981496062995
21
-4.5070716535433073
0
LINE
8
BLACK
6
CONTINUOUS
10
5.6512981496062995
20
-4.5070716535433073
11
5.6513432677165349
21
-4.5071956692913382
0
LINE
8
BLACK
6
CONTINUOUS
10
5.6513432677165349
20
-4.5071956692913382
11
5.6517189370078738
21
-4.507732165354331
0
LINE
8
BLACK
6
CONTINUOUS
10
5.6517189370078738
20
-4.507732165354331
11
5.6517759842519686
21
-4.5083846062992121
0
LINE
8
BLACK
6
CONTINUOUS
10
5.6517759842519686
20
-4.5083846062992121
11
5.6520000000000001
21
-4.5090000000000003
0
LINE
8
BLACK
6
CONTINUOUS
10
5.6520000000000001
20
-4.5090000000000003
11
5.6520000000000001
21
-4.5590000000000002
0
LINE
8
BLACK
6
CONTINUOUS
10
5.6520000000000001
20
-4.5590000000000002
11
5.6519676377952752
21
-4.5591833858267714
0
LINE
8
BLACK
6
CONTINUOUS
10
5.6519676377952752
20
-4.5591833858267714
11
5.6519885826771654
21
-4.5592614960629918
0
LINE
8
BLACK
6
CONTINUOUS
10
5.6519885826771654
20
-4.5592614960629918
11
5.6519327952755907
21
-4.5593811023622051
0
LINE
8
BLACK
6
CONTINUOUS
10
5.6519327952755907
20
-4.5593811023622051
11
5.6518190944881885
21
-4.5600260629921259
0
LINE
8
BLACK
6
CONTINUOUS
10
5.6518190944881885
20
-4.5600260629921259
11
5.6513980708661418
21
-4.560527755905512
0
LINE
8
BLACK
6
CONTINUOUS
10
5.6513980708661418
20
-4.560527755905512
11
5.6511213385826773
21
-4.5611212992125987
0
LINE
8
BLACK
6
CONTINUOUS
10
5.6511213385826773
20
-4.5611212992125987
11
5.6261213385826769
21
-4.5861213385826769
0
LINE
8
BLACK
6
CONTINUOUS
10
5.6261213385826769
20
-4.5861213385826769
11
5.6259687007874017
21
-4.5862281889763779
0
LINE
8
BLACK
6
CONTINUOUS
10
5.6259687007874017
20
-4.5862281889763779
11
5.6259283464566927
21
-4.5862981496062991
0
LINE
8
BLACK
6
CONTINUOUS
10
5.6259283464566927
20
-4.5862981496062991
11
5.6258043700787397
21
-4.5863432283464567
0
LINE
8
BLACK
6
CONTINUOUS
10
5.6258043700787397
20
-4.5863432283464567
11
5.6252678740157478
21
-4.5867189370078743
0
LINE
8
BLACK
6
CONTINUOUS
10
5.6252678740157478
20
-4.5867189370078743
11
5.624615393700787
21
-4.5867759842519682
0
LINE
8
BLACK
6
CONTINUOUS
10
5.624615393700787
20
-4.5867759842519682
11
5.6239999999999997
21
-4.5869999999999997
0
LINE
8
BLACK
6
CONTINUOUS
10
5.6239999999999997
20
-4.5869999999999997
11
5.5739999999999998
21
-4.5869999999999997
0
LINE
8
BLACK
6
CONTINUOUS
10
5.5739999999999998
20
-4.5869999999999997
11
5.5738165748031498
21
-4.5869676377952757
0
LINE
8
BLACK
6
CONTINUOUS
10
5.5738165748031498
20
-4.5869676377952757
11
5.5737385039370073
21
-4.586988582677165
0
LINE
8
BLACK
6
CONTINUOUS
10
5.5737385039370073
20
-4.586988582677165
11
5.5736188582677162
21
-4.5869327952755903
0
LINE
8
BLACK
6
CONTINUOUS
10
5.5736188582677162
20
-4.5869327952755903
11
5.5729739370078741
21
-4.586819094488189
0
LINE
8
BLACK
6
CONTINUOUS
10
5.5729739370078741
20
-4.586819094488189
11
5.5724722047244093
21
-4.5863980708661414
0
LINE
8
BLACK
6
CONTINUOUS
10
5.5724722047244093
20
-4.5863980708661414
11
5.5718787007874013
21
-4.5861213385826769
0
LINE
8
BLACK
6
CONTINUOUS
10
5.5718787007874013
20
-4.5861213385826769
11
5.5468786614173231
21
-4.5611213385826774
0
LINE
8
BLACK
6
CONTINUOUS
10
5.5468786614173231
20
-4.5611213385826774
11
5.5467717716535434
21
-4.5609687007874014
0
LINE
8
BLACK
6
CONTINUOUS
10
5.5467717716535434
20
-4.5609687007874014
11
5.5467018503937009
21
-4.5609283464566932
0
LINE
8
BLACK
6
CONTINUOUS
10
5.5467018503937009
20
-4.5609283464566932
11
5.5466567322834646
21
-4.5608043700787402
0
LINE
8
BLACK
6
CONTINUOUS
10
5.5466567322834646
20
-4.5608043700787402
11
5.5462810629921258
21
-4.5602678740157483
0
LINE
8
BLACK
6
CONTINUOUS
10
5.5462810629921258
20
-4.5602678740157483
11
5.5462239763779531
21
-4.5596153937007875
0
LINE
8
BLACK
6
CONTINUOUS
10
5.5462239763779531
20
-4.5596153937007875
11
5.5460000000000003
21
-4.5590000000000002
0
LINE
8
BLACK
6
CONTINUOUS
10
5.5460000000000003
20
-4.5590000000000002
11
5.5460000000000003
21
-4.5090000000000003
0
LINE
8
BLACK
6
CONTINUOUS
10
5.5460000000000003
20
-4.5090000000000003
11
5.5460323228346455
21
-4.5088165748031495
0
LINE
8
BLACK
6
CONTINUOUS
10
5.5460323228346455
20
-4.5088165748031495
11
5.5460114173228341
21
-4.5087385039370078
0
LINE
8
BLACK
6
CONTINUOUS
10
5.5460114173228341
20
-4.5087385039370078
11
5.546067165354331
21
-4.5086188582677167
0
LINE
8
BLACK
6
CONTINUOUS
10
5.546067165354331
20
-4.5086188582677167
11
5.546180905511811
21
-4.5079739370078737
0
LINE
8
BLACK
6
CONTINUOUS
10
5.546180905511811
20
-4.5079739370078737
11
5.5466018503937002
21
-4.5074722440944877
0
LINE
8
BLACK
6
CONTINUOUS
10
5.5466018503937002
20
-4.5074722440944877
11
5.5468786614173231
21
-4.5068786614173231
0
LINE
8
BLACK
6
CONTINUOUS
10
5.5468786614173231
20
-4.5068786614173231
11
5.5697573228346453
21
-4.484
0
LINE
8
BLACK
6
CONTINUOUS
10
5.5697573228346453
20
-4.484
11
5.5468786614173231
21
-4.4611213385826769
0
LINE
8
BLACK
6
CONTINUOUS
10
5.5468786614173231
20
-4.4611213385826769
11
5.5467717716535434
21
-4.4609687007874017
0
LINE
8
BLACK
6
CONTINUOUS
10
5.5467717716535434
20
-4.4609687007874017
11
5.5467018503937009
21
-4.4609283464566927
0
LINE
8
BLACK
6
CONTINUOUS
10
5.5467018503937009
20
-4.4609283464566927
11
5.5466567322834646
21
-4.4608043700787396
0
LINE
8
BLACK
6
CONTINUOUS
10
5.5466567322834646
20
-4.4608043700787396
11
5.5462810629921258
21
-4.4602678740157478
0
LINE
8
BLACK
6
CONTINUOUS
10
5.5462810629921258
20
-4.4602678740157478
11
5.5462239763779531
21
-4.459615393700787
0
LINE
8
BLACK
6
CONTINUOUS
10
5.5462239763779531
20
-4.459615393700787
11
5.5460000000000003
21
-4.4589999999999996
0
LINE
8
BLACK
6
CONTINUOUS
10
5.5460000000000003
20
-4.4589999999999996
11
5.5460000000000003
21
-4.4089999999999998
0
LINE
8
BLACK
6
CONTINUOUS
10
5.5460000000000003
20
-4.4089999999999998
11
5.5460323228346455
21
-4.4088165748031498
0
LINE
8
BLACK
6
CONTINUOUS
10
5.5460323228346455
20
-4.4088165748031498
11
5.5460114173228341
21
-4.4087385039370082
0
LINE
8
BLACK
6
CONTINUOUS
10
5.5460114173228341
20
-4.4087385039370082
11
5.546067165354331
21
-4.4086188582677162
0
LINE
8
BLACK
6
CONTINUOUS
10
5.546067165354331
20
-4.4086188582677162
11
5.546180905511811
21
-4.4079739370078741
0
LINE
8
BLACK
6
CONTINUOUS
10
5.546180905511811
20
-4.4079739370078741
11
5.5466018503937002
21
-4.407472244094488
0
LINE
8
BLACK
6
CONTINUOUS
10
5.5466018503937002
20
-4.407472244094488
11
5.5468786614173231
21
-4.4068786614173225
0
LINE
8
BLACK
6
CONTINUOUS
10
5.5468786614173231
20
-4.4068786614173225
11
5.5697573228346453
21
-4.3840000000000003
0
LINE
8
BLACK
6
CONTINUOUS
10
5.5697573228346453
20
-4.3840000000000003
11
5.5468786614173231
21
-4.3611213385826773
0
LINE
8
BLACK
6
CONTINUOUS
10
5.5468786614173231
20
-4.3611213385826773
11
5.5467717716535434
21
-4.3609687007874012
0
LINE
8
BLACK
6
CONTINUOUS
10
5.5467717716535434
20
-4.3609687007874012
11
5.5467018503937009
21
-4.360928346456693
0
LINE
8
BLACK
6
CONTINUOUS
10
5.5467018503937009
20
-4.360928346456693
11
5.5466567322834646
21
-4.36080437007874
0
LINE
8
BLACK
6
CONTINUOUS
10
5.5466567322834646
20
-4.36080437007874
11
5.5462810629921258
21
-4.3602678740157481
0
LINE
8
BLACK
6
CONTINUOUS
10
5.5462810629921258
20
-4.3602678740157481
11
5.5462239763779531
21
-4.3596153937007873
0
LINE
8
BLACK
6
CONTINUOUS
10
5.5462239763779531
20
-4.3596153937007873
11
5.5460000000000003
21
-4.359
0
LINE
8
BLACK
6
CONTINUOUS
10
5.5460000000000003
20
-4.359
11
5.5460000000000003
21
-4.3090000000000002
0
LINE
8
BLACK
6
CONTINUOUS
10
5.5460000000000003
20
-4.3090000000000002
11
5.5460323228346455
21
-4.3088165748031493
0
LINE
8
BLACK
6
CONTINUOUS
10
5.5460323228346455
20
-4.3088165748031493
11
5.5460114173228341
21
-4.3087385039370076
0
LINE
8
BLACK
6
CONTINUOUS
10
5.5460114173228341
20
-4.3087385039370076
11
5.546067165354331
21
-4.3086188582677165
0
LINE
8
BLACK
6
CONTINUOUS
10
5.546067165354331
20
-4.3086188582677165
11
5.546180905511811
21
-4.3079739370078736
0
LINE
8
BLACK
6
CONTINUOUS
10
5.546180905511811
20
-4.3079739370078736
11
5.5466018503937002
21
-4.3074722440944884
0
LINE
8
BLACK
6
CONTINUOUS
10
5.5466018503937002
20
-4.3074722440944884
11
5.5468786614173231
21
-4.3068786614173229
0
LINE
8
BLACK
6
CONTINUOUS
10
5.5468786614173231
20
-4.3068786614173229
11
5.5697573228346453
21
-4.2839999999999998
0
LINE
8
BLACK
6
CONTINUOUS
10
5.5697573228346453
20
-4.2839999999999998
11
5.5468786614173231
21
-4.2611213385826767
0
LINE
8
BLACK
6
CONTINUOUS
10
5.5468786614173231
20
-4.2611213385826767
11
5.5467717716535434
21
-4.2609687007874015
0
LINE
8
BLACK
6
CONTINUOUS
10
5.5467717716535434
20
-4.2609687007874015
11
5.5467018503937009
21
-4.2609283464566925
0
LINE
8
BLACK
6
CONTINUOUS
10
5.5467018503937009
20
-4.2609283464566925
11
5.5466567322834646
21
-4.2608043700787404
0
LINE
8
BLACK
6
CONTINUOUS
10
5.5466567322834646
20
-4.2608043700787404
11
5.5462810629921258
21
-4.2602678740157476
0
LINE
8
BLACK
6
CONTINUOUS
10
5.5462810629921258
20
-4.2602678740157476
11
5.5462239763779531
21
-4.2596153937007877
0
LINE
8
BLACK
6
CONTINUOUS
10
5.5462239763779531
20
-4.2596153937007877
11
5.5460000000000003
21
-4.2590000000000003
0
LINE
8
BLACK
6
CONTINUOUS
10
5.5460000000000003
20
-4.2590000000000003
11
5.5460000000000003
21
-4.2089999999999996
0
LINE
8
BLACK
6
CONTINUOUS
10
5.5460000000000003
20
-4.2089999999999996
11
5.5460323228346455
21
-4.2088165748031496
0
LINE
8
BLACK
6
CONTINUOUS
10
5.5460323228346455
20
-4.2088165748031496
11
5.5460114173228341
21
-4.208738503937008
0
LINE
8
BLACK
6
CONTINUOUS
10
5.5460114173228341
20
-4.208738503937008
11
5.546067165354331
21
-4.2086188582677169
0
LINE
8
BLACK
6
CONTINUOUS
10
5.546067165354331
20
-4.2086188582677169
11
5.546180905511811
21
-4.2079739370078739
0
LINE
8
BLACK
6
CONTINUOUS
10
5.546180905511811
20
-4.2079739370078739
11
5.5466018503937002
21
-4.2074722440944878
0
LINE
8
BLACK
6
CONTINUOUS
10
5.5466018503937002
20
-4.2074722440944878
11
5.5468786614173231
21
-4.2068786614173224
0
LINE
8
BLACK
6
CONTINUOUS
10
5.5468786614173231
20
-4.2068786614173224
11
5.5718787007874013
21
-4.1818786614173229
0
LINE
8
BLACK
6
CONTINUOUS
10
5.5718787007874013
20
-4.1818786614173229
11
5.5720312204724411
21
-4.1817718503937007
0
LINE
8
BLACK
6
CONTINUOUS
10
5.5720312204724411
20
-4.1817718503937007
11
5.5720716535433068
21
-4.1817018503937007
0
LINE
8
BLACK
6
CONTINUOUS
10
5.5720716535433068
20
-4.1817018503937007
11
5.5721956692913386
21
-4.1816566929133856
0
LINE
8
BLACK
6
CONTINUOUS
10
5.5721956692913386
20
-4.1816566929133856
11
5.5727321653543305
21
-4.1812810629921255
0
LINE
8
BLACK
6
CONTINUOUS
10
5.5727321653543305
20
-4.1812810629921255
11
5.5733846062992125
21
-4.1812239763779528
0
LINE
8
BLACK
6
CONTINUOUS
10
5.5733846062992125
20
-4.1812239763779528
11
5.5739999999999998
21
-4.181
0
LINE
8
BLACK
6
CONTINUOUS
10
5.5739999999999998
20
-4.181
11
5.6239999999999997
21
-4.181
0
LINE
8
BLACK
6
CONTINUOUS
10
5.6239999999999997
20
-4.181
11
5.6241833858267718
21
-4.1810323228346453
0
LINE
8
BLACK
6
CONTINUOUS
10
5.5752426377952755
20
-4.3869999999999996
11
5.5519999999999996
21
-4.4102426377952755
0
LINE
8
BLACK
6
CONTINUOUS
10
5.5519999999999996
20
-4.4102426377952755
11
5.5519999999999996
21
-4.4577573228346452
0
LINE
8
BLACK
6
CONTINUOUS
10
5.5519999999999996
20
-4.4577573228346452
11
5.5761213385826771
21
-4.4818787007874015
0
LINE
8
BLACK
6
CONTINUOUS
10
5.5761213385826771
20
-4.4818787007874015
11
5.5763482677165355
21
-4.4822027952755903
0
LINE
8
BLACK
6
CONTINUOUS
10
5.5763482677165355
20
-4.4822027952755903
11
5.5764574409448819
21
-4.482279251968504
0
LINE
8
BLACK
6
CONTINUOUS
10
5.5764574409448819
20
-4.482279251968504
11
5.576491889763779
21
-4.4824079527559055
0
LINE
8
BLACK
6
CONTINUOUS
10
5.576491889763779
20
-4.4824079527559055
11
5.5767189370078736
21
-4.4827321653543306
0
LINE
8
BLACK
6
CONTINUOUS
10
5.5767189370078736
20
-4.4827321653543306
11
5.5767868503937006
21
-4.483508700787401
0
LINE
8
BLACK
6
CONTINUOUS
10
5.5767868503937006
20
-4.483508700787401
11
5.5769885826771652
21
-4.4842614960629916
0
LINE
8
BLACK
6
CONTINUOUS
10
5.5769885826771652
20
-4.4842614960629916
11
5.5768741732283464
21
-4.4845067716535434
0
LINE
8
BLACK
6
CONTINUOUS
10
5.5768741732283464
20
-4.4845067716535434
11
5.57689779527559
21
-4.4847764566929129
0
LINE
8
BLACK
6
CONTINUOUS
10
5.57689779527559
20
-4.4847764566929129
11
5.576450708661417
21
-4.4854149212598422
0
LINE
8
BLACK
6
CONTINUOUS
10
5.576450708661417
20
-4.4854149212598422
11
5.5761213385826771
21
-4.4861212992125985
0
LINE
8
BLACK
6
CONTINUOUS
10
5.5761213385826771
20
-4.4861212992125985
11
5.5519999999999996
21
-4.5102426377952751
0
LINE
8
BLACK
6
CONTINUOUS
10
5.5519999999999996
20
-4.5102426377952751
11
5.5519999999999996
21
-4.5577573228346457
0
LINE
8
BLACK
6
CONTINUOUS
10
5.5519999999999996
20
-4.5577573228346457
11
5.5752426377952755
21
-4.5809999999999995
0
LINE
8
BLACK
6
CONTINUOUS
10
5.5752426377952755
20
-4.5809999999999995
11
5.6227573228346452
21
-4.5809999999999995
0
LINE
8
BLACK
6
CONTINUOUS
10
5.6227573228346452
20
-4.5809999999999995
11
5.6459999999999999
21
-4.5577573228346457
0
LINE
8
BLACK
6
CONTINUOUS
10
5.6459999999999999
20
-4.5577573228346457
11
5.6459999999999999
21
-4.5102426377952751
0
LINE
8
BLACK
6
CONTINUOUS
10
5.6459999999999999
20
-4.5102426377952751
11
5.6218786614173224
21
-4.4861213385826773
0
LINE
8
BLACK
6
CONTINUOUS
10
5.6218786614173224
20
-4.4861213385826773
11
5.6216515748031499
21
-4.4857970472440947
0
LINE
8
BLACK
6
CONTINUOUS
10
5.6216515748031499
20
-4.4857970472440947
11
5.6215425590551176
21
-4.4857207086614173
0
LINE
8
BLACK
6
CONTINUOUS
10
5.6215425590551176
20
-4.4857207086614173
11
5.6215080708661418
21
-4.4855920866141732
0
LINE
8
BLACK
6
CONTINUOUS
10
5.6215080708661418
20
-4.4855920866141732
11
5.6212810629921259
21
-4.4852678740157481
0
LINE
8
BLACK
6
CONTINUOUS
10
5.6212810629921259
20
-4.4852678740157481
11
5.6212131102362202
21
-4.484491299212598
0
LINE
8
BLACK
6
CONTINUOUS
10
5.6212131102362202
20
-4.484491299212598
11
5.6210114173228343
21
-4.4837385039370075
0
LINE
8
BLACK
6
CONTINUOUS
10
5.6210114173228343
20
-4.4837385039370075
11
5.6211257874015743
21
-4.4834931102362203
0
LINE
8
BLACK
6
CONTINUOUS
10
5.6211257874015743
20
-4.4834931102362203
11
5.6211022440944882
21
-4.4832235433070862
0
LINE
8
BLACK
6
CONTINUOUS
10
5.6211022440944882
20
-4.4832235433070862
11
5.6215491338582675
21
-4.4825852755905506
0
LINE
8
BLACK
6
CONTINUOUS
10
5.6215491338582675
20
-4.4825852755905506
11
5.6218786614173224
21
-4.4818786614173227
0
LINE
8
BLACK
6
CONTINUOUS
10
5.6218786614173224
20
-4.4818786614173227
11
5.6459999999999999
21
-4.4577573228346452
0
LINE
8
BLACK
6
CONTINUOUS
10
5.6459999999999999
20
-4.4577573228346452
11
5.6459999999999999
21
-4.4102426377952755
0
LINE
8
BLACK
6
CONTINUOUS
10
5.6459999999999999
20
-4.4102426377952755
11
5.6227573228346452
21
-4.3869999999999996
0
LINE
8
BLACK
6
CONTINUOUS
10
5.6227573228346452
20
-4.3869999999999996
11
5.5752426377952755
21
-4.3869999999999996
0
LINE
8
BLACK
6
CONTINUOUS
10
5.5752426377952755
20
-4.1870000000000003
11
5.5519999999999996
21
-4.2102426377952753
0
LINE
8
BLACK
6
CONTINUOUS
10
5.5519999999999996
20
-4.2102426377952753
11
5.5519999999999996
21
-4.2577573228346459
0
LINE
8
BLACK
6
CONTINUOUS
10
5.5519999999999996
20
-4.2577573228346459
11
5.5761213385826771
21
-4.2818787007874013
0
LINE
8
BLACK
6
CONTINUOUS
10
5.5761213385826771
20
-4.2818787007874013
11
5.5763482677165355
21
-4.2822027952755901
0
LINE
8
BLACK
6
CONTINUOUS
10
5.5763482677165355
20
-4.2822027952755901
11
5.5764574409448819
21
-4.2822792519685038
0
LINE
8
BLACK
6
CONTINUOUS
10
5.5764574409448819
20
-4.2822792519685038
11
5.576491889763779
21
-4.2824079527559054
0
LINE
8
BLACK
6
CONTINUOUS
10
5.576491889763779
20
-4.2824079527559054
11
5.5767189370078736
21
-4.2827321653543304
0
LINE
8
BLACK
6
CONTINUOUS
10
5.5767189370078736
20
-4.2827321653543304
11
5.5767868503937006
21
-4.2835087007874018
0
LINE
8
BLACK
6
CONTINUOUS
10
5.5767868503937006
20
-4.2835087007874018
11
5.5769885826771652
21
-4.2842614960629923
0
LINE
8
BLACK
6
CONTINUOUS
10
5.5769885826771652
20
-4.2842614960629923
11
5.5768741732283464
21
-4.2845067716535432
0
LINE
8
BLACK
6
CONTINUOUS
10
5.5768741732283464
20
-4.2845067716535432
11
5.57689779527559
21
-4.2847764566929136
0
LINE
8
BLACK
6
CONTINUOUS
10
5.57689779527559
20
-4.2847764566929136
11
5.576450708661417
21
-4.285414921259842
0
LINE
8
BLACK
6
CONTINUOUS
10
5.576450708661417
20
-4.285414921259842
11
5.5761213385826771
21
-4.2861212992125983
0
LINE
8
BLACK
6
CONTINUOUS
10
5.5761213385826771
20
-4.2861212992125983
11
5.5519999999999996
21
-4.3102426377952758
0
LINE
8
BLACK
6
CONTINUOUS
10
5.5519999999999996
20
-4.3102426377952758
11
5.5519999999999996
21
-4.3577573228346456
0
LINE
8
BLACK
6
CONTINUOUS
10
5.5519999999999996
20
-4.3577573228346456
11
5.5752426377952755
21
-4.3810000000000002
0
LINE
8
BLACK
6
CONTINUOUS
10
5.5752426377952755
20
-4.3810000000000002
11
5.6227573228346452
21
-4.3810000000000002
0
LINE
8
BLACK
6
CONTINUOUS
10
5.6227573228346452
20
-4.3810000000000002
11
5.6459999999999999
21
-4.3577573228346456
0
LINE
8
BLACK
6
CONTINUOUS
10
5.6459999999999999
20
-4.3577573228346456
11
5.6459999999999999
21
-4.3102426377952758
0
LINE
8
BLACK
6
CONTINUOUS
10
5.6459999999999999
20
-4.3102426377952758
11
5.6218786614173224
21
-4.2861213385826771
0
LINE
8
BLACK
6
CONTINUOUS
10
5.6218786614173224
20
-4.2861213385826771
11
5.6216515748031499
21
-4.2857970472440945
0
LINE
8
BLACK
6
CONTINUOUS
10
5.6216515748031499
20
-4.2857970472440945
11
5.6215425590551176
21
-4.2857207086614171
0
LINE
8
BLACK
6
CONTINUOUS
10
5.6215425590551176
20
-4.2857207086614171
11
5.6215080708661418
21
-4.285592086614173
0
LINE
8
BLACK
6
CONTINUOUS
10
5.6215080708661418
20
-4.285592086614173
11
5.6212810629921259
21
-4.2852678740157479
0
LINE
8
BLACK
6
CONTINUOUS
10
5.6212810629921259
20
-4.2852678740157479
11
5.6212131102362202
21
-4.2844912992125987
0
LINE
8
BLACK
6
CONTINUOUS
10
5.6212131102362202
20
-4.2844912992125987
11
5.6210114173228343
21
-4.2837385039370082
0
LINE
8
BLACK
6
CONTINUOUS
10
5.6210114173228343
20
-4.2837385039370082
11
5.6211257874015743
21
-4.2834931102362201
0
LINE
8
BLACK
6
CONTINUOUS
10
5.6211257874015743
20
-4.2834931102362201
11
5.6211022440944882
21
-4.2832235433070869
0
LINE
8
BLACK
6
CONTINUOUS
10
5.6211022440944882
20
-4.2832235433070869
11
5.6215491338582675
21
-4.2825852755905514
0
LINE
8
BLACK
6
CONTINUOUS
10
5.6215491338582675
20
-4.2825852755905514
11
5.6218786614173224
21
-4.2818786614173225
0
LINE
8
BLACK
6
CONTINUOUS
10
5.6218786614173224
20
-4.2818786614173225
11
5.6459999999999999
21
-4.2577573228346459
0
LINE
8
BLACK
6
CONTINUOUS
10
5.6459999999999999
20
-4.2577573228346459
11
5.6459999999999999
21
-4.2102426377952753
0
LINE
8
BLACK
6
CONTINUOUS
10
5.6459999999999999
20
-4.2102426377952753
11
5.6227573228346452
21
-4.1870000000000003
0
LINE
8
BLACK
6
CONTINUOUS
10
5.6227573228346452
20
-4.1870000000000003
11
5.5752426377952755
21
-4.1870000000000003
0
LINE
8
BLACK
6
CONTINUOUS
10
5.8273305511811024
20
-4.5544036220472437
11
5.8277949212598426
21
-4.5544366535433074
0
LINE
8
BLACK
6
CONTINUOUS
10
5.8277949212598426
20
-4.5544366535433074
11
5.832175866141732
21
-4.5566271259842521
0
LINE
8
BLACK
6
CONTINUOUS
10
5.832175866141732
20
-4.5566271259842521
11
5.8323915354330707
21
-4.5568757874015748
0
LINE
8
BLACK
6
CONTINUOUS
10
5.8323915354330707
20
-4.5568757874015748
11
5.8326956692913381
21
-4.5570017716535434
0
LINE
8
BLACK
6
CONTINUOUS
10
5.8326956692913381
20
-4.5570017716535434
11
5.8348861811023625
21
-4.5591922440944881
0
LINE
8
BLACK
6
CONTINUOUS
10
5.8348861811023625
20
-4.5591922440944881
11
5.8350121259842522
21
-4.5594963779527555
0
LINE
8
BLACK
6
CONTINUOUS
10
5.8350121259842522
20
-4.5594963779527555
11
5.8352608267716537
21
-4.5597120472440942
0
LINE
8
BLACK
6
CONTINUOUS
10
5.8352608267716537
20
-4.5597120472440942
11
5.8374512992125984
21
-4.5640929527559058
0
LINE
8
BLACK
6
CONTINUOUS
10
5.8374512992125984
20
-4.5640929527559058
11
5.8374842913385825
21
-4.5645573228346459
0
LINE
8
BLACK
6
CONTINUOUS
10
5.8374842913385825
20
-4.5645573228346459
11
5.8376624409448814
21
-4.5649874015748031
0
LINE
8
BLACK
6
CONTINUOUS
10
5.8376624409448814
20
-4.5649874015748031
11
5.8376624409448814
21
-4.5737493307086616
0
LINE
8
BLACK
6
CONTINUOUS
10
5.8376624409448814
20
-4.5737493307086616
11
5.8374842913385825
21
-4.5741793700787401
0
LINE
8
BLACK
6
CONTINUOUS
10
5.8374842913385825
20
-4.5741793700787401
11
5.8374512992125984
21
-4.574643779527559
0
LINE
8
BLACK
6
CONTINUOUS
10
5.8374512992125984
20
-4.574643779527559
11
5.8352608267716537
21
-4.5790246850393697
0
LINE
8
BLACK
6
CONTINUOUS
10
5.8352608267716537
20
-4.5790246850393697
11
5.8350121259842522
21
-4.5792403149606296
0
LINE
8
BLACK
6
CONTINUOUS
10
5.8350121259842522
20
-4.5792403149606296
11
5.8348861811023625
21
-4.5795444881889766
0
LINE
8
BLACK
6
CONTINUOUS
10
5.8348861811023625
20
-4.5795444881889766
11
5.8326956692913381
21
-4.5817349606299214
0
LINE
8
BLACK
6
CONTINUOUS
10
5.8326956692913381
20
-4.5817349606299214
11
5.8323915354330707
21
-4.5818609055118111
0
LINE
8
BLACK
6
CONTINUOUS
10
5.8323915354330707
20
-4.5818609055118111
11
5.832175866141732
21
-4.5821096062992126
0
LINE
8
BLACK
6
CONTINUOUS
10
5.832175866141732
20
-4.5821096062992126
11
5.8277949212598426
21
-4.5843000787401573
0
LINE
8
BLACK
6
CONTINUOUS
10
5.8277949212598426
20
-4.5843000787401573
11
5.8273305511811024
21
-4.5843330708661414
0
LINE
8
BLACK
6
CONTINUOUS
10
5.8273305511811024
20
-4.5843330708661414
11
5.8269005118110231
21
-4.5845112204724412
0
LINE
8
BLACK
6
CONTINUOUS
10
5.8269005118110231
20
-4.5845112204724412
11
5.8093766929133857
21
-4.5845112204724412
0
LINE
8
BLACK
6
CONTINUOUS
10
5.8093766929133857
20
-4.5845112204724412
11
5.8091424015748032
21
-4.5844141732283461
0
LINE
8
BLACK
6
CONTINUOUS
10
5.8091424015748032
20
-4.5844141732283461
11
5.8088916141732279
21
-4.5844514960629921
0
LINE
8
BLACK
6
CONTINUOUS
10
5.8088916141732279
20
-4.5844514960629921
11
5.800129724409449
21
-4.5822610236220473
0
LINE
8
BLACK
6
CONTINUOUS
10
5.800129724409449
20
-4.5822610236220473
11
5.7998485826771651
21
-4.5820527165354328
0
LINE
8
BLACK
6
CONTINUOUS
10
5.7998485826771651
20
-4.5820527165354328
11
5.7995054330708662
21
-4.5819848425196845
0
LINE
8
BLACK
6
CONTINUOUS
10
5.7995054330708662
20
-4.5819848425196845
11
5.7929339763779524
21
-4.5776038976377951
0
LINE
8
BLACK
6
CONTINUOUS
10
5.7929339763779524
20
-4.5776038976377951
11
5.7928193700787398
21
-4.5774327952755902
0
LINE
8
BLACK
6
CONTINUOUS
10
5.7928193700787398
20
-4.5774327952755902
11
5.7926291732283461
21
-4.577354015748031
0
LINE
8
BLACK
6
CONTINUOUS
10
5.7926291732283461
20
-4.577354015748031
11
5.7904387007874014
21
-4.5751635433070863
0
LINE
8
BLACK
6
CONTINUOUS
10
5.7904387007874014
20
-4.5751635433070863
11
5.7903127165354329
21
-4.5748594094488189
0
LINE
8
BLACK
6
CONTINUOUS
10
5.7903127165354329
20
-4.5748594094488189
11
5.7900640551181102
21
-4.5746437401574802
0
LINE
8
BLACK
6
CONTINUOUS
10
5.7900640551181102
20
-4.5746437401574802
11
5.7878735826771655
21
-4.5702627952755908
0
LINE
8
BLACK
6
CONTINUOUS
10
5.7878735826771655
20
-4.5702627952755908
11
5.7878405511811026
21
-4.5697984251968506
0
LINE
8
BLACK
6
CONTINUOUS
10
5.7878405511811026
20
-4.5697984251968506
11
5.7876624409448816
21
-4.5693683858267713
0
LINE
8
BLACK
6
CONTINUOUS
10
5.7876624409448816
20
-4.5693683858267713
11
5.7876624409448816
21
-4.5606064566929136
0
LINE
8
BLACK
6
CONTINUOUS
10
5.7876624409448816
20
-4.5606064566929136
11
5.7882482283464567
21
-4.5591922440944881
0
LINE
8
BLACK
6
CONTINUOUS
10
5.7882482283464567
20
-4.5591922440944881
11
5.7896624409448814
21
-4.558606456692913
0
LINE
8
BLACK
6
CONTINUOUS
10
5.7896624409448814
20
-4.558606456692913
11
5.7910766535433069
21
-4.5591922440944881
0
LINE
8
BLACK
6
CONTINUOUS
10
5.7910766535433069
20
-4.5591922440944881
11
5.791662440944882
21
-4.5606064566929136
0
LINE
8
BLACK
6
CONTINUOUS
10
5.791662440944882
20
-4.5606064566929136
11
5.791662440944882
21
-4.5688962204724408
0
LINE
8
BLACK
6
CONTINUOUS
10
5.791662440944882
20
-4.5688962204724408
11
5.793496614173228
21
-4.5725646062992125
0
LINE
8
BLACK
6
CONTINUOUS
10
5.793496614173228
20
-4.5725646062992125
11
5.7953175590551176
21
-4.574385551181102
0
LINE
8
BLACK
6
CONTINUOUS
10
5.7953175590551176
20
-4.574385551181102
11
5.8014359448818897
21
-4.5784644881889767
0
LINE
8
BLACK
6
CONTINUOUS
10
5.8014359448818897
20
-4.5784644881889767
11
5.8086979921259845
21
-4.5802800000000001
0
LINE
8
BLACK
6
CONTINUOUS
10
5.8086979921259845
20
-4.5802800000000001
11
5.8079624803149601
21
-4.5795444881889766
0
LINE
8
BLACK
6
CONTINUOUS
10
5.8079624803149601
20
-4.5795444881889766
11
5.8078364960629916
21
-4.5792403543307083
0
LINE
8
BLACK
6
CONTINUOUS
10
5.8078364960629916
20
-4.5792403543307083
11
5.8075878346456689
21
-4.5790246850393697
0
LINE
8
BLACK
6
CONTINUOUS
10
5.8075878346456689
20
-4.5790246850393697
11
5.8053973622047241
21
-4.5746437401574802
0
LINE
8
BLACK
6
CONTINUOUS
10
5.8053973622047241
20
-4.5746437401574802
11
5.8053643307086613
21
-4.5741793700787401
0
LINE
8
BLACK
6
CONTINUOUS
10
5.8053643307086613
20
-4.5741793700787401
11
5.8051862204724411
21
-4.5737493307086616
0
LINE
8
BLACK
6
CONTINUOUS
10
5.8051862204724411
20
-4.5737493307086616
11
5.8051862204724411
21
-4.5649874015748031
0
LINE
8
BLACK
6
CONTINUOUS
10
5.8051862204724411
20
-4.5649874015748031
11
5.8053643307086613
21
-4.5645573228346459
0
LINE
8
BLACK
6
CONTINUOUS
10
5.8053643307086613
20
-4.5645573228346459
11
5.8053973622047241
21
-4.5640929921259845
0
LINE
8
BLACK
6
CONTINUOUS
10
5.8053973622047241
20
-4.5640929921259845
11
5.8075878346456689
21
-4.5597120472440942
0
LINE
8
BLACK
6
CONTINUOUS
10
5.8075878346456689
20
-4.5597120472440942
11
5.8078364960629916
21
-4.5594963385826768
0
LINE
8
BLACK
6
CONTINUOUS
10
5.8078364960629916
20
-4.5594963385826768
11
5.8079624803149601
21
-4.5591922440944881
0
LINE
8
BLACK
6
CONTINUOUS
10
5.8079624803149601
20
-4.5591922440944881
11
5.8101529921259845
21
-4.5570017322834646
0
LINE
8
BLACK
6
CONTINUOUS
10
5.8101529921259845
20
-4.5570017322834646
11
5.8104571259842519
21
-4.5568757480314961
0
LINE
8
BLACK
6
CONTINUOUS
10
5.8104571259842519
20
-4.5568757480314961
11
5.8106727952755906
21
-4.5566271259842521
0
LINE
8
BLACK
6
CONTINUOUS
10
5.8106727952755906
20
-4.5566271259842521
11
5.8150537007874012
21
-4.5544366535433074
0
LINE
8
BLACK
6
CONTINUOUS
10
5.8150537007874012
20
-4.5544366535433074
11
5.8155180708661414
21
-4.5544036220472437
0
LINE
8
BLACK
6
CONTINUOUS
10
5.8155180708661414
20
-4.5544036220472437
11
5.8159481496062995
21
-4.5542255118110235
0
LINE
8
BLACK
6
CONTINUOUS
10
5.8159481496062995
20
-4.5542255118110235
11
5.8269005118110231
21
-4.5542255118110235
0
LINE
8
BLACK
6
CONTINUOUS
10
5.8269005118110231
20
-4.5542255118110235
11
5.8273305511811024
21
-4.5544036220472437
0
LINE
8
BLACK
6
CONTINUOUS
10
5.8127518897637795
20
-4.56005968503937
11
5.8110203937007876
21
-4.5617911417322832
0
LINE
8
BLACK
6
CONTINUOUS
10
5.8110203937007876
20
-4.5617911417322832
11
5.8091862204724407
21
-4.5654595275590548
0
LINE
8
BLACK
6
CONTINUOUS
10
5.8091862204724407
20
-4.5654595275590548
11
5.8091862204724407
21
-4.5732771653543303
0
LINE
8
BLACK
6
CONTINUOUS
10
5.8091862204724407
20
-4.5732771653543303
11
5.8110203937007876
21
-4.5769455511811019
0
LINE
8
BLACK
6
CONTINUOUS
10
5.8110203937007876
20
-4.5769455511811019
11
5.8127518897637795
21
-4.578677007874016
0
LINE
8
BLACK
6
CONTINUOUS
10
5.8127518897637795
20
-4.578677007874016
11
5.8164202755905512
21
-4.5805112204724407
0
LINE
8
BLACK
6
CONTINUOUS
10
5.8164202755905512
20
-4.5805112204724407
11
5.8264283858267714
21
-4.5805112204724407
0
LINE
8
BLACK
6
CONTINUOUS
10
5.8264283858267714
20
-4.5805112204724407
11
5.8300967322834643
21
-4.578677007874016
0
LINE
8
BLACK
6
CONTINUOUS
10
5.8300967322834643
20
-4.578677007874016
11
5.8318283070866137
21
-4.5769454724409444
0
LINE
8
BLACK
6
CONTINUOUS
10
5.8318283070866137
20
-4.5769454724409444
11
5.8336624409448818
21
-4.573277204724409
0
LINE
8
BLACK
6
CONTINUOUS
10
5.8336624409448818
20
-4.573277204724409
11
5.8336624409448818
21
-4.5654595275590548
0
LINE
8
BLACK
6
CONTINUOUS
10
5.8336624409448818
20
-4.5654595275590548
11
5.8318283070866137
21
-4.5617912598425194
0
LINE
8
BLACK
6
CONTINUOUS
10
5.8318283070866137
20
-4.5617912598425194
11
5.8300967322834643
21
-4.56005968503937
0
LINE
8
BLACK
6
CONTINUOUS
10
5.8300967322834643
20
-4.56005968503937
11
5.8264283858267714
21
-4.5582255118110231
0
LINE
8
BLACK
6
CONTINUOUS
10
5.8264283858267714
20
-4.5582255118110231
11
5.8164202755905512
21
-4.5582255118110231
0
LINE
8
BLACK
6
CONTINUOUS
10
5.8164202755905512
20
-4.5582255118110231
11
5.8127518897637795
21
-4.56005968503937
0
LINE
8
BLACK
6
CONTINUOUS
10
5.5396851181102358
20
-4.3991858661417318
11
5.5404370078740159
21
-4.4014999999999995
0
LINE
8
BLACK
6
CONTINUOUS
10
5.5404370078740159
20
-4.4014999999999995
11
5.5404370078740159
21
-4.5664999999999996
0
LINE
8
BLACK
6
CONTINUOUS
10
5.5404370078740159
20
-4.5664999999999996
11
5.5396851181102358
21
-4.5688141338582673
0
LINE
8
BLACK
6
CONTINUOUS
10
5.5396851181102358
20
-4.5688141338582673
11
5.5377166141732284
21
-4.5702443307086611
0
LINE
8
BLACK
6
CONTINUOUS
10
5.5377166141732284
20
-4.5702443307086611
11
5.5352833858267712
21
-4.5702443307086611
0
LINE
8
BLACK
6
CONTINUOUS
10
5.5352833858267712
20
-4.5702443307086611
11
5.5333148818897637
21
-4.5688141338582673
0
LINE
8
BLACK
6
CONTINUOUS
10
5.5333148818897637
20
-4.5688141338582673
11
5.5325629921259845
21
-4.5664999999999996
0
LINE
8
BLACK
6
CONTINUOUS
10
5.5325629921259845
20
-4.5664999999999996
11
5.5325629921259845
21
-4.4014999999999995
0
LINE
8
BLACK
6
CONTINUOUS
10
5.5325629921259845
20
-4.4014999999999995
11
5.5333148818897637
21
-4.3991858661417318
0
LINE
8
BLACK
6
CONTINUOUS
10
5.5333148818897637
20
-4.3991858661417318
11
5.5352833858267712
21
-4.3977556692913389
0
LINE
8
BLACK
6
CONTINUOUS
10
5.5352833858267712
20
-4.3977556692913389
11
5.5377166141732284
21
-4.3977556692913389
0
LINE
8
BLACK
6
CONTINUOUS
10
5.5377166141732284
20
-4.3977556692913389
11
5.5396851181102358
21
-4.3991858661417318
0
LINE
8
BLACK
6
CONTINUOUS
10
5.7052282677165351
20
-4.5028405511811025
11
5.7056926377952752
21
-4.5028735826771653
0
LINE
8
BLACK
6
CONTINUOUS
10
5.7056926377952752
20
-4.5028735826771653
11
5.7100735826771656
21
-4.50506405511811
0
LINE
8
BLACK
6
CONTINUOUS
10
5.7100735826771656
20
-4.50506405511811
11
5.7110765354330706
21
-4.5062204330708662
0
LINE
8
BLACK
6
CONTINUOUS
10
5.7110765354330706
20
-4.5062204330708662
11
5.7109680314960629
21
-4.5077473228346454
0
LINE
8
BLACK
6
CONTINUOUS
10
5.7109680314960629
20
-4.5077473228346454
11
5.709811614173228
21
-4.5087502755905513
0
LINE
8
BLACK
6
CONTINUOUS
10
5.709811614173228
20
-4.5087502755905513
11
5.7082847244094488
21
-4.5086417716535436
0
LINE
8
BLACK
6
CONTINUOUS
10
5.7082847244094488
20
-4.5086417716535436
11
5.7043261023622049
21
-4.5066624409448819
0
LINE
8
BLACK
6
CONTINUOUS
10
5.7043261023622049
20
-4.5066624409448819
11
5.6985513779527555
21
-4.5066624409448819
0
LINE
8
BLACK
6
CONTINUOUS
10
5.6985513779527555
20
-4.5066624409448819
11
5.6927357086614174
21
-4.5086009448818896
0
LINE
8
BLACK
6
CONTINUOUS
10
5.6927357086614174
20
-4.5086009448818896
11
5.6889181102362203
21
-4.5124185433070867
0
LINE
8
BLACK
6
CONTINUOUS
10
5.6889181102362203
20
-4.5124185433070867
11
5.6869709448818897
21
-4.5163128740157479
0
LINE
8
BLACK
6
CONTINUOUS
10
5.6869709448818897
20
-4.5163128740157479
11
5.6848934645669287
21
-4.5246228740157477
0
LINE
8
BLACK
6
CONTINUOUS
10
5.6848934645669287
20
-4.5246228740157477
11
5.6848934645669287
21
-4.5307019685039371
0
LINE
8
BLACK
6
CONTINUOUS
10
5.6848934645669287
20
-4.5307019685039371
11
5.6869709448818897
21
-4.5390119291338582
0
LINE
8
BLACK
6
CONTINUOUS
10
5.6869709448818897
20
-4.5390119291338582
11
5.6889181102362203
21
-4.5429062992125981
0
LINE
8
BLACK
6
CONTINUOUS
10
5.6889181102362203
20
-4.5429062992125981
11
5.6927357086614174
21
-4.5467238976377953
0
LINE
8
BLACK
6
CONTINUOUS
10
5.6927357086614174
20
-4.5467238976377953
11
5.6985513779527555
21
-4.5486624409448817
0
LINE
8
BLACK
6
CONTINUOUS
10
5.6985513779527555
20
-4.5486624409448817
11
5.7022832283464568
21
-4.5486624409448817
0
LINE
8
BLACK
6
CONTINUOUS
10
5.7022832283464568
20
-4.5486624409448817
11
5.7080987795275586
21
-4.5467238976377953
0
LINE
8
BLACK
6
CONTINUOUS
10
5.7080987795275586
20
-4.5467238976377953
11
5.7093696456692911
21
-4.5454530314960628
0
LINE
8
BLACK
6
CONTINUOUS
10
5.7093696456692911
20
-4.5454530314960628
11
5.7093696456692911
21
-4.5329481496062991
0
LINE
8
BLACK
6
CONTINUOUS
10
5.7093696456692911
20
-4.5329481496062991
11
5.7026077559055119
21
-4.5329481496062991
0
LINE
8
BLACK
6
CONTINUOUS
10
5.7026077559055119
20
-4.5329481496062991
11
5.7011935433070864
21
-4.532362362204724
0
LINE
8
BLACK
6
CONTINUOUS
10
5.7011935433070864
20
-4.532362362204724
11
5.7006077559055113
21
-4.5309481496062993
0
LINE
8
BLACK
6
CONTINUOUS
10
5.7006077559055113
20
-4.5309481496062993
11
5.7011935433070864
21
-4.5295339370078738
0
LINE
8
BLACK
6
CONTINUOUS
10
5.7011935433070864
20
-4.5295339370078738
11
5.7026077559055119
21
-4.5289481496062995
0
LINE
8
BLACK
6
CONTINUOUS
10
5.7026077559055119
20
-4.5289481496062995
11
5.7113696456692908
21
-4.5289481496062995
0
LINE
8
BLACK
6
CONTINUOUS
10
5.7113696456692908
20
-4.5289481496062995
11
5.7127838582677164
21
-4.5295339370078738
0
LINE
8
BLACK
6
CONTINUOUS
10
5.7127838582677164
20
-4.5295339370078738
11
5.7133696456692915
21
-4.5309481496062993
0
LINE
8
BLACK
6
CONTINUOUS
10
5.7133696456692915
20
-4.5309481496062993
11
5.7133696456692915
21
-4.5462814173228345
0
LINE
8
BLACK
6
CONTINUOUS
10
5.7133696456692915
20
-4.5462814173228345
11
5.7127838976377951
21
-4.5476956692913388
0
LINE
8
BLACK
6
CONTINUOUS
10
5.7127838976377951
20
-4.5476956692913388
11
5.7105933858267717
21
-4.5498861811023623
0
LINE
8
BLACK
6
CONTINUOUS
10
5.7105933858267717
20
-4.5498861811023623
11
5.7101633070866145
21
-4.5500642913385825
0
LINE
8
BLACK
6
CONTINUOUS
10
5.7101633070866145
20
-4.5500642913385825
11
5.7098116535433068
21
-4.5503693307086612
0
LINE
8
BLACK
6
CONTINUOUS
10
5.7098116535433068
20
-4.5503693307086612
11
5.7032401968503939
21
-4.552559803149606
0
LINE
8
BLACK
6
CONTINUOUS
10
5.7032401968503939
20
-4.552559803149606
11
5.7029118503937006
21
-4.5525364566929136
0
LINE
8
BLACK
6
CONTINUOUS
10
5.7029118503937006
20
-4.5525364566929136
11
5.7026077559055119
21
-4.5526624409448821
0
LINE
8
BLACK
6
CONTINUOUS
10
5.7026077559055119
20
-4.5526624409448821
11
5.6982268110236216
21
-4.5526624409448821
0
LINE
8
BLACK
6
CONTINUOUS
10
5.6982268110236216
20
-4.5526624409448821
11
5.6979226771653542
21
-4.5525364566929136
0
LINE
8
BLACK
6
CONTINUOUS
10
5.6979226771653542
20
-4.5525364566929136
11
5.6975943700787397
21
-4.552559803149606
0
LINE
8
BLACK
6
CONTINUOUS
10
5.6975943700787397
20
-4.552559803149606
11
5.6910229133858268
21
-4.5503693307086612
0
LINE
8
BLACK
6
CONTINUOUS
10
5.6910229133858268
20
-4.5503693307086612
11
5.6906712204724412
21
-4.5500642913385825
0
LINE
8
BLACK
6
CONTINUOUS
10
5.6906712204724412
20
-4.5500642913385825
11
5.6902411417322831
21
-4.5498861811023623
0
LINE
8
BLACK
6
CONTINUOUS
10
5.6902411417322831
20
-4.5498861811023623
11
5.6858601968503937
21
-4.5455051968503932
0
LINE
8
BLACK
6
CONTINUOUS
10
5.6858601968503937
20
-4.5455051968503932
11
5.6857342125984252
21
-4.5452010629921258
0
LINE
8
BLACK
6
CONTINUOUS
10
5.6857342125984252
20
-4.5452010629921258
11
5.6854855511811024
21
-4.5449853937007871
0
LINE
8
BLACK
6
CONTINUOUS
10
5.6854855511811024
20
-4.5449853937007871
11
5.6832950787401577
21
-4.5406044488188977
0
LINE
8
BLACK
6
CONTINUOUS
10
5.6832950787401577
20
-4.5406044488188977
11
5.6832789370078736
21
-4.5403776771653543
0
LINE
8
BLACK
6
CONTINUOUS
10
5.6832789370078736
20
-4.5403776771653543
11
5.683143661417323
21
-4.5401950787401573
0
LINE
8
BLACK
6
CONTINUOUS
10
5.683143661417323
20
-4.5401950787401573
11
5.6809531889763782
21
-4.5314332283464562
0
LINE
8
BLACK
6
CONTINUOUS
10
5.6809531889763782
20
-4.5314332283464562
11
5.6809904724409446
21
-4.531182401574803
0
LINE
8
BLACK
6
CONTINUOUS
10
5.6809904724409446
20
-4.531182401574803
11
5.6808934645669291
21
-4.5309481496062993
0
LINE
8
BLACK
6
CONTINUOUS
10
5.6808934645669291
20
-4.5309481496062993
11
5.6808934645669291
21
-4.5243766929133855
0
LINE
8
BLACK
6
CONTINUOUS
10
5.6808934645669291
20
-4.5243766929133855
11
5.6809904724409446
21
-4.5241424015748031
0
LINE
8
BLACK
6
CONTINUOUS
10
5.6809904724409446
20
-4.5241424015748031
11
5.6809531889763782
21
-4.5238916141732286
0
LINE
8
BLACK
6
CONTINUOUS
10
5.6809531889763782
20
-4.5238916141732286
11
5.683143661417323
21
-4.5151297637795276
0
LINE
8
BLACK
6
CONTINUOUS
10
5.683143661417323
20
-4.5151297637795276
11
5.6832789370078736
21
-4.5149471259842517
0
LINE
8
BLACK
6
CONTINUOUS
10
5.6832789370078736
20
-4.5149471259842517
11
5.6832950787401577
21
-4.5147203937007871
0
LINE
8
BLACK
6
CONTINUOUS
10
5.6832950787401577
20
-4.5147203937007871
11
5.6854855511811024
21
-4.5103394488188977
0
LINE
8
BLACK
6
CONTINUOUS
10
5.6854855511811024
20
-4.5103394488188977
11
5.6857342125984252
21
-4.5101237401574803
0
LINE
8
BLACK
6
CONTINUOUS
10
5.6857342125984252
20
-4.5101237401574803
11
5.6858601968503937
21
-4.5098196456692916
0
LINE
8
BLACK
6
CONTINUOUS
10
5.6858601968503937
20
-4.5098196456692916
11
5.6902411417322831
21
-4.5054387007874013
0
LINE
8
BLACK
6
CONTINUOUS
10
5.6902411417322831
20
-4.5054387007874013
11
5.6906712204724412
21
-4.5052605511811024
0
LINE
8
BLACK
6
CONTINUOUS
10
5.6906712204724412
20
-4.5052605511811024
11
5.6910229133858268
21
-4.5049555511811024
0
LINE
8
BLACK
6
CONTINUOUS
10
5.6910229133858268
20
-4.5049555511811024
11
5.6975943700787397
21
-4.5027650787401576
0
LINE
8
BLACK
6
CONTINUOUS
10
5.6975943700787397
20
-4.5027650787401576
11
5.6979226771653542
21
-4.5027883858267712
0
LINE
8
BLACK
6
CONTINUOUS
10
5.6979226771653542
20
-4.5027883858267712
11
5.6982268110236216
21
-4.5026624409448814
0
LINE
8
BLACK
6
CONTINUOUS
10
5.6982268110236216
20
-4.5026624409448814
11
5.7047982283464567
21
-4.5026624409448814
0
LINE
8
BLACK
6
CONTINUOUS
10
5.7047982283464567
20
-4.5026624409448814
11
5.7052282677165351
21
-4.5028405511811025
0
LINE
8
BLACK
6
CONTINUOUS
10
5.7587838582677167
20
-4.5032482283464565
11
5.7593696456692909
21
-4.5046624409448821
0
LINE
8
BLACK
6
CONTINUOUS
10
5.7593696456692909
20
-4.5046624409448821
11
5.7593696456692909
21
-4.5506624409448815
0
LINE
8
BLACK
6
CONTINUOUS
10
5.7593696456692909
20
-4.5506624409448815
11
5.759264527559055
21
-4.5509161811023624
0
LINE
8
BLACK
6
CONTINUOUS
10
5.759264527559055
20
-4.5509161811023624
11
5.7592991732283467
21
-4.5511886614173225
0
LINE
8
BLACK
6
CONTINUOUS
10
5.7592991732283467
20
-4.5511886614173225
11
5.7589820472440945
21
-4.5515981496062992
0
LINE
8
BLACK
6
CONTINUOUS
10
5.7589820472440945
20
-4.5515981496062992
11
5.7587838582677167
21
-4.552076653543307
0
LINE
8
BLACK
6
CONTINUOUS
10
5.7587838582677167
20
-4.552076653543307
11
5.758530078740157
21
-4.5521817322834641
0
LINE
8
BLACK
6
CONTINUOUS
10
5.758530078740157
20
-4.5521817322834641
11
5.7583619291338577
21
-4.5523989370078741
0
LINE
8
BLACK
6
CONTINUOUS
10
5.7583619291338577
20
-4.5523989370078741
11
5.7578481102362202
21
-4.5524642519685035
0
LINE
8
BLACK
6
CONTINUOUS
10
5.7578481102362202
20
-4.5524642519685035
11
5.7573696456692911
21
-4.5526624409448821
0
LINE
8
BLACK
6
CONTINUOUS
10
5.7573696456692911
20
-4.5526624409448821
11
5.7571158661417323
21
-4.5525573228346454
0
LINE
8
BLACK
6
CONTINUOUS
10
5.7571158661417323
20
-4.5525573228346454
11
5.7568434251968501
21
-4.5525919685039371
0
LINE
8
BLACK
6
CONTINUOUS
10
5.7568434251968501
20
-4.5525919685039371
11
5.7564338976377956
21
-4.5522748425196848
0
LINE
8
BLACK
6
CONTINUOUS
10
5.7564338976377956
20
-4.5522748425196848
11
5.7559554330708664
21
-4.552076653543307
0
LINE
8
BLACK
6
CONTINUOUS
10
5.7559554330708664
20
-4.552076653543307
11
5.7558503149606297
21
-4.5518228740157483
0
LINE
8
BLACK
6
CONTINUOUS
10
5.7558503149606297
20
-4.5518228740157483
11
5.7556331496062993
21
-4.551654724409449
0
LINE
8
BLACK
6
CONTINUOUS
10
5.7556331496062993
20
-4.551654724409449
11
5.7330839370078737
21
-4.5121935826771651
0
LINE
8
BLACK
6
CONTINUOUS
10
5.7330839370078737
20
-4.5121935826771651
11
5.7330839370078737
21
-4.5506624409448815
0
LINE
8
BLACK
6
CONTINUOUS
10
5.7330839370078737
20
-4.5506624409448815
11
5.7324981496062994
21
-4.552076653543307
0
LINE
8
BLACK
6
CONTINUOUS
10
5.7324981496062994
20
-4.552076653543307
11
5.7310839370078739
21
-4.5526624409448821
0
LINE
8
BLACK
6
CONTINUOUS
10
5.7310839370078739
20
-4.5526624409448821
11
5.7296697244094483
21
-4.552076653543307
0
LINE
8
BLACK
6
CONTINUOUS
10
5.7296697244094483
20
-4.552076653543307
11
5.7290839370078741
21
-4.5506624409448815
0
LINE
8
BLACK
6
CONTINUOUS
10
5.7290839370078741
20
-4.5506624409448815
11
5.7290839370078741
21
-4.5046624409448821
0
LINE
8
BLACK
6
CONTINUOUS
10
5.7290839370078741
20
-4.5046624409448821
11
5.7291890157480312
21
-4.5044086614173224
0
LINE
8
BLACK
6
CONTINUOUS
10
5.7291890157480312
20
-4.5044086614173224
11
5.7291544094488192
21
-4.5041362204724411
0
LINE
8
BLACK
6
CONTINUOUS
10
5.7291544094488192
20
-4.5041362204724411
11
5.7294714960629918
21
-4.5037266929133857
0
LINE
8
BLACK
6
CONTINUOUS
10
5.7294714960629918
20
-4.5037266929133857
11
5.7296697244094483
21
-4.5032482283464565
0
LINE
8
BLACK
6
CONTINUOUS
10
5.7296697244094483
20
-4.5032482283464565
11
5.7299234645669292
21
-4.5031431102362207
0
LINE
8
BLACK
6
CONTINUOUS
10
5.7299234645669292
20
-4.5031431102362207
11
5.7300916535433073
21
-4.5029259448818895
0
LINE
8
BLACK
6
CONTINUOUS
10
5.7300916535433073
20
-4.5029259448818895
11
5.730605433070866
21
-4.5028605905511814
0
LINE
8
BLACK
6
CONTINUOUS
10
5.730605433070866
20
-4.5028605905511814
11
5.7310839370078739
21
-4.5026624409448814
0
LINE
8
BLACK
6
CONTINUOUS
10
5.7310839370078739
20
-4.5026624409448814
11
5.7313376771653539
21
-4.5027675196850394
0
LINE
8
BLACK
6
CONTINUOUS
10
5.7313376771653539
20
-4.5027675196850394
11
5.7316101574803149
21
-4.5027329133858265
0
LINE
8
BLACK
6
CONTINUOUS
10
5.7316101574803149
20
-4.5027329133858265
11
5.7320196456692916
21
-4.50305
0
LINE
8
BLACK
6
CONTINUOUS
10
5.7320196456692916
20
-4.50305
11
5.7324981496062994
21
-4.5032482283464565
0
LINE
8
BLACK
6
CONTINUOUS
10
5.7324981496062994
20
-4.5032482283464565
11
5.7326032283464565
21
-4.5035019685039366
0
LINE
8
BLACK
6
CONTINUOUS
10
5.7326032283464565
20
-4.5035019685039366
11
5.7328204330708656
21
-4.5036701574803146
0
LINE
8
BLACK
6
CONTINUOUS
10
5.7328204330708656
20
-4.5036701574803146
11
5.7553696456692913
21
-4.5431312598425198
0
LINE
8
BLACK
6
CONTINUOUS
10
5.7553696456692913
20
-4.5431312598425198
11
5.7553696456692913
21
-4.5046624409448821
0
LINE
8
BLACK
6
CONTINUOUS
10
5.7553696456692913
20
-4.5046624409448821
11
5.7559554330708664
21
-4.5032482283464565
0
LINE
8
BLACK
6
CONTINUOUS
10
5.7559554330708664
20
-4.5032482283464565
11
5.7573696456692911
21
-4.5026624409448814
0
LINE
8
BLACK
6
CONTINUOUS
10
5.7573696456692911
20
-4.5026624409448814
11
5.7587838582677167
21
-4.5032482283464565
0
LINE
8
BLACK
6
CONTINUOUS
10
5.7905308661417321
20
-4.5027883858267712
11
5.7908592125984253
21
-4.5027650787401576
0
LINE
8
BLACK
6
CONTINUOUS
10
5.7908592125984253
20
-4.5027650787401576
11
5.797430708661417
21
-4.5049555511811024
0
LINE
8
BLACK
6
CONTINUOUS
10
5.797430708661417
20
-4.5049555511811024
11
5.7977823622047246
21
-4.5052605511811024
0
LINE
8
BLACK
6
CONTINUOUS
10
5.7977823622047246
20
-4.5052605511811024
11
5.7982124409448819
21
-4.5054387007874013
0
LINE
8
BLACK
6
CONTINUOUS
10
5.7982124409448819
20
-4.5054387007874013
11
5.8025933858267713
21
-4.5098196456692916
0
LINE
8
BLACK
6
CONTINUOUS
10
5.8025933858267713
20
-4.5098196456692916
11
5.8027193307086611
21
-4.5101237795275591
0
LINE
8
BLACK
6
CONTINUOUS
10
5.8027193307086611
20
-4.5101237795275591
11
5.8029680314960626
21
-4.5103394488188977
0
LINE
8
BLACK
6
CONTINUOUS
10
5.8029680314960626
20
-4.5103394488188977
11
5.8051585039370082
21
-4.5147203543307084
0
LINE
8
BLACK
6
CONTINUOUS
10
5.8051585039370082
20
-4.5147203543307084
11
5.8051746062992127
21
-4.514947086614173
0
LINE
8
BLACK
6
CONTINUOUS
10
5.8051746062992127
20
-4.514947086614173
11
5.805309921259842
21
-4.5151297244094488
0
LINE
8
BLACK
6
CONTINUOUS
10
5.805309921259842
20
-4.5151297244094488
11
5.8075003937007876
21
-4.5238916141732286
0
LINE
8
BLACK
6
CONTINUOUS
10
5.8075003937007876
20
-4.5238916141732286
11
5.8074630708661417
21
-4.5241424015748031
0
LINE
8
BLACK
6
CONTINUOUS
10
5.8074630708661417
20
-4.5241424015748031
11
5.8075601181102359
21
-4.5243766929133855
0
LINE
8
BLACK
6
CONTINUOUS
10
5.8075601181102359
20
-4.5243766929133855
11
5.8075601181102359
21
-4.5309481496062993
0
LINE
8
BLACK
6
CONTINUOUS
10
5.8075601181102359
20
-4.5309481496062993
11
5.8074630708661417
21
-4.531182401574803
0
LINE
8
BLACK
6
CONTINUOUS
10
5.8074630708661417
20
-4.531182401574803
11
5.8075003937007876
21
-4.5314332283464562
0
LINE
8
BLACK
6
CONTINUOUS
10
5.8075003937007876
20
-4.5314332283464562
11
5.805309921259842
21
-4.540195118110236
0
LINE
8
BLACK
6
CONTINUOUS
10
5.805309921259842
20
-4.540195118110236
11
5.8051746062992127
21
-4.5403777165354331
0
LINE
8
BLACK
6
CONTINUOUS
10
5.8051746062992127
20
-4.5403777165354331
11
5.8051585039370082
21
-4.5406044881889764
0
LINE
8
BLACK
6
CONTINUOUS
10
5.8051585039370082
20
-4.5406044881889764
11
5.8029680314960626
21
-4.5449853937007871
0
LINE
8
BLACK
6
CONTINUOUS
10
5.8029680314960626
20
-4.5449853937007871
11
5.8027193307086611
21
-4.545201023622047
0
LINE
8
BLACK
6
CONTINUOUS
10
5.8027193307086611
20
-4.545201023622047
11
5.8025933858267713
21
-4.5455051968503932
0
LINE
8
BLACK
6
CONTINUOUS
10
5.8025933858267713
20
-4.5455051968503932
11
5.7982124409448819
21
-4.5498861811023623
0
LINE
8
BLACK
6
CONTINUOUS
10
5.7982124409448819
20
-4.5498861811023623
11
5.7977823622047246
21
-4.5500642913385825
0
LINE
8
BLACK
6
CONTINUOUS
10
5.7977823622047246
20
-4.5500642913385825
11
5.797430708661417
21
-4.5503693307086612
0
LINE
8
BLACK
6
CONTINUOUS
10
5.797430708661417
20
-4.5503693307086612
11
5.7908592125984253
21
-4.552559803149606
0
LINE
8
BLACK
6
CONTINUOUS
10
5.7908592125984253
20
-4.552559803149606
11
5.7905308661417321
21
-4.5525364566929136
0
LINE
8
BLACK
6
CONTINUOUS
10
5.7905308661417321
20
-4.5525364566929136
11
5.7902267716535434
21
-4.5526624409448821
0
LINE
8
BLACK
6
CONTINUOUS
10
5.7902267716535434
20
-4.5526624409448821
11
5.7792744094488189
21
-4.5526624409448821
0
LINE
8
BLACK
6
CONTINUOUS
10
5.7792744094488189
20
-4.5526624409448821
11
5.7778601968503933
21
-4.552076653543307
0
LINE
8
BLACK
6
CONTINUOUS
10
5.7778601968503933
20
-4.552076653543307
11
5.7772744094488191
21
-4.5506624409448815
0
LINE
8
BLACK
6
CONTINUOUS
10
5.7772744094488191
20
-4.5506624409448815
11
5.7772744094488191
21
-4.5046624409448821
0
LINE
8
BLACK
6
CONTINUOUS
10
5.7772744094488191
20
-4.5046624409448821
11
5.7778601968503933
21
-4.5032482283464565
0
LINE
8
BLACK
6
CONTINUOUS
10
5.7778601968503933
20
-4.5032482283464565
11
5.7792744094488189
21
-4.5026624409448814
0
LINE
8
BLACK
6
CONTINUOUS
10
5.7792744094488189
20
-4.5026624409448814
11
5.7902267716535434
21
-4.5026624409448814
0
LINE
8
BLACK
6
CONTINUOUS
10
5.7902267716535434
20
-4.5026624409448814
11
5.7905308661417321
21
-4.5027883858267712
0
LINE
8
BLACK
6
CONTINUOUS
10
5.7812744094488187
20
-4.5486624409448817
11
5.7899022440944883
21
-4.5486624409448817
0
LINE
8
BLACK
6
CONTINUOUS
10
5.7899022440944883
20
-4.5486624409448817
11
5.7957178346456688
21
-4.5467238976377953
0
LINE
8
BLACK
6
CONTINUOUS
10
5.7957178346456688
20
-4.5467238976377953
11
5.7995354330708659
21
-4.5429062598425194
0
LINE
8
BLACK
6
CONTINUOUS
10
5.7995354330708659
20
-4.5429062598425194
11
5.8014825984251965
21
-4.5390119291338582
0
LINE
8
BLACK
6
CONTINUOUS
10
5.8014825984251965
20
-4.5390119291338582
11
5.8035601181102363
21
-4.5307019685039371
0
LINE
8
BLACK
6
CONTINUOUS
10
5.8035601181102363
20
-4.5307019685039371
11
5.8035601181102363
21
-4.5246228346456689
0
LINE
8
BLACK
6
CONTINUOUS
10
5.8035601181102363
20
-4.5246228346456689
11
5.8014825984251965
21
-4.5163128740157479
0
LINE
8
BLACK
6
CONTINUOUS
10
5.8014825984251965
20
-4.5163128740157479
11
5.7995354724409447
21
-4.5124185826771654
0
LINE
8
BLACK
6
CONTINUOUS
10
5.7995354724409447
20
-4.5124185826771654
11
5.7957178346456688
21
-4.5086009448818896
0
LINE
8
BLACK
6
CONTINUOUS
10
5.7957178346456688
20
-4.5086009448818896
11
5.7899022440944883
21
-4.5066624409448819
0
LINE
8
BLACK
6
CONTINUOUS
10
5.7899022440944883
20
-4.5066624409448819
11
5.7812744094488187
21
-4.5066624409448819
0
LINE
8
BLACK
6
CONTINUOUS
10
5.7812744094488187
20
-4.5066624409448819
11
5.7812744094488187
21
-4.5486624409448817
0
LINE
8
BLACK
6
CONTINUOUS
10
6.1291833858267717
20
-4.2360323228346459
11
6.1292614960629921
21
-4.2360114173228345
0
LINE
8
BLACK
6
CONTINUOUS
10
6.1292614960629921
20
-4.2360114173228345
11
6.1293811023622045
21
-4.2360671653543305
0
LINE
8
BLACK
6
CONTINUOUS
10
6.1293811023622045
20
-4.2360671653543305
11
6.1300260629921262
21
-4.2361809055118114
0
LINE
8
BLACK
6
CONTINUOUS
10
6.1300260629921262
20
-4.2361809055118114
11
6.1305277165354326
21
-4.2366018503937006
0
LINE
8
BLACK
6
CONTINUOUS
10
6.1305277165354326
20
-4.2366018503937006
11
6.1311213385826768
21
-4.2368786614173226
0
LINE
8
BLACK
6
CONTINUOUS
10
6.1311213385826768
20
-4.2368786614173226
11
6.1561213385826772
21
-4.2618787007874017
0
LINE
8
BLACK
6
CONTINUOUS
10
6.1561213385826772
20
-4.2618787007874017
11
6.1562281102362206
21
-4.2620312204724407
0
LINE
8
BLACK
6
CONTINUOUS
10
6.1562281102362206
20
-4.2620312204724407
11
6.1562981496062994
21
-4.2620716535433072
0
LINE
8
BLACK
6
CONTINUOUS
10
6.1562981496062994
20
-4.2620716535433072
11
6.1563432677165357
21
-4.2621956692913381
0
LINE
8
BLACK
6
CONTINUOUS
10
6.1563432677165357
20
-4.2621956692913381
11
6.1567189370078736
21
-4.2627321653543309
0
LINE
8
BLACK
6
CONTINUOUS
10
6.1567189370078736
20
-4.2627321653543309
11
6.1567759842519685
21
-4.2633846062992129
0
LINE
8
BLACK
6
CONTINUOUS
10
6.1567759842519685
20
-4.2633846062992129
11
6.157
21
-4.2640000000000002
0
LINE
8
BLACK
6
CONTINUOUS
10
6.157
20
-4.2640000000000002
11
6.157
21
-4.3140000000000001
0
LINE
8
BLACK
6
CONTINUOUS
10
6.157
20
-4.3140000000000001
11
6.1569676377952751
21
-4.3141833858267713
0
LINE
8
BLACK
6
CONTINUOUS
10
6.1569676377952751
20
-4.3141833858267713
11
6.1569885826771653
21
-4.3142614960629917
0
LINE
8
BLACK
6
CONTINUOUS
10
6.1569885826771653
20
-4.3142614960629917
11
6.1569327952755906
21
-4.314381102362205
0
LINE
8
BLACK
6
CONTINUOUS
10
6.1569327952755906
20
-4.314381102362205
11
6.1568190944881884
21
-4.3150260629921258
0
LINE
8
BLACK
6
CONTINUOUS
10
6.1568190944881884
20
-4.3150260629921258
11
6.1563980708661417
21
-4.3155277559055119
0
LINE
8
BLACK
6
CONTINUOUS
10
6.1563980708661417
20
-4.3155277559055119
11
6.1561213385826772
21
-4.3161212992125986
0
LINE
8
BLACK
6
CONTINUOUS
10
6.1561213385826772
20
-4.3161212992125986
11
6.1332426377952753
21
-4.3389999999999995
0
LINE
8
BLACK
6
CONTINUOUS
10
6.1332426377952753
20
-4.3389999999999995
11
6.1561213385826772
21
-4.3618787007874014
0
LINE
8
BLACK
6
CONTINUOUS
10
6.1561213385826772
20
-4.3618787007874014
11
6.1562281102362206
21
-4.3620312204724412
0
LINE
8
BLACK
6
CONTINUOUS
10
6.1562281102362206
20
-4.3620312204724412
11
6.1562981496062994
21
-4.3620716535433068
0
LINE
8
BLACK
6
CONTINUOUS
10
6.1562981496062994
20
-4.3620716535433068
11
6.1563432677165357
21
-4.3621956692913386
0
LINE
8
BLACK
6
CONTINUOUS
10
6.1563432677165357
20
-4.3621956692913386
11
6.1567189370078736
21
-4.3627321653543305
0
LINE
8
BLACK
6
CONTINUOUS
10
6.1567189370078736
20
-4.3627321653543305
11
6.1567759842519685
21
-4.3633846062992125
0
LINE
8
BLACK
6
CONTINUOUS
10
6.1567759842519685
20
-4.3633846062992125
11
6.157
21
-4.3639999999999999
0
LINE
8
BLACK
6
CONTINUOUS
10
6.157
20
-4.3639999999999999
11
6.157
21
-4.4139999999999997
0
LINE
8
BLACK
6
CONTINUOUS
10
6.157
20
-4.4139999999999997
11
6.1569676377952751
21
-4.4141833858267718
0
LINE
8
BLACK
6
CONTINUOUS
10
6.1569676377952751
20
-4.4141833858267718
11
6.1569885826771653
21
-4.4142614960629922
0
LINE
8
BLACK
6
CONTINUOUS
10
6.1569885826771653
20
-4.4142614960629922
11
6.1569327952755906
21
-4.4143811023622046
0
LINE
8
BLACK
6
CONTINUOUS
10
6.1569327952755906
20
-4.4143811023622046
11
6.1568190944881884
21
-4.4150260629921263
0
LINE
8
BLACK
6
CONTINUOUS
10
6.1568190944881884
20
-4.4150260629921263
11
6.1563980708661417
21
-4.4155277559055115
0
LINE
8
BLACK
6
CONTINUOUS
10
6.1563980708661417
20
-4.4155277559055115
11
6.1561213385826772
21
-4.4161212992125982
0
LINE
8
BLACK
6
CONTINUOUS
10
6.1561213385826772
20
-4.4161212992125982
11
6.1332426377952753
21
-4.4390000000000001
0
LINE
8
BLACK
6
CONTINUOUS
10
6.1332426377952753
20
-4.4390000000000001
11
6.1561213385826772
21
-4.4618787007874019
0
LINE
8
BLACK
6
CONTINUOUS
10
6.1561213385826772
20
-4.4618787007874019
11
6.1562281102362206
21
-4.4620312204724408
0
LINE
8
BLACK
6
CONTINUOUS
10
6.1562281102362206
20
-4.4620312204724408
11
6.1562981496062994
21
-4.4620716535433074
0
LINE
8
BLACK
6
CONTINUOUS
10
6.1562981496062994
20
-4.4620716535433074
11
6.1563432677165357
21
-4.4621956692913383
0
LINE
8
BLACK
6
CONTINUOUS
10
6.1563432677165357
20
-4.4621956692913383
11
6.1567189370078736
21
-4.462732165354331
0
LINE
8
BLACK
6
CONTINUOUS
10
6.1567189370078736
20
-4.462732165354331
11
6.1567759842519685
21
-4.4633846062992122
0
LINE
8
BLACK
6
CONTINUOUS
10
6.1567759842519685
20
-4.4633846062992122
11
6.157
21
-4.4639999999999995
0
LINE
8
BLACK
6
CONTINUOUS
10
6.157
20
-4.4639999999999995
11
6.157
21
-4.5140000000000002
0
LINE
8
BLACK
6
CONTINUOUS
10
6.157
20
-4.5140000000000002
11
6.1569676377952751
21
-4.5141833858267715
0
LINE
8
BLACK
6
CONTINUOUS
10
6.1569676377952751
20
-4.5141833858267715
11
6.1569885826771653
21
-4.5142614960629919
0
LINE
8
BLACK
6
CONTINUOUS
10
6.1569885826771653
20
-4.5142614960629919
11
6.1569327952755906
21
-4.5143811023622042
0
LINE
8
BLACK
6
CONTINUOUS
10
6.1569327952755906
20
-4.5143811023622042
11
6.1568190944881884
21
-4.5150260629921259
0
LINE
8
BLACK
6
CONTINUOUS
10
6.1568190944881884
20
-4.5150260629921259
11
6.1563980708661417
21
-4.515527755905512
0
LINE
8
BLACK
6
CONTINUOUS
10
6.1563980708661417
20
-4.515527755905512
11
6.1561213385826772
21
-4.5161212992125987
0
LINE
8
BLACK
6
CONTINUOUS
10
6.1561213385826772
20
-4.5161212992125987
11
6.1311213385826768
21
-4.541121338582677
0
LINE
8
BLACK
6
CONTINUOUS
10
6.1311213385826768
20
-4.541121338582677
11
6.1309687007874016
21
-4.5412281889763779
0
LINE
8
BLACK
6
CONTINUOUS
10
6.1309687007874016
20
-4.5412281889763779
11
6.1309283464566926
21
-4.5412981496062992
0
LINE
8
BLACK
6
CONTINUOUS
10
6.1309283464566926
20
-4.5412981496062992
11
6.1308043700787405
21
-4.5413432283464568
0
LINE
8
BLACK
6
CONTINUOUS
10
6.1308043700787405
20
-4.5413432283464568
11
6.1302678740157477
21
-4.5417189370078743
0
LINE
8
BLACK
6
CONTINUOUS
10
6.1302678740157477
20
-4.5417189370078743
11
6.1296153937007869
21
-4.5417759842519683
0
LINE
8
BLACK
6
CONTINUOUS
10
6.1296153937007869
20
-4.5417759842519683
11
6.1289999999999996
21
-4.5419999999999998
0
LINE
8
BLACK
6
CONTINUOUS
10
6.1289999999999996
20
-4.5419999999999998
11
5.9790000000000001
21
-4.5419999999999998
0
LINE
8
BLACK
6
CONTINUOUS
10
5.9790000000000001
20
-4.5419999999999998
11
5.9788165748031492
21
-4.5419676377952758
0
LINE
8
BLACK
6
CONTINUOUS
10
5.9788165748031492
20
-4.5419676377952758
11
5.9787385039370076
21
-4.5419885826771651
0
LINE
8
BLACK
6
CONTINUOUS
10
5.9787385039370076
20
-4.5419885826771651
11
5.9786188582677164
21
-4.5419327952755904
0
LINE
8
BLACK
6
CONTINUOUS
10
5.9786188582677164
20
-4.5419327952755904
11
5.9779739370078735
21
-4.5418190944881891
0
LINE
8
BLACK
6
CONTINUOUS
10
5.9779739370078735
20
-4.5418190944881891
11
5.9774722047244095
21
-4.5413980708661414
0
LINE
8
BLACK
6
CONTINUOUS
10
5.9774722047244095
20
-4.5413980708661414
11
5.9768787007874016
21
-4.541121338582677
0
LINE
8
BLACK
6
CONTINUOUS
10
5.9768787007874016
20
-4.541121338582677
11
5.9518786614173225
21
-4.5161213385826775
0
LINE
8
BLACK
6
CONTINUOUS
10
5.9518786614173225
20
-4.5161213385826775
11
5.9517717716535428
21
-4.5159687007874014
0
LINE
8
BLACK
6
CONTINUOUS
10
5.9517717716535428
20
-4.5159687007874014
11
5.9517018503937003
21
-4.5159283464566924
0
LINE
8
BLACK
6
CONTINUOUS
10
5.9517018503937003
20
-4.5159283464566924
11
5.9516567322834648
21
-4.5158043700787402
0
LINE
8
BLACK
6
CONTINUOUS
10
5.9516567322834648
20
-4.5158043700787402
11
5.951281062992126
21
-4.5152678740157484
0
LINE
8
BLACK
6
CONTINUOUS
10
5.951281062992126
20
-4.5152678740157484
11
5.9512239763779524
21
-4.5146153937007876
0
LINE
8
BLACK
6
CONTINUOUS
10
5.9512239763779524
20
-4.5146153937007876
11
5.9509999999999996
21
-4.5140000000000002
0
LINE
8
BLACK
6
CONTINUOUS
10
5.9509999999999996
20
-4.5140000000000002
11
5.9509999999999996
21
-4.4639999999999995
0
LINE
8
BLACK
6
CONTINUOUS
10
5.9509999999999996
20
-4.4639999999999995
11
5.9510323228346458
21
-4.4638165748031495
0
LINE
8
BLACK
6
CONTINUOUS
10
5.9510323228346458
20
-4.4638165748031495
11
5.9510114173228343
21
-4.4637385039370079
0
LINE
8
BLACK
6
CONTINUOUS
10
5.9510114173228343
20
-4.4637385039370079
11
5.9510671653543303
21
-4.4636188582677168
0
LINE
8
BLACK
6
CONTINUOUS
10
5.9510671653543303
20
-4.4636188582677168
11
5.9511809055118112
21
-4.4629739370078738
0
LINE
8
BLACK
6
CONTINUOUS
10
5.9511809055118112
20
-4.4629739370078738
11
5.9516018503937005
21
-4.4624722440944877
0
LINE
8
BLACK
6
CONTINUOUS
10
5.9516018503937005
20
-4.4624722440944877
11
5.9518786614173225
21
-4.4618786614173231
0
LINE
8
BLACK
6
CONTINUOUS
10
5.9518786614173225
20
-4.4618786614173231
11
5.9747573228346456
21
-4.4390000000000001
0
LINE
8
BLACK
6
CONTINUOUS
10
5.9747573228346456
20
-4.4390000000000001
11
5.9518786614173225
21
-4.416121338582677
0
LINE
8
BLACK
6
CONTINUOUS
10
5.9518786614173225
20
-4.416121338582677
11
5.9517717716535428
21
-4.4159687007874018
0
LINE
8
BLACK
6
CONTINUOUS
10
5.9517717716535428
20
-4.4159687007874018
11
5.9517018503937003
21
-4.4159283464566927
0
LINE
8
BLACK
6
CONTINUOUS
10
5.9517018503937003
20
-4.4159283464566927
11
5.9516567322834648
21
-4.4158043700787397
0
LINE
8
BLACK
6
CONTINUOUS
10
5.9516567322834648
20
-4.4158043700787397
11
5.951281062992126
21
-4.4152678740157478
0
LINE
8
BLACK
6
CONTINUOUS
10
5.951281062992126
20
-4.4152678740157478
11
5.9512239763779524
21
-4.414615393700787
0
LINE
8
BLACK
6
CONTINUOUS
10
5.9512239763779524
20
-4.414615393700787
11
5.9509999999999996
21
-4.4139999999999997
0
LINE
8
BLACK
6
CONTINUOUS
10
5.9509999999999996
20
-4.4139999999999997
11
5.9509999999999996
21
-4.3639999999999999
0
LINE
8
BLACK
6
CONTINUOUS
10
5.9509999999999996
20
-4.3639999999999999
11
5.9510323228346458
21
-4.3638165748031499
0
LINE
8
BLACK
6
CONTINUOUS
10
5.9510323228346458
20
-4.3638165748031499
11
5.9510114173228343
21
-4.3637385039370074
0
LINE
8
BLACK
6
CONTINUOUS
10
5.9510114173228343
20
-4.3637385039370074
11
5.9510671653543303
21
-4.3636188582677162
0
LINE
8
BLACK
6
CONTINUOUS
10
5.9510671653543303
20
-4.3636188582677162
11
5.9511809055118112
21
-4.3629739370078742
0
LINE
8
BLACK
6
CONTINUOUS
10
5.9511809055118112
20
-4.3629739370078742
11
5.9516018503937005
21
-4.3624722440944881
0
LINE
8
BLACK
6
CONTINUOUS
10
5.9516018503937005
20
-4.3624722440944881
11
5.9518786614173225
21
-4.3618786614173226
0
LINE
8
BLACK
6
CONTINUOUS
10
5.9518786614173225
20
-4.3618786614173226
11
5.9747573228346456
21
-4.3389999999999995
0
LINE
8
BLACK
6
CONTINUOUS
10
5.9747573228346456
20
-4.3389999999999995
11
5.9518786614173225
21
-4.3161213385826773
0
LINE
8
BLACK
6
CONTINUOUS
10
5.9518786614173225
20
-4.3161213385826773
11
5.9517717716535428
21
-4.3159687007874012
0
LINE
8
BLACK
6
CONTINUOUS
10
5.9517717716535428
20
-4.3159687007874012
11
5.9517018503937003
21
-4.3159283464566931
0
LINE
8
BLACK
6
CONTINUOUS
10
5.9517018503937003
20
-4.3159283464566931
11
5.9516567322834648
21
-4.3158043700787401
0
LINE
8
BLACK
6
CONTINUOUS
10
5.9516567322834648
20
-4.3158043700787401
11
5.951281062992126
21
-4.3152678740157482
0
LINE
8
BLACK
6
CONTINUOUS
10
5.951281062992126
20
-4.3152678740157482
11
5.9512239763779524
21
-4.3146153937007874
0
LINE
8
BLACK
6
CONTINUOUS
10
5.9512239763779524
20
-4.3146153937007874
11
5.9509999999999996
21
-4.3140000000000001
0
LINE
8
BLACK
6
CONTINUOUS
10
5.9509999999999996
20
-4.3140000000000001
11
5.9509999999999996
21
-4.2640000000000002
0
LINE
8
BLACK
6
CONTINUOUS
10
5.9509999999999996
20
-4.2640000000000002
11
5.9510323228346458
21
-4.2638165748031494
0
LINE
8
BLACK
6
CONTINUOUS
10
5.9510323228346458
20
-4.2638165748031494
11
5.9510114173228343
21
-4.2637385039370077
0
LINE
8
BLACK
6
CONTINUOUS
10
5.9510114173228343
20
-4.2637385039370077
11
5.9510671653543303
21
-4.2636188582677166
0
LINE
8
BLACK
6
CONTINUOUS
10
5.9510671653543303
20
-4.2636188582677166
11
5.9511809055118112
21
-4.2629739370078736
0
LINE
8
BLACK
6
CONTINUOUS
10
5.9511809055118112
20
-4.2629739370078736
11
5.9516018503937005
21
-4.2624722440944884
0
LINE
8
BLACK
6
CONTINUOUS
10
5.9516018503937005
20
-4.2624722440944884
11
5.9518786614173225
21
-4.261878661417323
0
LINE
8
BLACK
6
CONTINUOUS
10
5.9518786614173225
20
-4.261878661417323
11
5.9768787007874016
21
-4.2368786614173226
0
LINE
8
BLACK
6
CONTINUOUS
10
5.9768787007874016
20
-4.2368786614173226
11
5.9770312204724405
21
-4.2367718503937004
0
LINE
8
BLACK
6
CONTINUOUS
10
5.9770312204724405
20
-4.2367718503937004
11
5.9770716535433071
21
-4.2367018503937004
0
LINE
8
BLACK
6
CONTINUOUS
10
5.9770716535433071
20
-4.2367018503937004
11
5.9771956692913388
21
-4.2366566929133853
0
LINE
8
BLACK
6
CONTINUOUS
10
5.9771956692913388
20
-4.2366566929133853
11
5.9777321653543307
21
-4.2362810629921261
0
LINE
8
BLACK
6
CONTINUOUS
10
5.9777321653543307
20
-4.2362810629921261
11
5.9783846062992128
21
-4.2362239763779526
0
LINE
8
BLACK
6
CONTINUOUS
10
5.9783846062992128
20
-4.2362239763779526
11
5.9790000000000001
21
-4.2359999999999998
0
LINE
8
BLACK
6
CONTINUOUS
10
5.9790000000000001
20
-4.2359999999999998
11
6.1289999999999996
21
-4.2359999999999998
0
LINE
8
BLACK
6
CONTINUOUS
10
6.1289999999999996
20
-4.2359999999999998
11
6.1291833858267717
21
-4.2360323228346459
0
LINE
8
BLACK
6
CONTINUOUS
10
5.9802426377952758
20
-4.242
11
5.9569999999999999
21
-4.2652426377952759
0
LINE
8
BLACK
6
CONTINUOUS
10
5.9569999999999999
20
-4.2652426377952759
11
5.9569999999999999
21
-4.3127573228346456
0
LINE
8
BLACK
6
CONTINUOUS
10
5.9569999999999999
20
-4.3127573228346456
11
5.9811213385826774
21
-4.3368787007874019
0
LINE
8
BLACK
6
CONTINUOUS
10
5.9811213385826774
20
-4.3368787007874019
11
5.9813482677165357
21
-4.3372027952755907
0
LINE
8
BLACK
6
CONTINUOUS
10
5.9813482677165357
20
-4.3372027952755907
11
5.9814574409448822
21
-4.3372792519685035
0
LINE
8
BLACK
6
CONTINUOUS
10
5.9814574409448822
20
-4.3372792519685035
11
5.9814918897637792
21
-4.3374079527559051
0
LINE
8
BLACK
6
CONTINUOUS
10
5.9814918897637792
20
-4.3374079527559051
11
5.9817189370078738
21
-4.337732165354331
0
LINE
8
BLACK
6
CONTINUOUS
10
5.9817189370078738
20
-4.337732165354331
11
5.9817868503937008
21
-4.3385087007874015
0
LINE
8
BLACK
6
CONTINUOUS
10
5.9817868503937008
20
-4.3385087007874015
11
5.9819885826771655
21
-4.3392614960629921
0
LINE
8
BLACK
6
CONTINUOUS
10
5.9819885826771655
20
-4.3392614960629921
11
5.9818741732283467
21
-4.3395067716535429
0
LINE
8
BLACK
6
CONTINUOUS
10
5.9818741732283467
20
-4.3395067716535429
11
5.9818977952755903
21
-4.3397764566929133
0
LINE
8
BLACK
6
CONTINUOUS
10
5.9818977952755903
20
-4.3397764566929133
11
5.9814507086614173
21
-4.3404149212598426
0
LINE
8
BLACK
6
CONTINUOUS
10
5.9814507086614173
20
-4.3404149212598426
11
5.9811213385826774
21
-4.341121299212598
0
LINE
8
BLACK
6
CONTINUOUS
10
5.9811213385826774
20
-4.341121299212598
11
5.9569999999999999
21
-4.3652426377952755
0
LINE
8
BLACK
6
CONTINUOUS
10
5.9569999999999999
20
-4.3652426377952755
11
5.9569999999999999
21
-4.4127573228346453
0
LINE
8
BLACK
6
CONTINUOUS
10
5.9569999999999999
20
-4.4127573228346453
11
5.9811213385826774
21
-4.4368787007874015
0
LINE
8
BLACK
6
CONTINUOUS
10
5.9811213385826774
20
-4.4368787007874015
11
5.9813482677165357
21
-4.4372027952755904
0
LINE
8
BLACK
6
CONTINUOUS
10
5.9813482677165357
20
-4.4372027952755904
11
5.9814574409448822
21
-4.437279251968504
0
LINE
8
BLACK
6
CONTINUOUS
10
5.9814574409448822
20
-4.437279251968504
11
5.9814918897637792
21
-4.4374079527559056
0
LINE
8
BLACK
6
CONTINUOUS
10
5.9814918897637792
20
-4.4374079527559056
11
5.9817189370078738
21
-4.4377321653543307
0
LINE
8
BLACK
6
CONTINUOUS
10
5.9817189370078738
20
-4.4377321653543307
11
5.9817868503937008
21
-4.4385087007874011
0
LINE
8
BLACK
6
CONTINUOUS
10
5.9817868503937008
20
-4.4385087007874011
11
5.9819885826771655
21
-4.4392614960629917
0
LINE
8
BLACK
6
CONTINUOUS
10
5.9819885826771655
20
-4.4392614960629917
11
5.9818741732283467
21
-4.4395067716535435
0
LINE
8
BLACK
6
CONTINUOUS
10
5.9818741732283467
20
-4.4395067716535435
11
5.9818977952755903
21
-4.439776456692913
0
LINE
8
BLACK
6
CONTINUOUS
10
5.9818977952755903
20
-4.439776456692913
11
5.9814507086614173
21
-4.4404149212598423
0
LINE
8
BLACK
6
CONTINUOUS
10
5.9814507086614173
20
-4.4404149212598423
11
5.9811213385826774
21
-4.4411212992125986
0
LINE
8
BLACK
6
CONTINUOUS
10
5.9811213385826774
20
-4.4411212992125986
11
5.9569999999999999
21
-4.4652426377952752
0
LINE
8
BLACK
6
CONTINUOUS
10
5.9569999999999999
20
-4.4652426377952752
11
5.9569999999999999
21
-4.5127573228346458
0
LINE
8
BLACK
6
CONTINUOUS
10
5.9569999999999999
20
-4.5127573228346458
11
5.9802426377952758
21
-4.5359999999999996
0
LINE
8
BLACK
6
CONTINUOUS
10
5.9802426377952758
20
-4.5359999999999996
11
6.1277573228346451
21
-4.5359999999999996
0
LINE
8
BLACK
6
CONTINUOUS
10
6.1277573228346451
20
-4.5359999999999996
11
6.1509999999999998
21
-4.5127573228346458
0
LINE
8
BLACK
6
CONTINUOUS
10
6.1509999999999998
20
-4.5127573228346458
11
6.1509999999999998
21
-4.4652426377952752
0
LINE
8
BLACK
6
CONTINUOUS
10
6.1509999999999998
20
-4.4652426377952752
11
6.1268786614173223
21
-4.4411213385826773
0
LINE
8
BLACK
6
CONTINUOUS
10
6.1268786614173223
20
-4.4411213385826773
11
6.1266515748031498
21
-4.4407970472440947
0
LINE
8
BLACK
6
CONTINUOUS
10
6.1266515748031498
20
-4.4407970472440947
11
6.1265425590551184
21
-4.4407207086614173
0
LINE
8
BLACK
6
CONTINUOUS
10
6.1265425590551184
20
-4.4407207086614173
11
6.1265080708661417
21
-4.4405920866141733
0
LINE
8
BLACK
6
CONTINUOUS
10
6.1265080708661417
20
-4.4405920866141733
11
6.1262810629921258
21
-4.4402678740157482
0
LINE
8
BLACK
6
CONTINUOUS
10
6.1262810629921258
20
-4.4402678740157482
11
6.1262131102362201
21
-4.4394912992125981
0
LINE
8
BLACK
6
CONTINUOUS
10
6.1262131102362201
20
-4.4394912992125981
11
6.1260114173228342
21
-4.4387385039370075
0
LINE
8
BLACK
6
CONTINUOUS
10
6.1260114173228342
20
-4.4387385039370075
11
6.1261257874015751
21
-4.4384931102362204
0
LINE
8
BLACK
6
CONTINUOUS
10
6.1261257874015751
20
-4.4384931102362204
11
6.1261022440944881
21
-4.4382235433070862
0
LINE
8
BLACK
6
CONTINUOUS
10
6.1261022440944881
20
-4.4382235433070862
11
6.1265491338582674
21
-4.4375852755905507
0
LINE
8
BLACK
6
CONTINUOUS
10
6.1265491338582674
20
-4.4375852755905507
11
6.1268786614173223
21
-4.4368786614173228
0
LINE
8
BLACK
6
CONTINUOUS
10
6.1268786614173223
20
-4.4368786614173228
11
6.1509999999999998
21
-4.4127573228346453
0
LINE
8
BLACK
6
CONTINUOUS
10
6.1509999999999998
20
-4.4127573228346453
11
6.1509999999999998
21
-4.3652426377952755
0
LINE
8
BLACK
6
CONTINUOUS
10
6.1509999999999998
20
-4.3652426377952755
11
6.1268786614173223
21
-4.3411213385826768
0
LINE
8
BLACK
6
CONTINUOUS
10
6.1268786614173223
20
-4.3411213385826768
11
6.1266515748031498
21
-4.3407970472440942
0
LINE
8
BLACK
6
CONTINUOUS
10
6.1266515748031498
20
-4.3407970472440942
11
6.1265425590551184
21
-4.3407207086614168
0
LINE
8
BLACK
6
CONTINUOUS
10
6.1265425590551184
20
-4.3407207086614168
11
6.1265080708661417
21
-4.3405920866141727
0
LINE
8
BLACK
6
CONTINUOUS
10
6.1265080708661417
20
-4.3405920866141727
11
6.1262810629921258
21
-4.3402678740157477
0
LINE
8
BLACK
6
CONTINUOUS
10
6.1262810629921258
20
-4.3402678740157477
11
6.1262131102362201
21
-4.3394912992125985
0
LINE
8
BLACK
6
CONTINUOUS
10
6.1262131102362201
20
-4.3394912992125985
11
6.1260114173228342
21
-4.3387385039370079
0
LINE
8
BLACK
6
CONTINUOUS
10
6.1260114173228342
20
-4.3387385039370079
11
6.1261257874015751
21
-4.3384931102362208
0
LINE
8
BLACK
6
CONTINUOUS
10
6.1261257874015751
20
-4.3384931102362208
11
6.1261022440944881
21
-4.3382235433070866
0
LINE
8
BLACK
6
CONTINUOUS
10
6.1261022440944881
20
-4.3382235433070866
11
6.1265491338582674
21
-4.3375852755905511
0
LINE
8
BLACK
6
CONTINUOUS
10
6.1265491338582674
20
-4.3375852755905511
11
6.1268786614173223
21
-4.3368786614173231
0
LINE
8
BLACK
6
CONTINUOUS
10
6.1268786614173223
20
-4.3368786614173231
11
6.1509999999999998
21
-4.3127573228346456
0
LINE
8
BLACK
6
CONTINUOUS
10
6.1509999999999998
20
-4.3127573228346456
11
6.1509999999999998
21
-4.2652426377952759
0
LINE
8
BLACK
6
CONTINUOUS
10
6.1509999999999998
20
-4.2652426377952759
11
6.1277573228346451
21
-4.242
0
LINE
8
BLACK
6
CONTINUOUS
10
6.1277573228346451
20
-4.242
11
5.9802426377952758
21
-4.242
0
LINE
8
BLACK
6
CONTINUOUS
10
5.7030377952755904
20
-4.4053405511811023
11
5.7035021653543305
21
-4.4053735826771652
0
LINE
8
BLACK
6
CONTINUOUS
10
5.7035021653543305
20
-4.4053735826771652
11
5.70788311023622
21
-4.4075640551181099
0
LINE
8
BLACK
6
CONTINUOUS
10
5.70788311023622
20
-4.4075640551181099
11
5.7080987795275586
21
-4.4078127165354326
0
LINE
8
BLACK
6
CONTINUOUS
10
5.7080987795275586
20
-4.4078127165354326
11
5.7084029133858269
21
-4.4079387007874011
0
LINE
8
BLACK
6
CONTINUOUS
10
5.7084029133858269
20
-4.4079387007874011
11
5.7105933858267717
21
-4.4101291732283467
0
LINE
8
BLACK
6
CONTINUOUS
10
5.7105933858267717
20
-4.4101291732283467
11
5.7107193307086614
21
-4.4104333070866142
0
LINE
8
BLACK
6
CONTINUOUS
10
5.7107193307086614
20
-4.4104333070866142
11
5.7109680314960629
21
-4.4106489763779528
0
LINE
8
BLACK
6
CONTINUOUS
10
5.7109680314960629
20
-4.4106489763779528
11
5.7131585039370076
21
-4.4150298818897635
0
LINE
8
BLACK
6
CONTINUOUS
10
5.7131585039370076
20
-4.4150298818897635
11
5.7131914960629917
21
-4.4154942519685036
0
LINE
8
BLACK
6
CONTINUOUS
10
5.7131914960629917
20
-4.4154942519685036
11
5.7133696456692915
21
-4.4159243307086617
0
LINE
8
BLACK
6
CONTINUOUS
10
5.7133696456692915
20
-4.4159243307086617
11
5.7133696456692915
21
-4.4224957480314959
0
LINE
8
BLACK
6
CONTINUOUS
10
5.7133696456692915
20
-4.4224957480314959
11
5.7131914960629917
21
-4.4229257874015744
0
LINE
8
BLACK
6
CONTINUOUS
10
5.7131914960629917
20
-4.4229257874015744
11
5.7131585039370076
21
-4.4233901968503933
0
LINE
8
BLACK
6
CONTINUOUS
10
5.7131585039370076
20
-4.4233901968503933
11
5.7109680314960629
21
-4.4277711023622048
0
LINE
8
BLACK
6
CONTINUOUS
10
5.7109680314960629
20
-4.4277711023622048
11
5.7107193700787402
21
-4.4279867322834647
0
LINE
8
BLACK
6
CONTINUOUS
10
5.7107193700787402
20
-4.4279867322834647
11
5.7105934251968504
21
-4.4282909055118109
0
LINE
8
BLACK
6
CONTINUOUS
10
5.7105934251968504
20
-4.4282909055118109
11
5.7084029133858269
21
-4.4304814173228344
0
LINE
8
BLACK
6
CONTINUOUS
10
5.7084029133858269
20
-4.4304814173228344
11
5.7080987795275586
21
-4.4306073622047242
0
LINE
8
BLACK
6
CONTINUOUS
10
5.7080987795275586
20
-4.4306073622047242
11
5.70788311023622
21
-4.4308560629921256
0
LINE
8
BLACK
6
CONTINUOUS
10
5.70788311023622
20
-4.4308560629921256
11
5.7035021653543305
21
-4.4330465354330704
0
LINE
8
BLACK
6
CONTINUOUS
10
5.7035021653543305
20
-4.4330465354330704
11
5.7030377952755904
21
-4.4330795275590553
0
LINE
8
BLACK
6
CONTINUOUS
10
5.7030377952755904
20
-4.4330795275590553
11
5.7026077559055119
21
-4.4332576771653542
0
LINE
8
BLACK
6
CONTINUOUS
10
5.7026077559055119
20
-4.4332576771653542
11
5.6870839370078743
21
-4.4332576771653542
0
LINE
8
BLACK
6
CONTINUOUS
10
5.6870839370078743
20
-4.4332576771653542
11
5.6870839370078743
21
-4.4531624409448822
0
LINE
8
BLACK
6
CONTINUOUS
10
5.6870839370078743
20
-4.4531624409448822
11
5.6864981496062992
21
-4.4545766535433069
0
LINE
8
BLACK
6
CONTINUOUS
10
5.6864981496062992
20
-4.4545766535433069
11
5.6850839370078736
21
-4.455162440944882
0
LINE
8
BLACK
6
CONTINUOUS
10
5.6850839370078736
20
-4.455162440944882
11
5.683669724409449
21
-4.4545766535433069
0
LINE
8
BLACK
6
CONTINUOUS
10
5.683669724409449
20
-4.4545766535433069
11
5.6830839370078738
21
-4.4531624409448822
0
LINE
8
BLACK
6
CONTINUOUS
10
5.6830839370078738
20
-4.4531624409448822
11
5.6830839370078738
21
-4.407162440944882
0
LINE
8
BLACK
6
CONTINUOUS
10
5.6830839370078738
20
-4.407162440944882
11
5.683669724409449
21
-4.4057482283464564
0
LINE
8
BLACK
6
CONTINUOUS
10
5.683669724409449
20
-4.4057482283464564
11
5.6850839370078736
21
-4.4051624409448822
0
LINE
8
BLACK
6
CONTINUOUS
10
5.6850839370078736
20
-4.4051624409448822
11
5.7026077559055119
21
-4.4051624409448822
0
LINE
8
BLACK
6
CONTINUOUS
10
5.7026077559055119
20
-4.4051624409448822
11
5.7030377952755904
21
-4.4053405511811023
0
LINE
8
BLACK
6
CONTINUOUS
10
5.6870839370078743
20
-4.4292576771653538
11
5.7021356299212593
21
-4.4292576771653538
0
LINE
8
BLACK
6
CONTINUOUS
10
5.7021356299212593
20
-4.4292576771653538
11
5.7058039763779522
21
-4.427423464566929
0
LINE
8
BLACK
6
CONTINUOUS
10
5.7058039763779522
20
-4.427423464566929
11
5.7075354330708663
21
-4.4256919685039371
0
LINE
8
BLACK
6
CONTINUOUS
10
5.7075354330708663
20
-4.4256919685039371
11
5.7093696456692911
21
-4.4220236220472442
0
LINE
8
BLACK
6
CONTINUOUS
10
5.7093696456692911
20
-4.4220236220472442
11
5.7093696456692911
21
-4.4163964566929135
0
LINE
8
BLACK
6
CONTINUOUS
10
5.7093696456692911
20
-4.4163964566929135
11
5.7075354724409451
21
-4.4127281102362206
0
LINE
8
BLACK
6
CONTINUOUS
10
5.7075354724409451
20
-4.4127281102362206
11
5.7058039763779522
21
-4.4109966141732286
0
LINE
8
BLACK
6
CONTINUOUS
10
5.7058039763779522
20
-4.4109966141732286
11
5.7021356299212593
21
-4.4091624409448817
0
LINE
8
BLACK
6
CONTINUOUS
10
5.7021356299212593
20
-4.4091624409448817
11
5.6870839370078743
21
-4.4091624409448817
0
LINE
8
BLACK
6
CONTINUOUS
10
5.6870839370078743
20
-4.4091624409448817
11
5.6870839370078743
21
-4.4292576771653538
0
LINE
8
BLACK
6
CONTINUOUS
10
5.7489118503937009
20
-4.405288385826772
11
5.7492401968503932
21
-4.4052650787401575
0
LINE
8
BLACK
6
CONTINUOUS
10
5.7492401968503932
20
-4.4052650787401575
11
5.755811653543307
21
-4.4074555511811022
0
LINE
8
BLACK
6
CONTINUOUS
10
5.755811653543307
20
-4.4074555511811022
11
5.7569680314960632
21
-4.4084585039370081
0
LINE
8
BLACK
6
CONTINUOUS
10
5.7569680314960632
20
-4.4084585039370081
11
5.7570765354330709
21
-4.4099853543307086
0
LINE
8
BLACK
6
CONTINUOUS
10
5.7570765354330709
20
-4.4099853543307086
11
5.7560736220472437
21
-4.4111417716535435
0
LINE
8
BLACK
6
CONTINUOUS
10
5.7560736220472437
20
-4.4111417716535435
11
5.7545467322834645
21
-4.4112502755905512
0
LINE
8
BLACK
6
CONTINUOUS
10
5.7545467322834645
20
-4.4112502755905512
11
5.7482832283464562
21
-4.4091624409448817
0
LINE
8
BLACK
6
CONTINUOUS
10
5.7482832283464562
20
-4.4091624409448817
11
5.7381274803149607
21
-4.4091624409448817
0
LINE
8
BLACK
6
CONTINUOUS
10
5.7381274803149607
20
-4.4091624409448817
11
5.7344591338582678
21
-4.4109966141732286
0
LINE
8
BLACK
6
CONTINUOUS
10
5.7344591338582678
20
-4.4109966141732286
11
5.7327276377952758
21
-4.4127280708661418
0
LINE
8
BLACK
6
CONTINUOUS
10
5.7327276377952758
20
-4.4127280708661418
11
5.7308934645669289
21
-4.4163964566929135
0
LINE
8
BLACK
6
CONTINUOUS
10
5.7308934645669289
20
-4.4163964566929135
11
5.7308934645669289
21
-4.4198331102362207
0
LINE
8
BLACK
6
CONTINUOUS
10
5.7308934645669289
20
-4.4198331102362207
11
5.7327276377952758
21
-4.4235014960629924
0
LINE
8
BLACK
6
CONTINUOUS
10
5.7327276377952758
20
-4.4235014960629924
11
5.734459094488189
21
-4.4252329527559056
0
LINE
8
BLACK
6
CONTINUOUS
10
5.734459094488189
20
-4.4252329527559056
11
5.7383535039370077
21
-4.4271801968503937
0
LINE
8
BLACK
6
CONTINUOUS
10
5.7383535039370077
20
-4.4271801968503937
11
5.7469023228346456
21
-4.4293174015748029
0
LINE
8
BLACK
6
CONTINUOUS
10
5.7469023228346456
20
-4.4293174015748029
11
5.7470849212598427
21
-4.4294526771653544
0
LINE
8
BLACK
6
CONTINUOUS
10
5.7470849212598427
20
-4.4294526771653544
11
5.7473116929133861
21
-4.4294688188976377
0
LINE
8
BLACK
6
CONTINUOUS
10
5.7473116929133861
20
-4.4294688188976377
11
5.7516926377952755
21
-4.4316592913385824
0
LINE
8
BLACK
6
CONTINUOUS
10
5.7516926377952755
20
-4.4316592913385824
11
5.7519083070866142
21
-4.4319079527559051
0
LINE
8
BLACK
6
CONTINUOUS
10
5.7519083070866142
20
-4.4319079527559051
11
5.7522124409448816
21
-4.4320339370078736
0
LINE
8
BLACK
6
CONTINUOUS
10
5.7522124409448816
20
-4.4320339370078736
11
5.7544029133858263
21
-4.4342244094488192
0
LINE
8
BLACK
6
CONTINUOUS
10
5.7544029133858263
20
-4.4342244094488192
11
5.7545288582677161
21
-4.4345285433070867
0
LINE
8
BLACK
6
CONTINUOUS
10
5.7545288582677161
20
-4.4345285433070867
11
5.7547775590551176
21
-4.4347442125984253
0
LINE
8
BLACK
6
CONTINUOUS
10
5.7547775590551176
20
-4.4347442125984253
11
5.7569680314960632
21
-4.439125118110236
0
LINE
8
BLACK
6
CONTINUOUS
10
5.7569680314960632
20
-4.439125118110236
11
5.7570010236220472
21
-4.4395894881889761
0
LINE
8
BLACK
6
CONTINUOUS
10
5.7570010236220472
20
-4.4395894881889761
11
5.7571791732283462
21
-4.4400195669291334
0
LINE
8
BLACK
6
CONTINUOUS
10
5.7571791732283462
20
-4.4400195669291334
11
5.7571791732283462
21
-4.4444005118110237
0
LINE
8
BLACK
6
CONTINUOUS
10
5.7571791732283462
20
-4.4444005118110237
11
5.7570010236220472
21
-4.4448305511811022
0
LINE
8
BLACK
6
CONTINUOUS
10
5.7570010236220472
20
-4.4448305511811022
11
5.7569680314960632
21
-4.445294960629921
0
LINE
8
BLACK
6
CONTINUOUS
10
5.7569680314960632
20
-4.445294960629921
11
5.7547775590551176
21
-4.4496758661417326
0
LINE
8
BLACK
6
CONTINUOUS
10
5.7547775590551176
20
-4.4496758661417326
11
5.7545288976377948
21
-4.4498914960629916
0
LINE
8
BLACK
6
CONTINUOUS
10
5.7545288976377948
20
-4.4498914960629916
11
5.7544029527559051
21
-4.4501956692913387
0
LINE
8
BLACK
6
CONTINUOUS
10
5.7544029527559051
20
-4.4501956692913387
11
5.7522124409448816
21
-4.4523861811023622
0
LINE
8
BLACK
6
CONTINUOUS
10
5.7522124409448816
20
-4.4523861811023622
11
5.7519083070866142
21
-4.4525121259842519
0
LINE
8
BLACK
6
CONTINUOUS
10
5.7519083070866142
20
-4.4525121259842519
11
5.7516926377952755
21
-4.4527608267716534
0
LINE
8
BLACK
6
CONTINUOUS
10
5.7516926377952755
20
-4.4527608267716534
11
5.7473116929133861
21
-4.4549512992125981
0
LINE
8
BLACK
6
CONTINUOUS
10
5.7473116929133861
20
-4.4549512992125981
11
5.7468473228346459
21
-4.4549842913385822
0
LINE
8
BLACK
6
CONTINUOUS
10
5.7468473228346459
20
-4.4549842913385822
11
5.7464172834645666
21
-4.455162440944882
0
LINE
8
BLACK
6
CONTINUOUS
10
5.7464172834645666
20
-4.455162440944882
11
5.7354648818897633
21
-4.455162440944882
0
LINE
8
BLACK
6
CONTINUOUS
10
5.7354648818897633
20
-4.455162440944882
11
5.7351607480314959
21
-4.4550364566929135
0
LINE
8
BLACK
6
CONTINUOUS
10
5.7351607480314959
20
-4.4550364566929135
11
5.7348324409448814
21
-4.4550598031496058
0
LINE
8
BLACK
6
CONTINUOUS
10
5.7348324409448814
20
-4.4550598031496058
11
5.7282610236220473
21
-4.4528693307086611
0
LINE
8
BLACK
6
CONTINUOUS
10
5.7282610236220473
20
-4.4528693307086611
11
5.7271046062992124
21
-4.4518663779527561
0
LINE
8
BLACK
6
CONTINUOUS
10
5.7271046062992124
20
-4.4518663779527561
11
5.7269961023622047
21
-4.4503395275590547
0
LINE
8
BLACK
6
CONTINUOUS
10
5.7269961023622047
20
-4.4503395275590547
11
5.7279990551181097
21
-4.4491831102362207
0
LINE
8
BLACK
6
CONTINUOUS
10
5.7279990551181097
20
-4.4491831102362207
11
5.7295259055118111
21
-4.4490746062992121
0
LINE
8
BLACK
6
CONTINUOUS
10
5.7295259055118111
20
-4.4490746062992121
11
5.7357894488188972
21
-4.4511624409448816
0
LINE
8
BLACK
6
CONTINUOUS
10
5.7357894488188972
20
-4.4511624409448816
11
5.7459451574803149
21
-4.4511624409448816
0
LINE
8
BLACK
6
CONTINUOUS
10
5.7459451574803149
20
-4.4511624409448816
11
5.7496135039370078
21
-4.4493282283464568
0
LINE
8
BLACK
6
CONTINUOUS
10
5.7496135039370078
20
-4.4493282283464568
11
5.751344960629921
21
-4.4475967322834649
0
LINE
8
BLACK
6
CONTINUOUS
10
5.751344960629921
20
-4.4475967322834649
11
5.7531791732283466
21
-4.443928385826772
0
LINE
8
BLACK
6
CONTINUOUS
10
5.7531791732283466
20
-4.443928385826772
11
5.7531791732283466
21
-4.440491692913386
0
LINE
8
BLACK
6
CONTINUOUS
10
5.7531791732283466
20
-4.440491692913386
11
5.7513449999999997
21
-4.4368233464566931
0
LINE
8
BLACK
6
CONTINUOUS
10
5.7513449999999997
20
-4.4368233464566931
11
5.7496135039370078
21
-4.4350918503937011
0
LINE
8
BLACK
6
CONTINUOUS
10
5.7496135039370078
20
-4.4350918503937011
11
5.7457191732283466
21
-4.4331446850393696
0
LINE
8
BLACK
6
CONTINUOUS
10
5.7457191732283466
20
-4.4331446850393696
11
5.7371702755905511
21
-4.4310074803149604
0
LINE
8
BLACK
6
CONTINUOUS
10
5.7371702755905511
20
-4.4310074803149604
11
5.7369876377952753
21
-4.430872165354331
0
LINE
8
BLACK
6
CONTINUOUS
10
5.7369876377952753
20
-4.430872165354331
11
5.7367609055118107
21
-4.4308560629921256
0
LINE
8
BLACK
6
CONTINUOUS
10
5.7367609055118107
20
-4.4308560629921256
11
5.7323799606299213
21
-4.4286655511811022
0
LINE
8
BLACK
6
CONTINUOUS
10
5.7323799606299213
20
-4.4286655511811022
11
5.7321642519685039
21
-4.4284168503937007
0
LINE
8
BLACK
6
CONTINUOUS
10
5.7321642519685039
20
-4.4284168503937007
11
5.7318601968503939
21
-4.4282909055118109
0
LINE
8
BLACK
6
CONTINUOUS
10
5.7318601968503939
20
-4.4282909055118109
11
5.7296697244094483
21
-4.4261004330708662
0
LINE
8
BLACK
6
CONTINUOUS
10
5.7296697244094483
20
-4.4261004330708662
11
5.7295437401574798
21
-4.4257962992125988
0
LINE
8
BLACK
6
CONTINUOUS
10
5.7295437401574798
20
-4.4257962992125988
11
5.7292950787401571
21
-4.4255806299212601
0
LINE
8
BLACK
6
CONTINUOUS
10
5.7292950787401571
20
-4.4255806299212601
11
5.7271046062992124
21
-4.4211996850393698
0
LINE
8
BLACK
6
CONTINUOUS
10
5.7271046062992124
20
-4.4211996850393698
11
5.7270715748031495
21
-4.4207353149606297
0
LINE
8
BLACK
6
CONTINUOUS
10
5.7270715748031495
20
-4.4207353149606297
11
5.7268934645669294
21
-4.4203052755905512
0
LINE
8
BLACK
6
CONTINUOUS
10
5.7268934645669294
20
-4.4203052755905512
11
5.7268934645669294
21
-4.4159243307086617
0
LINE
8
BLACK
6
CONTINUOUS
10
5.7268934645669294
20
-4.4159243307086617
11
5.7270715748031495
21
-4.4154942519685036
0
LINE
8
BLACK
6
CONTINUOUS
10
5.7270715748031495
20
-4.4154942519685036
11
5.7271046062992124
21
-4.4150299212598423
0
LINE
8
BLACK
6
CONTINUOUS
10
5.7271046062992124
20
-4.4150299212598423
11
5.7292950787401571
21
-4.4106489763779528
0
LINE
8
BLACK
6
CONTINUOUS
10
5.7292950787401571
20
-4.4106489763779528
11
5.7295437401574798
21
-4.4104332677165354
0
LINE
8
BLACK
6
CONTINUOUS
10
5.7295437401574798
20
-4.4104332677165354
11
5.7296697244094483
21
-4.4101291732283467
0
LINE
8
BLACK
6
CONTINUOUS
10
5.7296697244094483
20
-4.4101291732283467
11
5.7318601968503939
21
-4.4079387007874011
0
LINE
8
BLACK
6
CONTINUOUS
10
5.7318601968503939
20
-4.4079387007874011
11
5.7321643307086614
21
-4.4078127165354326
0
LINE
8
BLACK
6
CONTINUOUS
10
5.7321643307086614
20
-4.4078127165354326
11
5.73238
21
-4.4075640551181099
0
LINE
8
BLACK
6
CONTINUOUS
10
5.73238
20
-4.4075640551181099
11
5.7367609055118107
21
-4.4053735826771652
0
LINE
8
BLACK
6
CONTINUOUS
10
5.7367609055118107
20
-4.4053735826771652
11
5.7372252755905508
21
-4.4053405511811023
0
LINE
8
BLACK
6
CONTINUOUS
10
5.7372252755905508
20
-4.4053405511811023
11
5.7376553543307089
21
-4.4051624409448822
0
LINE
8
BLACK
6
CONTINUOUS
10
5.7376553543307089
20
-4.4051624409448822
11
5.7486077559055113
21
-4.4051624409448822
0
LINE
8
BLACK
6
CONTINUOUS
10
5.7486077559055113
20
-4.4051624409448822
11
5.7489118503937009
21
-4.405288385826772
0
LINE
8
BLACK
6
CONTINUOUS
10
5.908063346456693
20
-4.4125368503937006
11
5.9083141732283462
21
-4.4124995669291334
0
LINE
8
BLACK
6
CONTINUOUS
10
5.9083141732283462
20
-4.4124995669291334
11
5.9170760236220472
21
-4.414690039370079
0
LINE
8
BLACK
6
CONTINUOUS
10
5.9170760236220472
20
-4.414690039370079
11
5.9175081102362199
21
-4.4150101968503934
0
LINE
8
BLACK
6
CONTINUOUS
10
5.9175081102362199
20
-4.4150101968503934
11
5.9180051968503937
21
-4.415216102362205
0
LINE
8
BLACK
6
CONTINUOUS
10
5.9180051968503937
20
-4.415216102362205
11
5.9223861811023619
21
-4.4195970472440944
0
LINE
8
BLACK
6
CONTINUOUS
10
5.9223861811023619
20
-4.4195970472440944
11
5.9225121259842517
21
-4.4199011811023619
0
LINE
8
BLACK
6
CONTINUOUS
10
5.9225121259842517
20
-4.4199011811023619
11
5.9227608267716532
21
-4.4201168503937005
0
LINE
8
BLACK
6
CONTINUOUS
10
5.9227608267716532
20
-4.4201168503937005
11
5.9249512992125979
21
-4.4244977559055121
0
LINE
8
BLACK
6
CONTINUOUS
10
5.9249512992125979
20
-4.4244977559055121
11
5.9249842913385828
21
-4.4249621259842522
0
LINE
8
BLACK
6
CONTINUOUS
10
5.9249842913385828
20
-4.4249621259842522
11
5.9251624409448818
21
-4.4253922047244094
0
LINE
8
BLACK
6
CONTINUOUS
10
5.9251624409448818
20
-4.4253922047244094
11
5.9251624409448818
21
-4.434154133858268
0
LINE
8
BLACK
6
CONTINUOUS
10
5.9251624409448818
20
-4.434154133858268
11
5.9249842913385828
21
-4.4345841732283464
0
LINE
8
BLACK
6
CONTINUOUS
10
5.9249842913385828
20
-4.4345841732283464
11
5.9249512992125979
21
-4.4350485826771653
0
LINE
8
BLACK
6
CONTINUOUS
10
5.9249512992125979
20
-4.4350485826771653
11
5.9227608267716532
21
-4.439429488188976
0
LINE
8
BLACK
6
CONTINUOUS
10
5.9227608267716532
20
-4.439429488188976
11
5.9225121259842517
21
-4.4396451181102359
0
LINE
8
BLACK
6
CONTINUOUS
10
5.9225121259842517
20
-4.4396451181102359
11
5.9223861811023619
21
-4.439949291338583
0
LINE
8
BLACK
6
CONTINUOUS
10
5.9223861811023619
20
-4.439949291338583
11
5.9180051968503937
21
-4.4443302362204724
0
LINE
8
BLACK
6
CONTINUOUS
10
5.9180051968503937
20
-4.4443302362204724
11
5.9175081102362199
21
-4.4445361023622043
0
LINE
8
BLACK
6
CONTINUOUS
10
5.9175081102362199
20
-4.4445361023622043
11
5.9170760236220472
21
-4.4448562992125984
0
LINE
8
BLACK
6
CONTINUOUS
10
5.9170760236220472
20
-4.4448562992125984
11
5.9083141732283462
21
-4.4470467716535431
0
LINE
8
BLACK
6
CONTINUOUS
10
5.9083141732283462
20
-4.4470467716535431
11
5.908063346456693
21
-4.4470094488188971
0
LINE
8
BLACK
6
CONTINUOUS
10
5.908063346456693
20
-4.4470094488188971
11
5.9078290944881893
21
-4.4471064960629922
0
LINE
8
BLACK
6
CONTINUOUS
10
5.9078290944881893
20
-4.4471064960629922
11
5.8924957480314957
21
-4.4471064960629922
0
LINE
8
BLACK
6
CONTINUOUS
10
5.8924957480314957
20
-4.4471064960629922
11
5.8922614566929132
21
-4.4470094488188971
0
LINE
8
BLACK
6
CONTINUOUS
10
5.8922614566929132
20
-4.4470094488188971
11
5.8920106692913388
21
-4.4470467716535431
0
LINE
8
BLACK
6
CONTINUOUS
10
5.8920106692913388
20
-4.4470467716535431
11
5.883248779527559
21
-4.4448562992125984
0
LINE
8
BLACK
6
CONTINUOUS
10
5.883248779527559
20
-4.4448562992125984
11
5.8828165748031491
21
-4.4445360629921256
0
LINE
8
BLACK
6
CONTINUOUS
10
5.8828165748031491
20
-4.4445360629921256
11
5.8823196456692912
21
-4.4443302362204724
0
LINE
8
BLACK
6
CONTINUOUS
10
5.8823196456692912
20
-4.4443302362204724
11
5.8779387007874018
21
-4.439949291338583
0
LINE
8
BLACK
6
CONTINUOUS
10
5.8779387007874018
20
-4.439949291338583
11
5.8778127165354332
21
-4.4396451574803146
0
LINE
8
BLACK
6
CONTINUOUS
10
5.8778127165354332
20
-4.4396451574803146
11
5.8775640551181105
21
-4.439429488188976
0
LINE
8
BLACK
6
CONTINUOUS
10
5.8775640551181105
20
-4.439429488188976
11
5.8753735826771649
21
-4.4350485433070865
0
LINE
8
BLACK
6
CONTINUOUS
10
5.8753735826771649
20
-4.4350485433070865
11
5.8753405511811021
21
-4.4345841732283464
0
LINE
8
BLACK
6
CONTINUOUS
10
5.8753405511811021
20
-4.4345841732283464
11
5.8751624409448819
21
-4.434154133858268
0
LINE
8
BLACK
6
CONTINUOUS
10
5.8751624409448819
20
-4.434154133858268
11
5.8751624409448819
21
-4.4253922047244094
0
LINE
8
BLACK
6
CONTINUOUS
10
5.8751624409448819
20
-4.4253922047244094
11
5.8753405511811021
21
-4.4249621259842522
0
LINE
8
BLACK
6
CONTINUOUS
10
5.8753405511811021
20
-4.4249621259842522
11
5.8753735826771649
21
-4.4244977952755908
0
LINE
8
BLACK
6
CONTINUOUS
10
5.8753735826771649
20
-4.4244977952755908
11
5.8775640551181105
21
-4.4201168503937005
0
LINE
8
BLACK
6
CONTINUOUS
10
5.8775640551181105
20
-4.4201168503937005
11
5.8778127165354332
21
-4.4199011417322831
0
LINE
8
BLACK
6
CONTINUOUS
10
5.8778127165354332
20
-4.4199011417322831
11
5.8779387007874018
21
-4.4195970472440944
0
LINE
8
BLACK
6
CONTINUOUS
10
5.8779387007874018
20
-4.4195970472440944
11
5.8823196456692912
21
-4.415216102362205
0
LINE
8
BLACK
6
CONTINUOUS
10
5.8823196456692912
20
-4.415216102362205
11
5.8828165748031491
21
-4.4150102362204722
0
LINE
8
BLACK
6
CONTINUOUS
10
5.8828165748031491
20
-4.4150102362204722
11
5.883248779527559
21
-4.414690039370079
0
LINE
8
BLACK
6
CONTINUOUS
10
5.883248779527559
20
-4.414690039370079
11
5.8920106692913388
21
-4.4124995669291334
0
LINE
8
BLACK
6
CONTINUOUS
10
5.8920106692913388
20
-4.4124995669291334
11
5.8922614566929132
21
-4.4125368503937006
0
LINE
8
BLACK
6
CONTINUOUS
10
5.8922614566929132
20
-4.4125368503937006
11
5.8924957480314957
21
-4.4124398425196851
0
LINE
8
BLACK
6
CONTINUOUS
10
5.8924957480314957
20
-4.4124398425196851
11
5.9078290944881893
21
-4.4124398425196851
0
LINE
8
BLACK
6
CONTINUOUS
10
5.9078290944881893
20
-4.4124398425196851
11
5.908063346456693
21
-4.4125368503937006
0
LINE
8
BLACK
6
CONTINUOUS
10
5.8847563385826769
20
-4.418436220472441
11
5.8809966141732284
21
-4.4221959448818895
0
LINE
8
BLACK
6
CONTINUOUS
10
5.8809966141732284
20
-4.4221959448818895
11
5.8791624409448815
21
-4.4258643307086611
0
LINE
8
BLACK
6
CONTINUOUS
10
5.8791624409448815
20
-4.4258643307086611
11
5.8791624409448815
21
-4.4336819685039366
0
LINE
8
BLACK
6
CONTINUOUS
10
5.8791624409448815
20
-4.4336819685039366
11
5.8809966141732284
21
-4.4373503543307082
0
LINE
8
BLACK
6
CONTINUOUS
10
5.8809966141732284
20
-4.4373503543307082
11
5.8847563385826769
21
-4.4411100787401576
0
LINE
8
BLACK
6
CONTINUOUS
10
5.8847563385826769
20
-4.4411100787401576
11
5.8927418897637791
21
-4.4431064960629918
0
LINE
8
BLACK
6
CONTINUOUS
10
5.8927418897637791
20
-4.4431064960629918
11
5.9075829133858262
21
-4.4431064960629918
0
LINE
8
BLACK
6
CONTINUOUS
10
5.9075829133858262
20
-4.4431064960629918
11
5.9155684645669293
21
-4.4411100787401576
0
LINE
8
BLACK
6
CONTINUOUS
10
5.9155684645669293
20
-4.4411100787401576
11
5.9193282677165353
21
-4.4373503149606295
0
LINE
8
BLACK
6
CONTINUOUS
10
5.9193282677165353
20
-4.4373503149606295
11
5.9211624409448813
21
-4.4336820078740153
0
LINE
8
BLACK
6
CONTINUOUS
10
5.9211624409448813
20
-4.4336820078740153
11
5.9211624409448813
21
-4.4258643307086611
0
LINE
8
BLACK
6
CONTINUOUS
10
5.9211624409448813
20
-4.4258643307086611
11
5.9193282677165353
21
-4.4221959842519682
0
LINE
8
BLACK
6
CONTINUOUS
10
5.9193282677165353
20
-4.4221959842519682
11
5.9155684645669293
21
-4.418436220472441
0
LINE
8
BLACK
6
CONTINUOUS
10
5.9155684645669293
20
-4.418436220472441
11
5.9075829133858262
21
-4.4164398425196847
0
LINE
8
BLACK
6
CONTINUOUS
10
5.9075829133858262
20
-4.4164398425196847
11
5.8927418897637791
21
-4.4164398425196847
0
LINE
8
BLACK
6
CONTINUOUS
10
5.8927418897637791
20
-4.4164398425196847
11
5.8847563385826769
21
-4.418436220472441
0
LINE
8
BLACK
6
CONTINUOUS
10
5.9148305511811019
20
-4.366617952755905
11
5.915294921259842
21
-4.3666509842519687
0
LINE
8
BLACK
6
CONTINUOUS
10
5.915294921259842
20
-4.3666509842519687
11
5.9196758661417324
21
-4.3688414566929135
0
LINE
8
BLACK
6
CONTINUOUS
10
5.9196758661417324
20
-4.3688414566929135
11
5.919891535433071
21
-4.3690901181102362
0
LINE
8
BLACK
6
CONTINUOUS
10
5.919891535433071
20
-4.3690901181102362
11
5.9201956692913384
21
-4.3692161023622047
0
LINE
8
BLACK
6
CONTINUOUS
10
5.9201956692913384
20
-4.3692161023622047
11
5.9223861811023619
21
-4.3714065748031494
0
LINE
8
BLACK
6
CONTINUOUS
10
5.9223861811023619
20
-4.3714065748031494
11
5.9225121259842517
21
-4.3717107086614169
0
LINE
8
BLACK
6
CONTINUOUS
10
5.9225121259842517
20
-4.3717107086614169
11
5.9227608267716532
21
-4.3719263779527555
0
LINE
8
BLACK
6
CONTINUOUS
10
5.9227608267716532
20
-4.3719263779527555
11
5.9249512992125979
21
-4.3763072834645671
0
LINE
8
BLACK
6
CONTINUOUS
10
5.9249512992125979
20
-4.3763072834645671
11
5.9249842913385828
21
-4.3767716535433072
0
LINE
8
BLACK
6
CONTINUOUS
10
5.9249842913385828
20
-4.3767716535433072
11
5.9251624409448818
21
-4.3772017322834644
0
LINE
8
BLACK
6
CONTINUOUS
10
5.9251624409448818
20
-4.3772017322834644
11
5.9251624409448818
21
-4.385963661417323
0
LINE
8
BLACK
6
CONTINUOUS
10
5.9251624409448818
20
-4.385963661417323
11
5.9249842913385828
21
-4.3863937007874014
0
LINE
8
BLACK
6
CONTINUOUS
10
5.9249842913385828
20
-4.3863937007874014
11
5.9249512992125979
21
-4.3868581102362203
0
LINE
8
BLACK
6
CONTINUOUS
10
5.9249512992125979
20
-4.3868581102362203
11
5.9227608267716532
21
-4.391239015748031
0
LINE
8
BLACK
6
CONTINUOUS
10
5.9227608267716532
20
-4.391239015748031
11
5.9225121259842517
21
-4.3914546456692909
0
LINE
8
BLACK
6
CONTINUOUS
10
5.9225121259842517
20
-4.3914546456692909
11
5.9223861811023619
21
-4.391758818897638
0
LINE
8
BLACK
6
CONTINUOUS
10
5.9223861811023619
20
-4.391758818897638
11
5.9201956692913384
21
-4.3939492913385827
0
LINE
8
BLACK
6
CONTINUOUS
10
5.9201956692913384
20
-4.3939492913385827
11
5.919891535433071
21
-4.3940752362204725
0
LINE
8
BLACK
6
CONTINUOUS
10
5.919891535433071
20
-4.3940752362204725
11
5.9196758661417324
21
-4.3943239370078739
0
LINE
8
BLACK
6
CONTINUOUS
10
5.9196758661417324
20
-4.3943239370078739
11
5.915294921259842
21
-4.3965144094488187
0
LINE
8
BLACK
6
CONTINUOUS
10
5.915294921259842
20
-4.3965144094488187
11
5.9148305511811019
21
-4.3965474015748027
0
LINE
8
BLACK
6
CONTINUOUS
10
5.9148305511811019
20
-4.3965474015748027
11
5.9144005118110234
21
-4.3967255511811025
0
LINE
8
BLACK
6
CONTINUOUS
10
5.9144005118110234
20
-4.3967255511811025
11
5.8771624409448817
21
-4.3967255511811025
0
LINE
8
BLACK
6
CONTINUOUS
10
5.8771624409448817
20
-4.3967255511811025
11
5.8757482283464562
21
-4.3961397637795274
0
LINE
8
BLACK
6
CONTINUOUS
10
5.8757482283464562
20
-4.3961397637795274
11
5.8751624409448819
21
-4.3947255511811019
0
LINE
8
BLACK
6
CONTINUOUS
10
5.8751624409448819
20
-4.3947255511811019
11
5.8757482283464562
21
-4.3933113385826772
0
LINE
8
BLACK
6
CONTINUOUS
10
5.8757482283464562
20
-4.3933113385826772
11
5.8771624409448817
21
-4.3927255511811021
0
LINE
8
BLACK
6
CONTINUOUS
10
5.8771624409448817
20
-4.3927255511811021
11
5.9139283858267717
21
-4.3927255511811021
0
LINE
8
BLACK
6
CONTINUOUS
10
5.9139283858267717
20
-4.3927255511811021
11
5.9175967322834646
21
-4.3908913385826773
0
LINE
8
BLACK
6
CONTINUOUS
10
5.9175967322834646
20
-4.3908913385826773
11
5.9193283070866141
21
-4.3891598031496066
0
LINE
8
BLACK
6
CONTINUOUS
10
5.9193283070866141
20
-4.3891598031496066
11
5.9211624409448813
21
-4.3854915354330704
0
LINE
8
BLACK
6
CONTINUOUS
10
5.9211624409448813
20
-4.3854915354330704
11
5.9211624409448813
21
-4.3776738582677162
0
LINE
8
BLACK
6
CONTINUOUS
10
5.9211624409448813
20
-4.3776738582677162
11
5.9193283070866141
21
-4.3740055905511808
0
LINE
8
BLACK
6
CONTINUOUS
10
5.9193283070866141
20
-4.3740055905511808
11
5.9175967322834646
21
-4.3722740157480313
0
LINE
8
BLACK
6
CONTINUOUS
10
5.9175967322834646
20
-4.3722740157480313
11
5.9139283858267717
21
-4.3704398425196853
0
LINE
8
BLACK
6
CONTINUOUS
10
5.9139283858267717
20
-4.3704398425196853
11
5.8771624409448817
21
-4.3704398425196853
0
LINE
8
BLACK
6
CONTINUOUS
10
5.8771624409448817
20
-4.3704398425196853
11
5.8757482283464562
21
-4.3698540551181102
0
LINE
8
BLACK
6
CONTINUOUS
10
5.8757482283464562
20
-4.3698540551181102
11
5.8751624409448819
21
-4.3684398425196846
0
LINE
8
BLACK
6
CONTINUOUS
10
5.8751624409448819
20
-4.3684398425196846
11
5.8757482283464562
21
-4.36702562992126
0
LINE
8
BLACK
6
CONTINUOUS
10
5.8757482283464562
20
-4.36702562992126
11
5.8771624409448817
21
-4.3664398425196849
0
LINE
8
BLACK
6
CONTINUOUS
10
5.8771624409448817
20
-4.3664398425196849
11
5.9144005118110234
21
-4.3664398425196849
0
LINE
8
BLACK
6
CONTINUOUS
10
5.9144005118110234
20
-4.3664398425196849
11
5.9148305511811019
21
-4.366617952755905
0
LINE
8
BLACK
6
CONTINUOUS
10
5.5396851181102358
20
-4.1991858661417325
11
5.5404370078740159
21
-4.2015000000000002
0
LINE
8
BLACK
6
CONTINUOUS
10
5.5404370078740159
20
-4.2015000000000002
11
5.5404370078740159
21
-4.3665000000000003
0
LINE
8
BLACK
6
CONTINUOUS
10
5.5404370078740159
20
-4.3665000000000003
11
5.5396851181102358
21
-4.368814133858268
0
LINE
8
BLACK
6
CONTINUOUS
10
5.5396851181102358
20
-4.368814133858268
11
5.5377166141732284
21
-4.3702443307086609
0
LINE
8
BLACK
6
CONTINUOUS
10
5.5377166141732284
20
-4.3702443307086609
11
5.5352833858267712
21
-4.3702443307086609
0
LINE
8
BLACK
6
CONTINUOUS
10
5.5352833858267712
20
-4.3702443307086609
11
5.5333148818897637
21
-4.368814133858268
0
LINE
8
BLACK
6
CONTINUOUS
10
5.5333148818897637
20
-4.368814133858268
11
5.5325629921259845
21
-4.3665000000000003
0
LINE
8
BLACK
6
CONTINUOUS
10
5.5325629921259845
20
-4.3665000000000003
11
5.5325629921259845
21
-4.2015000000000002
0
LINE
8
BLACK
6
CONTINUOUS
10
5.5325629921259845
20
-4.2015000000000002
11
5.5333148818897637
21
-4.1991858661417325
0
LINE
8
BLACK
6
CONTINUOUS
10
5.5333148818897637
20
-4.1991858661417325
11
5.5352833858267712
21
-4.1977556692913387
0
LINE
8
BLACK
6
CONTINUOUS
10
5.5352833858267712
20
-4.1977556692913387
11
5.5377166141732284
21
-4.1977556692913387
0
LINE
8
BLACK
6
CONTINUOUS
10
5.5377166141732284
20
-4.1977556692913387
11
5.5396851181102358
21
-4.1991858661417325
0
LINE
8
BLACK
6
CONTINUOUS
10
5.7084029133858269
20
-4.3057482283464568
11
5.7089887007874012
21
-4.3071624409448814
0
LINE
8
BLACK
6
CONTINUOUS
10
5.7089887007874012
20
-4.3071624409448814
11
5.7084029133858269
21
-4.308576653543307
0
LINE
8
BLACK
6
CONTINUOUS
10
5.7084029133858269
20
-4.308576653543307
11
5.7069887007874014
21
-4.3091624409448821
0
LINE
8
BLACK
6
CONTINUOUS
10
5.7069887007874014
20
-4.3091624409448821
11
5.6870839370078743
21
-4.3091624409448821
0
LINE
8
BLACK
6
CONTINUOUS
10
5.6870839370078743
20
-4.3091624409448821
11
5.6870839370078743
21
-4.3270672047244094
0
LINE
8
BLACK
6
CONTINUOUS
10
5.6870839370078743
20
-4.3270672047244094
11
5.7004172834645672
21
-4.3270672047244094
0
LINE
8
BLACK
6
CONTINUOUS
10
5.7004172834645672
20
-4.3270672047244094
11
5.7018314960629919
21
-4.3276529921259845
0
LINE
8
BLACK
6
CONTINUOUS
10
5.7018314960629919
20
-4.3276529921259845
11
5.702417283464567
21
-4.3290672047244092
0
LINE
8
BLACK
6
CONTINUOUS
10
5.702417283464567
20
-4.3290672047244092
11
5.7018314960629919
21
-4.3304814173228348
0
LINE
8
BLACK
6
CONTINUOUS
10
5.7018314960629919
20
-4.3304814173228348
11
5.7004172834645672
21
-4.331067204724409
0
LINE
8
BLACK
6
CONTINUOUS
10
5.7004172834645672
20
-4.331067204724409
11
5.6870839370078743
21
-4.331067204724409
0
LINE
8
BLACK
6
CONTINUOUS
10
5.6870839370078743
20
-4.331067204724409
11
5.6870839370078743
21
-4.3511624409448819
0
LINE
8
BLACK
6
CONTINUOUS
10
5.6870839370078743
20
-4.3511624409448819
11
5.7069887007874014
21
-4.3511624409448819
0
LINE
8
BLACK
6
CONTINUOUS
10
5.7069887007874014
20
-4.3511624409448819
11
5.7084029133858269
21
-4.351748228346457
0
LINE
8
BLACK
6
CONTINUOUS
10
5.7084029133858269
20
-4.351748228346457
11
5.7089887007874012
21
-4.3531624409448817
0
LINE
8
BLACK
6
CONTINUOUS
10
5.7089887007874012
20
-4.3531624409448817
11
5.7084029133858269
21
-4.3545766535433073
0
LINE
8
BLACK
6
CONTINUOUS
10
5.7084029133858269
20
-4.3545766535433073
11
5.7069887007874014
21
-4.3551624409448815
0
LINE
8
BLACK
6
CONTINUOUS
10
5.7069887007874014
20
-4.3551624409448815
11
5.6850839370078736
21
-4.3551624409448815
0
LINE
8
BLACK
6
CONTINUOUS
10
5.6850839370078736
20
-4.3551624409448815
11
5.683669724409449
21
-4.3545766535433073
0
LINE
8
BLACK
6
CONTINUOUS
10
5.683669724409449
20
-4.3545766535433073
11
5.6830839370078738
21
-4.3531624409448817
0
LINE
8
BLACK
6
CONTINUOUS
10
5.6830839370078738
20
-4.3531624409448817
11
5.6830839370078738
21
-4.3071624409448814
0
LINE
8
BLACK
6
CONTINUOUS
10
5.6830839370078738
20
-4.3071624409448814
11
5.683669724409449
21
-4.3057482283464568
0
LINE
8
BLACK
6
CONTINUOUS
10
5.683669724409449
20
-4.3057482283464568
11
5.6850839370078736
21
-4.3051624409448817
0
LINE
8
BLACK
6
CONTINUOUS
10
5.6850839370078736
20
-4.3051624409448817
11
5.7069887007874014
21
-4.3051624409448817
0
LINE
8
BLACK
6
CONTINUOUS
10
5.7069887007874014
20
-4.3051624409448817
11
5.7084029133858269
21
-4.3057482283464568
0
LINE
8
BLACK
6
CONTINUOUS
10
5.7544029133858263
20
-4.3057482283464568
11
5.7549887007874014
21
-4.3071624409448814
0
LINE
8
BLACK
6
CONTINUOUS
10
5.7549887007874014
20
-4.3071624409448814
11
5.7549887007874014
21
-4.3531624409448817
0
LINE
8
BLACK
6
CONTINUOUS
10
5.7549887007874014
20
-4.3531624409448817
11
5.7548835826771656
21
-4.3534161811023617
0
LINE
8
BLACK
6
CONTINUOUS
10
5.7548835826771656
20
-4.3534161811023617
11
5.7549182283464564
21
-4.3536886614173227
0
LINE
8
BLACK
6
CONTINUOUS
10
5.7549182283464564
20
-4.3536886614173227
11
5.754601102362205
21
-4.3540981496062994
0
LINE
8
BLACK
6
CONTINUOUS
10
5.754601102362205
20
-4.3540981496062994
11
5.7544029133858263
21
-4.3545766535433073
0
LINE
8
BLACK
6
CONTINUOUS
10
5.7544029133858263
20
-4.3545766535433073
11
5.7541491338582675
21
-4.3546817322834643
0
LINE
8
BLACK
6
CONTINUOUS
10
5.7541491338582675
20
-4.3546817322834643
11
5.7539809842519682
21
-4.3548989370078743
0
LINE
8
BLACK
6
CONTINUOUS
10
5.7539809842519682
20
-4.3548989370078743
11
5.7534671653543308
21
-4.3549642519685037
0
LINE
8
BLACK
6
CONTINUOUS
10
5.7534671653543308
20
-4.3549642519685037
11
5.7529887007874017
21
-4.3551624409448815
0
LINE
8
BLACK
6
CONTINUOUS
10
5.7529887007874017
20
-4.3551624409448815
11
5.752734921259842
21
-4.3550573228346456
0
LINE
8
BLACK
6
CONTINUOUS
10
5.752734921259842
20
-4.3550573228346456
11
5.7524624803149607
21
-4.3550919685039373
0
LINE
8
BLACK
6
CONTINUOUS
10
5.7524624803149607
20
-4.3550919685039373
11
5.7520529527559052
21
-4.3547748425196851
0
LINE
8
BLACK
6
CONTINUOUS
10
5.7520529527559052
20
-4.3547748425196851
11
5.7515744881889761
21
-4.3545766535433073
0
LINE
8
BLACK
6
CONTINUOUS
10
5.7515744881889761
20
-4.3545766535433073
11
5.7514693700787403
21
-4.3543228740157476
0
LINE
8
BLACK
6
CONTINUOUS
10
5.7514693700787403
20
-4.3543228740157476
11
5.751252204724409
21
-4.3541547244094483
0
LINE
8
BLACK
6
CONTINUOUS
10
5.751252204724409
20
-4.3541547244094483
11
5.7287029921259842
21
-4.3146935826771653
0
LINE
8
BLACK
6
CONTINUOUS
10
5.7287029921259842
20
-4.3146935826771653
11
5.7287029921259842
21
-4.3531624409448817
0
LINE
8
BLACK
6
CONTINUOUS
10
5.7287029921259842
20
-4.3531624409448817
11
5.7281172047244091
21
-4.3545766535433073
0
LINE
8
BLACK
6
CONTINUOUS
10
5.7281172047244091
20
-4.3545766535433073
11
5.7267029921259844
21
-4.3551624409448815
0
LINE
8
BLACK
6
CONTINUOUS
10
5.7267029921259844
20
-4.3551624409448815
11
5.7252887795275589
21
-4.3545766535433073
0
LINE
8
BLACK
6
CONTINUOUS
10
5.7252887795275589
20
-4.3545766535433073
11
5.7247029921259838
21
-4.3531624409448817
0
LINE
8
BLACK
6
CONTINUOUS
10
5.7247029921259838
20
-4.3531624409448817
11
5.7247029921259838
21
-4.3071624409448814
0
LINE
8
BLACK
6
CONTINUOUS
10
5.7247029921259838
20
-4.3071624409448814
11
5.7248080708661417
21
-4.3069086614173226
0
LINE
8
BLACK
6
CONTINUOUS
10
5.7248080708661417
20
-4.3069086614173226
11
5.7247734645669288
21
-4.3066362204724404
0
LINE
8
BLACK
6
CONTINUOUS
10
5.7247734645669288
20
-4.3066362204724404
11
5.7250905511811023
21
-4.3062266929133859
0
LINE
8
BLACK
6
CONTINUOUS
10
5.7250905511811023
20
-4.3062266929133859
11
5.7252887795275589
21
-4.3057482283464568
0
LINE
8
BLACK
6
CONTINUOUS
10
5.7252887795275589
20
-4.3057482283464568
11
5.7255425196850389
21
-4.30564311023622
0
LINE
8
BLACK
6
CONTINUOUS
10
5.7255425196850389
20
-4.30564311023622
11
5.725710708661417
21
-4.3054259448818897
0
LINE
8
BLACK
6
CONTINUOUS
10
5.725710708661417
20
-4.3054259448818897
11
5.7262244881889766
21
-4.3053605905511807
0
LINE
8
BLACK
6
CONTINUOUS
10
5.7262244881889766
20
-4.3053605905511807
11
5.7267029921259844
21
-4.3051624409448817
0
LINE
8
BLACK
6
CONTINUOUS
10
5.7267029921259844
20
-4.3051624409448817
11
5.7269567322834645
21
-4.3052675196850396
0
LINE
8
BLACK
6
CONTINUOUS
10
5.7269567322834645
20
-4.3052675196850396
11
5.7272292125984254
21
-4.3052329133858267
0
LINE
8
BLACK
6
CONTINUOUS
10
5.7272292125984254
20
-4.3052329133858267
11
5.7276387007874012
21
-4.3055500000000002
0
LINE
8
BLACK
6
CONTINUOUS
10
5.7276387007874012
20
-4.3055500000000002
11
5.7281172047244091
21
-4.3057482283464568
0
LINE
8
BLACK
6
CONTINUOUS
10
5.7281172047244091
20
-4.3057482283464568
11
5.7282222834645671
21
-4.3060019685039368
0
LINE
8
BLACK
6
CONTINUOUS
10
5.7282222834645671
20
-4.3060019685039368
11
5.7284394881889762
21
-4.3061701574803148
0
LINE
8
BLACK
6
CONTINUOUS
10
5.7284394881889762
20
-4.3061701574803148
11
5.7509887007874019
21
-4.34563125984252
0
LINE
8
BLACK
6
CONTINUOUS
10
5.7509887007874019
20
-4.34563125984252
11
5.7509887007874019
21
-4.3071624409448814
0
LINE
8
BLACK
6
CONTINUOUS
10
5.7509887007874019
20
-4.3071624409448814
11
5.7515744881889761
21
-4.3057482283464568
0
LINE
8
BLACK
6
CONTINUOUS
10
5.7515744881889761
20
-4.3057482283464568
11
5.7529887007874017
21
-4.3051624409448817
0
LINE
8
BLACK
6
CONTINUOUS
10
5.7529887007874017
20
-4.3051624409448817
11
5.7544029133858263
21
-4.3057482283464568
0
LINE
8
BLACK
6
CONTINUOUS
10
5.8785766535433073
20
-4.3254065748031492
11
5.8791624409448815
21
-4.3268207874015747
0
LINE
8
BLACK
6
CONTINUOUS
10
5.8791624409448815
20
-4.3268207874015747
11
5.8791624409448815
21
-4.3379636614173229
0
LINE
8
BLACK
6
CONTINUOUS
10
5.8791624409448815
20
-4.3379636614173229
11
5.923162440944882
21
-4.3379636614173229
0
LINE
8
BLACK
6
CONTINUOUS
10
5.923162440944882
20
-4.3379636614173229
11
5.9245766535433066
21
-4.3385494488188971
0
LINE
8
BLACK
6
CONTINUOUS
10
5.9245766535433066
20
-4.3385494488188971
11
5.9251624409448818
21
-4.3399636614173227
0
LINE
8
BLACK
6
CONTINUOUS
10
5.9251624409448818
20
-4.3399636614173227
11
5.9245766535433066
21
-4.3413778740157483
0
LINE
8
BLACK
6
CONTINUOUS
10
5.9245766535433066
20
-4.3413778740157483
11
5.923162440944882
21
-4.3419636614173225
0
LINE
8
BLACK
6
CONTINUOUS
10
5.923162440944882
20
-4.3419636614173225
11
5.8791624409448815
21
-4.3419636614173225
0
LINE
8
BLACK
6
CONTINUOUS
10
5.8791624409448815
20
-4.3419636614173225
11
5.8791624409448815
21
-4.3531064960629919
0
LINE
8
BLACK
6
CONTINUOUS
10
5.8791624409448815
20
-4.3531064960629919
11
5.8785766535433073
21
-4.3545207086614175
0
LINE
8
BLACK
6
CONTINUOUS
10
5.8785766535433073
20
-4.3545207086614175
11
5.8771624409448817
21
-4.3551064960629917
0
LINE
8
BLACK
6
CONTINUOUS
10
5.8771624409448817
20
-4.3551064960629917
11
5.8757482283464562
21
-4.3545207086614175
0
LINE
8
BLACK
6
CONTINUOUS
10
5.8757482283464562
20
-4.3545207086614175
11
5.8751624409448819
21
-4.3531064960629919
0
LINE
8
BLACK
6
CONTINUOUS
10
5.8751624409448819
20
-4.3531064960629919
11
5.8751624409448819
21
-4.3268207874015747
0
LINE
8
BLACK
6
CONTINUOUS
10
5.8751624409448819
20
-4.3268207874015747
11
5.8757482283464562
21
-4.3254065748031492
0
LINE
8
BLACK
6
CONTINUOUS
10
5.8757482283464562
20
-4.3254065748031492
11
5.8771624409448817
21
-4.3248207874015749
0
LINE
8
BLACK
6
CONTINUOUS
10
5.8771624409448817
20
-4.3248207874015749
11
5.8785766535433073
21
-4.3254065748031492
0
LINE
8
BLACK
6
CONTINUOUS
10
6.0013485826771653
20
-3.8214331496062992
11
6.0142825984251971
21
-3.8244985433070866
0
LINE
8
BLACK
6
CONTINUOUS
10
6.0142825984251971
20
-3.8244985433070866
11
6.0267732677165355
21
-3.829044803149606
0
LINE
8
BLACK
6
CONTINUOUS
10
6.0267732677165355
20
-3.829044803149606
11
6.038651692913386
21
-3.8350103543307084
0
LINE
8
BLACK
6
CONTINUOUS
10
6.038651692913386
20
-3.8350103543307084
11
6.0497572440944882
21
-3.8423146062992126
0
LINE
8
BLACK
6
CONTINUOUS
10
6.0497572440944882
20
-3.8423146062992126
11
6.0599397244094488
21
-3.8508587401574803
0
LINE
8
BLACK
6
CONTINUOUS
10
6.0599397244094488
20
-3.8508587401574803
11
6.0690614566929133
21
-3.8605272047244092
0
LINE
8
BLACK
6
CONTINUOUS
10
6.0690614566929133
20
-3.8605272047244092
11
6.0769990944881886
21
-3.8711892519685041
0
LINE
8
BLACK
6
CONTINUOUS
10
6.0769990944881886
20
-3.8711892519685041
11
6.0836452362204723
21
-3.8827007480314961
0
LINE
8
BLACK
6
CONTINUOUS
10
6.0836452362204723
20
-3.8827007480314961
11
6.088910039370079
21
-3.8949059448818897
0
LINE
8
BLACK
6
CONTINUOUS
10
6.088910039370079
20
-3.8949059448818897
11
6.0927223228346454
21
-3.9076398425196848
0
LINE
8
BLACK
6
CONTINUOUS
10
6.0927223228346454
20
-3.9076398425196848
11
6.0950305118110233
21
-3.9207301968503936
0
LINE
8
BLACK
6
CONTINUOUS
10
6.0950305118110233
20
-3.9207301968503936
11
6.0958033858267715
21
-3.9339999999999997
0
LINE
8
BLACK
6
CONTINUOUS
10
6.0958033858267715
20
-3.9339999999999997
11
6.0950305118110233
21
-3.9472698031496063
0
LINE
8
BLACK
6
CONTINUOUS
10
6.0950305118110233
20
-3.9472698031496063
11
6.0927223228346454
21
-3.9603601574803147
0
LINE
8
BLACK
6
CONTINUOUS
10
6.0927223228346454
20
-3.9603601574803147
11
6.088910039370079
21
-3.9730940551181102
0
LINE
8
BLACK
6
CONTINUOUS
10
6.088910039370079
20
-3.9730940551181102
11
6.0836452362204723
21
-3.9852992519685038
0
LINE
8
BLACK
6
CONTINUOUS
10
6.0836452362204723
20
-3.9852992519685038
11
6.0769990944881886
21
-3.9968107480314958
0
LINE
8
BLACK
6
CONTINUOUS
10
6.0769990944881886
20
-3.9968107480314958
11
6.0690614566929133
21
-4.0074727952755902
0
LINE
8
BLACK
6
CONTINUOUS
10
6.0690614566929133
20
-4.0074727952755902
11
6.0599397244094488
21
-4.0171412598425196
0
LINE
8
BLACK
6
CONTINUOUS
10
6.0599397244094488
20
-4.0171412598425196
11
6.0497572440944882
21
-4.0256853937007877
0
LINE
8
BLACK
6
CONTINUOUS
10
6.0497572440944882
20
-4.0256853937007877
11
6.038651692913386
21
-4.0329896456692911
0
LINE
8
BLACK
6
CONTINUOUS
10
6.038651692913386
20
-4.0329896456692911
11
6.0267732677165355
21
-4.0389551968503934
0
LINE
8
BLACK
6
CONTINUOUS
10
6.0267732677165355
20
-4.0389551968503934
11
6.0142825984251971
21
-4.0435014566929137
0
LINE
8
BLACK
6
CONTINUOUS
10
6.0142825984251971
20
-4.0435014566929137
11
6.0013485826771653
21
-4.0465668503937007
0
LINE
8
BLACK
6
CONTINUOUS
10
6.0013485826771653
20
-4.0465668503937007
11
5.9881461417322832
21
-4.0481100000000003
0
LINE
8
BLACK
6
CONTINUOUS
10
5.9881461417322832
20
-4.0481100000000003
11
5.974853858267716
21
-4.0481100000000003
0
LINE
8
BLACK
6
CONTINUOUS
10
5.974853858267716
20
-4.0481100000000003
11
5.9616514173228348
21
-4.0465668503937007
0
LINE
8
BLACK
6
CONTINUOUS
10
5.9616514173228348
20
-4.0465668503937007
11
5.948717401574803
21
-4.0435014566929137
0
LINE
8
BLACK
6
CONTINUOUS
10
5.948717401574803
20
-4.0435014566929137
11
5.9362267322834645
21
-4.0389551968503934
0
LINE
8
BLACK
6
CONTINUOUS
10
5.9362267322834645
20
-4.0389551968503934
11
5.9243483070866141
21
-4.0329896456692911
0
LINE
8
BLACK
6
CONTINUOUS
10
5.9243483070866141
20
-4.0329896456692911
11
5.9132427559055118
21
-4.0256853937007877
0
LINE
8
BLACK
6
CONTINUOUS
10
5.9132427559055118
20
-4.0256853937007877
11
5.9030602755905512
21
-4.0171412598425196
0
LINE
8
BLACK
6
CONTINUOUS
10
5.9030602755905512
20
-4.0171412598425196
11
5.8939385433070868
21
-4.0074727952755902
0
LINE
8
BLACK
6
CONTINUOUS
10
5.8939385433070868
20
-4.0074727952755902
11
5.8860009055118105
21
-3.9968107480314958
0
LINE
8
BLACK
6
CONTINUOUS
10
5.8860009055118105
20
-3.9968107480314958
11
5.8793547637795278
21
-3.9852992519685038
0
LINE
8
BLACK
6
CONTINUOUS
10
5.8793547637795278
20
-3.9852992519685038
11
5.8740899606299211
21
-3.9730940551181102
0
LINE
8
BLACK
6
CONTINUOUS
10
5.8740899606299211
20
-3.9730940551181102
11
5.8702776771653538
21
-3.9603601574803147
0
LINE
8
BLACK
6
CONTINUOUS
10
5.8702776771653538
20
-3.9603601574803147
11
5.8679694881889759
21
-3.9472698031496063
0
LINE
8
BLACK
6
CONTINUOUS
10
5.8679694881889759
20
-3.9472698031496063
11
5.8671966141732286
21
-3.9339999999999997
0
LINE
8
BLACK
6
CONTINUOUS
10
5.8671966141732286
20
-3.9339999999999997
11
5.8679694881889759
21
-3.9207301968503936
0
LINE
8
BLACK
6
CONTINUOUS
10
5.8679694881889759
20
-3.9207301968503936
11
5.8702776771653538
21
-3.9076398425196848
0
LINE
8
BLACK
6
CONTINUOUS
10
5.8702776771653538
20
-3.9076398425196848
11
5.8740899606299211
21
-3.8949059448818897
0
LINE
8
BLACK
6
CONTINUOUS
10
5.8740899606299211
20
-3.8949059448818897
11
5.8793547637795278
21
-3.8827007480314961
0
LINE
8
BLACK
6
CONTINUOUS
10
5.8793547637795278
20
-3.8827007480314961
11
5.8860009055118105
21
-3.8711892519685041
0
LINE
8
BLACK
6
CONTINUOUS
10
5.8860009055118105
20
-3.8711892519685041
11
5.8939385433070868
21
-3.8605272047244092
0
LINE
8
BLACK
6
CONTINUOUS
10
5.8939385433070868
20
-3.8605272047244092
11
5.9030602755905512
21
-3.8508587401574803
0
LINE
8
BLACK
6
CONTINUOUS
10
5.9030602755905512
20
-3.8508587401574803
11
5.9132427559055118
21
-3.8423146062992126
0
LINE
8
BLACK
6
CONTINUOUS
10
5.9132427559055118
20
-3.8423146062992126
11
5.9243483070866141
21
-3.8350103543307084
0
LINE
8
BLACK
6
CONTINUOUS
10
5.9243483070866141
20
-3.8350103543307084
11
5.9362267322834645
21
-3.829044803149606
0
LINE
8
BLACK
6
CONTINUOUS
10
5.9362267322834645
20
-3.829044803149606
11
5.948717401574803
21
-3.8244985433070866
0
LINE
8
BLACK
6
CONTINUOUS
10
5.948717401574803
20
-3.8244985433070866
11
5.9616514173228348
21
-3.8214331496062992
0
LINE
8
BLACK
6
CONTINUOUS
10
5.9616514173228348
20
-3.8214331496062992
11
5.974853858267716
21
-3.81989
0
LINE
8
BLACK
6
CONTINUOUS
10
5.974853858267716
20
-3.81989
11
5.9881461417322832
21
-3.81989
0
LINE
8
BLACK
6
CONTINUOUS
10
5.9881461417322832
20
-3.81989
11
6.0013485826771653
21
-3.8214331496062992
0
LINE
8
BLACK
6
CONTINUOUS
10
5.8727952362204725
20
-3.9471991338582675
11
5.8751788188976377
21
-3.9602058267716536
0
LINE
8
BLACK
6
CONTINUOUS
10
5.8751788188976377
20
-3.9602058267716536
11
5.8791127952755904
21
-3.9728303543307084
0
LINE
8
BLACK
6
CONTINUOUS
10
5.8791127952755904
20
-3.9728303543307084
11
5.8845397637795278
21
-3.9848886614173229
0
LINE
8
BLACK
6
CONTINUOUS
10
5.8845397637795278
20
-3.9848886614173229
11
5.8913806692913386
21
-3.9962048818897635
0
LINE
8
BLACK
6
CONTINUOUS
10
5.8913806692913386
20
-3.9962048818897635
11
5.8995357086614169
21
-4.0066140157480312
0
LINE
8
BLACK
6
CONTINUOUS
10
5.8995357086614169
20
-4.0066140157480312
11
5.9088859842519685
21
-4.0159642913385829
0
LINE
8
BLACK
6
CONTINUOUS
10
5.9088859842519685
20
-4.0159642913385829
11
5.9192951181102362
21
-4.0241193307086611
0
LINE
8
BLACK
6
CONTINUOUS
10
5.9192951181102362
20
-4.0241193307086611
11
5.9306113385826773
21
-4.0309602362204719
0
LINE
8
BLACK
6
CONTINUOUS
10
5.9306113385826773
20
-4.0309602362204719
11
5.9426696456692909
21
-4.0363872047244094
0
LINE
8
BLACK
6
CONTINUOUS
10
5.9426696456692909
20
-4.0363872047244094
11
5.9552941732283466
21
-4.040321181102362
0
LINE
8
BLACK
6
CONTINUOUS
10
5.9552941732283466
20
-4.040321181102362
11
5.9683008661417318
21
-4.0427047637795273
0
LINE
8
BLACK
6
CONTINUOUS
10
5.9683008661417318
20
-4.0427047637795273
11
5.9814999999999996
21
-4.0435031496062992
0
LINE
8
BLACK
6
CONTINUOUS
10
5.9814999999999996
20
-4.0435031496062992
11
5.9946991338582674
21
-4.0427047637795273
0
LINE
8
BLACK
6
CONTINUOUS
10
5.9946991338582674
20
-4.0427047637795273
11
6.0077058267716534
21
-4.040321181102362
0
LINE
8
BLACK
6
CONTINUOUS
10
6.0077058267716534
20
-4.040321181102362
11
6.0203303543307083
21
-4.0363872047244094
0
LINE
8
BLACK
6
CONTINUOUS
10
6.0203303543307083
20
-4.0363872047244094
11
6.0323886614173228
21
-4.0309602362204719
0
LINE
8
BLACK
6
CONTINUOUS
10
6.0323886614173228
20
-4.0309602362204719
11
6.0437048818897638
21
-4.0241193307086611
0
LINE
8
BLACK
6
CONTINUOUS
10
6.0437048818897638
20
-4.0241193307086611
11
6.0541140157480315
21
-4.0159642913385829
0
LINE
8
BLACK
6
CONTINUOUS
10
6.0541140157480315
20
-4.0159642913385829
11
6.0634642913385823
21
-4.0066140157480312
0
LINE
8
BLACK
6
CONTINUOUS
10
6.0634642913385823
20
-4.0066140157480312
11
6.0716193307086614
21
-3.9962048818897635
0
LINE
8
BLACK
6
CONTINUOUS
10
6.0716193307086614
20
-3.9962048818897635
11
6.0784602362204723
21
-3.9848886614173229
0
LINE
8
BLACK
6
CONTINUOUS
10
6.0784602362204723
20
-3.9848886614173229
11
6.0838872047244097
21
-3.9728303543307084
0
LINE
8
BLACK
6
CONTINUOUS
10
6.0838872047244097
20
-3.9728303543307084
11
6.0878211811023624
21
-3.9602058267716536
0
LINE
8
BLACK
6
CONTINUOUS
10
6.0878211811023624
20
-3.9602058267716536
11
6.0902047637795276
21
-3.9471991338582675
0
LINE
8
BLACK
6
CONTINUOUS
10
6.0902047637795276
20
-3.9471991338582675
11
6.0910031496062995
21
-3.9339999999999997
0
LINE
8
BLACK
6
CONTINUOUS
10
6.0910031496062995
20
-3.9339999999999997
11
6.0902047637795276
21
-3.9208008661417324
0
LINE
8
BLACK
6
CONTINUOUS
10
6.0902047637795276
20
-3.9208008661417324
11
6.0878211811023624
21
-3.9077941732283463
0
LINE
8
BLACK
6
CONTINUOUS
10
6.0878211811023624
20
-3.9077941732283463
11
6.0838872047244097
21
-3.8951696456692915
0
LINE
8
BLACK
6
CONTINUOUS
10
6.0838872047244097
20
-3.8951696456692915
11
6.0784602362204723
21
-3.883111338582677
0
LINE
8
BLACK
6
CONTINUOUS
10
6.0784602362204723
20
-3.883111338582677
11
6.0716193307086614
21
-3.8717951181102359
0
LINE
8
BLACK
6
CONTINUOUS
10
6.0716193307086614
20
-3.8717951181102359
11
6.0634642913385823
21
-3.8613859842519682
0
LINE
8
BLACK
6
CONTINUOUS
10
6.0634642913385823
20
-3.8613859842519682
11
6.0541140157480315
21
-3.8520357086614174
0
LINE
8
BLACK
6
CONTINUOUS
10
6.0541140157480315
20
-3.8520357086614174
11
6.0437048818897638
21
-3.8438806692913383
0
LINE
8
BLACK
6
CONTINUOUS
10
6.0437048818897638
20
-3.8438806692913383
11
6.0323886614173228
21
-3.8370397637795275
0
LINE
8
BLACK
6
CONTINUOUS
10
6.0323886614173228
20
-3.8370397637795275
11
6.0203303543307083
21
-3.8316127952755905
0
LINE
8
BLACK
6
CONTINUOUS
10
6.0203303543307083
20
-3.8316127952755905
11
6.0077058267716534
21
-3.8276788188976378
0
LINE
8
BLACK
6
CONTINUOUS
10
6.0077058267716534
20
-3.8276788188976378
11
5.9946991338582674
21
-3.8252952362204722
0
LINE
8
BLACK
6
CONTINUOUS
10
5.9946991338582674
20
-3.8252952362204722
11
5.9814999999999996
21
-3.8244968503937007
0
LINE
8
BLACK
6
CONTINUOUS
10
5.9814999999999996
20
-3.8244968503937007
11
5.9683008661417318
21
-3.8252952362204722
0
LINE
8
BLACK
6
CONTINUOUS
10
5.9683008661417318
20
-3.8252952362204722
11
5.9552941732283466
21
-3.8276788188976378
0
LINE
8
BLACK
6
CONTINUOUS
10
5.9552941732283466
20
-3.8276788188976378
11
5.9426696456692909
21
-3.8316127952755905
0
LINE
8
BLACK
6
CONTINUOUS
10
5.9426696456692909
20
-3.8316127952755905
11
5.9306113385826773
21
-3.8370397637795275
0
LINE
8
BLACK
6
CONTINUOUS
10
5.9306113385826773
20
-3.8370397637795275
11
5.9192951181102362
21
-3.8438806692913383
0
LINE
8
BLACK
6
CONTINUOUS
10
5.9192951181102362
20
-3.8438806692913383
11
5.9088859842519685
21
-3.8520357086614174
0
LINE
8
BLACK
6
CONTINUOUS
10
5.9088859842519685
20
-3.8520357086614174
11
5.8995357086614169
21
-3.8613859842519682
0
LINE
8
BLACK
6
CONTINUOUS
10
5.8995357086614169
20
-3.8613859842519682
11
5.8913806692913386
21
-3.8717951181102359
0
LINE
8
BLACK
6
CONTINUOUS
10
5.8913806692913386
20
-3.8717951181102359
11
5.8845397637795278
21
-3.883111338582677
0
LINE
8
BLACK
6
CONTINUOUS
10
5.8845397637795278
20
-3.883111338582677
11
5.8791127952755904
21
-3.8951696456692915
0
LINE
8
BLACK
6
CONTINUOUS
10
5.8791127952755904
20
-3.8951696456692915
11
5.8751788188976377
21
-3.9077941732283463
0
LINE
8
BLACK
6
CONTINUOUS
10
5.8751788188976377
20
-3.9077941732283463
11
5.8727952362204725
21
-3.9208008661417324
0
LINE
8
BLACK
6
CONTINUOUS
10
5.8727952362204725
20
-3.9208008661417324
11
5.8719968503937006
21
-3.9339999999999997
0
LINE
8
BLACK
6
CONTINUOUS
10
5.8719968503937006
20
-3.9339999999999997
11
5.8727952362204725
21
-3.9471991338582675
0
LINE
8
BLACK
6
CONTINUOUS
10
6.1783503937007875
20
-3.7385866141732285
11
6.1801181496062991
21
-3.7393188582677164
0
LINE
8
BLACK
6
CONTINUOUS
10
6.1801181496062991
20
-3.7393188582677164
11
6.180850393700787
21
-3.7410866141732284
0
LINE
8
BLACK
6
CONTINUOUS
10
6.180850393700787
20
-3.7410866141732284
11
6.180850393700787
21
-4.1269133858267715
0
LINE
8
BLACK
6
CONTINUOUS
10
6.180850393700787
20
-4.1269133858267715
11
6.1801181496062991
21
-4.1286811417322831
0
LINE
8
BLACK
6
CONTINUOUS
10
6.1801181496062991
20
-4.1286811417322831
11
6.1783503937007875
21
-4.1294133858267719
0
LINE
8
BLACK
6
CONTINUOUS
10
6.1783503937007875
20
-4.1294133858267719
11
5.7846496062992125
21
-4.1294133858267719
0
LINE
8
BLACK
6
CONTINUOUS
10
5.7846496062992125
20
-4.1294133858267719
11
5.782881850393701
21
-4.1286811417322831
0
LINE
8
BLACK
6
CONTINUOUS
10
5.782881850393701
20
-4.1286811417322831
11
5.7821496062992122
21
-4.1269133858267715
0
LINE
8
BLACK
6
CONTINUOUS
10
5.7821496062992122
20
-4.1269133858267715
11
5.7821496062992122
21
-3.7410866141732284
0
LINE
8
BLACK
6
CONTINUOUS
10
5.7821496062992122
20
-3.7410866141732284
11
5.782881850393701
21
-3.7393188582677164
0
LINE
8
BLACK
6
CONTINUOUS
10
5.782881850393701
20
-3.7393188582677164
11
5.7846496062992125
21
-3.7385866141732285
0
LINE
8
BLACK
6
CONTINUOUS
10
5.7846496062992125
20
-3.7385866141732285
11
6.1783503937007875
21
-3.7385866141732285
0
LINE
8
BLACK
6
CONTINUOUS
10
5.787149606299212
20
-3.7435866141732284
11
5.787149606299212
21
-4.124413385826772
0
LINE
8
BLACK
6
CONTINUOUS
10
5.787149606299212
20
-4.124413385826772
11
6.1758503937007871
21
-4.124413385826772
0
LINE
8
BLACK
6
CONTINUOUS
10
6.1758503937007871
20
-4.124413385826772
11
6.1758503937007871
21
-3.7435866141732284
0
LINE
8
BLACK
6
CONTINUOUS
10
6.1758503937007871
20
-3.7435866141732284
11
5.787149606299212
21
-3.7435866141732284
0
LINE
8
BLACK
6
CONTINUOUS
10
5.6954257874015743
20
-3.7923084251968504
11
5.6958901574803145
21
-3.7923414566929132
0
LINE
8
BLACK
6
CONTINUOUS
10
5.6958901574803145
20
-3.7923414566929132
11
5.7002711023622048
21
-3.7945319291338584
0
LINE
8
BLACK
6
CONTINUOUS
10
5.7002711023622048
20
-3.7945319291338584
11
5.7004867716535434
21
-3.7947805905511811
0
LINE
8
BLACK
6
CONTINUOUS
10
5.7004867716535434
20
-3.7947805905511811
11
5.7007909055118109
21
-3.7949065748031496
0
LINE
8
BLACK
6
CONTINUOUS
10
5.7007909055118109
20
-3.7949065748031496
11
5.7029814173228344
21
-3.7970970472440944
0
LINE
8
BLACK
6
CONTINUOUS
10
5.7029814173228344
20
-3.7970970472440944
11
5.7031073622047241
21
-3.7974011811023622
0
LINE
8
BLACK
6
CONTINUOUS
10
5.7031073622047241
20
-3.7974011811023622
11
5.7033560629921256
21
-3.7976168503937009
0
LINE
8
BLACK
6
CONTINUOUS
10
5.7033560629921256
20
-3.7976168503937009
11
5.7055465354330703
21
-3.8019977559055116
0
LINE
8
BLACK
6
CONTINUOUS
10
5.7055465354330703
20
-3.8019977559055116
11
5.7055795275590553
21
-3.8024621259842517
0
LINE
8
BLACK
6
CONTINUOUS
10
5.7055795275590553
20
-3.8024621259842517
11
5.7057576771653542
21
-3.8028922047244094
0
LINE
8
BLACK
6
CONTINUOUS
10
5.7057576771653542
20
-3.8028922047244094
11
5.7057576771653542
21
-3.818416023622047
0
LINE
8
BLACK
6
CONTINUOUS
10
5.7057576771653542
20
-3.818416023622047
11
5.7256624409448822
21
-3.818416023622047
0
LINE
8
BLACK
6
CONTINUOUS
10
5.7256624409448822
20
-3.818416023622047
11
5.7270766535433069
21
-3.8190018110236221
0
LINE
8
BLACK
6
CONTINUOUS
10
5.7270766535433069
20
-3.8190018110236221
11
5.727662440944882
21
-3.8204160236220472
0
LINE
8
BLACK
6
CONTINUOUS
10
5.727662440944882
20
-3.8204160236220472
11
5.7270766535433069
21
-3.8218302362204724
0
LINE
8
BLACK
6
CONTINUOUS
10
5.7270766535433069
20
-3.8218302362204724
11
5.7256624409448822
21
-3.822416023622047
0
LINE
8
BLACK
6
CONTINUOUS
10
5.7256624409448822
20
-3.822416023622047
11
5.7037576771653544
21
-3.822416023622047
0
LINE
8
BLACK
6
CONTINUOUS
10
5.7037576771653544
20
-3.822416023622047
11
5.6796624409448819
21
-3.822416023622047
0
LINE
8
BLACK
6
CONTINUOUS
10
5.6796624409448819
20
-3.822416023622047
11
5.6782482283464564
21
-3.8218302362204724
0
LINE
8
BLACK
6
CONTINUOUS
10
5.6782482283464564
20
-3.8218302362204724
11
5.6776624409448821
21
-3.8204160236220472
0
LINE
8
BLACK
6
CONTINUOUS
10
5.6776624409448821
20
-3.8204160236220472
11
5.6776624409448821
21
-3.8028922047244094
0
LINE
8
BLACK
6
CONTINUOUS
10
5.6776624409448821
20
-3.8028922047244094
11
5.6778405511811023
21
-3.8024621259842517
0
LINE
8
BLACK
6
CONTINUOUS
10
5.6778405511811023
20
-3.8024621259842517
11
5.6778735826771651
21
-3.8019977952755903
0
LINE
8
BLACK
6
CONTINUOUS
10
5.6778735826771651
20
-3.8019977952755903
11
5.6800640551181099
21
-3.7976168503937009
0
LINE
8
BLACK
6
CONTINUOUS
10
5.6800640551181099
20
-3.7976168503937009
11
5.6803127165354326
21
-3.7974011417322835
0
LINE
8
BLACK
6
CONTINUOUS
10
5.6803127165354326
20
-3.7974011417322835
11
5.6804387007874011
21
-3.7970970472440944
0
LINE
8
BLACK
6
CONTINUOUS
10
5.6804387007874011
20
-3.7970970472440944
11
5.6826291732283467
21
-3.7949065748031496
0
LINE
8
BLACK
6
CONTINUOUS
10
5.6826291732283467
20
-3.7949065748031496
11
5.6829333070866141
21
-3.7947805905511811
0
LINE
8
BLACK
6
CONTINUOUS
10
5.6829333070866141
20
-3.7947805905511811
11
5.6831489763779528
21
-3.7945319291338584
0
LINE
8
BLACK
6
CONTINUOUS
10
5.6831489763779528
20
-3.7945319291338584
11
5.6875298818897635
21
-3.7923414566929132
0
LINE
8
BLACK
6
CONTINUOUS
10
5.6875298818897635
20
-3.7923414566929132
11
5.6879942519685036
21
-3.7923084251968504
0
LINE
8
BLACK
6
CONTINUOUS
10
5.6879942519685036
20
-3.7923084251968504
11
5.6884243307086617
21
-3.7921303149606298
0
LINE
8
BLACK
6
CONTINUOUS
10
5.6884243307086617
20
-3.7921303149606298
11
5.6949957480314959
21
-3.7921303149606298
0
LINE
8
BLACK
6
CONTINUOUS
10
5.6949957480314959
20
-3.7921303149606298
11
5.6954257874015743
21
-3.7923084251968504
0
LINE
8
BLACK
6
CONTINUOUS
10
5.6852281102362205
20
-3.7979644881889763
11
5.6834966141732286
21
-3.7996959448818899
0
LINE
8
BLACK
6
CONTINUOUS
10
5.6834966141732286
20
-3.7996959448818899
11
5.6816624409448817
21
-3.8033643307086615
0
LINE
8
BLACK
6
CONTINUOUS
10
5.6816624409448817
20
-3.8033643307086615
11
5.6816624409448817
21
-3.818416023622047
0
LINE
8
BLACK
6
CONTINUOUS
10
5.6816624409448817
20
-3.818416023622047
11
5.7017576771653546
21
-3.818416023622047
0
LINE
8
BLACK
6
CONTINUOUS
10
5.7017576771653546
20
-3.818416023622047
11
5.7017576771653546
21
-3.8033643307086615
0
LINE
8
BLACK
6
CONTINUOUS
10
5.7017576771653546
20
-3.8033643307086615
11
5.6999235433070865
21
-3.7996960629921257
0
LINE
8
BLACK
6
CONTINUOUS
10
5.6999235433070865
20
-3.7996960629921257
11
5.6981919685039371
21
-3.7979644881889763
0
LINE
8
BLACK
6
CONTINUOUS
10
5.6981919685039371
20
-3.7979644881889763
11
5.6945236220472442
21
-3.7961303149606298
0
LINE
8
BLACK
6
CONTINUOUS
10
5.6945236220472442
20
-3.7961303149606298
11
5.6888964566929134
21
-3.7961303149606298
0
LINE
8
BLACK
6
CONTINUOUS
10
5.6888964566929134
20
-3.7961303149606298
11
5.6852281102362205
21
-3.7979644881889763
0
LINE
8
BLACK
6
CONTINUOUS
10
5.6931093700787399
20
-3.7484467322834645
11
5.6934377165354331
21
-3.7484234251968505
0
LINE
8
BLACK
6
CONTINUOUS
10
5.6934377165354331
20
-3.7484234251968505
11
5.700009173228346
21
-3.7506138976377952
0
LINE
8
BLACK
6
CONTINUOUS
10
5.700009173228346
20
-3.7506138976377952
11
5.7003608267716537
21
-3.7509188976377952
0
LINE
8
BLACK
6
CONTINUOUS
10
5.7003608267716537
20
-3.7509188976377952
11
5.7007909055118109
21
-3.7510970472440945
0
LINE
8
BLACK
6
CONTINUOUS
10
5.7007909055118109
20
-3.7510970472440945
11
5.7236624409448815
21
-3.7739685433070864
0
LINE
8
BLACK
6
CONTINUOUS
10
5.7236624409448815
20
-3.7739685433070864
11
5.7236624409448815
21
-3.7503207874015749
0
LINE
8
BLACK
6
CONTINUOUS
10
5.7236624409448815
20
-3.7503207874015749
11
5.7242482283464566
21
-3.7489065748031494
0
LINE
8
BLACK
6
CONTINUOUS
10
5.7242482283464566
20
-3.7489065748031494
11
5.7256624409448822
21
-3.7483207874015747
0
LINE
8
BLACK
6
CONTINUOUS
10
5.7256624409448822
20
-3.7483207874015747
11
5.7270766535433069
21
-3.7489065748031494
0
LINE
8
BLACK
6
CONTINUOUS
10
5.7270766535433069
20
-3.7489065748031494
11
5.727662440944882
21
-3.7503207874015749
0
LINE
8
BLACK
6
CONTINUOUS
10
5.727662440944882
20
-3.7503207874015749
11
5.727662440944882
21
-3.7787969685039369
0
LINE
8
BLACK
6
CONTINUOUS
10
5.727662440944882
20
-3.7787969685039369
11
5.7270766535433069
21
-3.780211181102362
0
LINE
8
BLACK
6
CONTINUOUS
10
5.7270766535433069
20
-3.780211181102362
11
5.7256624409448822
21
-3.7807969685039371
0
LINE
8
BLACK
6
CONTINUOUS
10
5.7256624409448822
20
-3.7807969685039371
11
5.7242482283464566
21
-3.780211181102362
0
LINE
8
BLACK
6
CONTINUOUS
10
5.7242482283464566
20
-3.780211181102362
11
5.6982962992125987
21
-3.7542592913385824
0
LINE
8
BLACK
6
CONTINUOUS
10
5.6982962992125987
20
-3.7542592913385824
11
5.6924807480314961
21
-3.7523207874015747
0
LINE
8
BLACK
6
CONTINUOUS
10
5.6924807480314961
20
-3.7523207874015747
11
5.6888964566929134
21
-3.7523207874015747
0
LINE
8
BLACK
6
CONTINUOUS
10
5.6888964566929134
20
-3.7523207874015747
11
5.6852281102362205
21
-3.7541549606299212
0
LINE
8
BLACK
6
CONTINUOUS
10
5.6852281102362205
20
-3.7541549606299212
11
5.6834966141732286
21
-3.7558864173228343
0
LINE
8
BLACK
6
CONTINUOUS
10
5.6834966141732286
20
-3.7558864173228343
11
5.6816624409448817
21
-3.759554803149606
0
LINE
8
BLACK
6
CONTINUOUS
10
5.6816624409448817
20
-3.759554803149606
11
5.6816624409448817
21
-3.7695629133858266
0
LINE
8
BLACK
6
CONTINUOUS
10
5.6816624409448817
20
-3.7695629133858266
11
5.6834966141732286
21
-3.7732312992125983
0
LINE
8
BLACK
6
CONTINUOUS
10
5.6834966141732286
20
-3.7732312992125983
11
5.6854575984251969
21
-3.775192283464567
0
LINE
8
BLACK
6
CONTINUOUS
10
5.6854575984251969
20
-3.775192283464567
11
5.6860433858267712
21
-3.7766064960629921
0
LINE
8
BLACK
6
CONTINUOUS
10
5.6860433858267712
20
-3.7766064960629921
11
5.6854575984251969
21
-3.7780207086614173
0
LINE
8
BLACK
6
CONTINUOUS
10
5.6854575984251969
20
-3.7780207086614173
11
5.6840433858267714
21
-3.7786064960629919
0
LINE
8
BLACK
6
CONTINUOUS
10
5.6840433858267714
20
-3.7786064960629919
11
5.6826291732283467
21
-3.7780207086614173
0
LINE
8
BLACK
6
CONTINUOUS
10
5.6826291732283467
20
-3.7780207086614173
11
5.6804387007874011
21
-3.7758302362204725
0
LINE
8
BLACK
6
CONTINUOUS
10
5.6804387007874011
20
-3.7758302362204725
11
5.6803127165354326
21
-3.7755261023622047
0
LINE
8
BLACK
6
CONTINUOUS
10
5.6803127165354326
20
-3.7755261023622047
11
5.6800640551181099
21
-3.775310433070866
0
LINE
8
BLACK
6
CONTINUOUS
10
5.6800640551181099
20
-3.775310433070866
11
5.6778735826771651
21
-3.7709294881889761
0
LINE
8
BLACK
6
CONTINUOUS
10
5.6778735826771651
20
-3.7709294881889761
11
5.6778405511811023
21
-3.770465118110236
0
LINE
8
BLACK
6
CONTINUOUS
10
5.6778405511811023
20
-3.770465118110236
11
5.6776624409448821
21
-3.7700350787401575
0
LINE
8
BLACK
6
CONTINUOUS
10
5.6776624409448821
20
-3.7700350787401575
11
5.6776624409448821
21
-3.7590826771653543
0
LINE
8
BLACK
6
CONTINUOUS
10
5.6776624409448821
20
-3.7590826771653543
11
5.6778405511811023
21
-3.7586525984251966
0
LINE
8
BLACK
6
CONTINUOUS
10
5.6778405511811023
20
-3.7586525984251966
11
5.6778735826771651
21
-3.7581882677165352
0
LINE
8
BLACK
6
CONTINUOUS
10
5.6778735826771651
20
-3.7581882677165352
11
5.6800640551181099
21
-3.7538073228346458
0
LINE
8
BLACK
6
CONTINUOUS
10
5.6800640551181099
20
-3.7538073228346458
11
5.6803127165354326
21
-3.7535916141732284
0
LINE
8
BLACK
6
CONTINUOUS
10
5.6803127165354326
20
-3.7535916141732284
11
5.6804387007874011
21
-3.7532875196850393
0
LINE
8
BLACK
6
CONTINUOUS
10
5.6804387007874011
20
-3.7532875196850393
11
5.6826291732283467
21
-3.7510970472440945
0
LINE
8
BLACK
6
CONTINUOUS
10
5.6826291732283467
20
-3.7510970472440945
11
5.6829333070866141
21
-3.750971062992126
0
LINE
8
BLACK
6
CONTINUOUS
10
5.6829333070866141
20
-3.750971062992126
11
5.6831489763779528
21
-3.7507224015748029
0
LINE
8
BLACK
6
CONTINUOUS
10
5.6831489763779528
20
-3.7507224015748029
11
5.6875298818897635
21
-3.7485319291338581
0
LINE
8
BLACK
6
CONTINUOUS
10
5.6875298818897635
20
-3.7485319291338581
11
5.6879942519685036
21
-3.7484988976377953
0
LINE
8
BLACK
6
CONTINUOUS
10
5.6879942519685036
20
-3.7484988976377953
11
5.6884243307086617
21
-3.7483207874015747
0
LINE
8
BLACK
6
CONTINUOUS
10
5.6884243307086617
20
-3.7483207874015747
11
5.6928052755905512
21
-3.7483207874015747
0
LINE
8
BLACK
6
CONTINUOUS
10
5.6928052755905512
20
-3.7483207874015747
11
5.6931093700787399
21
-3.7484467322834645
0
LINE
8
BLACK
6
CONTINUOUS
10
5.7216833858267719
20
-3.7060323228346457
11
5.7217614960629923
21
-3.7060114173228347
0
LINE
8
BLACK
6
CONTINUOUS
10
5.7217614960629923
20
-3.7060114173228347
11
5.7218811023622047
21
-3.7060671653543307
0
LINE
8
BLACK
6
CONTINUOUS
10
5.7218811023622047
20
-3.7060671653543307
11
5.7225260629921255
21
-3.7061809055118111
0
LINE
8
BLACK
6
CONTINUOUS
10
5.7225260629921255
20
-3.7061809055118111
11
5.7230277165354329
21
-3.7066018503937008
0
LINE
8
BLACK
6
CONTINUOUS
10
5.7230277165354329
20
-3.7066018503937008
11
5.7236213385826771
21
-3.7068786614173228
0
LINE
8
BLACK
6
CONTINUOUS
10
5.7236213385826771
20
-3.7068786614173228
11
5.7486213385826774
21
-3.7318787007874015
0
LINE
8
BLACK
6
CONTINUOUS
10
5.7486213385826774
20
-3.7318787007874015
11
5.74872811023622
21
-3.7320312204724408
0
LINE
8
BLACK
6
CONTINUOUS
10
5.74872811023622
20
-3.7320312204724408
11
5.7487981496062988
21
-3.7320716535433069
0
LINE
8
BLACK
6
CONTINUOUS
10
5.7487981496062988
20
-3.7320716535433069
11
5.7488432677165351
21
-3.7321956692913383
0
LINE
8
BLACK
6
CONTINUOUS
10
5.7488432677165351
20
-3.7321956692913383
11
5.7492189370078739
21
-3.7327321653543306
0
LINE
8
BLACK
6
CONTINUOUS
10
5.7492189370078739
20
-3.7327321653543306
11
5.7492759842519687
21
-3.7333846062992126
0
LINE
8
BLACK
6
CONTINUOUS
10
5.7492759842519687
20
-3.7333846062992126
11
5.7495000000000003
21
-3.734
0
LINE
8
BLACK
6
CONTINUOUS
10
5.7495000000000003
20
-3.734
11
5.7495000000000003
21
-3.7839999999999998
0
LINE
8
BLACK
6
CONTINUOUS
10
5.7495000000000003
20
-3.7839999999999998
11
5.7494676377952754
21
-3.7841833858267715
0
LINE
8
BLACK
6
CONTINUOUS
10
5.7494676377952754
20
-3.7841833858267715
11
5.7494885826771656
21
-3.7842614960629919
0
LINE
8
BLACK
6
CONTINUOUS
10
5.7494885826771656
20
-3.7842614960629919
11
5.7494327952755908
21
-3.7843811023622047
0
LINE
8
BLACK
6
CONTINUOUS
10
5.7494327952755908
20
-3.7843811023622047
11
5.7493190944881887
21
-3.785026062992126
0
LINE
8
BLACK
6
CONTINUOUS
10
5.7493190944881887
20
-3.785026062992126
11
5.7488980708661419
21
-3.7855277559055116
0
LINE
8
BLACK
6
CONTINUOUS
10
5.7488980708661419
20
-3.7855277559055116
11
5.7486213385826774
21
-3.7861212992125983
0
LINE
8
BLACK
6
CONTINUOUS
10
5.7486213385826774
20
-3.7861212992125983
11
5.7257426377952756
21
-3.8089999999999997
0
LINE
8
BLACK
6
CONTINUOUS
10
5.7257426377952756
20
-3.8089999999999997
11
5.7486213385826774
21
-3.8318787007874016
0
LINE
8
BLACK
6
CONTINUOUS
10
5.7486213385826774
20
-3.8318787007874016
11
5.74872811023622
21
-3.8320312204724409
0
LINE
8
BLACK
6
CONTINUOUS
10
5.74872811023622
20
-3.8320312204724409
11
5.7487981496062988
21
-3.832071653543307
0
LINE
8
BLACK
6
CONTINUOUS
10
5.7487981496062988
20
-3.832071653543307
11
5.7488432677165351
21
-3.8321956692913384
0
LINE
8
BLACK
6
CONTINUOUS
10
5.7488432677165351
20
-3.8321956692913384
11
5.7492189370078739
21
-3.8327321653543307
0
LINE
8
BLACK
6
CONTINUOUS
10
5.7492189370078739
20
-3.8327321653543307
11
5.7492759842519687
21
-3.8333846062992123
0
LINE
8
BLACK
6
CONTINUOUS
10
5.7492759842519687
20
-3.8333846062992123
11
5.7495000000000003
21
-3.8340000000000001
0
LINE
8
BLACK
6
CONTINUOUS
10
5.7495000000000003
20
-3.8340000000000001
11
5.7495000000000003
21
-3.8839999999999999
0
LINE
8
BLACK
6
CONTINUOUS
10
5.7495000000000003
20
-3.8839999999999999
11
5.7494676377952754
21
-3.8841833858267716
0
LINE
8
BLACK
6
CONTINUOUS
10
5.7494676377952754
20
-3.8841833858267716
11
5.7494885826771656
21
-3.884261496062992
0
LINE
8
BLACK
6
CONTINUOUS
10
5.7494885826771656
20
-3.884261496062992
11
5.7494327952755908
21
-3.8843811023622048
0
LINE
8
BLACK
6
CONTINUOUS
10
5.7494327952755908
20
-3.8843811023622048
11
5.7493190944881887
21
-3.8850260629921261
0
LINE
8
BLACK
6
CONTINUOUS
10
5.7493190944881887
20
-3.8850260629921261
11
5.7488980708661419
21
-3.8855277559055117
0
LINE
8
BLACK
6
CONTINUOUS
10
5.7488980708661419
20
-3.8855277559055117
11
5.7486213385826774
21
-3.8861212992125984
0
LINE
8
BLACK
6
CONTINUOUS
10
5.7486213385826774
20
-3.8861212992125984
11
5.7257426377952756
21
-3.9089999999999998
0
LINE
8
BLACK
6
CONTINUOUS
10
5.7257426377952756
20
-3.9089999999999998
11
5.7486213385826774
21
-3.9318787007874016
0
LINE
8
BLACK
6
CONTINUOUS
10
5.7486213385826774
20
-3.9318787007874016
11
5.74872811023622
21
-3.932031220472441
0
LINE
8
BLACK
6
CONTINUOUS
10
5.74872811023622
20
-3.932031220472441
11
5.7487981496062988
21
-3.9320716535433071
0
LINE
8
BLACK
6
CONTINUOUS
10
5.7487981496062988
20
-3.9320716535433071
11
5.7488432677165351
21
-3.9321956692913385
0
LINE
8
BLACK
6
CONTINUOUS
10
5.7488432677165351
20
-3.9321956692913385
11
5.7492189370078739
21
-3.9327321653543308
0
LINE
8
BLACK
6
CONTINUOUS
10
5.7492189370078739
20
-3.9327321653543308
11
5.7492759842519687
21
-3.9333846062992124
0
LINE
8
BLACK
6
CONTINUOUS
10
5.7492759842519687
20
-3.9333846062992124
11
5.7495000000000003
21
-3.9339999999999997
0
LINE
8
BLACK
6
CONTINUOUS
10
5.7495000000000003
20
-3.9339999999999997
11
5.7495000000000003
21
-3.984
0
LINE
8
BLACK
6
CONTINUOUS
10
5.7495000000000003
20
-3.984
11
5.7494676377952754
21
-3.9841833858267717
0
LINE
8
BLACK
6
CONTINUOUS
10
5.7494676377952754
20
-3.9841833858267717
11
5.7494885826771656
21
-3.9842614960629921
0
LINE
8
BLACK
6
CONTINUOUS
10
5.7494885826771656
20
-3.9842614960629921
11
5.7494327952755908
21
-3.9843811023622044
0
LINE
8
BLACK
6
CONTINUOUS
10
5.7494327952755908
20
-3.9843811023622044
11
5.7493190944881887
21
-3.9850260629921257
0
LINE
8
BLACK
6
CONTINUOUS
10
5.7493190944881887
20
-3.9850260629921257
11
5.7488980708661419
21
-3.9855277559055118
0
LINE
8
BLACK
6
CONTINUOUS
10
5.7488980708661419
20
-3.9855277559055118
11
5.7486213385826774
21
-3.9861212992125985
0
LINE
8
BLACK
6
CONTINUOUS
10
5.7486213385826774
20
-3.9861212992125985
11
5.7236213385826771
21
-4.0111213385826767
0
LINE
8
BLACK
6
CONTINUOUS
10
5.7236213385826771
20
-4.0111213385826767
11
5.7234687007874019
21
-4.0112281889763777
0
LINE
8
BLACK
6
CONTINUOUS
10
5.7234687007874019
20
-4.0112281889763777
11
5.7234283464566929
21
-4.0112981496062989
0
LINE
8
BLACK
6
CONTINUOUS
10
5.7234283464566929
20
-4.0112981496062989
11
5.7233043700787398
21
-4.0113432283464565
0
LINE
8
BLACK
6
CONTINUOUS
10
5.7233043700787398
20
-4.0113432283464565
11
5.7227678740157479
21
-4.0117189370078741
0
LINE
8
BLACK
6
CONTINUOUS
10
5.7227678740157479
20
-4.0117189370078741
11
5.7221153937007871
21
-4.011775984251968
0
LINE
8
BLACK
6
CONTINUOUS
10
5.7221153937007871
20
-4.011775984251968
11
5.7214999999999998
21
-4.0119999999999996
0
LINE
8
BLACK
6
CONTINUOUS
10
5.7214999999999998
20
-4.0119999999999996
11
5.5714999999999995
21
-4.0119999999999996
0
LINE
8
BLACK
6
CONTINUOUS
10
5.5714999999999995
20
-4.0119999999999996
11
5.5713165748031495
21
-4.0119676377952755
0
LINE
8
BLACK
6
CONTINUOUS
10
5.5713165748031495
20
-4.0119676377952755
11
5.5712385039370078
21
-4.0119885826771648
0
LINE
8
BLACK
6
CONTINUOUS
10
5.5712385039370078
20
-4.0119885826771648
11
5.5711188582677167
21
-4.0119327952755901
0
LINE
8
BLACK
6
CONTINUOUS
10
5.5711188582677167
20
-4.0119327952755901
11
5.5704739370078737
21
-4.0118190944881889
0
LINE
8
BLACK
6
CONTINUOUS
10
5.5704739370078737
20
-4.0118190944881889
11
5.5699722047244089
21
-4.0113980708661421
0
LINE
8
BLACK
6
CONTINUOUS
10
5.5699722047244089
20
-4.0113980708661421
11
5.5693787007874018
21
-4.0111213385826767
0
LINE
8
BLACK
6
CONTINUOUS
10
5.5693787007874018
20
-4.0111213385826767
11
5.5443786614173227
21
-3.9861213385826773
0
LINE
8
BLACK
6
CONTINUOUS
10
5.5443786614173227
20
-3.9861213385826773
11
5.544271771653543
21
-3.9859687007874016
0
LINE
8
BLACK
6
CONTINUOUS
10
5.544271771653543
20
-3.9859687007874016
11
5.5442018503937005
21
-3.985928346456693
0
LINE
8
BLACK
6
CONTINUOUS
10
5.5442018503937005
20
-3.985928346456693
11
5.5441567322834642
21
-3.98580437007874
0
LINE
8
BLACK
6
CONTINUOUS
10
5.5441567322834642
20
-3.98580437007874
11
5.5437810629921263
21
-3.9852678740157481
0
LINE
8
BLACK
6
CONTINUOUS
10
5.5437810629921263
20
-3.9852678740157481
11
5.5437239763779527
21
-3.9846153937007873
0
LINE
8
BLACK
6
CONTINUOUS
10
5.5437239763779527
20
-3.9846153937007873
11
5.5434999999999999
21
-3.984
0
LINE
8
BLACK
6
CONTINUOUS
10
5.5434999999999999
20
-3.984
11
5.5434999999999999
21
-3.9339999999999997
0
LINE
8
BLACK
6
CONTINUOUS
10
5.5434999999999999
20
-3.9339999999999997
11
5.5435323228346451
21
-3.9338165748031497
0
LINE
8
BLACK
6
CONTINUOUS
10
5.5435323228346451
20
-3.9338165748031497
11
5.5435114173228346
21
-3.9337385039370076
0
LINE
8
BLACK
6
CONTINUOUS
10
5.5435114173228346
20
-3.9337385039370076
11
5.5435671653543306
21
-3.9336188582677165
0
LINE
8
BLACK
6
CONTINUOUS
10
5.5435671653543306
20
-3.9336188582677165
11
5.5436809055118106
21
-3.932973937007874
0
LINE
8
BLACK
6
CONTINUOUS
10
5.5436809055118106
20
-3.932973937007874
11
5.5441018503937007
21
-3.9324722440944879
0
LINE
8
BLACK
6
CONTINUOUS
10
5.5441018503937007
20
-3.9324722440944879
11
5.5443786614173227
21
-3.9318786614173229
0
LINE
8
BLACK
6
CONTINUOUS
10
5.5443786614173227
20
-3.9318786614173229
11
5.5672573228346458
21
-3.9089999999999998
0
LINE
8
BLACK
6
CONTINUOUS
10
5.5672573228346458
20
-3.9089999999999998
11
5.5443786614173227
21
-3.8861213385826772
0
LINE
8
BLACK
6
CONTINUOUS
10
5.5443786614173227
20
-3.8861213385826772
11
5.544271771653543
21
-3.8859687007874015
0
LINE
8
BLACK
6
CONTINUOUS
10
5.544271771653543
20
-3.8859687007874015
11
5.5442018503937005
21
-3.8859283464566929
0
LINE
8
BLACK
6
CONTINUOUS
10
5.5442018503937005
20
-3.8859283464566929
11
5.5441567322834642
21
-3.8858043700787399
0
LINE
8
BLACK
6
CONTINUOUS
10
5.5441567322834642
20
-3.8858043700787399
11
5.5437810629921263
21
-3.885267874015748
0
LINE
8
BLACK
6
CONTINUOUS
10
5.5437810629921263
20
-3.885267874015748
11
5.5437239763779527
21
-3.8846153937007872
0
LINE
8
BLACK
6
CONTINUOUS
10
5.5437239763779527
20
-3.8846153937007872
11
5.5434999999999999
21
-3.8839999999999999
0
LINE
8
BLACK
6
CONTINUOUS
10
5.5434999999999999
20
-3.8839999999999999
11
5.5434999999999999
21
-3.8340000000000001
0
LINE
8
BLACK
6
CONTINUOUS
10
5.5434999999999999
20
-3.8340000000000001
11
5.5435323228346451
21
-3.8338165748031496
0
LINE
8
BLACK
6
CONTINUOUS
10
5.5435323228346451
20
-3.8338165748031496
11
5.5435114173228346
21
-3.833738503937008
0
LINE
8
BLACK
6
CONTINUOUS
10
5.5435114173228346
20
-3.833738503937008
11
5.5435671653543306
21
-3.8336188582677164
0
LINE
8
BLACK
6
CONTINUOUS
10
5.5435671653543306
20
-3.8336188582677164
11
5.5436809055118106
21
-3.8329739370078739
0
LINE
8
BLACK
6
CONTINUOUS
10
5.5436809055118106
20
-3.8329739370078739
11
5.5441018503937007
21
-3.8324722440944883
0
LINE
8
BLACK
6
CONTINUOUS
10
5.5441018503937007
20
-3.8324722440944883
11
5.5443786614173227
21
-3.8318786614173228
0
LINE
8
BLACK
6
CONTINUOUS
10
5.5443786614173227
20
-3.8318786614173228
11
5.5672573228346458
21
-3.8089999999999997
0
LINE
8
BLACK
6
CONTINUOUS
10
5.5672573228346458
20
-3.8089999999999997
11
5.5443786614173227
21
-3.7861213385826771
0
LINE
8
BLACK
6
CONTINUOUS
10
5.5443786614173227
20
-3.7861213385826771
11
5.544271771653543
21
-3.7859687007874014
0
LINE
8
BLACK
6
CONTINUOUS
10
5.544271771653543
20
-3.7859687007874014
11
5.5442018503937005
21
-3.7859283464566929
0
LINE
8
BLACK
6
CONTINUOUS
10
5.5442018503937005
20
-3.7859283464566929
11
5.5441567322834642
21
-3.7858043700787403
0
LINE
8
BLACK
6
CONTINUOUS
10
5.5441567322834642
20
-3.7858043700787403
11
5.5437810629921263
21
-3.7852678740157479
0
LINE
8
BLACK
6
CONTINUOUS
10
5.5437810629921263
20
-3.7852678740157479
11
5.5437239763779527
21
-3.7846153937007871
0
LINE
8
BLACK
6
CONTINUOUS
10
5.5437239763779527
20
-3.7846153937007871
11
5.5434999999999999
21
-3.7839999999999998
0
LINE
8
BLACK
6
CONTINUOUS
10
5.5434999999999999
20
-3.7839999999999998
11
5.5434999999999999
21
-3.734
0
LINE
8
BLACK
6
CONTINUOUS
10
5.5434999999999999
20
-3.734
11
5.5435323228346451
21
-3.7338165748031495
0
LINE
8
BLACK
6
CONTINUOUS
10
5.5435323228346451
20
-3.7338165748031495
11
5.5435114173228346
21
-3.7337385039370079
0
LINE
8
BLACK
6
CONTINUOUS
10
5.5435114173228346
20
-3.7337385039370079
11
5.5435671653543306
21
-3.7336188582677163
0
LINE
8
BLACK
6
CONTINUOUS
10
5.5435671653543306
20
-3.7336188582677163
11
5.5436809055118106
21
-3.7329739370078738
0
LINE
8
BLACK
6
CONTINUOUS
10
5.5436809055118106
20
-3.7329739370078738
11
5.5441018503937007
21
-3.7324722440944882
0
LINE
8
BLACK
6
CONTINUOUS
10
5.5441018503937007
20
-3.7324722440944882
11
5.5443786614173227
21
-3.7318786614173227
0
LINE
8
BLACK
6
CONTINUOUS
10
5.5443786614173227
20
-3.7318786614173227
11
5.5693787007874018
21
-3.7068786614173228
0
LINE
8
BLACK
6
CONTINUOUS
10
5.5693787007874018
20
-3.7068786614173228
11
5.5695312204724408
21
-3.7067718503937006
0
LINE
8
BLACK
6
CONTINUOUS
10
5.5695312204724408
20
-3.7067718503937006
11
5.5695716535433073
21
-3.7067018503937006
0
LINE
8
BLACK
6
CONTINUOUS
10
5.5695716535433073
20
-3.7067018503937006
11
5.5696956692913382
21
-3.706656692913386
0
LINE
8
BLACK
6
CONTINUOUS
10
5.5696956692913382
20
-3.706656692913386
11
5.570232165354331
21
-3.7062810629921259
0
LINE
8
BLACK
6
CONTINUOUS
10
5.570232165354331
20
-3.7062810629921259
11
5.5708846062992121
21
-3.7062239763779528
0
LINE
8
BLACK
6
CONTINUOUS
10
5.5708846062992121
20
-3.7062239763779528
11
5.5714999999999995
21
-3.706
0
LINE
8
BLACK
6
CONTINUOUS
10
5.5714999999999995
20
-3.706
11
5.7214999999999998
21
-3.706
0
LINE
8
BLACK
6
CONTINUOUS
10
5.7214999999999998
20
-3.706
11
5.7216833858267719
21
-3.7060323228346457
0
LINE
8
BLACK
6
CONTINUOUS
10
5.5727426377952751
20
-3.7119999999999997
11
5.5495000000000001
21
-3.7352426377952757
0
LINE
8
BLACK
6
CONTINUOUS
10
5.5495000000000001
20
-3.7352426377952757
11
5.5495000000000001
21
-3.7827573228346454
0
LINE
8
BLACK
6
CONTINUOUS
10
5.5495000000000001
20
-3.7827573228346454
11
5.5736213385826767
21
-3.8068787007874016
0
LINE
8
BLACK
6
CONTINUOUS
10
5.5736213385826767
20
-3.8068787007874016
11
5.5738482677165351
21
-3.8072027952755905
0
LINE
8
BLACK
6
CONTINUOUS
10
5.5738482677165351
20
-3.8072027952755905
11
5.5739574409448815
21
-3.8072792519685037
0
LINE
8
BLACK
6
CONTINUOUS
10
5.5739574409448815
20
-3.8072792519685037
11
5.5739918897637795
21
-3.8074079527559053
0
LINE
8
BLACK
6
CONTINUOUS
10
5.5739918897637795
20
-3.8074079527559053
11
5.5742189370078741
21
-3.8077321653543308
0
LINE
8
BLACK
6
CONTINUOUS
10
5.5742189370078741
20
-3.8077321653543308
11
5.5742868503937011
21
-3.8085087007874017
0
LINE
8
BLACK
6
CONTINUOUS
10
5.5742868503937011
20
-3.8085087007874017
11
5.5744885826771648
21
-3.8092614960629922
0
LINE
8
BLACK
6
CONTINUOUS
10
5.5744885826771648
20
-3.8092614960629922
11
5.5743741732283461
21
-3.8095067716535431
0
LINE
8
BLACK
6
CONTINUOUS
10
5.5743741732283461
20
-3.8095067716535431
11
5.5743977952755905
21
-3.8097764566929131
0
LINE
8
BLACK
6
CONTINUOUS
10
5.5743977952755905
20
-3.8097764566929131
11
5.5739507086614175
21
-3.8104149212598424
0
LINE
8
BLACK
6
CONTINUOUS
10
5.5739507086614175
20
-3.8104149212598424
11
5.5736213385826767
21
-3.8111212992125982
0
LINE
8
BLACK
6
CONTINUOUS
10
5.5736213385826767
20
-3.8111212992125982
11
5.5495000000000001
21
-3.8352426377952753
0
LINE
8
BLACK
6
CONTINUOUS
10
5.5495000000000001
20
-3.8352426377952753
11
5.5495000000000001
21
-3.8827573228346455
0
LINE
8
BLACK
6
CONTINUOUS
10
5.5495000000000001
20
-3.8827573228346455
11
5.5736213385826767
21
-3.9068787007874013
0
LINE
8
BLACK
6
CONTINUOUS
10
5.5736213385826767
20
-3.9068787007874013
11
5.5738482677165351
21
-3.9072027952755906
0
LINE
8
BLACK
6
CONTINUOUS
10
5.5738482677165351
20
-3.9072027952755906
11
5.5739574409448815
21
-3.9072792519685038
0
LINE
8
BLACK
6
CONTINUOUS
10
5.5739574409448815
20
-3.9072792519685038
11
5.5739918897637795
21
-3.9074079527559054
0
LINE
8
BLACK
6
CONTINUOUS
10
5.5739918897637795
20
-3.9074079527559054
11
5.5742189370078741
21
-3.9077321653543304
0
LINE
8
BLACK
6
CONTINUOUS
10
5.5742189370078741
20
-3.9077321653543304
11
5.5742868503937011
21
-3.9085087007874013
0
LINE
8
BLACK
6
CONTINUOUS
10
5.5742868503937011
20
-3.9085087007874013
11
5.5744885826771648
21
-3.9092614960629919
0
LINE
8
BLACK
6
CONTINUOUS
10
5.5744885826771648
20
-3.9092614960629919
11
5.5743741732283461
21
-3.9095067716535432
0
LINE
8
BLACK
6
CONTINUOUS
10
5.5743741732283461
20
-3.9095067716535432
11
5.5743977952755905
21
-3.9097764566929132
0
LINE
8
BLACK
6
CONTINUOUS
10
5.5743977952755905
20
-3.9097764566929132
11
5.5739507086614175
21
-3.9104149212598425
0
LINE
8
BLACK
6
CONTINUOUS
10
5.5739507086614175
20
-3.9104149212598425
11
5.5736213385826767
21
-3.9111212992125983
0
LINE
8
BLACK
6
CONTINUOUS
10
5.5736213385826767
20
-3.9111212992125983
11
5.5495000000000001
21
-3.9352426377952754
0
LINE
8
BLACK
6
CONTINUOUS
10
5.5495000000000001
20
-3.9352426377952754
11
5.5495000000000001
21
-3.9827573228346456
0
LINE
8
BLACK
6
CONTINUOUS
10
5.5495000000000001
20
-3.9827573228346456
11
5.5727426377952751
21
-4.0060000000000002
0
LINE
8
BLACK
6
CONTINUOUS
10
5.5727426377952751
20
-4.0060000000000002
11
5.7202573228346454
21
-4.0060000000000002
0
LINE
8
BLACK
6
CONTINUOUS
10
5.7202573228346454
20
-4.0060000000000002
11
5.7435
21
-3.9827573228346456
0
LINE
8
BLACK
6
CONTINUOUS
10
5.7435
20
-3.9827573228346456
11
5.7435
21
-3.9352426377952754
0
LINE
8
BLACK
6
CONTINUOUS
10
5.7435
20
-3.9352426377952754
11
5.7193786614173225
21
-3.9111213385826771
0
LINE
8
BLACK
6
CONTINUOUS
10
5.7193786614173225
20
-3.9111213385826771
11
5.7191515748031492
21
-3.9107970472440945
0
LINE
8
BLACK
6
CONTINUOUS
10
5.7191515748031492
20
-3.9107970472440945
11
5.7190425590551177
21
-3.9107207086614171
0
LINE
8
BLACK
6
CONTINUOUS
10
5.7190425590551177
20
-3.9107207086614171
11
5.7190080708661419
21
-3.910592086614173
0
LINE
8
BLACK
6
CONTINUOUS
10
5.7190080708661419
20
-3.910592086614173
11
5.7187810629921261
21
-3.9102678740157479
0
LINE
8
BLACK
6
CONTINUOUS
10
5.7187810629921261
20
-3.9102678740157479
11
5.7187131102362203
21
-3.9094912992125983
0
LINE
8
BLACK
6
CONTINUOUS
10
5.7187131102362203
20
-3.9094912992125983
11
5.7185114173228344
21
-3.9087385039370077
0
LINE
8
BLACK
6
CONTINUOUS
10
5.7185114173228344
20
-3.9087385039370077
11
5.7186257874015745
21
-3.9084931102362206
0
LINE
8
BLACK
6
CONTINUOUS
10
5.7186257874015745
20
-3.9084931102362206
11
5.7186022440944884
21
-3.9082235433070864
0
LINE
8
BLACK
6
CONTINUOUS
10
5.7186022440944884
20
-3.9082235433070864
11
5.7190491338582676
21
-3.9075852755905509
0
LINE
8
BLACK
6
CONTINUOUS
10
5.7190491338582676
20
-3.9075852755905509
11
5.7193786614173225
21
-3.9068786614173225
0
LINE
8
BLACK
6
CONTINUOUS
10
5.7193786614173225
20
-3.9068786614173225
11
5.7435
21
-3.8827573228346455
0
LINE
8
BLACK
6
CONTINUOUS
10
5.7435
20
-3.8827573228346455
11
5.7435
21
-3.8352426377952753
0
LINE
8
BLACK
6
CONTINUOUS
10
5.7435
20
-3.8352426377952753
11
5.7193786614173225
21
-3.811121338582677
0
LINE
8
BLACK
6
CONTINUOUS
10
5.7193786614173225
20
-3.811121338582677
11
5.7191515748031492
21
-3.8107970472440944
0
LINE
8
BLACK
6
CONTINUOUS
10
5.7191515748031492
20
-3.8107970472440944
11
5.7190425590551177
21
-3.8107207086614174
0
LINE
8
BLACK
6
CONTINUOUS
10
5.7190425590551177
20
-3.8107207086614174
11
5.7190080708661419
21
-3.8105920866141729
0
LINE
8
BLACK
6
CONTINUOUS
10
5.7190080708661419
20
-3.8105920866141729
11
5.7187810629921261
21
-3.8102678740157478
0
LINE
8
BLACK
6
CONTINUOUS
10
5.7187810629921261
20
-3.8102678740157478
11
5.7187131102362203
21
-3.8094912992125982
0
LINE
8
BLACK
6
CONTINUOUS
10
5.7187131102362203
20
-3.8094912992125982
11
5.7185114173228344
21
-3.8087385039370076
0
LINE
8
BLACK
6
CONTINUOUS
10
5.7185114173228344
20
-3.8087385039370076
11
5.7186257874015745
21
-3.8084931102362205
0
LINE
8
BLACK
6
CONTINUOUS
10
5.7186257874015745
20
-3.8084931102362205
11
5.7186022440944884
21
-3.8082235433070863
0
LINE
8
BLACK
6
CONTINUOUS
10
5.7186022440944884
20
-3.8082235433070863
11
5.7190491338582676
21
-3.8075852755905513
0
LINE
8
BLACK
6
CONTINUOUS
10
5.7190491338582676
20
-3.8075852755905513
11
5.7193786614173225
21
-3.8068786614173229
0
LINE
8
BLACK
6
CONTINUOUS
10
5.7193786614173225
20
-3.8068786614173229
11
5.7435
21
-3.7827573228346454
0
LINE
8
BLACK
6
CONTINUOUS
10
5.7435
20
-3.7827573228346454
11
5.7435
21
-3.7352426377952757
0
LINE
8
BLACK
6
CONTINUOUS
10
5.7435
20
-3.7352426377952757
11
5.7202573228346454
21
-3.7119999999999997
0
LINE
8
BLACK
6
CONTINUOUS
10
5.7202573228346454
20
-3.7119999999999997
11
5.5727426377952751
21
-3.7119999999999997
0
LINE
8
BLACK
6
CONTINUOUS
10
5.5245766535433072
20
-3.8765018110236218
11
5.5251624409448814
21
-3.8779160236220473
0
LINE
8
BLACK
6
CONTINUOUS
10
5.5251624409448814
20
-3.8779160236220473
11
5.5245766535433072
21
-3.8793302362204725
0
LINE
8
BLACK
6
CONTINUOUS
10
5.5245766535433072
20
-3.8793302362204725
11
5.5231624409448816
21
-3.8799160236220471
0
LINE
8
BLACK
6
CONTINUOUS
10
5.5231624409448816
20
-3.8799160236220471
11
5.4771624409448814
21
-3.8799160236220471
0
LINE
8
BLACK
6
CONTINUOUS
10
5.4771624409448814
20
-3.8799160236220471
11
5.4757482283464567
21
-3.8793302362204725
0
LINE
8
BLACK
6
CONTINUOUS
10
5.4757482283464567
20
-3.8793302362204725
11
5.4751624409448816
21
-3.8779160236220473
0
LINE
8
BLACK
6
CONTINUOUS
10
5.4751624409448816
20
-3.8779160236220473
11
5.4757482283464567
21
-3.8765018110236218
0
LINE
8
BLACK
6
CONTINUOUS
10
5.4757482283464567
20
-3.8765018110236218
11
5.4771624409448814
21
-3.8759160236220471
0
LINE
8
BLACK
6
CONTINUOUS
10
5.4771624409448814
20
-3.8759160236220471
11
5.5231624409448816
21
-3.8759160236220471
0
LINE
8
BLACK
6
CONTINUOUS
10
5.5231624409448816
20
-3.8759160236220471
11
5.5245766535433072
21
-3.8765018110236218
0
LINE
8
BLACK
6
CONTINUOUS
10
5.5234161811023617
20
-3.8278306299212597
11
5.5236886614173226
21
-3.8277960236220472
0
LINE
8
BLACK
6
CONTINUOUS
10
5.5236886614173226
20
-3.8277960236220472
11
5.5240981496062993
21
-3.8281131102362203
0
LINE
8
BLACK
6
CONTINUOUS
10
5.5240981496062993
20
-3.8281131102362203
11
5.5245766535433072
21
-3.8283113385826772
0
LINE
8
BLACK
6
CONTINUOUS
10
5.5245766535433072
20
-3.8283113385826772
11
5.5246817322834643
21
-3.8285650787401573
0
LINE
8
BLACK
6
CONTINUOUS
10
5.5246817322834643
20
-3.8285650787401573
11
5.5248989370078743
21
-3.8287332677165353
0
LINE
8
BLACK
6
CONTINUOUS
10
5.5248989370078743
20
-3.8287332677165353
11
5.5249642519685036
21
-3.8292470472440945
0
LINE
8
BLACK
6
CONTINUOUS
10
5.5249642519685036
20
-3.8292470472440945
11
5.5251624409448814
21
-3.8297255511811024
0
LINE
8
BLACK
6
CONTINUOUS
10
5.5251624409448814
20
-3.8297255511811024
11
5.5250573228346456
21
-3.8299792913385824
0
LINE
8
BLACK
6
CONTINUOUS
10
5.5250573228346456
20
-3.8299792913385824
11
5.5250919685039372
21
-3.8302517716535434
0
LINE
8
BLACK
6
CONTINUOUS
10
5.5250919685039372
20
-3.8302517716535434
11
5.524774842519685
21
-3.8306612598425196
0
LINE
8
BLACK
6
CONTINUOUS
10
5.524774842519685
20
-3.8306612598425196
11
5.5245766535433072
21
-3.8311397637795275
0
LINE
8
BLACK
6
CONTINUOUS
10
5.5245766535433072
20
-3.8311397637795275
11
5.5243228740157475
21
-3.831244842519685
0
LINE
8
BLACK
6
CONTINUOUS
10
5.5243228740157475
20
-3.831244842519685
11
5.5241547244094491
21
-3.8314620472440946
0
LINE
8
BLACK
6
CONTINUOUS
10
5.5241547244094491
20
-3.8314620472440946
11
5.4846935826771652
21
-3.8540112598425198
0
LINE
8
BLACK
6
CONTINUOUS
10
5.4846935826771652
20
-3.8540112598425198
11
5.5231624409448816
21
-3.8540112598425198
0
LINE
8
BLACK
6
CONTINUOUS
10
5.5231624409448816
20
-3.8540112598425198
11
5.5245766535433072
21
-3.8545970472440945
0
LINE
8
BLACK
6
CONTINUOUS
10
5.5245766535433072
20
-3.8545970472440945
11
5.5251624409448814
21
-3.8560112598425196
0
LINE
8
BLACK
6
CONTINUOUS
10
5.5251624409448814
20
-3.8560112598425196
11
5.5245766535433072
21
-3.8574254724409447
0
LINE
8
BLACK
6
CONTINUOUS
10
5.5245766535433072
20
-3.8574254724409447
11
5.5231624409448816
21
-3.8580112598425198
0
LINE
8
BLACK
6
CONTINUOUS
10
5.5231624409448816
20
-3.8580112598425198
11
5.4771624409448814
21
-3.8580112598425198
0
LINE
8
BLACK
6
CONTINUOUS
10
5.4771624409448814
20
-3.8580112598425198
11
5.4769086614173226
21
-3.8579061417322835
0
LINE
8
BLACK
6
CONTINUOUS
10
5.4769086614173226
20
-3.8579061417322835
11
5.4766362204724413
21
-3.8579407874015748
0
LINE
8
BLACK
6
CONTINUOUS
10
5.4766362204724413
20
-3.8579407874015748
11
5.4762266929133858
21
-3.8576236614173229
0
LINE
8
BLACK
6
CONTINUOUS
10
5.4762266929133858
20
-3.8576236614173229
11
5.4757482283464567
21
-3.8574254724409447
0
LINE
8
BLACK
6
CONTINUOUS
10
5.4757482283464567
20
-3.8574254724409447
11
5.47564311023622
21
-3.8571716929133859
0
LINE
8
BLACK
6
CONTINUOUS
10
5.47564311023622
20
-3.8571716929133859
11
5.4754259448818896
21
-3.8570035433070866
0
LINE
8
BLACK
6
CONTINUOUS
10
5.4754259448818896
20
-3.8570035433070866
11
5.4753605905511806
21
-3.8564897244094487
0
LINE
8
BLACK
6
CONTINUOUS
10
5.4753605905511806
20
-3.8564897244094487
11
5.4751624409448816
21
-3.8560112598425196
0
LINE
8
BLACK
6
CONTINUOUS
10
5.4751624409448816
20
-3.8560112598425196
11
5.4752675196850396
21
-3.8557574803149604
0
LINE
8
BLACK
6
CONTINUOUS
10
5.4752675196850396
20
-3.8557574803149604
11
5.4752329133858266
21
-3.8554850393700786
0
LINE
8
BLACK
6
CONTINUOUS
10
5.4752329133858266
20
-3.8554850393700786
11
5.4755500000000001
21
-3.8550755118110236
0
LINE
8
BLACK
6
CONTINUOUS
10
5.4755500000000001
20
-3.8550755118110236
11
5.4757482283464567
21
-3.8545970472440945
0
LINE
8
BLACK
6
CONTINUOUS
10
5.4757482283464567
20
-3.8545970472440945
11
5.4760019685039367
21
-3.8544919291338582
0
LINE
8
BLACK
6
CONTINUOUS
10
5.4760019685039367
20
-3.8544919291338582
11
5.4761701574803148
21
-3.8542747637795274
0
LINE
8
BLACK
6
CONTINUOUS
10
5.4761701574803148
20
-3.8542747637795274
11
5.5156312992125986
21
-3.8317255511811021
0
LINE
8
BLACK
6
CONTINUOUS
10
5.5156312992125986
20
-3.8317255511811021
11
5.4771624409448814
21
-3.8317255511811021
0
LINE
8
BLACK
6
CONTINUOUS
10
5.4771624409448814
20
-3.8317255511811021
11
5.4757482283464567
21
-3.8311397637795275
0
LINE
8
BLACK
6
CONTINUOUS
10
5.4757482283464567
20
-3.8311397637795275
11
5.4751624409448816
21
-3.8297255511811024
0
LINE
8
BLACK
6
CONTINUOUS
10
5.4751624409448816
20
-3.8297255511811024
11
5.4757482283464567
21
-3.8283113385826772
0
LINE
8
BLACK
6
CONTINUOUS
10
5.4757482283464567
20
-3.8283113385826772
11
5.4771624409448814
21
-3.8277255511811021
0
LINE
8
BLACK
6
CONTINUOUS
10
5.4771624409448814
20
-3.8277255511811021
11
5.5231624409448816
21
-3.8277255511811021
0
LINE
8
BLACK
6
CONTINUOUS
10
5.5231624409448816
20
-3.8277255511811021
11
5.5234161811023617
21
-3.8278306299212597
0
LINE
8
BLACK
6
CONTINUOUS
10
5.8291436614173229
20
-3.6225194094488189
11
5.829472047244094
21
-3.6224961023622044
0
LINE
8
BLACK
6
CONTINUOUS
10
5.829472047244094
20
-3.6224961023622044
11
5.836043464566929
21
-3.6246866141732283
0
LINE
8
BLACK
6
CONTINUOUS
10
5.836043464566929
20
-3.6246866141732283
11
5.8363951181102358
21
-3.6249916141732283
0
LINE
8
BLACK
6
CONTINUOUS
10
5.8363951181102358
20
-3.6249916141732283
11
5.8368251968503939
21
-3.6251697637795273
0
LINE
8
BLACK
6
CONTINUOUS
10
5.8368251968503939
20
-3.6251697637795273
11
5.8412061811023621
21
-3.6295507086614172
0
LINE
8
BLACK
6
CONTINUOUS
10
5.8412061811023621
20
-3.6295507086614172
11
5.841384330708661
21
-3.6299807874015748
0
LINE
8
BLACK
6
CONTINUOUS
10
5.841384330708661
20
-3.6299807874015748
11
5.841689330708661
21
-3.6303324803149604
0
LINE
8
BLACK
6
CONTINUOUS
10
5.841689330708661
20
-3.6303324803149604
11
5.8438798031496058
21
-3.636903897637795
0
LINE
8
BLACK
6
CONTINUOUS
10
5.8438798031496058
20
-3.636903897637795
11
5.8438564566929134
21
-3.6372322047244094
0
LINE
8
BLACK
6
CONTINUOUS
10
5.8438564566929134
20
-3.6372322047244094
11
5.843982440944882
21
-3.6375363385826769
0
LINE
8
BLACK
6
CONTINUOUS
10
5.843982440944882
20
-3.6375363385826769
11
5.843982440944882
21
-3.6419172834645668
0
LINE
8
BLACK
6
CONTINUOUS
10
5.843982440944882
20
-3.6419172834645668
11
5.8433966535433068
21
-3.6433314960629919
0
LINE
8
BLACK
6
CONTINUOUS
10
5.8433966535433068
20
-3.6433314960629919
11
5.8419824409448822
21
-3.643917283464567
0
LINE
8
BLACK
6
CONTINUOUS
10
5.8419824409448822
20
-3.643917283464567
11
5.8405682283464566
21
-3.6433314960629919
0
LINE
8
BLACK
6
CONTINUOUS
10
5.8405682283464566
20
-3.6433314960629919
11
5.8399824409448815
21
-3.6419172834645668
0
LINE
8
BLACK
6
CONTINUOUS
10
5.8399824409448815
20
-3.6419172834645668
11
5.8399824409448815
21
-3.637860866141732
0
LINE
8
BLACK
6
CONTINUOUS
10
5.8399824409448815
20
-3.637860866141732
11
5.8380438976377951
21
-3.632045275590551
0
LINE
8
BLACK
6
CONTINUOUS
10
5.8380438976377951
20
-3.632045275590551
11
5.8343306299212596
21
-3.6283320078740156
0
LINE
8
BLACK
6
CONTINUOUS
10
5.8343306299212596
20
-3.6283320078740156
11
5.8285149999999994
21
-3.6263934645669291
0
LINE
8
BLACK
6
CONTINUOUS
10
5.8285149999999994
20
-3.6263934645669291
11
5.7959824409448819
21
-3.6263934645669291
0
LINE
8
BLACK
6
CONTINUOUS
10
5.7959824409448819
20
-3.6263934645669291
11
5.7945682283464564
21
-3.6258076771653545
0
LINE
8
BLACK
6
CONTINUOUS
10
5.7945682283464564
20
-3.6258076771653545
11
5.7939824409448821
21
-3.6243934645669289
0
LINE
8
BLACK
6
CONTINUOUS
10
5.7939824409448821
20
-3.6243934645669289
11
5.7945682283464564
21
-3.6229792519685038
0
LINE
8
BLACK
6
CONTINUOUS
10
5.7945682283464564
20
-3.6229792519685038
11
5.7959824409448819
21
-3.6223934645669291
0
LINE
8
BLACK
6
CONTINUOUS
10
5.7959824409448819
20
-3.6223934645669291
11
5.8288395669291333
21
-3.6223934645669291
0
LINE
8
BLACK
6
CONTINUOUS
10
5.8288395669291333
20
-3.6223934645669291
11
5.8291436614173229
21
-3.6225194094488189
0
LINE
8
BLACK
6
CONTINUOUS
10
5.8744293700787402
20
-3.6024479921259842
11
5.8747577165354326
21
-3.6024246850393702
0
LINE
8
BLACK
6
CONTINUOUS
10
5.8747577165354326
20
-3.6024246850393702
11
5.8813291732283464
21
-3.6046151574803149
0
LINE
8
BLACK
6
CONTINUOUS
10
5.8813291732283464
20
-3.6046151574803149
11
5.8816808267716532
21
-3.6049201574803149
0
LINE
8
BLACK
6
CONTINUOUS
10
5.8816808267716532
20
-3.6049201574803149
11
5.8821109055118113
21
-3.6050983070866143
0
LINE
8
BLACK
6
CONTINUOUS
10
5.8821109055118113
20
-3.6050983070866143
11
5.9049824409448819
21
-3.6279698031496062
0
LINE
8
BLACK
6
CONTINUOUS
10
5.9049824409448819
20
-3.6279698031496062
11
5.9049824409448819
21
-3.6043220472440942
0
LINE
8
BLACK
6
CONTINUOUS
10
5.9049824409448819
20
-3.6043220472440942
11
5.9055682283464561
21
-3.6029078346456691
0
LINE
8
BLACK
6
CONTINUOUS
10
5.9055682283464561
20
-3.6029078346456691
11
5.9069824409448817
21
-3.6023220472440944
0
LINE
8
BLACK
6
CONTINUOUS
10
5.9069824409448817
20
-3.6023220472440944
11
5.9083966535433072
21
-3.6029078346456691
0
LINE
8
BLACK
6
CONTINUOUS
10
5.9083966535433072
20
-3.6029078346456691
11
5.9089824409448815
21
-3.6043220472440942
0
LINE
8
BLACK
6
CONTINUOUS
10
5.9089824409448815
20
-3.6043220472440942
11
5.9089824409448815
21
-3.6327982283464566
0
LINE
8
BLACK
6
CONTINUOUS
10
5.9089824409448815
20
-3.6327982283464566
11
5.9083966535433072
21
-3.6342124409448817
0
LINE
8
BLACK
6
CONTINUOUS
10
5.9083966535433072
20
-3.6342124409448817
11
5.9069824409448817
21
-3.6347982283464568
0
LINE
8
BLACK
6
CONTINUOUS
10
5.9069824409448817
20
-3.6347982283464568
11
5.9055682283464561
21
-3.6342124409448817
0
LINE
8
BLACK
6
CONTINUOUS
10
5.9055682283464561
20
-3.6342124409448817
11
5.8796162992125982
21
-3.6082605511811021
0
LINE
8
BLACK
6
CONTINUOUS
10
5.8796162992125982
20
-3.6082605511811021
11
5.8738007480314955
21
-3.6063220472440944
0
LINE
8
BLACK
6
CONTINUOUS
10
5.8738007480314955
20
-3.6063220472440944
11
5.8702164566929129
21
-3.6063220472440944
0
LINE
8
BLACK
6
CONTINUOUS
10
5.8702164566929129
20
-3.6063220472440944
11
5.86654811023622
21
-3.6081562204724409
0
LINE
8
BLACK
6
CONTINUOUS
10
5.86654811023622
20
-3.6081562204724409
11
5.8648166141732281
21
-3.6098876771653541
0
LINE
8
BLACK
6
CONTINUOUS
10
5.8648166141732281
20
-3.6098876771653541
11
5.8629824409448821
21
-3.6135560629921257
0
LINE
8
BLACK
6
CONTINUOUS
10
5.8629824409448821
20
-3.6135560629921257
11
5.8629824409448821
21
-3.6235641732283463
0
LINE
8
BLACK
6
CONTINUOUS
10
5.8629824409448821
20
-3.6235641732283463
11
5.8648166141732281
21
-3.627232559055118
0
LINE
8
BLACK
6
CONTINUOUS
10
5.8648166141732281
20
-3.627232559055118
11
5.8667775984251964
21
-3.6291935433070863
0
LINE
8
BLACK
6
CONTINUOUS
10
5.8667775984251964
20
-3.6291935433070863
11
5.8673633858267715
21
-3.6306077559055119
0
LINE
8
BLACK
6
CONTINUOUS
10
5.8673633858267715
20
-3.6306077559055119
11
5.8667775984251964
21
-3.632021968503937
0
LINE
8
BLACK
6
CONTINUOUS
10
5.8667775984251964
20
-3.632021968503937
11
5.8653633858267717
21
-3.6326077559055117
0
LINE
8
BLACK
6
CONTINUOUS
10
5.8653633858267717
20
-3.6326077559055117
11
5.8639491732283462
21
-3.632021968503937
0
LINE
8
BLACK
6
CONTINUOUS
10
5.8639491732283462
20
-3.632021968503937
11
5.8617587007874015
21
-3.6298314960629918
0
LINE
8
BLACK
6
CONTINUOUS
10
5.8617587007874015
20
-3.6298314960629918
11
5.8616327165354329
21
-3.6295273622047244
0
LINE
8
BLACK
6
CONTINUOUS
10
5.8616327165354329
20
-3.6295273622047244
11
5.8613840551181102
21
-3.6293116929133857
0
LINE
8
BLACK
6
CONTINUOUS
10
5.8613840551181102
20
-3.6293116929133857
11
5.8591935826771655
21
-3.6249307480314958
0
LINE
8
BLACK
6
CONTINUOUS
10
5.8591935826771655
20
-3.6249307480314958
11
5.8591605511811018
21
-3.6244663779527557
0
LINE
8
BLACK
6
CONTINUOUS
10
5.8591605511811018
20
-3.6244663779527557
11
5.8589824409448816
21
-3.6240363385826773
0
LINE
8
BLACK
6
CONTINUOUS
10
5.8589824409448816
20
-3.6240363385826773
11
5.8589824409448816
21
-3.613083937007874
0
LINE
8
BLACK
6
CONTINUOUS
10
5.8589824409448816
20
-3.613083937007874
11
5.8591605511811018
21
-3.6126538582677163
0
LINE
8
BLACK
6
CONTINUOUS
10
5.8591605511811018
20
-3.6126538582677163
11
5.8591935826771655
21
-3.612189527559055
0
LINE
8
BLACK
6
CONTINUOUS
10
5.8591935826771655
20
-3.612189527559055
11
5.8613840551181102
21
-3.6078085826771651
0
LINE
8
BLACK
6
CONTINUOUS
10
5.8613840551181102
20
-3.6078085826771651
11
5.8616327165354329
21
-3.6075928740157481
0
LINE
8
BLACK
6
CONTINUOUS
10
5.8616327165354329
20
-3.6075928740157481
11
5.8617587007874015
21
-3.607288779527559
0
LINE
8
BLACK
6
CONTINUOUS
10
5.8617587007874015
20
-3.607288779527559
11
5.8639491732283462
21
-3.6050983070866143
0
LINE
8
BLACK
6
CONTINUOUS
10
5.8639491732283462
20
-3.6050983070866143
11
5.8642533070866136
21
-3.6049723228346457
0
LINE
8
BLACK
6
CONTINUOUS
10
5.8642533070866136
20
-3.6049723228346457
11
5.8644689763779523
21
-3.6047236614173226
0
LINE
8
BLACK
6
CONTINUOUS
10
5.8644689763779523
20
-3.6047236614173226
11
5.8688498818897639
21
-3.6025331889763779
0
LINE
8
BLACK
6
CONTINUOUS
10
5.8688498818897639
20
-3.6025331889763779
11
5.869314251968504
21
-3.602500157480315
0
LINE
8
BLACK
6
CONTINUOUS
10
5.869314251968504
20
-3.602500157480315
11
5.8697443307086612
21
-3.6023220472440944
0
LINE
8
BLACK
6
CONTINUOUS
10
5.8697443307086612
20
-3.6023220472440944
11
5.8741252755905506
21
-3.6023220472440944
0
LINE
8
BLACK
6
CONTINUOUS
10
5.8741252755905506
20
-3.6023220472440944
11
5.8744293700787402
21
-3.6024479921259842
0
LINE
8
BLACK
6
CONTINUOUS
10
5.8428768897637795
20
-3.5766046062992127
11
5.8438798031496058
21
-3.5777610236220472
0
LINE
8
BLACK
6
CONTINUOUS
10
5.8438798031496058
20
-3.5777610236220472
11
5.8437712992125981
21
-3.5792878740157481
0
LINE
8
BLACK
6
CONTINUOUS
10
5.8437712992125981
20
-3.5792878740157481
11
5.8426149212598428
21
-3.5802908267716536
0
LINE
8
BLACK
6
CONTINUOUS
10
5.8426149212598428
20
-3.5802908267716536
11
5.830839566929134
21
-3.5842159448818895
0
LINE
8
BLACK
6
CONTINUOUS
10
5.830839566929134
20
-3.5842159448818895
11
5.830839566929134
21
-3.6032376377952757
0
LINE
8
BLACK
6
CONTINUOUS
10
5.830839566929134
20
-3.6032376377952757
11
5.8426149212598428
21
-3.6071627559055117
0
LINE
8
BLACK
6
CONTINUOUS
10
5.8426149212598428
20
-3.6071627559055117
11
5.8437712992125981
21
-3.6081657086614172
0
LINE
8
BLACK
6
CONTINUOUS
10
5.8437712992125981
20
-3.6081657086614172
11
5.8438798425196845
21
-3.6096925590551181
0
LINE
8
BLACK
6
CONTINUOUS
10
5.8438798425196845
20
-3.6096925590551181
11
5.8428768897637795
21
-3.6108489763779525
0
LINE
8
BLACK
6
CONTINUOUS
10
5.8428768897637795
20
-3.6108489763779525
11
5.8413500000000003
21
-3.6109574803149607
0
LINE
8
BLACK
6
CONTINUOUS
10
5.8413500000000003
20
-3.6109574803149607
11
5.79535
21
-3.5956241732283463
0
LINE
8
BLACK
6
CONTINUOUS
10
5.79535
20
-3.5956241732283463
11
5.7952370866141729
21
-3.5955262598425195
0
LINE
8
BLACK
6
CONTINUOUS
10
5.7952370866141729
20
-3.5955262598425195
11
5.7950880314960624
21
-3.5955156692913386
0
LINE
8
BLACK
6
CONTINUOUS
10
5.7950880314960624
20
-3.5955156692913386
11
5.794672559055118
21
-3.5950366535433069
0
LINE
8
BLACK
6
CONTINUOUS
10
5.794672559055118
20
-3.5950366535433069
11
5.7941935826771651
21
-3.5946212204724408
0
LINE
8
BLACK
6
CONTINUOUS
10
5.7941935826771651
20
-3.5946212204724408
11
5.7941829527559054
21
-3.594472125984252
0
LINE
8
BLACK
6
CONTINUOUS
10
5.7941829527559054
20
-3.594472125984252
11
5.7940850787401574
21
-3.5943592519685037
0
LINE
8
BLACK
6
CONTINUOUS
10
5.7940850787401574
20
-3.5943592519685037
11
5.79413
21
-3.5937268110236218
0
LINE
8
BLACK
6
CONTINUOUS
10
5.79413
20
-3.5937268110236218
11
5.7940850787401574
21
-3.5930943700787399
0
LINE
8
BLACK
6
CONTINUOUS
10
5.7940850787401574
20
-3.5930943700787399
11
5.7941829527559054
21
-3.5929814566929132
0
LINE
8
BLACK
6
CONTINUOUS
10
5.7941829527559054
20
-3.5929814566929132
11
5.7941935826771651
21
-3.5928324015748032
0
LINE
8
BLACK
6
CONTINUOUS
10
5.7941935826771651
20
-3.5928324015748032
11
5.794672559055118
21
-3.5924169291338583
0
LINE
8
BLACK
6
CONTINUOUS
10
5.794672559055118
20
-3.5924169291338583
11
5.7950880314960624
21
-3.5919379527559054
0
LINE
8
BLACK
6
CONTINUOUS
10
5.7950880314960624
20
-3.5919379527559054
11
5.7952370866141729
21
-3.5919273228346458
0
LINE
8
BLACK
6
CONTINUOUS
10
5.7952370866141729
20
-3.5919273228346458
11
5.79535
21
-3.5918294488188978
0
LINE
8
BLACK
6
CONTINUOUS
10
5.79535
20
-3.5918294488188978
11
5.8413500000000003
21
-3.5764961023622046
0
LINE
8
BLACK
6
CONTINUOUS
10
5.8413500000000003
20
-3.5764961023622046
11
5.8428768897637795
21
-3.5766046062992127
0
LINE
8
BLACK
6
CONTINUOUS
10
5.8023069685039372
20
-3.593726771653543
11
5.8268395669291335
21
-3.6019042913385828
0
LINE
8
BLACK
6
CONTINUOUS
10
5.8268395669291335
20
-3.6019042913385828
11
5.8268395669291335
21
-3.5855492519685037
0
LINE
8
BLACK
6
CONTINUOUS
10
5.8268395669291335
20
-3.5855492519685037
11
5.8023069685039372
21
-3.593726771653543
0
LINE
8
BLACK
6
CONTINUOUS
10
5.8896928740157479
20
-3.5586095275590552
11
5.8899437007874011
21
-3.558572244094488
0
LINE
8
BLACK
6
CONTINUOUS
10
5.8899437007874011
20
-3.558572244094488
11
5.8987055511811022
21
-3.5607627165354332
0
LINE
8
BLACK
6
CONTINUOUS
10
5.8987055511811022
20
-3.5607627165354332
11
5.8988881496062993
21
-3.5608979921259842
0
LINE
8
BLACK
6
CONTINUOUS
10
5.8988881496062993
20
-3.5608979921259842
11
5.8991149212598426
21
-3.5609141338582675
0
LINE
8
BLACK
6
CONTINUOUS
10
5.8991149212598426
20
-3.5609141338582675
11
5.9034958661417321
21
-3.5631046062992127
0
LINE
8
BLACK
6
CONTINUOUS
10
5.9034958661417321
20
-3.5631046062992127
11
5.9037115354330707
21
-3.5633532677165354
0
LINE
8
BLACK
6
CONTINUOUS
10
5.9037115354330707
20
-3.5633532677165354
11
5.9040156692913381
21
-3.5634792519685039
0
LINE
8
BLACK
6
CONTINUOUS
10
5.9040156692913381
20
-3.5634792519685039
11
5.9062061811023625
21
-3.5656697244094486
0
LINE
8
BLACK
6
CONTINUOUS
10
5.9062061811023625
20
-3.5656697244094486
11
5.9063321259842514
21
-3.5659738582677165
0
LINE
8
BLACK
6
CONTINUOUS
10
5.9063321259842514
20
-3.5659738582677165
11
5.9065808267716537
21
-3.5661895275590552
0
LINE
8
BLACK
6
CONTINUOUS
10
5.9065808267716537
20
-3.5661895275590552
11
5.9087712992125985
21
-3.5705704330708659
0
LINE
8
BLACK
6
CONTINUOUS
10
5.9087712992125985
20
-3.5705704330708659
11
5.9088042913385825
21
-3.5710348031496064
0
LINE
8
BLACK
6
CONTINUOUS
10
5.9088042913385825
20
-3.5710348031496064
11
5.9089824409448815
21
-3.5714648818897636
0
LINE
8
BLACK
6
CONTINUOUS
10
5.9089824409448815
20
-3.5714648818897636
11
5.9089824409448815
21
-3.5758458661417323
0
LINE
8
BLACK
6
CONTINUOUS
10
5.9089824409448815
20
-3.5758458661417323
11
5.9088042913385825
21
-3.5762759055118107
0
LINE
8
BLACK
6
CONTINUOUS
10
5.9088042913385825
20
-3.5762759055118107
11
5.9087712992125985
21
-3.5767403149606301
0
LINE
8
BLACK
6
CONTINUOUS
10
5.9087712992125985
20
-3.5767403149606301
11
5.9065808267716537
21
-3.5811212204724407
0
LINE
8
BLACK
6
CONTINUOUS
10
5.9065808267716537
20
-3.5811212204724407
11
5.9063321259842514
21
-3.5813368503937006
0
LINE
8
BLACK
6
CONTINUOUS
10
5.9063321259842514
20
-3.5813368503937006
11
5.9062061811023625
21
-3.5816410236220473
0
LINE
8
BLACK
6
CONTINUOUS
10
5.9062061811023625
20
-3.5816410236220473
11
5.9040156692913381
21
-3.583831496062992
0
LINE
8
BLACK
6
CONTINUOUS
10
5.9040156692913381
20
-3.583831496062992
11
5.9037115354330707
21
-3.5839574409448818
0
LINE
8
BLACK
6
CONTINUOUS
10
5.9037115354330707
20
-3.5839574409448818
11
5.9034958661417321
21
-3.5842061417322832
0
LINE
8
BLACK
6
CONTINUOUS
10
5.9034958661417321
20
-3.5842061417322832
11
5.8991149212598426
21
-3.5863966141732284
0
LINE
8
BLACK
6
CONTINUOUS
10
5.8991149212598426
20
-3.5863966141732284
11
5.8988881496062993
21
-3.5864127165354329
0
LINE
8
BLACK
6
CONTINUOUS
10
5.8988881496062993
20
-3.5864127165354329
11
5.8987055511811022
21
-3.5865480314960627
0
LINE
8
BLACK
6
CONTINUOUS
10
5.8987055511811022
20
-3.5865480314960627
11
5.8899437007874011
21
-3.5887385039370079
0
LINE
8
BLACK
6
CONTINUOUS
10
5.8899437007874011
20
-3.5887385039370079
11
5.8896928740157479
21
-3.5887011811023619
0
LINE
8
BLACK
6
CONTINUOUS
10
5.8896928740157479
20
-3.5887011811023619
11
5.8894586220472442
21
-3.5887982283464566
0
LINE
8
BLACK
6
CONTINUOUS
10
5.8894586220472442
20
-3.5887982283464566
11
5.878506220472441
21
-3.5887982283464566
0
LINE
8
BLACK
6
CONTINUOUS
10
5.878506220472441
20
-3.5887982283464566
11
5.8782719291338585
21
-3.5887011811023619
0
LINE
8
BLACK
6
CONTINUOUS
10
5.8782719291338585
20
-3.5887011811023619
11
5.8780211417322832
21
-3.5887385039370079
0
LINE
8
BLACK
6
CONTINUOUS
10
5.8780211417322832
20
-3.5887385039370079
11
5.8692592519685034
21
-3.5865480314960627
0
LINE
8
BLACK
6
CONTINUOUS
10
5.8692592519685034
20
-3.5865480314960627
11
5.8690766141732285
21
-3.5864127165354329
0
LINE
8
BLACK
6
CONTINUOUS
10
5.8690766141732285
20
-3.5864127165354329
11
5.8688498818897639
21
-3.5863966141732284
0
LINE
8
BLACK
6
CONTINUOUS
10
5.8688498818897639
20
-3.5863966141732284
11
5.8644689763779523
21
-3.5842061417322832
0
LINE
8
BLACK
6
CONTINUOUS
10
5.8644689763779523
20
-3.5842061417322832
11
5.8642533070866136
21
-3.5839574409448818
0
LINE
8
BLACK
6
CONTINUOUS
10
5.8642533070866136
20
-3.5839574409448818
11
5.8639491732283462
21
-3.583831496062992
0
LINE
8
BLACK
6
CONTINUOUS
10
5.8639491732283462
20
-3.583831496062992
11
5.8617587007874015
21
-3.5816410236220473
0
LINE
8
BLACK
6
CONTINUOUS
10
5.8617587007874015
20
-3.5816410236220473
11
5.8616327165354329
21
-3.5813368897637794
0
LINE
8
BLACK
6
CONTINUOUS
10
5.8616327165354329
20
-3.5813368897637794
11
5.8613840551181102
21
-3.5811212204724407
0
LINE
8
BLACK
6
CONTINUOUS
10
5.8613840551181102
20
-3.5811212204724407
11
5.8591935826771655
21
-3.5767402755905513
0
LINE
8
BLACK
6
CONTINUOUS
10
5.8591935826771655
20
-3.5767402755905513
11
5.8591605511811018
21
-3.5762759055118107
0
LINE
8
BLACK
6
CONTINUOUS
10
5.8591605511811018
20
-3.5762759055118107
11
5.8589824409448816
21
-3.5758458661417323
0
LINE
8
BLACK
6
CONTINUOUS
10
5.8589824409448816
20
-3.5758458661417323
11
5.8589824409448816
21
-3.5714648818897636
0
LINE
8
BLACK
6
CONTINUOUS
10
5.8589824409448816
20
-3.5714648818897636
11
5.8591605511811018
21
-3.5710348031496064
0
LINE
8
BLACK
6
CONTINUOUS
10
5.8591605511811018
20
-3.5710348031496064
11
5.8591935826771655
21
-3.5705704724409446
0
LINE
8
BLACK
6
CONTINUOUS
10
5.8591935826771655
20
-3.5705704724409446
11
5.8613840551181102
21
-3.5661895275590552
0
LINE
8
BLACK
6
CONTINUOUS
10
5.8613840551181102
20
-3.5661895275590552
11
5.8616327165354329
21
-3.5659738188976378
0
LINE
8
BLACK
6
CONTINUOUS
10
5.8616327165354329
20
-3.5659738188976378
11
5.8617587007874015
21
-3.5656697244094486
0
LINE
8
BLACK
6
CONTINUOUS
10
5.8617587007874015
20
-3.5656697244094486
11
5.8639491732283462
21
-3.5634792519685039
0
LINE
8
BLACK
6
CONTINUOUS
10
5.8639491732283462
20
-3.5634792519685039
11
5.8642533070866136
21
-3.5633532677165354
0
LINE
8
BLACK
6
CONTINUOUS
10
5.8642533070866136
20
-3.5633532677165354
11
5.8644689763779523
21
-3.5631046062992127
0
LINE
8
BLACK
6
CONTINUOUS
10
5.8644689763779523
20
-3.5631046062992127
11
5.8688498818897639
21
-3.5609141338582675
0
LINE
8
BLACK
6
CONTINUOUS
10
5.8688498818897639
20
-3.5609141338582675
11
5.8690766141732285
21
-3.5608979921259842
0
LINE
8
BLACK
6
CONTINUOUS
10
5.8690766141732285
20
-3.5608979921259842
11
5.8692592519685034
21
-3.5607627165354332
0
LINE
8
BLACK
6
CONTINUOUS
10
5.8692592519685034
20
-3.5607627165354332
11
5.8780211417322832
21
-3.558572244094488
0
LINE
8
BLACK
6
CONTINUOUS
10
5.8780211417322832
20
-3.558572244094488
11
5.8782719291338585
21
-3.5586095275590552
0
LINE
8
BLACK
6
CONTINUOUS
10
5.8782719291338585
20
-3.5586095275590552
11
5.878506220472441
21
-3.5585125196850393
0
LINE
8
BLACK
6
CONTINUOUS
10
5.878506220472441
20
-3.5585125196850393
11
5.8894586220472442
21
-3.5585125196850393
0
LINE
8
BLACK
6
CONTINUOUS
10
5.8894586220472442
20
-3.5585125196850393
11
5.8896928740157479
21
-3.5586095275590552
0
LINE
8
BLACK
6
CONTINUOUS
10
5.8704424015748033
20
-3.5645899999999999
11
5.86654811023622
21
-3.5665371653543305
0
LINE
8
BLACK
6
CONTINUOUS
10
5.86654811023622
20
-3.5665371653543305
11
5.8648166141732281
21
-3.5682686220472442
0
LINE
8
BLACK
6
CONTINUOUS
10
5.8648166141732281
20
-3.5682686220472442
11
5.8629824409448821
21
-3.5719370078740158
0
LINE
8
BLACK
6
CONTINUOUS
10
5.8629824409448821
20
-3.5719370078740158
11
5.8629824409448821
21
-3.5753737007874014
0
LINE
8
BLACK
6
CONTINUOUS
10
5.8629824409448821
20
-3.5753737007874014
11
5.8648166141732281
21
-3.579042086614173
0
LINE
8
BLACK
6
CONTINUOUS
10
5.8648166141732281
20
-3.579042086614173
11
5.86654811023622
21
-3.5807735826771654
0
LINE
8
BLACK
6
CONTINUOUS
10
5.86654811023622
20
-3.5807735826771654
11
5.8704424015748033
21
-3.5827207086614172
0
LINE
8
BLACK
6
CONTINUOUS
10
5.8704424015748033
20
-3.5827207086614172
11
5.8787523622047244
21
-3.5847982283464566
0
LINE
8
BLACK
6
CONTINUOUS
10
5.8787523622047244
20
-3.5847982283464566
11
5.8892124409448821
21
-3.5847982283464566
0
LINE
8
BLACK
6
CONTINUOUS
10
5.8892124409448821
20
-3.5847982283464566
11
5.8975224015748031
21
-3.5827207086614172
0
LINE
8
BLACK
6
CONTINUOUS
10
5.8975224015748031
20
-3.5827207086614172
11
5.9014167322834643
21
-3.5807735433070866
0
LINE
8
BLACK
6
CONTINUOUS
10
5.9014167322834643
20
-3.5807735433070866
11
5.9031483070866138
21
-3.5790420078740155
0
LINE
8
BLACK
6
CONTINUOUS
10
5.9031483070866138
20
-3.5790420078740155
11
5.9049824409448819
21
-3.5753737401574801
0
LINE
8
BLACK
6
CONTINUOUS
10
5.9049824409448819
20
-3.5753737401574801
11
5.9049824409448819
21
-3.5719370078740158
0
LINE
8
BLACK
6
CONTINUOUS
10
5.9049824409448819
20
-3.5719370078740158
11
5.9031483070866138
21
-3.5682687401574804
0
LINE
8
BLACK
6
CONTINUOUS
10
5.9031483070866138
20
-3.5682687401574804
11
5.9014167322834643
21
-3.5665371653543305
0
LINE
8
BLACK
6
CONTINUOUS
10
5.9014167322834643
20
-3.5665371653543305
11
5.8975224015748031
21
-3.5645899999999999
0
LINE
8
BLACK
6
CONTINUOUS
10
5.8975224015748031
20
-3.5645899999999999
11
5.8892124409448821
21
-3.5625125196850393
0
LINE
8
BLACK
6
CONTINUOUS
10
5.8892124409448821
20
-3.5625125196850393
11
5.8787523622047244
21
-3.5625125196850393
0
LINE
8
BLACK
6
CONTINUOUS
10
5.8787523622047244
20
-3.5625125196850393
11
5.8704424015748033
21
-3.5645899999999999
0
LINE
8
BLACK
6
CONTINUOUS
10
5.8390156692913386
20
-3.5353601968503936
11
5.8412061811023621
21
-3.5375506692913383
0
LINE
8
BLACK
6
CONTINUOUS
10
5.8412061811023621
20
-3.5375506692913383
11
5.841384330708661
21
-3.537980748031496
0
LINE
8
BLACK
6
CONTINUOUS
10
5.841384330708661
20
-3.537980748031496
11
5.841689330708661
21
-3.538332440944882
0
LINE
8
BLACK
6
CONTINUOUS
10
5.841689330708661
20
-3.538332440944882
11
5.8438798031496058
21
-3.5449038582677166
0
LINE
8
BLACK
6
CONTINUOUS
10
5.8438798031496058
20
-3.5449038582677166
11
5.8438564566929134
21
-3.5452321653543306
0
LINE
8
BLACK
6
CONTINUOUS
10
5.8438564566929134
20
-3.5452321653543306
11
5.843982440944882
21
-3.5455362992125985
0
LINE
8
BLACK
6
CONTINUOUS
10
5.843982440944882
20
-3.5455362992125985
11
5.843982440944882
21
-3.5499172440944879
0
LINE
8
BLACK
6
CONTINUOUS
10
5.843982440944882
20
-3.5499172440944879
11
5.8438564566929134
21
-3.5502213385826771
0
LINE
8
BLACK
6
CONTINUOUS
10
5.8438564566929134
20
-3.5502213385826771
11
5.8438798031496058
21
-3.5505496850393699
0
LINE
8
BLACK
6
CONTINUOUS
10
5.8438798031496058
20
-3.5505496850393699
11
5.841689330708661
21
-3.5571211417322832
0
LINE
8
BLACK
6
CONTINUOUS
10
5.841689330708661
20
-3.5571211417322832
11
5.8413842913385823
21
-3.5574727952755905
0
LINE
8
BLACK
6
CONTINUOUS
10
5.8413842913385823
20
-3.5574727952755905
11
5.8412061811023621
21
-3.5579029133858269
0
LINE
8
BLACK
6
CONTINUOUS
10
5.8412061811023621
20
-3.5579029133858269
11
5.8368251968503939
21
-3.5622838582677163
0
LINE
8
BLACK
6
CONTINUOUS
10
5.8368251968503939
20
-3.5622838582677163
11
5.8365210629921256
21
-3.5624098031496061
0
LINE
8
BLACK
6
CONTINUOUS
10
5.8365210629921256
20
-3.5624098031496061
11
5.8363053937007869
21
-3.562658503937008
0
LINE
8
BLACK
6
CONTINUOUS
10
5.8363053937007869
20
-3.562658503937008
11
5.8319244488188975
21
-3.5648489763779527
0
LINE
8
BLACK
6
CONTINUOUS
10
5.8319244488188975
20
-3.5648489763779527
11
5.8316976771653541
21
-3.5648650787401572
0
LINE
8
BLACK
6
CONTINUOUS
10
5.8316976771653541
20
-3.5648650787401572
11
5.8315150787401571
21
-3.5650003937007875
0
LINE
8
BLACK
6
CONTINUOUS
10
5.8315150787401571
20
-3.5650003937007875
11
5.8227532283464569
21
-3.5671908661417322
0
LINE
8
BLACK
6
CONTINUOUS
10
5.8227532283464569
20
-3.5671908661417322
11
5.8225024015748028
21
-3.5671535433070867
0
LINE
8
BLACK
6
CONTINUOUS
10
5.8225024015748028
20
-3.5671535433070867
11
5.8222681496062991
21
-3.5672505905511809
0
LINE
8
BLACK
6
CONTINUOUS
10
5.8222681496062991
20
-3.5672505905511809
11
5.8156966929133853
21
-3.5672505905511809
0
LINE
8
BLACK
6
CONTINUOUS
10
5.8156966929133853
20
-3.5672505905511809
11
5.8154624015748029
21
-3.5671535433070867
0
LINE
8
BLACK
6
CONTINUOUS
10
5.8154624015748029
20
-3.5671535433070867
11
5.8152116141732284
21
-3.5671908661417322
0
LINE
8
BLACK
6
CONTINUOUS
10
5.8152116141732284
20
-3.5671908661417322
11
5.8064497244094486
21
-3.5650003937007875
0
LINE
8
BLACK
6
CONTINUOUS
10
5.8064497244094486
20
-3.5650003937007875
11
5.8062670866141728
21
-3.5648650787401572
0
LINE
8
BLACK
6
CONTINUOUS
10
5.8062670866141728
20
-3.5648650787401572
11
5.8060403543307082
21
-3.5648489763779527
0
LINE
8
BLACK
6
CONTINUOUS
10
5.8060403543307082
20
-3.5648489763779527
11
5.8016594488188975
21
-3.562658503937008
0
LINE
8
BLACK
6
CONTINUOUS
10
5.8016594488188975
20
-3.562658503937008
11
5.8014437795275589
21
-3.5624098031496061
0
LINE
8
BLACK
6
CONTINUOUS
10
5.8014437795275589
20
-3.5624098031496061
11
5.8011396456692914
21
-3.5622838582677163
0
LINE
8
BLACK
6
CONTINUOUS
10
5.8011396456692914
20
-3.5622838582677163
11
5.7967587007874011
21
-3.5579029133858269
0
LINE
8
BLACK
6
CONTINUOUS
10
5.7967587007874011
20
-3.5579029133858269
11
5.7965805511811022
21
-3.5574728346456692
0
LINE
8
BLACK
6
CONTINUOUS
10
5.7965805511811022
20
-3.5574728346456692
11
5.7962755511811022
21
-3.557121181102362
0
LINE
8
BLACK
6
CONTINUOUS
10
5.7962755511811022
20
-3.557121181102362
11
5.7940850787401574
21
-3.5505496850393699
0
LINE
8
BLACK
6
CONTINUOUS
10
5.7940850787401574
20
-3.5505496850393699
11
5.7941083858267719
21
-3.5502213385826771
0
LINE
8
BLACK
6
CONTINUOUS
10
5.7941083858267719
20
-3.5502213385826771
11
5.7939824409448821
21
-3.5499172440944879
0
LINE
8
BLACK
6
CONTINUOUS
10
5.7939824409448821
20
-3.5499172440944879
11
5.7939824409448821
21
-3.5455362992125985
0
LINE
8
BLACK
6
CONTINUOUS
10
5.7939824409448821
20
-3.5455362992125985
11
5.7941083858267719
21
-3.5452321653543306
0
LINE
8
BLACK
6
CONTINUOUS
10
5.7941083858267719
20
-3.5452321653543306
11
5.7940850787401574
21
-3.5449038582677166
0
LINE
8
BLACK
6
CONTINUOUS
10
5.7940850787401574
20
-3.5449038582677166
11
5.7962755511811022
21
-3.5383324015748032
0
LINE
8
BLACK
6
CONTINUOUS
10
5.7962755511811022
20
-3.5383324015748032
11
5.7965805511811022
21
-3.5379807086614172
0
LINE
8
BLACK
6
CONTINUOUS
10
5.7965805511811022
20
-3.5379807086614172
11
5.7967587007874011
21
-3.5375506692913383
0
LINE
8
BLACK
6
CONTINUOUS
10
5.7967587007874011
20
-3.5375506692913383
11
5.7989491732283467
21
-3.5353601968503936
0
LINE
8
BLACK
6
CONTINUOUS
10
5.7989491732283467
20
-3.5353601968503936
11
5.8003633858267714
21
-3.5347744094488189
0
LINE
8
BLACK
6
CONTINUOUS
10
5.8003633858267714
20
-3.5347744094488189
11
5.8017775984251969
21
-3.5353601968503936
0
LINE
8
BLACK
6
CONTINUOUS
10
5.8017775984251969
20
-3.5353601968503936
11
5.8023633858267711
21
-3.5367744094488187
0
LINE
8
BLACK
6
CONTINUOUS
10
5.8023633858267711
20
-3.5367744094488187
11
5.8017775984251969
21
-3.5381886220472438
0
LINE
8
BLACK
6
CONTINUOUS
10
5.8017775984251969
20
-3.5381886220472438
11
5.7999209448818894
21
-3.5400452362204722
0
LINE
8
BLACK
6
CONTINUOUS
10
5.7999209448818894
20
-3.5400452362204722
11
5.7979824409448817
21
-3.5458608267716536
0
LINE
8
BLACK
6
CONTINUOUS
10
5.7979824409448817
20
-3.5458608267716536
11
5.7979824409448817
21
-3.5495927165354328
0
LINE
8
BLACK
6
CONTINUOUS
10
5.7979824409448817
20
-3.5495927165354328
11
5.7999209448818894
21
-3.5554083070866143
0
LINE
8
BLACK
6
CONTINUOUS
10
5.7999209448818894
20
-3.5554083070866143
11
5.8037385826771652
21
-3.5592259448818897
0
LINE
8
BLACK
6
CONTINUOUS
10
5.8037385826771652
20
-3.5592259448818897
11
5.8076328740157477
21
-3.5611730708661415
0
LINE
8
BLACK
6
CONTINUOUS
10
5.8076328740157477
20
-3.5611730708661415
11
5.8159428346456687
21
-3.5632505905511809
0
LINE
8
BLACK
6
CONTINUOUS
10
5.8159428346456687
20
-3.5632505905511809
11
5.8220219685039369
21
-3.5632505905511809
0
LINE
8
BLACK
6
CONTINUOUS
10
5.8220219685039369
20
-3.5632505905511809
11
5.830331929133858
21
-3.5611730708661415
0
LINE
8
BLACK
6
CONTINUOUS
10
5.830331929133858
20
-3.5611730708661415
11
5.8342262992125979
21
-3.559225905511811
0
LINE
8
BLACK
6
CONTINUOUS
10
5.8342262992125979
20
-3.559225905511811
11
5.8380438976377951
21
-3.5554083070866143
0
LINE
8
BLACK
6
CONTINUOUS
10
5.8380438976377951
20
-3.5554083070866143
11
5.8399824409448815
21
-3.5495926771653541
0
LINE
8
BLACK
6
CONTINUOUS
10
5.8399824409448815
20
-3.5495926771653541
11
5.8399824409448815
21
-3.5458608267716536
0
LINE
8
BLACK
6
CONTINUOUS
10
5.8399824409448815
20
-3.5458608267716536
11
5.8380438976377951
21
-3.5400452755905509
0
LINE
8
BLACK
6
CONTINUOUS
10
5.8380438976377951
20
-3.5400452755905509
11
5.8361872440944884
21
-3.5381886220472438
0
LINE
8
BLACK
6
CONTINUOUS
10
5.8361872440944884
20
-3.5381886220472438
11
5.8356014566929133
21
-3.5367744094488187
0
LINE
8
BLACK
6
CONTINUOUS
10
5.8356014566929133
20
-3.5367744094488187
11
5.8361872440944884
21
-3.5353601968503936
0
LINE
8
BLACK
6
CONTINUOUS
10
5.8361872440944884
20
-3.5353601968503936
11
5.8376014566929131
21
-3.5347744094488189
0
LINE
8
BLACK
6
CONTINUOUS
10
5.8376014566929131
20
-3.5347744094488189
11
5.8390156692913386
21
-3.5353601968503936
0
LINE
8
BLACK
6
CONTINUOUS
10
5.9083966535433072
20
-3.5152887795275589
11
5.9089824409448815
21
-3.516702992125984
0
LINE
8
BLACK
6
CONTINUOUS
10
5.9089824409448815
20
-3.516702992125984
11
5.9089824409448815
21
-3.5429887007874017
0
LINE
8
BLACK
6
CONTINUOUS
10
5.9089824409448815
20
-3.5429887007874017
11
5.9083966535433072
21
-3.5444029133858268
0
LINE
8
BLACK
6
CONTINUOUS
10
5.9083966535433072
20
-3.5444029133858268
11
5.9069824409448817
21
-3.5449887007874015
0
LINE
8
BLACK
6
CONTINUOUS
10
5.9069824409448817
20
-3.5449887007874015
11
5.9055682283464561
21
-3.5444029133858268
0
LINE
8
BLACK
6
CONTINUOUS
10
5.9055682283464561
20
-3.5444029133858268
11
5.9049824409448819
21
-3.5429887007874017
0
LINE
8
BLACK
6
CONTINUOUS
10
5.9049824409448819
20
-3.5429887007874017
11
5.9049824409448819
21
-3.5318458661417322
0
LINE
8
BLACK
6
CONTINUOUS
10
5.9049824409448819
20
-3.5318458661417322
11
5.8675879921259844
21
-3.5318458661417322
0
LINE
8
BLACK
6
CONTINUOUS
10
5.8675879921259844
20
-3.5318458661417322
11
5.8686632677165349
21
-3.5325627165354332
0
LINE
8
BLACK
6
CONTINUOUS
10
5.8686632677165349
20
-3.5325627165354332
11
5.8687778346456696
21
-3.5327337795275588
0
LINE
8
BLACK
6
CONTINUOUS
10
5.8687778346456696
20
-3.5327337795275588
11
5.868968070866142
21
-3.5328125984251968
0
LINE
8
BLACK
6
CONTINUOUS
10
5.868968070866142
20
-3.5328125984251968
11
5.8733490157480315
21
-3.5371935433070867
0
LINE
8
BLACK
6
CONTINUOUS
10
5.8733490157480315
20
-3.5371935433070867
11
5.8734749606299212
21
-3.5374976771653541
0
LINE
8
BLACK
6
CONTINUOUS
10
5.8734749606299212
20
-3.5374976771653541
11
5.8737236614173227
21
-3.5377133464566928
0
LINE
8
BLACK
6
CONTINUOUS
10
5.8737236614173227
20
-3.5377133464566928
11
5.8759141338582674
21
-3.5420942519685039
0
LINE
8
BLACK
6
CONTINUOUS
10
5.8759141338582674
20
-3.5420942519685039
11
5.8760226377952751
21
-3.5436211417322836
0
LINE
8
BLACK
6
CONTINUOUS
10
5.8760226377952751
20
-3.5436211417322836
11
5.8750196850393701
21
-3.544777559055118
0
LINE
8
BLACK
6
CONTINUOUS
10
5.8750196850393701
20
-3.544777559055118
11
5.87349279527559
21
-3.5448860629921257
0
LINE
8
BLACK
6
CONTINUOUS
10
5.87349279527559
20
-3.5448860629921257
11
5.8723364173228347
21
-3.5438831102362203
0
LINE
8
BLACK
6
CONTINUOUS
10
5.8723364173228347
20
-3.5438831102362203
11
5.8702911023622049
21
-3.5397924803149605
0
LINE
8
BLACK
6
CONTINUOUS
10
5.8702911023622049
20
-3.5397924803149605
11
5.8662796062992122
21
-3.5357809842519683
0
LINE
8
BLACK
6
CONTINUOUS
10
5.8662796062992122
20
-3.5357809842519683
11
5.859873031496063
21
-3.5315099606299212
0
LINE
8
BLACK
6
CONTINUOUS
10
5.859873031496063
20
-3.5315099606299212
11
5.8597584251968504
21
-3.5313388582677163
0
LINE
8
BLACK
6
CONTINUOUS
10
5.8597584251968504
20
-3.5313388582677163
11
5.8595682283464567
21
-3.5312600787401576
0
LINE
8
BLACK
6
CONTINUOUS
10
5.8595682283464567
20
-3.5312600787401576
11
5.8593453149606294
21
-3.5307219685039368
0
LINE
8
BLACK
6
CONTINUOUS
10
5.8593453149606294
20
-3.5307219685039368
11
5.8590212992125981
21
-3.5302381102362204
0
LINE
8
BLACK
6
CONTINUOUS
10
5.8590212992125981
20
-3.5302381102362204
11
5.8590612204724408
21
-3.5300361023622044
0
LINE
8
BLACK
6
CONTINUOUS
10
5.8590612204724408
20
-3.5300361023622044
11
5.8589824409448816
21
-3.529845866141732
0
LINE
8
BLACK
6
CONTINUOUS
10
5.8589824409448816
20
-3.529845866141732
11
5.8592053149606294
21
-3.529307716535433
0
LINE
8
BLACK
6
CONTINUOUS
10
5.8592053149606294
20
-3.529307716535433
11
5.8593183464566927
21
-3.5287364566929131
0
LINE
8
BLACK
6
CONTINUOUS
10
5.8593183464566927
20
-3.5287364566929131
11
5.8594894094488188
21
-3.5286218503937006
0
LINE
8
BLACK
6
CONTINUOUS
10
5.8594894094488188
20
-3.5286218503937006
11
5.8595682283464567
21
-3.5284316535433069
0
LINE
8
BLACK
6
CONTINUOUS
10
5.8595682283464567
20
-3.5284316535433069
11
5.8601062992125987
21
-3.5282087401574804
0
LINE
8
BLACK
6
CONTINUOUS
10
5.8601062992125987
20
-3.5282087401574804
11
5.860590196850394
21
-3.5278847244094487
0
LINE
8
BLACK
6
CONTINUOUS
10
5.860590196850394
20
-3.5278847244094487
11
5.8607921653543302
21
-3.5279246456692914
0
LINE
8
BLACK
6
CONTINUOUS
10
5.8607921653543302
20
-3.5279246456692914
11
5.8609824409448814
21
-3.5278458661417322
0
LINE
8
BLACK
6
CONTINUOUS
10
5.8609824409448814
20
-3.5278458661417322
11
5.9049824409448819
21
-3.5278458661417322
0
LINE
8
BLACK
6
CONTINUOUS
10
5.9049824409448819
20
-3.5278458661417322
11
5.9049824409448819
21
-3.516702992125984
0
LINE
8
BLACK
6
CONTINUOUS
10
5.9049824409448819
20
-3.516702992125984
11
5.9055682283464561
21
-3.5152887795275589
0
LINE
8
BLACK
6
CONTINUOUS
10
5.9055682283464561
20
-3.5152887795275589
11
5.9069824409448817
21
-3.5147029921259842
0
LINE
8
BLACK
6
CONTINUOUS
10
5.9069824409448817
20
-3.5147029921259842
11
5.9083966535433072
21
-3.5152887795275589
0
LINE
8
BLACK
6
CONTINUOUS
10
5.8433966535433068
20
-3.4893601968503938
11
5.843982440944882
21
-3.4907744094488189
0
LINE
8
BLACK
6
CONTINUOUS
10
5.843982440944882
20
-3.4907744094488189
11
5.8433966535433068
21
-3.492188622047244
0
LINE
8
BLACK
6
CONTINUOUS
10
5.8433966535433068
20
-3.492188622047244
11
5.8419824409448822
21
-3.4927744094488187
0
LINE
8
BLACK
6
CONTINUOUS
10
5.8419824409448822
20
-3.4927744094488187
11
5.8198872047244095
21
-3.4927744094488187
0
LINE
8
BLACK
6
CONTINUOUS
10
5.8198872047244095
20
-3.4927744094488187
11
5.8198872047244095
21
-3.5150601181102363
0
LINE
8
BLACK
6
CONTINUOUS
10
5.8198872047244095
20
-3.5150601181102363
11
5.8419824409448822
21
-3.5150601181102363
0
LINE
8
BLACK
6
CONTINUOUS
10
5.8419824409448822
20
-3.5150601181102363
11
5.8433966535433068
21
-3.515645905511811
0
LINE
8
BLACK
6
CONTINUOUS
10
5.8433966535433068
20
-3.515645905511811
11
5.843982440944882
21
-3.5170601181102361
0
LINE
8
BLACK
6
CONTINUOUS
10
5.843982440944882
20
-3.5170601181102361
11
5.8433966535433068
21
-3.5184743307086612
0
LINE
8
BLACK
6
CONTINUOUS
10
5.8433966535433068
20
-3.5184743307086612
11
5.8419824409448822
21
-3.5190601181102363
0
LINE
8
BLACK
6
CONTINUOUS
10
5.8419824409448822
20
-3.5190601181102363
11
5.8178872047244097
21
-3.5190601181102363
0
LINE
8
BLACK
6
CONTINUOUS
10
5.8178872047244097
20
-3.5190601181102363
11
5.7959824409448819
21
-3.5190601181102363
0
LINE
8
BLACK
6
CONTINUOUS
10
5.7959824409448819
20
-3.5190601181102363
11
5.7945682283464564
21
-3.5184743307086612
0
LINE
8
BLACK
6
CONTINUOUS
10
5.7945682283464564
20
-3.5184743307086612
11
5.7939824409448821
21
-3.5170601181102361
0
LINE
8
BLACK
6
CONTINUOUS
10
5.7939824409448821
20
-3.5170601181102361
11
5.7945682283464564
21
-3.515645905511811
0
LINE
8
BLACK
6
CONTINUOUS
10
5.7945682283464564
20
-3.515645905511811
11
5.7959824409448819
21
-3.5150601181102363
0
LINE
8
BLACK
6
CONTINUOUS
10
5.7959824409448819
20
-3.5150601181102363
11
5.815887204724409
21
-3.5150601181102363
0
LINE
8
BLACK
6
CONTINUOUS
10
5.815887204724409
20
-3.5150601181102363
11
5.815887204724409
21
-3.4927744094488187
0
LINE
8
BLACK
6
CONTINUOUS
10
5.815887204724409
20
-3.4927744094488187
11
5.7959824409448819
21
-3.4927744094488187
0
LINE
8
BLACK
6
CONTINUOUS
10
5.7959824409448819
20
-3.4927744094488187
11
5.7945682283464564
21
-3.492188622047244
0
LINE
8
BLACK
6
CONTINUOUS
10
5.7945682283464564
20
-3.492188622047244
11
5.7939824409448821
21
-3.4907744094488189
0
LINE
8
BLACK
6
CONTINUOUS
10
5.7939824409448821
20
-3.4907744094488189
11
5.7945682283464564
21
-3.4893601968503938
0
LINE
8
BLACK
6
CONTINUOUS
10
5.7945682283464564
20
-3.4893601968503938
11
5.7959824409448819
21
-3.4887744094488187
0
LINE
8
BLACK
6
CONTINUOUS
10
5.7959824409448819
20
-3.4887744094488187
11
5.8419824409448822
21
-3.4887744094488187
0
LINE
8
BLACK
6
CONTINUOUS
10
5.8419824409448822
20
-3.4887744094488187
11
5.8433966535433068
21
-3.4893601968503938
0
LINE
8
BLACK
6
CONTINUOUS
10
5.8986505511811025
20
-3.4710715748031493
11
5.8991149212598426
21
-3.4711046062992126
0
LINE
8
BLACK
6
CONTINUOUS
10
5.8991149212598426
20
-3.4711046062992126
11
5.9034958661417321
21
-3.4732950787401573
0
LINE
8
BLACK
6
CONTINUOUS
10
5.9034958661417321
20
-3.4732950787401573
11
5.9037115354330707
21
-3.47354374015748
0
LINE
8
BLACK
6
CONTINUOUS
10
5.9037115354330707
20
-3.47354374015748
11
5.9040156692913381
21
-3.4736697244094485
0
LINE
8
BLACK
6
CONTINUOUS
10
5.9040156692913381
20
-3.4736697244094485
11
5.9062061811023625
21
-3.4758601968503937
0
LINE
8
BLACK
6
CONTINUOUS
10
5.9062061811023625
20
-3.4758601968503937
11
5.9063321259842514
21
-3.4761643307086612
0
LINE
8
BLACK
6
CONTINUOUS
10
5.9063321259842514
20
-3.4761643307086612
11
5.9065808267716537
21
-3.4763799999999998
0
LINE
8
BLACK
6
CONTINUOUS
10
5.9065808267716537
20
-3.4763799999999998
11
5.9087712992125985
21
-3.4807609055118109
0
LINE
8
BLACK
6
CONTINUOUS
10
5.9087712992125985
20
-3.4807609055118109
11
5.9088042913385825
21
-3.4812252755905511
0
LINE
8
BLACK
6
CONTINUOUS
10
5.9088042913385825
20
-3.4812252755905511
11
5.9089824409448815
21
-3.4816553543307087
0
LINE
8
BLACK
6
CONTINUOUS
10
5.9089824409448815
20
-3.4816553543307087
11
5.9089824409448815
21
-3.4947982283464567
0
LINE
8
BLACK
6
CONTINUOUS
10
5.9089824409448815
20
-3.4947982283464567
11
5.9088042913385825
21
-3.4952282677165352
0
LINE
8
BLACK
6
CONTINUOUS
10
5.9088042913385825
20
-3.4952282677165352
11
5.9087712992125985
21
-3.495692677165354
0
LINE
8
BLACK
6
CONTINUOUS
10
5.9087712992125985
20
-3.495692677165354
11
5.9065808267716537
21
-3.5000735826771652
0
LINE
8
BLACK
6
CONTINUOUS
10
5.9065808267716537
20
-3.5000735826771652
11
5.9063321259842514
21
-3.5002892125984251
0
LINE
8
BLACK
6
CONTINUOUS
10
5.9063321259842514
20
-3.5002892125984251
11
5.9062061811023625
21
-3.5005933858267717
0
LINE
8
BLACK
6
CONTINUOUS
10
5.9062061811023625
20
-3.5005933858267717
11
5.9040156692913381
21
-3.5027838582677164
0
LINE
8
BLACK
6
CONTINUOUS
10
5.9040156692913381
20
-3.5027838582677164
11
5.9026014566929135
21
-3.5033696456692911
0
LINE
8
BLACK
6
CONTINUOUS
10
5.9026014566929135
20
-3.5033696456692911
11
5.9011872440944879
21
-3.5027838582677164
0
LINE
8
BLACK
6
CONTINUOUS
10
5.9011872440944879
20
-3.5027838582677164
11
5.9006014566929137
21
-3.5013696456692913
0
LINE
8
BLACK
6
CONTINUOUS
10
5.9006014566929137
20
-3.5013696456692913
11
5.9011872440944879
21
-3.4999554330708662
0
LINE
8
BLACK
6
CONTINUOUS
10
5.9011872440944879
20
-3.4999554330708662
11
5.9031483070866138
21
-3.4979943700787399
0
LINE
8
BLACK
6
CONTINUOUS
10
5.9031483070866138
20
-3.4979943700787399
11
5.9049824409448819
21
-3.4943261023622045
0
LINE
8
BLACK
6
CONTINUOUS
10
5.9049824409448819
20
-3.4943261023622045
11
5.9049824409448819
21
-3.4821274803149604
0
LINE
8
BLACK
6
CONTINUOUS
10
5.9049824409448819
20
-3.4821274803149604
11
5.9031483070866138
21
-3.4784592125984251
0
LINE
8
BLACK
6
CONTINUOUS
10
5.9031483070866138
20
-3.4784592125984251
11
5.9014167322834643
21
-3.4767276377952756
0
LINE
8
BLACK
6
CONTINUOUS
10
5.9014167322834643
20
-3.4767276377952756
11
5.8977483858267714
21
-3.4748934645669292
0
LINE
8
BLACK
6
CONTINUOUS
10
5.8977483858267714
20
-3.4748934645669292
11
5.8877402755905512
21
-3.4748934645669292
0
LINE
8
BLACK
6
CONTINUOUS
10
5.8877402755905512
20
-3.4748934645669292
11
5.8840718897637796
21
-3.4767276377952756
0
LINE
8
BLACK
6
CONTINUOUS
10
5.8840718897637796
20
-3.4767276377952756
11
5.8823403937007877
21
-3.4784590944881888
0
LINE
8
BLACK
6
CONTINUOUS
10
5.8823403937007877
20
-3.4784590944881888
11
5.8805062204724408
21
-3.4821274803149604
0
LINE
8
BLACK
6
CONTINUOUS
10
5.8805062204724408
20
-3.4821274803149604
11
5.8805062204724408
21
-3.4882268110236221
0
LINE
8
BLACK
6
CONTINUOUS
10
5.8805062204724408
20
-3.4882268110236221
11
5.8802369291338579
21
-3.4888768897637794
0
LINE
8
BLACK
6
CONTINUOUS
10
5.8802369291338579
20
-3.4888768897637794
11
5.8800113779527559
21
-3.4895438188976375
0
LINE
8
BLACK
6
CONTINUOUS
10
5.8800113779527559
20
-3.4895438188976375
11
5.8799476377952757
21
-3.4895753149606299
0
LINE
8
BLACK
6
CONTINUOUS
10
5.8799476377952757
20
-3.4895753149606299
11
5.8799204330708656
21
-3.4896410236220472
0
LINE
8
BLACK
6
CONTINUOUS
10
5.8799204330708656
20
-3.4896410236220472
11
5.8792702755905513
21
-3.4899103149606296
0
LINE
8
BLACK
6
CONTINUOUS
10
5.8792702755905513
20
-3.4899103149606296
11
5.8786392519685036
21
-3.4902224015748029
0
LINE
8
BLACK
6
CONTINUOUS
10
5.8786392519685036
20
-3.4902224015748029
11
5.8785718503937003
21
-3.4901996062992127
0
LINE
8
BLACK
6
CONTINUOUS
10
5.8785718503937003
20
-3.4901996062992127
11
5.878506220472441
21
-3.4902268110236219
0
LINE
8
BLACK
6
CONTINUOUS
10
5.878506220472441
20
-3.4902268110236219
11
5.8778561023622045
21
-3.4899575196850394
0
LINE
8
BLACK
6
CONTINUOUS
10
5.8778561023622045
20
-3.4899575196850394
11
5.8771892125984246
21
-3.489731968503937
0
LINE
8
BLACK
6
CONTINUOUS
10
5.8771892125984246
20
-3.489731968503937
11
5.8629824409448821
21
-3.4773009842519684
0
LINE
8
BLACK
6
CONTINUOUS
10
5.8629824409448821
20
-3.4773009842519684
11
5.8629824409448821
21
-3.5013696456692913
0
LINE
8
BLACK
6
CONTINUOUS
10
5.8629824409448821
20
-3.5013696456692913
11
5.862396653543307
21
-3.5027838582677164
0
LINE
8
BLACK
6
CONTINUOUS
10
5.862396653543307
20
-3.5027838582677164
11
5.8609824409448814
21
-3.5033696456692911
0
LINE
8
BLACK
6
CONTINUOUS
10
5.8609824409448814
20
-3.5033696456692911
11
5.8595682283464567
21
-3.5027838582677164
0
LINE
8
BLACK
6
CONTINUOUS
10
5.8595682283464567
20
-3.5027838582677164
11
5.8589824409448816
21
-3.5013696456692913
0
LINE
8
BLACK
6
CONTINUOUS
10
5.8589824409448816
20
-3.5013696456692913
11
5.8589824409448816
21
-3.4728934645669289
0
LINE
8
BLACK
6
CONTINUOUS
10
5.8589824409448816
20
-3.4728934645669289
11
5.859251811023622
21
-3.4722431102362203
0
LINE
8
BLACK
6
CONTINUOUS
10
5.859251811023622
20
-3.4722431102362203
11
5.8594772834645665
21
-3.4715764566929135
0
LINE
8
BLACK
6
CONTINUOUS
10
5.8594772834645665
20
-3.4715764566929135
11
5.8595409842519688
21
-3.4715449212598424
0
LINE
8
BLACK
6
CONTINUOUS
10
5.8595409842519688
20
-3.4715449212598424
11
5.8595682283464567
21
-3.4714792519685038
0
LINE
8
BLACK
6
CONTINUOUS
10
5.8595682283464567
20
-3.4714792519685038
11
5.8602186220472436
21
-3.4712098425196851
0
LINE
8
BLACK
6
CONTINUOUS
10
5.8602186220472436
20
-3.4712098425196851
11
5.8608494094488188
21
-3.4708979133858269
0
LINE
8
BLACK
6
CONTINUOUS
10
5.8608494094488188
20
-3.4708979133858269
11
5.8609167322834645
21
-3.4709206692913384
0
LINE
8
BLACK
6
CONTINUOUS
10
5.8609167322834645
20
-3.4709206692913384
11
5.8609824409448814
21
-3.4708934645669292
0
LINE
8
BLACK
6
CONTINUOUS
10
5.8609824409448814
20
-3.4708934645669292
11
5.8616327559055117
21
-3.4711628346456691
0
LINE
8
BLACK
6
CONTINUOUS
10
5.8616327559055117
20
-3.4711628346456691
11
5.8622994488188978
21
-3.4713883070866141
0
LINE
8
BLACK
6
CONTINUOUS
10
5.8622994488188978
20
-3.4713883070866141
11
5.8765062204724412
21
-3.4838192519685038
0
LINE
8
BLACK
6
CONTINUOUS
10
5.8765062204724412
20
-3.4838192519685038
11
5.8765062204724412
21
-3.4816553543307087
0
LINE
8
BLACK
6
CONTINUOUS
10
5.8765062204724412
20
-3.4816553543307087
11
5.8766843307086614
21
-3.4812252755905511
0
LINE
8
BLACK
6
CONTINUOUS
10
5.8766843307086614
20
-3.4812252755905511
11
5.8767173622047242
21
-3.4807609448818897
0
LINE
8
BLACK
6
CONTINUOUS
10
5.8767173622047242
20
-3.4807609448818897
11
5.8789078346456689
21
-3.4763799999999998
0
LINE
8
BLACK
6
CONTINUOUS
10
5.8789078346456689
20
-3.4763799999999998
11
5.8791564960629916
21
-3.4761642913385824
0
LINE
8
BLACK
6
CONTINUOUS
10
5.8791564960629916
20
-3.4761642913385824
11
5.8792824803149601
21
-3.4758601968503937
0
LINE
8
BLACK
6
CONTINUOUS
10
5.8792824803149601
20
-3.4758601968503937
11
5.8814729921259845
21
-3.4736696850393698
0
LINE
8
BLACK
6
CONTINUOUS
10
5.8814729921259845
20
-3.4736696850393698
11
5.881777125984252
21
-3.4735437007874017
0
LINE
8
BLACK
6
CONTINUOUS
10
5.881777125984252
20
-3.4735437007874017
11
5.8819927952755906
21
-3.4732950787401573
0
LINE
8
BLACK
6
CONTINUOUS
10
5.8819927952755906
20
-3.4732950787401573
11
5.8863737007874013
21
-3.4711046062992126
0
LINE
8
BLACK
6
CONTINUOUS
10
5.8863737007874013
20
-3.4711046062992126
11
5.8868380708661414
21
-3.4710715748031493
0
LINE
8
BLACK
6
CONTINUOUS
10
5.8868380708661414
20
-3.4710715748031493
11
5.8872681496062995
21
-3.4708934645669292
0
LINE
8
BLACK
6
CONTINUOUS
10
5.8872681496062995
20
-3.4708934645669292
11
5.8982205118110231
21
-3.4708934645669292
0
LINE
8
BLACK
6
CONTINUOUS
10
5.8982205118110231
20
-3.4708934645669292
11
5.8986505511811025
21
-3.4710715748031493
0
LINE
8
BLACK
6
CONTINUOUS
10
5.8268833464566931
20
-3.4384904724409449
11
5.8271341732283464
21
-3.4384531889763781
0
LINE
8
BLACK
6
CONTINUOUS
10
5.8271341732283464
20
-3.4384531889763781
11
5.8358960236220474
21
-3.4406436614173228
0
LINE
8
BLACK
6
CONTINUOUS
10
5.8358960236220474
20
-3.4406436614173228
11
5.8363281102362201
21
-3.4409638188976377
0
LINE
8
BLACK
6
CONTINUOUS
10
5.8363281102362201
20
-3.4409638188976377
11
5.8368251968503939
21
-3.4411697244094488
0
LINE
8
BLACK
6
CONTINUOUS
10
5.8368251968503939
20
-3.4411697244094488
11
5.8412061811023621
21
-3.4455506692913387
0
LINE
8
BLACK
6
CONTINUOUS
10
5.8412061811023621
20
-3.4455506692913387
11
5.8413321259842519
21
-3.4458548031496061
0
LINE
8
BLACK
6
CONTINUOUS
10
5.8413321259842519
20
-3.4458548031496061
11
5.8415808267716534
21
-3.4460704724409448
0
LINE
8
BLACK
6
CONTINUOUS
10
5.8415808267716534
20
-3.4460704724409448
11
5.8437712992125981
21
-3.4504513779527559
0
LINE
8
BLACK
6
CONTINUOUS
10
5.8437712992125981
20
-3.4504513779527559
11
5.8438042913385821
21
-3.450915748031496
0
LINE
8
BLACK
6
CONTINUOUS
10
5.8438042913385821
20
-3.450915748031496
11
5.843982440944882
21
-3.4513458267716532
0
LINE
8
BLACK
6
CONTINUOUS
10
5.843982440944882
20
-3.4513458267716532
11
5.843982440944882
21
-3.4601077559055118
0
LINE
8
BLACK
6
CONTINUOUS
10
5.843982440944882
20
-3.4601077559055118
11
5.8438042913385821
21
-3.4605377952755907
0
LINE
8
BLACK
6
CONTINUOUS
10
5.8438042913385821
20
-3.4605377952755907
11
5.8437712992125981
21
-3.4610022047244096
0
LINE
8
BLACK
6
CONTINUOUS
10
5.8437712992125981
20
-3.4610022047244096
11
5.8415808267716534
21
-3.4653831102362203
0
LINE
8
BLACK
6
CONTINUOUS
10
5.8415808267716534
20
-3.4653831102362203
11
5.8413321259842519
21
-3.4655987401574802
0
LINE
8
BLACK
6
CONTINUOUS
10
5.8413321259842519
20
-3.4655987401574802
11
5.8412061811023621
21
-3.4659029133858268
0
LINE
8
BLACK
6
CONTINUOUS
10
5.8412061811023621
20
-3.4659029133858268
11
5.8368251968503939
21
-3.4702838582677162
0
LINE
8
BLACK
6
CONTINUOUS
10
5.8368251968503939
20
-3.4702838582677162
11
5.8363281102362201
21
-3.4704897244094486
0
LINE
8
BLACK
6
CONTINUOUS
10
5.8363281102362201
20
-3.4704897244094486
11
5.8358960236220474
21
-3.4708099212598422
0
LINE
8
BLACK
6
CONTINUOUS
10
5.8358960236220474
20
-3.4708099212598422
11
5.8271341732283464
21
-3.4730003937007874
0
LINE
8
BLACK
6
CONTINUOUS
10
5.8271341732283464
20
-3.4730003937007874
11
5.8268833464566931
21
-3.4729630708661419
0
LINE
8
BLACK
6
CONTINUOUS
10
5.8268833464566931
20
-3.4729630708661419
11
5.8266490944881886
21
-3.4730601181102361
0
LINE
8
BLACK
6
CONTINUOUS
10
5.8266490944881886
20
-3.4730601181102361
11
5.8113157480314959
21
-3.4730601181102361
0
LINE
8
BLACK
6
CONTINUOUS
10
5.8113157480314959
20
-3.4730601181102361
11
5.8110814566929134
21
-3.4729630708661419
0
LINE
8
BLACK
6
CONTINUOUS
10
5.8110814566929134
20
-3.4729630708661419
11
5.8108306692913381
21
-3.4730003937007874
0
LINE
8
BLACK
6
CONTINUOUS
10
5.8108306692913381
20
-3.4730003937007874
11
5.8020687795275592
21
-3.4708099212598422
0
LINE
8
BLACK
6
CONTINUOUS
10
5.8020687795275592
20
-3.4708099212598422
11
5.8016365748031493
21
-3.4704896850393698
0
LINE
8
BLACK
6
CONTINUOUS
10
5.8016365748031493
20
-3.4704896850393698
11
5.8011396456692914
21
-3.4702838582677162
0
LINE
8
BLACK
6
CONTINUOUS
10
5.8011396456692914
20
-3.4702838582677162
11
5.7967587007874011
21
-3.4659029133858268
0
LINE
8
BLACK
6
CONTINUOUS
10
5.7967587007874011
20
-3.4659029133858268
11
5.7966327165354326
21
-3.4655987795275589
0
LINE
8
BLACK
6
CONTINUOUS
10
5.7966327165354326
20
-3.4655987795275589
11
5.7963840551181098
21
-3.4653831102362203
0
LINE
8
BLACK
6
CONTINUOUS
10
5.7963840551181098
20
-3.4653831102362203
11
5.7941935826771651
21
-3.4610021653543308
0
LINE
8
BLACK
6
CONTINUOUS
10
5.7941935826771651
20
-3.4610021653543308
11
5.7941605511811023
21
-3.4605377952755907
0
LINE
8
BLACK
6
CONTINUOUS
10
5.7941605511811023
20
-3.4605377952755907
11
5.7939824409448821
21
-3.4601077559055118
0
LINE
8
BLACK
6
CONTINUOUS
10
5.7939824409448821
20
-3.4601077559055118
11
5.7939824409448821
21
-3.4513458267716532
0
LINE
8
BLACK
6
CONTINUOUS
10
5.7939824409448821
20
-3.4513458267716532
11
5.7941605511811023
21
-3.450915748031496
0
LINE
8
BLACK
6
CONTINUOUS
10
5.7941605511811023
20
-3.450915748031496
11
5.7941935826771651
21
-3.4504514173228347
0
LINE
8
BLACK
6
CONTINUOUS
10
5.7941935826771651
20
-3.4504514173228347
11
5.7963840551181098
21
-3.4460704724409448
0
LINE
8
BLACK
6
CONTINUOUS
10
5.7963840551181098
20
-3.4460704724409448
11
5.7966327165354326
21
-3.4458547637795274
0
LINE
8
BLACK
6
CONTINUOUS
10
5.7966327165354326
20
-3.4458547637795274
11
5.7967587007874011
21
-3.4455506692913387
0
LINE
8
BLACK
6
CONTINUOUS
10
5.7967587007874011
20
-3.4455506692913387
11
5.8011396456692914
21
-3.4411697244094488
0
LINE
8
BLACK
6
CONTINUOUS
10
5.8011396456692914
20
-3.4411697244094488
11
5.8016365748031493
21
-3.4409638582677164
0
LINE
8
BLACK
6
CONTINUOUS
10
5.8016365748031493
20
-3.4409638582677164
11
5.8020687795275592
21
-3.4406436614173228
0
LINE
8
BLACK
6
CONTINUOUS
10
5.8020687795275592
20
-3.4406436614173228
11
5.8108306692913381
21
-3.4384531889763781
0
LINE
8
BLACK
6
CONTINUOUS
10
5.8108306692913381
20
-3.4384531889763781
11
5.8110814566929134
21
-3.4384904724409449
0
LINE
8
BLACK
6
CONTINUOUS
10
5.8110814566929134
20
-3.4384904724409449
11
5.8113157480314959
21
-3.438393464566929
0
LINE
8
BLACK
6
CONTINUOUS
10
5.8113157480314959
20
-3.438393464566929
11
5.8266490944881886
21
-3.438393464566929
0
LINE
8
BLACK
6
CONTINUOUS
10
5.8266490944881886
20
-3.438393464566929
11
5.8268833464566931
21
-3.4384904724409449
0
LINE
8
BLACK
6
CONTINUOUS
10
5.8035763385826771
20
-3.4443898425196848
11
5.7998166141732286
21
-3.4481495669291338
0
LINE
8
BLACK
6
CONTINUOUS
10
5.7998166141732286
20
-3.4481495669291338
11
5.7979824409448817
21
-3.4518179527559054
0
LINE
8
BLACK
6
CONTINUOUS
10
5.7979824409448817
20
-3.4518179527559054
11
5.7979824409448817
21
-3.4596355905511809
0
LINE
8
BLACK
6
CONTINUOUS
10
5.7979824409448817
20
-3.4596355905511809
11
5.7998166141732286
21
-3.4633039763779525
0
LINE
8
BLACK
6
CONTINUOUS
10
5.7998166141732286
20
-3.4633039763779525
11
5.8035763385826771
21
-3.4670637007874014
0
LINE
8
BLACK
6
CONTINUOUS
10
5.8035763385826771
20
-3.4670637007874014
11
5.8115618897637793
21
-3.4690601181102361
0
LINE
8
BLACK
6
CONTINUOUS
10
5.8115618897637793
20
-3.4690601181102361
11
5.8264029133858264
21
-3.4690601181102361
0
LINE
8
BLACK
6
CONTINUOUS
10
5.8264029133858264
20
-3.4690601181102361
11
5.8343884645669286
21
-3.4670637007874014
0
LINE
8
BLACK
6
CONTINUOUS
10
5.8343884645669286
20
-3.4670637007874014
11
5.8381482677165355
21
-3.4633039370078738
0
LINE
8
BLACK
6
CONTINUOUS
10
5.8381482677165355
20
-3.4633039370078738
11
5.8399824409448815
21
-3.4596356299212596
0
LINE
8
BLACK
6
CONTINUOUS
10
5.8399824409448815
20
-3.4596356299212596
11
5.8399824409448815
21
-3.4518179527559054
0
LINE
8
BLACK
6
CONTINUOUS
10
5.8399824409448815
20
-3.4518179527559054
11
5.8381482677165355
21
-3.4481496062992125
0
LINE
8
BLACK
6
CONTINUOUS
10
5.8381482677165355
20
-3.4481496062992125
11
5.8343884645669286
21
-3.4443898425196848
0
LINE
8
BLACK
6
CONTINUOUS
10
5.8343884645669286
20
-3.4443898425196848
11
5.8264029133858264
21
-3.442393464566929
0
LINE
8
BLACK
6
CONTINUOUS
10
5.8264029133858264
20
-3.442393464566929
11
5.8115618897637793
21
-3.442393464566929
0
LINE
8
BLACK
6
CONTINUOUS
10
5.8115618897637793
20
-3.442393464566929
11
5.8035763385826771
21
-3.4443898425196848
0
CIRCLE
8
BLACK
10
5.6964999999999995
20
-3.9590000000000001
40
0.0068897637795276
0
CIRCLE
8
BLACK
10
5.5964999999999998
20
-3.9590000000000001
40
0.0068897637795276
0
CIRCLE
8
BLACK
10
5.6964999999999995
20
-3.859
40
0.0068897637795276
0
CIRCLE
8
BLACK
10
5.5964999999999998
20
-3.859
40
0.0068897637795276
0
CIRCLE
8
BLACK
10
5.6964999999999995
20
-3.7589999999999999
40
0.0068897637795276
0
CIRCLE
8
BLACK
10
5.5964999999999998
20
-3.7589999999999999
40
0.0068897637795276
0
CIRCLE
8
BLACK
10
5.5990000000000002
20
-4.4340000000000002
40
0.0068897637795276
0
CIRCLE
8
BLACK
10
5.5990000000000002
20
-4.5339999999999998
40
0.0068897637795276
0
CIRCLE
8
BLACK
10
5.6464999999999996
20
-4.734
40
0.0068897637795276
0
CIRCLE
8
BLACK
10
5.5990000000000002
20
-4.234
40
0.0068897637795276
0
CIRCLE
8
BLACK
10
5.5990000000000002
20
-4.3339999999999996
40
0.0068897637795276
0
CIRCLE
8
BLACK
10
5.6464999999999996
20
-3.5339999999999998
40
0.0068897637795276
0
CIRCLE
8
BLACK
10
6.1783503937007875
20
-4.0324251968503937
40
0.0068897637795276
0
CIRCLE
8
BLACK
10
5.7846496062992125
20
-3.9339999999999997
40
0.0068897637795276
0
CIRCLE
8
BLACK
10
6.1783503937007875
20
-3.8355748031496062
40
0.0068897637795276
0
CIRCLE
8
BLACK
10
6.0465
20
-3.5339999999999998
40
0.0068897637795276
0
CIRCLE
8
BLACK
10
6.1040000000000001
20
-4.4889999999999999
40
0.0068897637795276
0
CIRCLE
8
BLACK
10
6.0039999999999996
20
-4.4889999999999999
40
0.0068897637795276
0
CIRCLE
8
BLACK
10
6.1040000000000001
20
-4.3890000000000002
40
0.0068897637795276
0
CIRCLE
8
BLACK
10
6.0039999999999996
20
-4.3890000000000002
40
0.0068897637795276
0
CIRCLE
8
BLACK
10
6.1040000000000001
20
-4.2889999999999997
40
0.0068897637795276
0
CIRCLE
8
BLACK
10
6.0039999999999996
20
-4.2889999999999997
40
0.0068897637795276
0
CIRCLE
8
BLACK
10
6.0465
20
-4.734
40
0.0068897637795276
  0
ENDSEC
  0
EOF
