  0
SECTION
  2
HEADER
  9
$ANGBASE
  50
0.0
  9
$ANGDIR
  70
1
  9
$MEASUREMENT
  70
0
  0
ENDSEC
  0
SECTION
  2
TABLES
  0
TABLE
  2
LTYPE
  70
4
  0
LTYPE
  5
40F
  2
CONTINUOUS
  70
0
  3
Solid line
  72
65
  73
0
  40
0.0
  0
LTYPE
  5
410
  2
DASHDOT
 70
0
  3
Dash Dot ____ _ ____ _
 72
65
 73
4
 40
2.0
 49
1.25
 49
-0.25
 49
0.25
 49
-0.25
  0
LTYPE
  5
411
  2
DASHED
 70
0
  3
Dashed __ __ __ __ __
 72
65
 73
2
 40
0.75
 49
0.5
 49
-0.25
  0
LTYPE
  5
43B
  2
DOTTED
 70
0
  3
Dotted .  .  .  .
 72
65
 73
2
 40
0.2
 49
0.0
 49
-0.2
  0
ENDTAB
  0
TABLE
  2
STYLE
  70
4
  0
STYLE
  2
KICAD
  70
0
  40
0
  41
1
  42
1
  50
0
  71
0
  3
isocp.shx
  0
STYLE
  2
KICADB
  70
0
  40
0
  41
1
  42
1
  50
0
  71
0
  3
isocp.shx
  0
STYLE
  2
KICADI
  70
0
  40
0
  41
1
  42
1
  50
15
  71
0
  3
isocp.shx
  0
STYLE
  2
KICADBI
  70
0
  40
0
  41
1
  42
1
  50
15
  71
0
  3
isocp.shx
  0
ENDTAB
  0
TABLE
  2
LAYER
  70
1
  0
LAYER
  2
BLACK
  70
0
  62
7
  6
CONTINUOUS
  0
ENDTAB
  0
ENDSEC
  0
SECTION
  2
ENTITIES
0
LINE
8
BLACK
6
CONTINUOUS
10
5.9975921259842515
20
-4.545748228346457
11
5.9981779133858266
21
-4.5471624409448816
0
LINE
8
BLACK
6
CONTINUOUS
10
5.9981779133858266
20
-4.5471624409448816
11
5.9981779133858266
21
-4.5931624409448819
0
LINE
8
BLACK
6
CONTINUOUS
10
5.9981779133858266
20
-4.5931624409448819
11
5.9975921259842515
21
-4.5945766535433066
0
LINE
8
BLACK
6
CONTINUOUS
10
5.9975921259842515
20
-4.5945766535433066
11
5.9961779133858268
21
-4.5951624409448817
0
LINE
8
BLACK
6
CONTINUOUS
10
5.9961779133858268
20
-4.5951624409448817
11
5.9786540944881885
21
-4.5951624409448817
0
LINE
8
BLACK
6
CONTINUOUS
10
5.9786540944881885
20
-4.5951624409448817
11
5.9782240157480313
21
-4.5949842913385828
0
LINE
8
BLACK
6
CONTINUOUS
10
5.9782240157480313
20
-4.5949842913385828
11
5.9777596456692912
21
-4.5949512992125987
0
LINE
8
BLACK
6
CONTINUOUS
10
5.9777596456692912
20
-4.5949512992125987
11
5.9733787401574805
21
-4.5927608267716531
0
LINE
8
BLACK
6
CONTINUOUS
10
5.9733787401574805
20
-4.5927608267716531
11
5.9731630708661418
21
-4.5925121259842516
0
LINE
8
BLACK
6
CONTINUOUS
10
5.9731630708661418
20
-4.5925121259842516
11
5.9728589370078735
21
-4.5923861811023619
0
LINE
8
BLACK
6
CONTINUOUS
10
5.9728589370078735
20
-4.5923861811023619
11
5.9706684645669288
21
-4.5901956692913384
0
LINE
8
BLACK
6
CONTINUOUS
10
5.9706684645669288
20
-4.5901956692913384
11
5.9705424803149603
21
-4.5898915354330709
0
LINE
8
BLACK
6
CONTINUOUS
10
5.9705424803149603
20
-4.5898915354330709
11
5.9702938188976375
21
-4.5896758661417323
0
LINE
8
BLACK
6
CONTINUOUS
10
5.9702938188976375
20
-4.5896758661417323
11
5.9681033464566928
21
-4.5852949212598428
0
LINE
8
BLACK
6
CONTINUOUS
10
5.9681033464566928
20
-4.5852949212598428
11
5.96807031496063
21
-4.5848305511811018
0
LINE
8
BLACK
6
CONTINUOUS
10
5.96807031496063
20
-4.5848305511811018
11
5.967892204724409
21
-4.5844005118110234
0
LINE
8
BLACK
6
CONTINUOUS
10
5.967892204724409
20
-4.5844005118110234
11
5.967892204724409
21
-4.5778290944881892
0
LINE
8
BLACK
6
CONTINUOUS
10
5.967892204724409
20
-4.5778290944881892
11
5.96807031496063
21
-4.5773990157480311
0
LINE
8
BLACK
6
CONTINUOUS
10
5.96807031496063
20
-4.5773990157480311
11
5.9681033464566928
21
-4.5769346850393697
0
LINE
8
BLACK
6
CONTINUOUS
10
5.9681033464566928
20
-4.5769346850393697
11
5.9702938188976375
21
-4.5725537401574803
0
LINE
8
BLACK
6
CONTINUOUS
10
5.9702938188976375
20
-4.5725537401574803
11
5.9705424803149603
21
-4.5723380314960629
0
LINE
8
BLACK
6
CONTINUOUS
10
5.9705424803149603
20
-4.5723380314960629
11
5.9706684645669288
21
-4.5720339370078742
0
LINE
8
BLACK
6
CONTINUOUS
10
5.9706684645669288
20
-4.5720339370078742
11
5.9728589370078735
21
-4.5698434645669295
0
LINE
8
BLACK
6
CONTINUOUS
10
5.9728589370078735
20
-4.5698434645669295
11
5.9732890157480316
21
-4.5696652755905509
0
LINE
8
BLACK
6
CONTINUOUS
10
5.9732890157480316
20
-4.5696652755905509
11
5.9736407086614172
21
-4.5693603149606297
0
LINE
8
BLACK
6
CONTINUOUS
10
5.9736407086614172
20
-4.5693603149606297
11
5.9756314960629924
21
-4.5686966929133854
0
LINE
8
BLACK
6
CONTINUOUS
10
5.9756314960629924
20
-4.5686966929133854
11
5.9755691732283465
21
-4.5686655511811018
0
LINE
8
BLACK
6
CONTINUOUS
10
5.9755691732283465
20
-4.5686655511811018
11
5.9753534645669291
21
-4.5684168503937004
0
LINE
8
BLACK
6
CONTINUOUS
10
5.9753534645669291
20
-4.5684168503937004
11
5.9750494094488191
21
-4.5682909055118106
0
LINE
8
BLACK
6
CONTINUOUS
10
5.9750494094488191
20
-4.5682909055118106
11
5.9728589370078735
21
-4.5661004330708659
0
LINE
8
BLACK
6
CONTINUOUS
10
5.9728589370078735
20
-4.5661004330708659
11
5.972732952755905
21
-4.5657962992125984
0
LINE
8
BLACK
6
CONTINUOUS
10
5.972732952755905
20
-4.5657962992125984
11
5.9724842913385823
21
-4.5655806299212598
0
LINE
8
BLACK
6
CONTINUOUS
10
5.9724842913385823
20
-4.5655806299212598
11
5.9702938188976375
21
-4.5611996850393703
0
LINE
8
BLACK
6
CONTINUOUS
10
5.9702938188976375
20
-4.5611996850393703
11
5.9702607874015747
21
-4.5607353149606302
0
LINE
8
BLACK
6
CONTINUOUS
10
5.9702607874015747
20
-4.5607353149606302
11
5.9700826771653546
21
-4.5603052755905509
0
LINE
8
BLACK
6
CONTINUOUS
10
5.9700826771653546
20
-4.5603052755905509
11
5.9700826771653546
21
-4.5559243307086614
0
LINE
8
BLACK
6
CONTINUOUS
10
5.9700826771653546
20
-4.5559243307086614
11
5.9702607874015747
21
-4.5554942519685042
0
LINE
8
BLACK
6
CONTINUOUS
10
5.9702607874015747
20
-4.5554942519685042
11
5.9702938188976375
21
-4.5550299212598429
0
LINE
8
BLACK
6
CONTINUOUS
10
5.9702938188976375
20
-4.5550299212598429
11
5.9724842913385823
21
-4.5506489763779525
0
LINE
8
BLACK
6
CONTINUOUS
10
5.9724842913385823
20
-4.5506489763779525
11
5.972732952755905
21
-4.5504332677165351
0
LINE
8
BLACK
6
CONTINUOUS
10
5.972732952755905
20
-4.5504332677165351
11
5.9728589370078735
21
-4.5501291732283464
0
LINE
8
BLACK
6
CONTINUOUS
10
5.9728589370078735
20
-4.5501291732283464
11
5.9750494094488191
21
-4.5479387007874017
0
LINE
8
BLACK
6
CONTINUOUS
10
5.9750494094488191
20
-4.5479387007874017
11
5.9753535433070866
21
-4.5478127165354332
0
LINE
8
BLACK
6
CONTINUOUS
10
5.9753535433070866
20
-4.5478127165354332
11
5.9755692125984252
21
-4.5475640551181105
0
LINE
8
BLACK
6
CONTINUOUS
10
5.9755692125984252
20
-4.5475640551181105
11
5.9799501181102359
21
-4.5453735826771648
0
LINE
8
BLACK
6
CONTINUOUS
10
5.9799501181102359
20
-4.5453735826771648
11
5.980414488188976
21
-4.545340551181102
0
LINE
8
BLACK
6
CONTINUOUS
10
5.980414488188976
20
-4.545340551181102
11
5.9808445669291341
21
-4.5451624409448819
0
LINE
8
BLACK
6
CONTINUOUS
10
5.9808445669291341
20
-4.5451624409448819
11
5.9961779133858268
21
-4.5451624409448819
0
LINE
8
BLACK
6
CONTINUOUS
10
5.9961779133858268
20
-4.5451624409448819
11
5.9975921259842515
21
-4.545748228346457
0
LINE
8
BLACK
6
CONTINUOUS
10
5.9753535039370078
20
-4.5730057086614169
11
5.9737263779527554
21
-4.5746328346456693
0
LINE
8
BLACK
6
CONTINUOUS
10
5.9737263779527554
20
-4.5746328346456693
11
5.9718922047244094
21
-4.5783012204724409
0
LINE
8
BLACK
6
CONTINUOUS
10
5.9718922047244094
20
-4.5783012204724409
11
5.9718922047244094
21
-4.5839283464566929
0
LINE
8
BLACK
6
CONTINUOUS
10
5.9718922047244094
20
-4.5839283464566929
11
5.9737263779527554
21
-4.5875967322834645
0
LINE
8
BLACK
6
CONTINUOUS
10
5.9737263779527554
20
-4.5875967322834645
11
5.9754579527559057
21
-4.589328307086614
0
LINE
8
BLACK
6
CONTINUOUS
10
5.9754579527559057
20
-4.589328307086614
11
5.9791262204724411
21
-4.5911624409448821
0
LINE
8
BLACK
6
CONTINUOUS
10
5.9791262204724411
20
-4.5911624409448821
11
5.9941779133858271
21
-4.5911624409448821
0
LINE
8
BLACK
6
CONTINUOUS
10
5.9941779133858271
20
-4.5911624409448821
11
5.9941779133858271
21
-4.5710672047244092
0
LINE
8
BLACK
6
CONTINUOUS
10
5.9941779133858271
20
-4.5710672047244092
11
5.981169133858268
21
-4.5710672047244092
0
LINE
8
BLACK
6
CONTINUOUS
10
5.981169133858268
20
-4.5710672047244092
11
5.9753535039370078
21
-4.5730057086614169
0
LINE
8
BLACK
6
CONTINUOUS
10
5.977648346456693
20
-4.5509966141732283
11
5.975916850393701
21
-4.5527280708661415
0
LINE
8
BLACK
6
CONTINUOUS
10
5.975916850393701
20
-4.5527280708661415
11
5.9740826771653541
21
-4.5563964566929132
0
LINE
8
BLACK
6
CONTINUOUS
10
5.9740826771653541
20
-4.5563964566929132
11
5.9740826771653541
21
-4.5598331102362204
0
LINE
8
BLACK
6
CONTINUOUS
10
5.9740826771653541
20
-4.5598331102362204
11
5.975916850393701
21
-4.563501496062992
0
LINE
8
BLACK
6
CONTINUOUS
10
5.975916850393701
20
-4.563501496062992
11
5.9776483070866142
21
-4.5652329527559052
0
LINE
8
BLACK
6
CONTINUOUS
10
5.9776483070866142
20
-4.5652329527559052
11
5.9813167322834646
21
-4.5670672047244096
0
LINE
8
BLACK
6
CONTINUOUS
10
5.9813167322834646
20
-4.5670672047244096
11
5.9941779133858271
21
-4.5670672047244096
0
LINE
8
BLACK
6
CONTINUOUS
10
5.9941779133858271
20
-4.5670672047244096
11
5.9941779133858271
21
-4.5491624409448814
0
LINE
8
BLACK
6
CONTINUOUS
10
5.9941779133858271
20
-4.5491624409448814
11
5.9813166929133859
21
-4.5491624409448814
0
LINE
8
BLACK
6
CONTINUOUS
10
5.9813166929133859
20
-4.5491624409448814
11
5.977648346456693
21
-4.5509966141732283
0
LINE
8
BLACK
6
CONTINUOUS
10
6.0742588188976381
20
-4.545748228346457
11
6.0748446062992123
21
-4.5471624409448816
0
LINE
8
BLACK
6
CONTINUOUS
10
6.0748446062992123
20
-4.5471624409448816
11
6.0748446062992123
21
-4.5931624409448819
0
LINE
8
BLACK
6
CONTINUOUS
10
6.0748446062992123
20
-4.5931624409448819
11
6.0742588188976381
21
-4.5945766535433066
0
LINE
8
BLACK
6
CONTINUOUS
10
6.0742588188976381
20
-4.5945766535433066
11
6.0728446062992125
21
-4.5951624409448817
0
LINE
8
BLACK
6
CONTINUOUS
10
6.0728446062992125
20
-4.5951624409448817
11
6.0509398425196848
21
-4.5951624409448817
0
LINE
8
BLACK
6
CONTINUOUS
10
6.0509398425196848
20
-4.5951624409448817
11
6.0495256299212601
21
-4.5945766535433066
0
LINE
8
BLACK
6
CONTINUOUS
10
6.0495256299212601
20
-4.5945766535433066
11
6.048939842519685
21
-4.5931624409448819
0
LINE
8
BLACK
6
CONTINUOUS
10
6.048939842519685
20
-4.5931624409448819
11
6.0495256299212601
21
-4.5917482283464564
0
LINE
8
BLACK
6
CONTINUOUS
10
6.0495256299212601
20
-4.5917482283464564
11
6.0509398425196848
21
-4.5911624409448821
0
LINE
8
BLACK
6
CONTINUOUS
10
6.0509398425196848
20
-4.5911624409448821
11
6.0708446062992127
21
-4.5911624409448821
0
LINE
8
BLACK
6
CONTINUOUS
10
6.0708446062992127
20
-4.5911624409448821
11
6.0708446062992127
21
-4.5471624409448816
0
LINE
8
BLACK
6
CONTINUOUS
10
6.0708446062992127
20
-4.5471624409448816
11
6.071430393700787
21
-4.545748228346457
0
LINE
8
BLACK
6
CONTINUOUS
10
6.071430393700787
20
-4.545748228346457
11
6.0728446062992125
21
-4.5451624409448819
0
LINE
8
BLACK
6
CONTINUOUS
10
6.0728446062992125
20
-4.5451624409448819
11
6.0742588188976381
21
-4.545748228346457
0
LINE
8
BLACK
6
CONTINUOUS
10
6.1258224015748031
20
-4.5453307480314962
11
6.126261811023622
21
-4.5453500787401575
0
LINE
8
BLACK
6
CONTINUOUS
10
6.126261811023622
20
-4.5453500787401575
11
6.1265018503937005
21
-4.5456122047244092
0
LINE
8
BLACK
6
CONTINUOUS
10
6.1265018503937005
20
-4.5456122047244092
11
6.1268302362204725
21
-4.545748228346457
0
LINE
8
BLACK
6
CONTINUOUS
10
6.1268302362204725
20
-4.545748228346457
11
6.1269985433070868
21
-4.5461546062992122
0
LINE
8
BLACK
6
CONTINUOUS
10
6.1269985433070868
20
-4.5461546062992122
11
6.1272955905511806
21
-4.5464789763779523
0
LINE
8
BLACK
6
CONTINUOUS
10
6.1272955905511806
20
-4.5464789763779523
11
6.1272799606299211
21
-4.5468340157480318
0
LINE
8
BLACK
6
CONTINUOUS
10
6.1272799606299211
20
-4.5468340157480318
11
6.1274160236220467
21
-4.5471624409448816
0
LINE
8
BLACK
6
CONTINUOUS
10
6.1274160236220467
20
-4.5471624409448816
11
6.1274160236220467
21
-4.5931624409448819
0
LINE
8
BLACK
6
CONTINUOUS
10
6.1274160236220467
20
-4.5931624409448819
11
6.1268302362204725
21
-4.5945766535433066
0
LINE
8
BLACK
6
CONTINUOUS
10
6.1268302362204725
20
-4.5945766535433066
11
6.125416023622047
21
-4.5951624409448817
0
LINE
8
BLACK
6
CONTINUOUS
10
6.125416023622047
20
-4.5951624409448817
11
6.1240018110236223
21
-4.5945766535433066
0
LINE
8
BLACK
6
CONTINUOUS
10
6.1240018110236223
20
-4.5945766535433066
11
6.1234160236220472
21
-4.5931624409448819
0
LINE
8
BLACK
6
CONTINUOUS
10
6.1234160236220472
20
-4.5931624409448819
11
6.1234160236220472
21
-4.5561775590551177
0
LINE
8
BLACK
6
CONTINUOUS
10
6.1234160236220472
20
-4.5561775590551177
11
6.1118950393700784
21
-4.580865354330709
0
LINE
8
BLACK
6
CONTINUOUS
10
6.1118950393700784
20
-4.580865354330709
11
6.1113905905511814
21
-4.5813272834645664
0
LINE
8
BLACK
6
CONTINUOUS
10
6.1113905905511814
20
-4.5813272834645664
11
6.1109284645669293
21
-4.5818319291338581
0
LINE
8
BLACK
6
CONTINUOUS
10
6.1109284645669293
20
-4.5818319291338581
11
6.1108350787401573
21
-4.5818360236220474
0
LINE
8
BLACK
6
CONTINUOUS
10
6.1108350787401573
20
-4.5818360236220474
11
6.1107661811023624
21
-4.5818991338582675
0
LINE
8
BLACK
6
CONTINUOUS
10
6.1107661811023624
20
-4.5818991338582675
11
6.1100829133858268
21
-4.581869094488189
0
LINE
8
BLACK
6
CONTINUOUS
10
6.1100829133858268
20
-4.581869094488189
11
6.1093992125984249
21
-4.5818991732283463
0
LINE
8
BLACK
6
CONTINUOUS
10
6.1093992125984249
20
-4.5818991732283463
11
6.1093302362204724
21
-4.5818360236220474
0
LINE
8
BLACK
6
CONTINUOUS
10
6.1093302362204724
20
-4.5818360236220474
11
6.1092368897637792
21
-4.5818319291338581
0
LINE
8
BLACK
6
CONTINUOUS
10
6.1092368897637792
20
-4.5818319291338581
11
6.1087748425196846
21
-4.5813274015748027
0
LINE
8
BLACK
6
CONTINUOUS
10
6.1087748425196846
20
-4.5813274015748027
11
6.1082703149606301
21
-4.580865354330709
0
LINE
8
BLACK
6
CONTINUOUS
10
6.1082703149606301
20
-4.580865354330709
11
6.0967493700787401
21
-4.5561775590551177
0
LINE
8
BLACK
6
CONTINUOUS
10
6.0967493700787401
20
-4.5561775590551177
11
6.0967493700787401
21
-4.5931624409448819
0
LINE
8
BLACK
6
CONTINUOUS
10
6.0967493700787401
20
-4.5931624409448819
11
6.096163582677165
21
-4.5945766535433066
0
LINE
8
BLACK
6
CONTINUOUS
10
6.096163582677165
20
-4.5945766535433066
11
6.0947493700787403
21
-4.5951624409448817
0
LINE
8
BLACK
6
CONTINUOUS
10
6.0947493700787403
20
-4.5951624409448817
11
6.0933351574803147
21
-4.5945766535433066
0
LINE
8
BLACK
6
CONTINUOUS
10
6.0933351574803147
20
-4.5945766535433066
11
6.0927493700787396
21
-4.5931624409448819
0
LINE
8
BLACK
6
CONTINUOUS
10
6.0927493700787396
20
-4.5931624409448819
11
6.0927493700787396
21
-4.5471624409448816
0
LINE
8
BLACK
6
CONTINUOUS
10
6.0927493700787396
20
-4.5471624409448816
11
6.0928853937007874
21
-4.5468340157480318
0
LINE
8
BLACK
6
CONTINUOUS
10
6.0928853937007874
20
-4.5468340157480318
11
6.0928698031496058
21
-4.5464789370078735
0
LINE
8
BLACK
6
CONTINUOUS
10
6.0928698031496058
20
-4.5464789370078735
11
6.0931668110236217
21
-4.5461545669291334
0
LINE
8
BLACK
6
CONTINUOUS
10
6.0931668110236217
20
-4.5461545669291334
11
6.0933351574803147
21
-4.545748228346457
0
LINE
8
BLACK
6
CONTINUOUS
10
6.0933351574803147
20
-4.545748228346457
11
6.093663503937008
21
-4.5456122047244092
0
LINE
8
BLACK
6
CONTINUOUS
10
6.093663503937008
20
-4.5456122047244092
11
6.0939035826771653
21
-4.5453500787401575
0
LINE
8
BLACK
6
CONTINUOUS
10
6.0939035826771653
20
-4.5453500787401575
11
6.0943429527559054
21
-4.5453307480314962
0
LINE
8
BLACK
6
CONTINUOUS
10
6.0943429527559054
20
-4.5453307480314962
11
6.0947493700787403
21
-4.5451624409448819
0
LINE
8
BLACK
6
CONTINUOUS
10
6.0947493700787403
20
-4.5451624409448819
11
6.0950777559055114
21
-4.5452984645669288
0
LINE
8
BLACK
6
CONTINUOUS
10
6.0950777559055114
20
-4.5452984645669288
11
6.0954328740157475
21
-4.545282874015748
0
LINE
8
BLACK
6
CONTINUOUS
10
6.0954328740157475
20
-4.545282874015748
11
6.0957572047244097
21
-4.5455798818897639
0
LINE
8
BLACK
6
CONTINUOUS
10
6.0957572047244097
20
-4.5455798818897639
11
6.096163582677165
21
-4.545748228346457
0
LINE
8
BLACK
6
CONTINUOUS
10
6.096163582677165
20
-4.545748228346457
11
6.096299566929134
21
-4.5460765748031493
0
LINE
8
BLACK
6
CONTINUOUS
10
6.096299566929134
20
-4.5460765748031493
11
6.0965617322834644
21
-4.5463166535433066
0
LINE
8
BLACK
6
CONTINUOUS
10
6.0965617322834644
20
-4.5463166535433066
11
6.1100826377952755
21
-4.5752901574803149
0
LINE
8
BLACK
6
CONTINUOUS
10
6.1100826377952755
20
-4.5752901574803149
11
6.1236036614173228
21
-4.5463166535433066
0
LINE
8
BLACK
6
CONTINUOUS
10
6.1236036614173228
20
-4.5463166535433066
11
6.1238657874015745
21
-4.5460765748031493
0
LINE
8
BLACK
6
CONTINUOUS
10
6.1238657874015745
20
-4.5460765748031493
11
6.1240018110236223
21
-4.545748228346457
0
LINE
8
BLACK
6
CONTINUOUS
10
6.1240018110236223
20
-4.545748228346457
11
6.1244081496062988
21
-4.5455798818897639
0
LINE
8
BLACK
6
CONTINUOUS
10
6.1244081496062988
20
-4.5455798818897639
11
6.1247325196850388
21
-4.545282874015748
0
LINE
8
BLACK
6
CONTINUOUS
10
6.1247325196850388
20
-4.545282874015748
11
6.1250875984251971
21
-4.5452984645669288
0
LINE
8
BLACK
6
CONTINUOUS
10
6.1250875984251971
20
-4.5452984645669288
11
6.125416023622047
21
-4.5451624409448819
0
LINE
8
BLACK
6
CONTINUOUS
10
6.125416023622047
20
-4.5451624409448819
11
6.1258224015748031
21
-4.5453307480314962
0
LINE
8
BLACK
6
CONTINUOUS
10
6.0275899212598425
20
-4.5453629527559052
11
6.0277390157480317
21
-4.5453735826771648
0
LINE
8
BLACK
6
CONTINUOUS
10
6.0277390157480317
20
-4.5453735826771648
11
6.0281543700787399
21
-4.5458524803149603
0
LINE
8
BLACK
6
CONTINUOUS
10
6.0281543700787399
20
-4.5458524803149603
11
6.0286334645669291
21
-4.5462679921259843
0
LINE
8
BLACK
6
CONTINUOUS
10
6.0286334645669291
20
-4.5462679921259843
11
6.02864405511811
21
-4.5464170866141735
0
LINE
8
BLACK
6
CONTINUOUS
10
6.02864405511811
20
-4.5464170866141735
11
6.0287419685039367
21
-4.5465299999999997
0
LINE
8
BLACK
6
CONTINUOUS
10
6.0287419685039367
20
-4.5465299999999997
11
6.0440752755905507
21
-4.59253
0
LINE
8
BLACK
6
CONTINUOUS
10
6.0440752755905507
20
-4.59253
11
6.043966771653543
21
-4.5940568897637792
0
LINE
8
BLACK
6
CONTINUOUS
10
6.043966771653543
20
-4.5940568897637792
11
6.0428103543307081
21
-4.5950598425196851
0
LINE
8
BLACK
6
CONTINUOUS
10
6.0428103543307081
20
-4.5950598425196851
11
6.0412835039370076
21
-4.5949512992125987
0
LINE
8
BLACK
6
CONTINUOUS
10
6.0412835039370076
20
-4.5949512992125987
11
6.0402805511811026
21
-4.5937949212598426
0
LINE
8
BLACK
6
CONTINUOUS
10
6.0402805511811026
20
-4.5937949212598426
11
6.0363554330708658
21
-4.5820195669291337
0
LINE
8
BLACK
6
CONTINUOUS
10
6.0363554330708658
20
-4.5820195669291337
11
6.01733374015748
21
-4.5820195669291337
0
LINE
8
BLACK
6
CONTINUOUS
10
6.01733374015748
20
-4.5820195669291337
11
6.013408622047244
21
-4.5937948818897638
0
LINE
8
BLACK
6
CONTINUOUS
10
6.013408622047244
20
-4.5937948818897638
11
6.0124056692913381
21
-4.5949512992125987
0
LINE
8
BLACK
6
CONTINUOUS
10
6.0124056692913381
20
-4.5949512992125987
11
6.0108788188976376
21
-4.5950598031496064
0
LINE
8
BLACK
6
CONTINUOUS
10
6.0108788188976376
20
-4.5950598031496064
11
6.0097224015748028
21
-4.5940568503937005
0
LINE
8
BLACK
6
CONTINUOUS
10
6.0097224015748028
20
-4.5940568503937005
11
6.0096138976377951
21
-4.59253
0
LINE
8
BLACK
6
CONTINUOUS
10
6.0096138976377951
20
-4.59253
11
6.0249472440944878
21
-4.546529960629921
0
LINE
8
BLACK
6
CONTINUOUS
10
6.0249472440944878
20
-4.546529960629921
11
6.0250451181102358
21
-4.5464170472440948
0
LINE
8
BLACK
6
CONTINUOUS
10
6.0250451181102358
20
-4.5464170472440948
11
6.0250557480314963
21
-4.5462680314960631
0
LINE
8
BLACK
6
CONTINUOUS
10
6.0250557480314963
20
-4.5462680314960631
11
6.0255346850393696
21
-4.5458526377952753
0
LINE
8
BLACK
6
CONTINUOUS
10
6.0255346850393696
20
-4.5458526377952753
11
6.0259501968503937
21
-4.5453735826771648
0
LINE
8
BLACK
6
CONTINUOUS
10
6.0259501968503937
20
-4.5453735826771648
11
6.0260992519685042
21
-4.5453629527559052
0
LINE
8
BLACK
6
CONTINUOUS
10
6.0260992519685042
20
-4.5453629527559052
11
6.0262121653543304
21
-4.5452650787401572
0
LINE
8
BLACK
6
CONTINUOUS
10
6.0262121653543304
20
-4.5452650787401572
11
6.0268446062992123
21
-4.5453099999999997
0
LINE
8
BLACK
6
CONTINUOUS
10
6.0268446062992123
20
-4.5453099999999997
11
6.0274770472440942
21
-4.5452650787401572
0
LINE
8
BLACK
6
CONTINUOUS
10
6.0274770472440942
20
-4.5452650787401572
11
6.0275899212598425
21
-4.5453629527559052
0
LINE
8
BLACK
6
CONTINUOUS
10
6.0186670472440946
20
-4.5780195669291341
11
6.035022125984252
21
-4.5780195669291341
0
LINE
8
BLACK
6
CONTINUOUS
10
6.035022125984252
20
-4.5780195669291341
11
6.0268445669291335
21
-4.553486968503937
0
LINE
8
BLACK
6
CONTINUOUS
10
6.0268445669291335
20
-4.553486968503937
11
6.0186670472440946
21
-4.5780195669291341
0
LINE
8
BLACK
6
CONTINUOUS
10
5.7630259842519687
20
-4.2578942519685041
11
5.7639174409448817
21
-4.2580715748031492
0
LINE
8
BLACK
6
CONTINUOUS
10
5.7639174409448817
20
-4.2580715748031492
11
5.7640711811023619
21
-4.2581742913385829
0
LINE
8
BLACK
6
CONTINUOUS
10
5.7640711811023619
20
-4.2581742913385829
11
5.7646574803149608
21
-4.2583314173228342
0
LINE
8
BLACK
6
CONTINUOUS
10
5.7646574803149608
20
-4.2583314173228342
11
5.7653646062992125
21
-4.2590385433070868
0
LINE
8
BLACK
6
CONTINUOUS
10
5.7653646062992125
20
-4.2590385433070868
11
5.7658333070866137
21
-4.2593517322834646
0
LINE
8
BLACK
6
CONTINUOUS
10
5.7658333070866137
20
-4.2593517322834646
11
5.7661464566929128
21
-4.259820393700787
0
LINE
8
BLACK
6
CONTINUOUS
10
5.7661464566929128
20
-4.259820393700787
11
5.7668536220472442
21
-4.2605275590551184
0
LINE
8
BLACK
6
CONTINUOUS
10
5.7668536220472442
20
-4.2605275590551184
11
5.7670107086614175
21
-4.2611138188976376
0
LINE
8
BLACK
6
CONTINUOUS
10
5.7670107086614175
20
-4.2611138188976376
11
5.7671134645669291
21
-4.2612675984251966
0
LINE
8
BLACK
6
CONTINUOUS
10
5.7671134645669291
20
-4.2612675984251966
11
5.7672907480314963
21
-4.2621590157480318
0
LINE
8
BLACK
6
CONTINUOUS
10
5.7672907480314963
20
-4.2621590157480318
11
5.7676574803149601
21
-4.2635275590551176
0
LINE
8
BLACK
6
CONTINUOUS
10
5.7676574803149601
20
-4.2635275590551176
11
5.7672907480314963
21
-4.2648960629921255
0
LINE
8
BLACK
6
CONTINUOUS
10
5.7672907480314963
20
-4.2648960629921255
11
5.7671134645669291
21
-4.2657875196850394
0
LINE
8
BLACK
6
CONTINUOUS
10
5.7671134645669291
20
-4.2657875196850394
11
5.7670107086614175
21
-4.2659412598425197
0
LINE
8
BLACK
6
CONTINUOUS
10
5.7670107086614175
20
-4.2659412598425197
11
5.7668536220472442
21
-4.2665275590551177
0
LINE
8
BLACK
6
CONTINUOUS
10
5.7668536220472442
20
-4.2665275590551177
11
5.7661464566929128
21
-4.2672346850393703
0
LINE
8
BLACK
6
CONTINUOUS
10
5.7661464566929128
20
-4.2672346850393703
11
5.7658333070866137
21
-4.2677033858267714
0
LINE
8
BLACK
6
CONTINUOUS
10
5.7658333070866137
20
-4.2677033858267714
11
5.7653646062992125
21
-4.2680165354330706
0
LINE
8
BLACK
6
CONTINUOUS
10
5.7653646062992125
20
-4.2680165354330706
11
5.7646574803149608
21
-4.268723700787401
0
LINE
8
BLACK
6
CONTINUOUS
10
5.7646574803149608
20
-4.268723700787401
11
5.7640711811023619
21
-4.2688807874015744
0
LINE
8
BLACK
6
CONTINUOUS
10
5.7640711811023619
20
-4.2688807874015744
11
5.7639174409448817
21
-4.2689835433070868
0
LINE
8
BLACK
6
CONTINUOUS
10
5.7639174409448817
20
-4.2689835433070868
11
5.7630259842519687
21
-4.2691608267716532
0
LINE
8
BLACK
6
CONTINUOUS
10
5.7630259842519687
20
-4.2691608267716532
11
5.7616574803149607
21
-4.2695275590551178
0
LINE
8
BLACK
6
CONTINUOUS
10
5.7616574803149607
20
-4.2695275590551178
11
5.7444577165354334
21
-4.2695275590551178
0
LINE
8
BLACK
6
CONTINUOUS
10
5.7444577165354334
20
-4.2695275590551178
11
5.7349999999999994
21
-4.2789852755905509
0
LINE
8
BLACK
6
CONTINUOUS
10
5.7349999999999994
20
-4.2789852755905509
11
5.7349999999999994
21
-4.2949645669291341
0
LINE
8
BLACK
6
CONTINUOUS
10
5.7349999999999994
20
-4.2949645669291341
11
5.7341961417322835
21
-4.2979645669291342
0
LINE
8
BLACK
6
CONTINUOUS
10
5.7341961417322835
20
-4.2979645669291342
11
5.733029094488189
21
-4.2991315748031491
0
LINE
8
BLACK
6
CONTINUOUS
10
5.733029094488189
20
-4.2991315748031491
11
5.7325355118110233
21
-4.3000355511811019
0
LINE
8
BLACK
6
CONTINUOUS
10
5.7325355118110233
20
-4.3000355511811019
11
5.7175355511811023
21
-4.3150355511811025
0
LINE
8
BLACK
6
CONTINUOUS
10
5.7175355511811023
20
-4.3150355511811025
11
5.7168206299212594
21
-4.3155706692913389
0
LINE
8
BLACK
6
CONTINUOUS
10
5.7168206299212594
20
-4.3155706692913389
11
5.7167031889763775
21
-4.3157062598425195
0
LINE
8
BLACK
6
CONTINUOUS
10
5.7167031889763775
20
-4.3157062598425195
11
5.7165984645669292
21
-4.3157369685039368
0
LINE
8
BLACK
6
CONTINUOUS
10
5.7165984645669292
20
-4.3157369685039368
11
5.7163962598425195
21
-4.3158883858267716
0
LINE
8
BLACK
6
CONTINUOUS
10
5.7163962598425195
20
-4.3158883858267716
11
5.715187244094488
21
-4.3161513779527558
0
LINE
8
BLACK
6
CONTINUOUS
10
5.715187244094488
20
-4.3161513779527558
11
5.7139999999999995
21
-4.3164999999999996
0
LINE
8
BLACK
6
CONTINUOUS
10
5.7139999999999995
20
-4.3164999999999996
11
5.7035710629921255
21
-4.3164999999999996
0
LINE
8
BLACK
6
CONTINUOUS
10
5.7035710629921255
20
-4.3164999999999996
11
5.6947915748031495
21
-4.3252795275590552
0
LINE
8
BLACK
6
CONTINUOUS
10
5.6947915748031495
20
-4.3252795275590552
11
5.7106535433070862
21
-4.3252795275590552
0
LINE
8
BLACK
6
CONTINUOUS
10
5.7106535433070862
20
-4.3252795275590552
11
5.7106535433070862
21
-4.3646496062992126
0
LINE
8
BLACK
6
CONTINUOUS
10
5.7106535433070862
20
-4.3646496062992126
11
5.6950000000000003
21
-4.3646496062992126
0
LINE
8
BLACK
6
CONTINUOUS
10
5.6950000000000003
20
-4.3646496062992126
11
5.6950000000000003
21
-4.3708503937007874
0
LINE
8
BLACK
6
CONTINUOUS
10
5.6950000000000003
20
-4.3708503937007874
11
5.7106535433070862
21
-4.3708503937007874
0
LINE
8
BLACK
6
CONTINUOUS
10
5.7106535433070862
20
-4.3708503937007874
11
5.7106535433070862
21
-4.4102204724409448
0
LINE
8
BLACK
6
CONTINUOUS
10
5.7106535433070862
20
-4.4102204724409448
11
5.6673506299212599
21
-4.4102204724409448
0
LINE
8
BLACK
6
CONTINUOUS
10
5.6673506299212599
20
-4.4102204724409448
11
5.6589999999999998
21
-4.418571102362205
0
LINE
8
BLACK
6
CONTINUOUS
10
5.6589999999999998
20
-4.418571102362205
11
5.6589999999999998
21
-4.4864999999999995
0
LINE
8
BLACK
6
CONTINUOUS
10
5.6589999999999998
20
-4.4864999999999995
11
5.6589999999999998
21
-4.4894288976377954
0
LINE
8
BLACK
6
CONTINUOUS
10
5.6589999999999998
20
-4.4894288976377954
11
5.6635710629921254
21
-4.4939999999999998
0
LINE
8
BLACK
6
CONTINUOUS
10
5.6635710629921254
20
-4.4939999999999998
11
5.6658503937007874
21
-4.4939999999999998
0
LINE
8
BLACK
6
CONTINUOUS
10
5.6658503937007874
20
-4.4939999999999998
11
5.6658503937007874
21
-4.4848464566929129
0
LINE
8
BLACK
6
CONTINUOUS
10
5.6658503937007874
20
-4.4848464566929129
11
5.7052204724409448
21
-4.4848464566929129
0
LINE
8
BLACK
6
CONTINUOUS
10
5.7052204724409448
20
-4.4848464566929129
11
5.7052204724409448
21
-4.5281535433070861
0
LINE
8
BLACK
6
CONTINUOUS
10
5.7052204724409448
20
-4.5281535433070861
11
5.6658503937007874
21
-4.5281535433070861
0
LINE
8
BLACK
6
CONTINUOUS
10
5.6658503937007874
20
-4.5281535433070861
11
5.6658503937007874
21
-4.5039999999999996
0
LINE
8
BLACK
6
CONTINUOUS
10
5.6658503937007874
20
-4.5039999999999996
11
5.6615000000000002
21
-4.5039999999999996
0
LINE
8
BLACK
6
CONTINUOUS
10
5.6615000000000002
20
-4.5039999999999996
11
5.6606160236220475
21
-4.5038729133858268
0
LINE
8
BLACK
6
CONTINUOUS
10
5.6606160236220475
20
-4.5038729133858268
11
5.6604371653543302
21
-4.503885708661417
0
LINE
8
BLACK
6
CONTINUOUS
10
5.6604371653543302
20
-4.503885708661417
11
5.6603414173228348
21
-4.5038334251968504
0
LINE
8
BLACK
6
CONTINUOUS
10
5.6603414173228348
20
-4.5038334251968504
11
5.660091338582677
21
-4.5037974803149607
0
LINE
8
BLACK
6
CONTINUOUS
10
5.660091338582677
20
-4.5037974803149607
11
5.6590503543307085
21
-4.5031284645669292
0
LINE
8
BLACK
6
CONTINUOUS
10
5.6590503543307085
20
-4.5031284645669292
11
5.6579644881889761
21
-4.5025355511811025
0
LINE
8
BLACK
6
CONTINUOUS
10
5.6579644881889761
20
-4.5025355511811025
11
5.6504644488188971
21
-4.4950355511811022
0
LINE
8
BLACK
6
CONTINUOUS
10
5.6504644488188971
20
-4.4950355511811022
11
5.6499292913385828
21
-4.4943206299212601
0
LINE
8
BLACK
6
CONTINUOUS
10
5.6499292913385828
20
-4.4943206299212601
11
5.64979374015748
21
-4.4942031889763783
0
LINE
8
BLACK
6
CONTINUOUS
10
5.64979374015748
20
-4.4942031889763783
11
5.649762992125984
21
-4.4940984645669291
0
LINE
8
BLACK
6
CONTINUOUS
10
5.649762992125984
20
-4.4940984645669291
11
5.649611614173228
21
-4.4938962598425194
0
LINE
8
BLACK
6
CONTINUOUS
10
5.649611614173228
20
-4.4938962598425194
11
5.649348582677165
21
-4.4926872440944878
0
LINE
8
BLACK
6
CONTINUOUS
10
5.649348582677165
20
-4.4926872440944878
11
5.649
21
-4.4915000000000003
0
LINE
8
BLACK
6
CONTINUOUS
10
5.649
20
-4.4915000000000003
11
5.649
21
-4.4900000000000002
0
LINE
8
BLACK
6
CONTINUOUS
10
5.649
20
-4.4900000000000002
11
5.5485393307086612
21
-4.4900000000000002
0
LINE
8
BLACK
6
CONTINUOUS
10
5.5485393307086612
20
-4.4900000000000002
11
5.5468423622047247
21
-4.4933305118110232
0
LINE
8
BLACK
6
CONTINUOUS
10
5.5468423622047247
20
-4.4933305118110232
11
5.5433305118110239
21
-4.496842362204724
0
LINE
8
BLACK
6
CONTINUOUS
10
5.5433305118110239
20
-4.496842362204724
11
5.5389053543307085
21
-4.4990970866141735
0
LINE
8
BLACK
6
CONTINUOUS
10
5.5389053543307085
20
-4.4990970866141735
11
5.5339999999999998
21
-4.4998740157480315
0
LINE
8
BLACK
6
CONTINUOUS
10
5.5339999999999998
20
-4.4998740157480315
11
5.5290946456692911
21
-4.4990970866141735
0
LINE
8
BLACK
6
CONTINUOUS
10
5.5290946456692911
20
-4.4990970866141735
11
5.5246694881889766
21
-4.496842362204724
0
LINE
8
BLACK
6
CONTINUOUS
10
5.5246694881889766
20
-4.496842362204724
11
5.5211576377952758
21
-4.4933305118110232
0
LINE
8
BLACK
6
CONTINUOUS
10
5.5211576377952758
20
-4.4933305118110232
11
5.5189029133858263
21
-4.4889053543307087
0
LINE
8
BLACK
6
CONTINUOUS
10
5.5189029133858263
20
-4.4889053543307087
11
5.5181259842519683
21
-4.484
0
LINE
8
BLACK
6
CONTINUOUS
10
5.5181259842519683
20
-4.484
11
5.5189029133858263
21
-4.4790946456692913
0
LINE
8
BLACK
6
CONTINUOUS
10
5.5189029133858263
20
-4.4790946456692913
11
5.5211576377952758
21
-4.4746694881889759
0
LINE
8
BLACK
6
CONTINUOUS
10
5.5211576377952758
20
-4.4746694881889759
11
5.5246694881889766
21
-4.4711576377952751
0
LINE
8
BLACK
6
CONTINUOUS
10
5.5246694881889766
20
-4.4711576377952751
11
5.5290946456692911
21
-4.4689029133858265
0
LINE
8
BLACK
6
CONTINUOUS
10
5.5290946456692911
20
-4.4689029133858265
11
5.5339999999999998
21
-4.4681259842519685
0
LINE
8
BLACK
6
CONTINUOUS
10
5.5339999999999998
20
-4.4681259842519685
11
5.5389053543307085
21
-4.4689029133858265
0
LINE
8
BLACK
6
CONTINUOUS
10
5.5389053543307085
20
-4.4689029133858265
11
5.5433305118110239
21
-4.4711576377952751
0
LINE
8
BLACK
6
CONTINUOUS
10
5.5433305118110239
20
-4.4711576377952751
11
5.5468423622047247
21
-4.4746694881889759
0
LINE
8
BLACK
6
CONTINUOUS
10
5.5468423622047247
20
-4.4746694881889759
11
5.5485393307086612
21
-4.4779999999999998
0
LINE
8
BLACK
6
CONTINUOUS
10
5.5485393307086612
20
-4.4779999999999998
11
5.649
21
-4.4779999999999998
0
LINE
8
BLACK
6
CONTINUOUS
10
5.649
20
-4.4779999999999998
11
5.649
21
-4.4165000000000001
0
LINE
8
BLACK
6
CONTINUOUS
10
5.649
20
-4.4165000000000001
11
5.649127047244094
21
-4.4156160236220474
0
LINE
8
BLACK
6
CONTINUOUS
10
5.649127047244094
20
-4.4156160236220474
11
5.6491142913385826
21
-4.415437165354331
0
LINE
8
BLACK
6
CONTINUOUS
10
5.6491142913385826
20
-4.415437165354331
11
5.6491665354330705
21
-4.4153414173228347
0
LINE
8
BLACK
6
CONTINUOUS
10
5.6491665354330705
20
-4.4153414173228347
11
5.6492025196850388
21
-4.4150913385826769
0
LINE
8
BLACK
6
CONTINUOUS
10
5.6492025196850388
20
-4.4150913385826769
11
5.6498714173228342
21
-4.4140504724409446
0
LINE
8
BLACK
6
CONTINUOUS
10
5.6498714173228342
20
-4.4140504724409446
11
5.6504644488188971
21
-4.4129644488188973
0
LINE
8
BLACK
6
CONTINUOUS
10
5.6504644488188971
20
-4.4129644488188973
11
5.667346456692913
21
-4.3960824409448822
0
LINE
8
BLACK
6
CONTINUOUS
10
5.667346456692913
20
-4.3960824409448822
11
5.667346456692913
21
-4.3708503937007874
0
LINE
8
BLACK
6
CONTINUOUS
10
5.667346456692913
20
-4.3708503937007874
11
5.6829999999999998
21
-4.3708503937007874
0
LINE
8
BLACK
6
CONTINUOUS
10
5.6829999999999998
20
-4.3708503937007874
11
5.6829999999999998
21
-4.3646496062992126
0
LINE
8
BLACK
6
CONTINUOUS
10
5.6829999999999998
20
-4.3646496062992126
11
5.667346456692913
21
-4.3646496062992126
0
LINE
8
BLACK
6
CONTINUOUS
10
5.667346456692913
20
-4.3646496062992126
11
5.667346456692913
21
-4.3252795275590552
0
LINE
8
BLACK
6
CONTINUOUS
10
5.667346456692913
20
-4.3252795275590552
11
5.6840000000000002
21
-4.3252795275590552
0
LINE
8
BLACK
6
CONTINUOUS
10
5.6840000000000002
20
-4.3252795275590552
11
5.6840000000000002
21
-4.3239999999999998
0
LINE
8
BLACK
6
CONTINUOUS
10
5.6840000000000002
20
-4.3239999999999998
11
5.6841270472440941
21
-4.3231160236220472
0
LINE
8
BLACK
6
CONTINUOUS
10
5.6841270472440941
20
-4.3231160236220472
11
5.6841142913385827
21
-4.3229371653543307
0
LINE
8
BLACK
6
CONTINUOUS
10
5.6841142913385827
20
-4.3229371653543307
11
5.6841665354330706
21
-4.3228414173228344
0
LINE
8
BLACK
6
CONTINUOUS
10
5.6841665354330706
20
-4.3228414173228344
11
5.684202519685039
21
-4.3225913385826766
0
LINE
8
BLACK
6
CONTINUOUS
10
5.684202519685039
20
-4.3225913385826766
11
5.6848714173228343
21
-4.3215504724409444
0
LINE
8
BLACK
6
CONTINUOUS
10
5.6848714173228343
20
-4.3215504724409444
11
5.6854644488188972
21
-4.3204644488188979
0
LINE
8
BLACK
6
CONTINUOUS
10
5.6854644488188972
20
-4.3204644488188979
11
5.6979644881889762
21
-4.3079644488188977
0
LINE
8
BLACK
6
CONTINUOUS
10
5.6979644881889762
20
-4.3079644488188977
11
5.6986793700787404
21
-4.3074292519685038
0
LINE
8
BLACK
6
CONTINUOUS
10
5.6986793700787404
20
-4.3074292519685038
11
5.6987968110236222
21
-4.3072937401574798
0
LINE
8
BLACK
6
CONTINUOUS
10
5.6987968110236222
20
-4.3072937401574798
11
5.6989014173228343
21
-4.3072629921259837
0
LINE
8
BLACK
6
CONTINUOUS
10
5.6989014173228343
20
-4.3072629921259837
11
5.6991037401574802
21
-4.3071115748031499
0
LINE
8
BLACK
6
CONTINUOUS
10
5.6991037401574802
20
-4.3071115748031499
11
5.7003129921259843
21
-4.3068485039370081
0
LINE
8
BLACK
6
CONTINUOUS
10
5.7003129921259843
20
-4.3068485039370081
11
5.7015000000000002
21
-4.3064999999999998
0
LINE
8
BLACK
6
CONTINUOUS
10
5.7015000000000002
20
-4.3064999999999998
11
5.7119288976377955
21
-4.3064999999999998
0
LINE
8
BLACK
6
CONTINUOUS
10
5.7119288976377955
20
-4.3064999999999998
11
5.7230981102362204
21
-4.2953307874015749
0
LINE
8
BLACK
6
CONTINUOUS
10
5.7230981102362204
20
-4.2953307874015749
11
5.7229999999999999
21
-4.2949645669291341
0
LINE
8
BLACK
6
CONTINUOUS
10
5.7229999999999999
20
-4.2949645669291341
11
5.7229999999999999
21
-4.2764999999999995
0
LINE
8
BLACK
6
CONTINUOUS
10
5.7229999999999999
20
-4.2764999999999995
11
5.7232044488188976
21
-4.2757369685039368
0
LINE
8
BLACK
6
CONTINUOUS
10
5.7232044488188976
20
-4.2757369685039368
11
5.7232044488188976
21
-4.2749470866141728
0
LINE
8
BLACK
6
CONTINUOUS
10
5.7232044488188976
20
-4.2749470866141728
11
5.723599409448819
21
-4.2742629527559055
0
LINE
8
BLACK
6
CONTINUOUS
10
5.723599409448819
20
-4.2742629527559055
11
5.7238038582677166
21
-4.2735000000000003
0
LINE
8
BLACK
6
CONTINUOUS
10
5.7238038582677166
20
-4.2735000000000003
11
5.7243623622047242
21
-4.2729414566929131
0
LINE
8
BLACK
6
CONTINUOUS
10
5.7243623622047242
20
-4.2729414566929131
11
5.7247573622047243
21
-4.2722573622047246
0
LINE
8
BLACK
6
CONTINUOUS
10
5.7247573622047243
20
-4.2722573622047246
11
5.7377298031496062
21
-4.2592849212598427
0
LINE
8
BLACK
6
CONTINUOUS
10
5.7377298031496062
20
-4.2592849212598427
11
5.7384138976377947
21
-4.2588899212598426
0
LINE
8
BLACK
6
CONTINUOUS
10
5.7384138976377947
20
-4.2588899212598426
11
5.7389724409448819
21
-4.2583314173228342
0
LINE
8
BLACK
6
CONTINUOUS
10
5.7389724409448819
20
-4.2583314173228342
11
5.7397353937007871
21
-4.2581269685039373
0
LINE
8
BLACK
6
CONTINUOUS
10
5.7397353937007871
20
-4.2581269685039373
11
5.7404195275590553
21
-4.257732007874016
0
LINE
8
BLACK
6
CONTINUOUS
10
5.7404195275590553
20
-4.257732007874016
11
5.7412094488188972
21
-4.257732007874016
0
LINE
8
BLACK
6
CONTINUOUS
10
5.7412094488188972
20
-4.257732007874016
11
5.741972440944882
21
-4.2575275590551183
0
LINE
8
BLACK
6
CONTINUOUS
10
5.741972440944882
20
-4.2575275590551183
11
5.7616574803149607
21
-4.2575275590551183
0
LINE
8
BLACK
6
CONTINUOUS
10
5.7616574803149607
20
-4.2575275590551183
11
5.7630259842519687
21
-4.2578942519685041
0
LINE
8
BLACK
6
CONTINUOUS
10
5.7824042913385822
20
-4.2578332283464562
11
5.7836024803149604
21
-4.2580715748031492
0
LINE
8
BLACK
6
CONTINUOUS
10
5.7836024803149604
20
-4.2580715748031492
11
5.7855183464566924
21
-4.2593517322834646
0
LINE
8
BLACK
6
CONTINUOUS
10
5.7855183464566924
20
-4.2593517322834646
11
5.7867985039370078
21
-4.2612675984251966
0
LINE
8
BLACK
6
CONTINUOUS
10
5.7867985039370078
20
-4.2612675984251966
11
5.7870368110236221
21
-4.262465748031496
0
LINE
8
BLACK
6
CONTINUOUS
10
5.7870368110236221
20
-4.262465748031496
11
5.7872480314960626
21
-4.2626769685039365
0
LINE
8
BLACK
6
CONTINUOUS
10
5.7872480314960626
20
-4.2626769685039365
11
5.7872480314960626
21
-4.2803977559055113
0
LINE
8
BLACK
6
CONTINUOUS
10
5.7872480314960626
20
-4.2803977559055113
11
5.7897888188976374
21
-4.2795087007874013
0
LINE
8
BLACK
6
CONTINUOUS
10
5.7897888188976374
20
-4.2795087007874013
11
5.7897888582677162
21
-4.2795087007874013
0
LINE
8
BLACK
6
CONTINUOUS
10
5.7897888582677162
20
-4.2795087007874013
11
5.7925781889763774
21
-4.2774501181102362
0
LINE
8
BLACK
6
CONTINUOUS
10
5.7925781889763774
20
-4.2774501181102362
11
5.7944061023622044
21
-4.2769967716535433
0
LINE
8
BLACK
6
CONTINUOUS
10
5.7944061023622044
20
-4.2769967716535433
11
5.7960191732283466
21
-4.2779687401574806
0
LINE
8
BLACK
6
CONTINUOUS
10
5.7960191732283466
20
-4.2779687401574806
11
5.7965
21
-4.2794299212598421
0
LINE
8
BLACK
6
CONTINUOUS
10
5.7965
20
-4.2794299212598421
11
5.7965
21
-4.2915787401574805
0
LINE
8
BLACK
6
CONTINUOUS
10
5.7965
20
-4.2915787401574805
11
5.7957792913385822
21
-4.2933186614173229
0
LINE
8
BLACK
6
CONTINUOUS
10
5.7957792913385822
20
-4.2933186614173229
11
5.7940393700787398
21
-4.2940393700787398
0
LINE
8
BLACK
6
CONTINUOUS
10
5.7940393700787398
20
-4.2940393700787398
11
5.7724842519685042
21
-4.2940393700787398
0
LINE
8
BLACK
6
CONTINUOUS
10
5.7724842519685042
20
-4.2940393700787398
11
5.7724842519685042
21
-4.3060078740157479
0
LINE
8
BLACK
6
CONTINUOUS
10
5.7724842519685042
20
-4.3060078740157479
11
5.7960275590551182
21
-4.3060078740157479
0
LINE
8
BLACK
6
CONTINUOUS
10
5.7960275590551182
20
-4.3060078740157479
11
5.7960275590551182
21
-4.3202432677165357
0
LINE
8
BLACK
6
CONTINUOUS
10
5.7960275590551182
20
-4.3202432677165357
11
5.8072842913385827
21
-4.3315000000000001
0
LINE
8
BLACK
6
CONTINUOUS
10
5.8072842913385827
20
-4.3315000000000001
11
5.8339999999999996
21
-4.3315000000000001
0
LINE
8
BLACK
6
CONTINUOUS
10
5.8339999999999996
20
-4.3315000000000001
11
5.8361172047244096
21
-4.3318044094488188
0
LINE
8
BLACK
6
CONTINUOUS
10
5.8361172047244096
20
-4.3318044094488188
11
5.8382512992125983
21
-4.331957047244094
0
LINE
8
BLACK
6
CONTINUOUS
10
5.8382512992125983
20
-4.331957047244094
11
5.8389240944881893
21
-4.3322079921259844
0
LINE
8
BLACK
6
CONTINUOUS
10
5.8389240944881893
20
-4.3322079921259844
11
5.8396346456692916
21
-4.3323101574803147
0
LINE
8
BLACK
6
CONTINUOUS
10
5.8396346456692916
20
-4.3323101574803147
11
5.8415804724409446
21
-4.3331987795275593
0
LINE
8
BLACK
6
CONTINUOUS
10
5.8415804724409446
20
-4.3331987795275593
11
5.8424091732283463
21
-4.3335078740157478
0
LINE
8
BLACK
6
CONTINUOUS
10
5.8424091732283463
20
-4.3335078740157478
11
5.8760275590551183
21
-4.3335078740157478
0
LINE
8
BLACK
6
CONTINUOUS
10
5.8760275590551183
20
-4.3335078740157478
11
5.8760275590551183
21
-4.3340984251968502
0
LINE
8
BLACK
6
CONTINUOUS
10
5.8760275590551183
20
-4.3340984251968502
11
5.8919724409448815
21
-4.3340984251968502
0
LINE
8
BLACK
6
CONTINUOUS
10
5.8919724409448815
20
-4.3340984251968502
11
5.8919724409448815
21
-4.3335078740157478
0
LINE
8
BLACK
6
CONTINUOUS
10
5.8919724409448815
20
-4.3335078740157478
11
5.9510275590551176
21
-4.3335078740157478
0
LINE
8
BLACK
6
CONTINUOUS
10
5.9510275590551176
20
-4.3335078740157478
11
5.9510275590551176
21
-4.3340984251968502
0
LINE
8
BLACK
6
CONTINUOUS
10
5.9510275590551176
20
-4.3340984251968502
11
5.9715984251968504
21
-4.3340984251968502
0
LINE
8
BLACK
6
CONTINUOUS
10
5.9715984251968504
20
-4.3340984251968502
11
5.9721483858267712
21
-4.3341329921259844
0
LINE
8
BLACK
6
CONTINUOUS
10
5.9721483858267712
20
-4.3341329921259844
11
5.9723837007874012
21
-4.334110787401575
0
LINE
8
BLACK
6
CONTINUOUS
10
5.9723837007874012
20
-4.334110787401575
11
5.9727716929133861
21
-4.3341722047244096
0
LINE
8
BLACK
6
CONTINUOUS
10
5.9727716929133861
20
-4.3341722047244096
11
5.9747317716535431
21
-4.3342955511811025
0
LINE
8
BLACK
6
CONTINUOUS
10
5.9747317716535431
20
-4.3342955511811025
11
5.9766337007874011
21
-4.334783897637795
0
LINE
8
BLACK
6
CONTINUOUS
10
5.9766337007874011
20
-4.334783897637795
11
5.9785731889763776
21
-4.3350910629921255
0
LINE
8
BLACK
6
CONTINUOUS
10
5.9785731889763776
20
-4.3350910629921255
11
5.9796574015748032
21
-4.3355602362204726
0
LINE
8
BLACK
6
CONTINUOUS
10
5.9796574015748032
20
-4.3355602362204726
11
5.9808015354330708
21
-4.3358540157480316
0
LINE
8
BLACK
6
CONTINUOUS
10
5.9808015354330708
20
-4.3358540157480316
11
5.9825223228346456
21
-4.3368000000000002
0
LINE
8
BLACK
6
CONTINUOUS
10
5.9825223228346456
20
-4.3368000000000002
11
5.9843244488188976
21
-4.3375798818897637
0
LINE
8
BLACK
6
CONTINUOUS
10
5.9843244488188976
20
-4.3375798818897637
11
5.9852577559055113
21
-4.3383038188976375
0
LINE
8
BLACK
6
CONTINUOUS
10
5.9852577559055113
20
-4.3383038188976375
11
5.9862930708661413
21
-4.3388729921259843
0
LINE
8
BLACK
6
CONTINUOUS
10
5.9862930708661413
20
-4.3388729921259843
11
5.9877245275590552
21
-4.3402172440944877
0
LINE
8
BLACK
6
CONTINUOUS
10
5.9877245275590552
20
-4.3402172440944877
11
5.9892761023622043
21
-4.3414207480314957
0
LINE
8
BLACK
6
CONTINUOUS
10
5.9892761023622043
20
-4.3414207480314957
11
6.0043553543307082
21
-4.3564999999999996
0
LINE
8
BLACK
6
CONTINUOUS
10
6.0043553543307082
20
-4.3564999999999996
11
6.0365000000000002
21
-4.3564999999999996
0
LINE
8
BLACK
6
CONTINUOUS
10
6.0365000000000002
20
-4.3564999999999996
11
6.0365000000000002
21
-4.3639999999999999
0
LINE
8
BLACK
6
CONTINUOUS
10
6.0365000000000002
20
-4.3639999999999999
11
6.0714999999999995
21
-4.3639999999999999
0
LINE
8
BLACK
6
CONTINUOUS
10
6.0714999999999995
20
-4.3639999999999999
11
6.0714999999999995
21
-4.3564999999999996
0
LINE
8
BLACK
6
CONTINUOUS
10
6.0714999999999995
20
-4.3564999999999996
11
6.1364999999999998
21
-4.3564999999999996
0
LINE
8
BLACK
6
CONTINUOUS
10
6.1364999999999998
20
-4.3564999999999996
11
6.1364999999999998
21
-4.4215
0
LINE
8
BLACK
6
CONTINUOUS
10
6.1364999999999998
20
-4.4215
11
6.0714999999999995
21
-4.4215
0
LINE
8
BLACK
6
CONTINUOUS
10
6.0714999999999995
20
-4.4215
11
6.0714999999999995
21
-4.4139999999999997
0
LINE
8
BLACK
6
CONTINUOUS
10
6.0714999999999995
20
-4.4139999999999997
11
6.0365000000000002
21
-4.4139999999999997
0
LINE
8
BLACK
6
CONTINUOUS
10
6.0365000000000002
20
-4.4139999999999997
11
6.0365000000000002
21
-4.4215
0
LINE
8
BLACK
6
CONTINUOUS
10
6.0365000000000002
20
-4.4215
11
5.9714999999999998
21
-4.4215
0
LINE
8
BLACK
6
CONTINUOUS
10
5.9714999999999998
20
-4.4215
11
5.9714999999999998
21
-4.3943553543307088
0
LINE
8
BLACK
6
CONTINUOUS
10
5.9714999999999998
20
-4.3943553543307088
11
5.9612430708661419
21
-4.38409842519685
0
LINE
8
BLACK
6
CONTINUOUS
10
5.9612430708661419
20
-4.38409842519685
11
5.9510275590551176
21
-4.38409842519685
0
LINE
8
BLACK
6
CONTINUOUS
10
5.9510275590551176
20
-4.38409842519685
11
5.9510275590551176
21
-4.3846889763779524
0
LINE
8
BLACK
6
CONTINUOUS
10
5.9510275590551176
20
-4.3846889763779524
11
5.8919724409448815
21
-4.3846889763779524
0
LINE
8
BLACK
6
CONTINUOUS
10
5.8919724409448815
20
-4.3846889763779524
11
5.8919724409448815
21
-4.38409842519685
0
LINE
8
BLACK
6
CONTINUOUS
10
5.8919724409448815
20
-4.38409842519685
11
5.8760275590551183
21
-4.38409842519685
0
LINE
8
BLACK
6
CONTINUOUS
10
5.8760275590551183
20
-4.38409842519685
11
5.8760275590551183
21
-4.3846889763779524
0
LINE
8
BLACK
6
CONTINUOUS
10
5.8760275590551183
20
-4.3846889763779524
11
5.8169724409448822
21
-4.3846889763779524
0
LINE
8
BLACK
6
CONTINUOUS
10
5.8169724409448822
20
-4.3846889763779524
11
5.8169724409448822
21
-4.3715000000000002
0
LINE
8
BLACK
6
CONTINUOUS
10
5.8169724409448822
20
-4.3715000000000002
11
5.7989999999999995
21
-4.3715000000000002
0
LINE
8
BLACK
6
CONTINUOUS
10
5.7989999999999995
20
-4.3715000000000002
11
5.7968827559055116
21
-4.3711955511811027
0
LINE
8
BLACK
6
CONTINUOUS
10
5.7968827559055116
20
-4.3711955511811027
11
5.7947487007874017
21
-4.3710429527559054
0
LINE
8
BLACK
6
CONTINUOUS
10
5.7947487007874017
20
-4.3710429527559054
11
5.794075866141732
21
-4.3707919685039371
0
LINE
8
BLACK
6
CONTINUOUS
10
5.794075866141732
20
-4.3707919685039371
11
5.7933653543307084
21
-4.3706898425196847
0
LINE
8
BLACK
6
CONTINUOUS
10
5.7933653543307084
20
-4.3706898425196847
11
5.7914194881889767
21
-4.3698011811023623
0
LINE
8
BLACK
6
CONTINUOUS
10
5.7914194881889767
20
-4.3698011811023623
11
5.7894150393700787
21
-4.3690535826771653
0
LINE
8
BLACK
6
CONTINUOUS
10
5.7894150393700787
20
-4.3690535826771653
11
5.7888403149606296
21
-4.368623346456693
0
LINE
8
BLACK
6
CONTINUOUS
10
5.7888403149606296
20
-4.368623346456693
11
5.7881871653543309
21
-4.3683250787401571
0
LINE
8
BLACK
6
CONTINUOUS
10
5.7881871653543309
20
-4.3683250787401571
11
5.7865703937007869
21
-4.3669240944881889
0
LINE
8
BLACK
6
CONTINUOUS
10
5.7865703937007869
20
-4.3669240944881889
11
5.7848578740157475
21
-4.3656421653543305
0
LINE
8
BLACK
6
CONTINUOUS
10
5.7848578740157475
20
-4.3656421653543305
11
5.7764046850393695
21
-4.3571889763779525
0
LINE
8
BLACK
6
CONTINUOUS
10
5.7764046850393695
20
-4.3571889763779525
11
5.7369724409448821
21
-4.3571889763779525
0
LINE
8
BLACK
6
CONTINUOUS
10
5.7369724409448821
20
-4.3571889763779525
11
5.7369724409448821
21
-4.3564999999999996
0
LINE
8
BLACK
6
CONTINUOUS
10
5.7369724409448821
20
-4.3564999999999996
11
5.7360710629921261
21
-4.3564999999999996
0
LINE
8
BLACK
6
CONTINUOUS
10
5.7360710629921261
20
-4.3564999999999996
11
5.7290000000000001
21
-4.3635710629921256
0
LINE
8
BLACK
6
CONTINUOUS
10
5.7290000000000001
20
-4.3635710629921256
11
5.7290000000000001
21
-4.4589999999999996
0
LINE
8
BLACK
6
CONTINUOUS
10
5.7290000000000001
20
-4.4589999999999996
11
5.7290000000000001
21
-4.4709643307086617
0
LINE
8
BLACK
6
CONTINUOUS
10
5.7290000000000001
20
-4.4709643307086617
11
5.7428821259842522
21
-4.4848464566929129
0
LINE
8
BLACK
6
CONTINUOUS
10
5.7428821259842522
20
-4.4848464566929129
11
5.7721496062992124
21
-4.4848464566929129
0
LINE
8
BLACK
6
CONTINUOUS
10
5.7721496062992124
20
-4.4848464566929129
11
5.7721496062992124
21
-4.5281535433070861
0
LINE
8
BLACK
6
CONTINUOUS
10
5.7721496062992124
20
-4.5281535433070861
11
5.732779527559055
21
-4.5281535433070861
0
LINE
8
BLACK
6
CONTINUOUS
10
5.732779527559055
20
-4.5281535433070861
11
5.732779527559055
21
-4.4888860629921261
0
LINE
8
BLACK
6
CONTINUOUS
10
5.732779527559055
20
-4.4888860629921261
11
5.7204644488188974
21
-4.4765709842519685
0
LINE
8
BLACK
6
CONTINUOUS
10
5.7204644488188974
20
-4.4765709842519685
11
5.7199292913385822
21
-4.4758560629921256
0
LINE
8
BLACK
6
CONTINUOUS
10
5.7199292913385822
20
-4.4758560629921256
11
5.7197937401574803
21
-4.4757386220472437
0
LINE
8
BLACK
6
CONTINUOUS
10
5.7197937401574803
20
-4.4757386220472437
11
5.7197629921259843
21
-4.4756338976377954
0
LINE
8
BLACK
6
CONTINUOUS
10
5.7197629921259843
20
-4.4756338976377954
11
5.7196116141732283
21
-4.4754316929133857
0
LINE
8
BLACK
6
CONTINUOUS
10
5.7196116141732283
20
-4.4754316929133857
11
5.7193485826771653
21
-4.4742226771653542
0
LINE
8
BLACK
6
CONTINUOUS
10
5.7193485826771653
20
-4.4742226771653542
11
5.7190000000000003
21
-4.4730354330708657
0
LINE
8
BLACK
6
CONTINUOUS
10
5.7190000000000003
20
-4.4730354330708657
11
5.7190000000000003
21
-4.4624645669291336
0
LINE
8
BLACK
6
CONTINUOUS
10
5.7190000000000003
20
-4.4624645669291336
11
5.7106535433070862
21
-4.4624645669291336
0
LINE
8
BLACK
6
CONTINUOUS
10
5.7106535433070862
20
-4.4624645669291336
11
5.7106535433070862
21
-4.4771496062992124
0
LINE
8
BLACK
6
CONTINUOUS
10
5.7106535433070862
20
-4.4771496062992124
11
5.667346456692913
21
-4.4771496062992124
0
LINE
8
BLACK
6
CONTINUOUS
10
5.667346456692913
20
-4.4771496062992124
11
5.667346456692913
21
-4.437779527559055
0
LINE
8
BLACK
6
CONTINUOUS
10
5.667346456692913
20
-4.437779527559055
11
5.7106535433070862
21
-4.437779527559055
0
LINE
8
BLACK
6
CONTINUOUS
10
5.7106535433070862
20
-4.437779527559055
11
5.7106535433070862
21
-4.4524645669291338
0
LINE
8
BLACK
6
CONTINUOUS
10
5.7106535433070862
20
-4.4524645669291338
11
5.7190000000000003
21
-4.4524645669291338
0
LINE
8
BLACK
6
CONTINUOUS
10
5.7190000000000003
20
-4.4524645669291338
11
5.7190000000000003
21
-4.3614999999999995
0
LINE
8
BLACK
6
CONTINUOUS
10
5.7190000000000003
20
-4.3614999999999995
11
5.7191270472440943
21
-4.3606160236220468
0
LINE
8
BLACK
6
CONTINUOUS
10
5.7191270472440943
20
-4.3606160236220468
11
5.7191142913385828
21
-4.3604371653543303
0
LINE
8
BLACK
6
CONTINUOUS
10
5.7191142913385828
20
-4.3604371653543303
11
5.7191665354330707
21
-4.360341417322835
0
LINE
8
BLACK
6
CONTINUOUS
10
5.7191665354330707
20
-4.360341417322835
11
5.7192025196850391
21
-4.3600913385826772
0
LINE
8
BLACK
6
CONTINUOUS
10
5.7192025196850391
20
-4.3600913385826772
11
5.7198714173228344
21
-4.3590504724409449
0
LINE
8
BLACK
6
CONTINUOUS
10
5.7198714173228344
20
-4.3590504724409449
11
5.7204644488188974
21
-4.3579644488188976
0
LINE
8
BLACK
6
CONTINUOUS
10
5.7204644488188974
20
-4.3579644488188976
11
5.7304644488188972
21
-4.3479644881889765
0
LINE
8
BLACK
6
CONTINUOUS
10
5.7304644488188972
20
-4.3479644881889765
11
5.7311792913385826
21
-4.3474293307086613
0
LINE
8
BLACK
6
CONTINUOUS
10
5.7311792913385826
20
-4.3474293307086613
11
5.731296811023622
21
-4.3472937401574798
0
LINE
8
BLACK
6
CONTINUOUS
10
5.731296811023622
20
-4.3472937401574798
11
5.7314014960629924
21
-4.3472629921259838
0
LINE
8
BLACK
6
CONTINUOUS
10
5.7314014960629924
20
-4.3472629921259838
11
5.73160374015748
21
-4.3471116141732287
0
LINE
8
BLACK
6
CONTINUOUS
10
5.73160374015748
20
-4.3471116141732287
11
5.7328127165354328
21
-4.3468485826771657
0
LINE
8
BLACK
6
CONTINUOUS
10
5.7328127165354328
20
-4.3468485826771657
11
5.734
21
-4.3464999999999998
0
LINE
8
BLACK
6
CONTINUOUS
10
5.734
20
-4.3464999999999998
11
5.7369724409448821
21
-4.3464999999999998
0
LINE
8
BLACK
6
CONTINUOUS
10
5.7369724409448821
20
-4.3464999999999998
11
5.7369724409448821
21
-4.3060078740157479
0
LINE
8
BLACK
6
CONTINUOUS
10
5.7369724409448821
20
-4.3060078740157479
11
5.7605157480314961
21
-4.3060078740157479
0
LINE
8
BLACK
6
CONTINUOUS
10
5.7605157480314961
20
-4.3060078740157479
11
5.7605157480314961
21
-4.2940393700787398
0
LINE
8
BLACK
6
CONTINUOUS
10
5.7605157480314961
20
-4.2940393700787398
11
5.7503299999999999
21
-4.2940393700787398
0
LINE
8
BLACK
6
CONTINUOUS
10
5.7503299999999999
20
-4.2940393700787398
11
5.7485900787401576
21
-4.2933186614173229
0
LINE
8
BLACK
6
CONTINUOUS
10
5.7485900787401576
20
-4.2933186614173229
11
5.7478693700787398
21
-4.2915787401574805
0
LINE
8
BLACK
6
CONTINUOUS
10
5.7478693700787398
20
-4.2915787401574805
11
5.7485900393700788
21
-4.289838858267716
0
LINE
8
BLACK
6
CONTINUOUS
10
5.7485900393700788
20
-4.289838858267716
11
5.762310039370079
21
-4.2761188582677168
0
LINE
8
BLACK
6
CONTINUOUS
10
5.762310039370079
20
-4.2761188582677168
11
5.7637662204724407
21
-4.275414645669291
0
LINE
8
BLACK
6
CONTINUOUS
10
5.7637662204724407
20
-4.275414645669291
11
5.7644350393700785
21
-4.2753370866141731
0
LINE
8
BLACK
6
CONTINUOUS
10
5.7644350393700785
20
-4.2753370866141731
11
5.7645697637795275
21
-4.2752775590551177
0
LINE
8
BLACK
6
CONTINUOUS
10
5.7645697637795275
20
-4.2752775590551177
11
5.7651115354330704
21
-4.2751097244094485
0
LINE
8
BLACK
6
CONTINUOUS
10
5.7651115354330704
20
-4.2751097244094485
11
5.765848779527559
21
-4.2749719291338586
0
LINE
8
BLACK
6
CONTINUOUS
10
5.765848779527559
20
-4.2749719291338586
11
5.7676914960629917
21
-4.2753606692913388
0
LINE
8
BLACK
6
CONTINUOUS
10
5.7676914960629917
20
-4.2753606692913388
11
5.7682807086614174
21
-4.2759295275590548
0
LINE
8
BLACK
6
CONTINUOUS
10
5.7682807086614174
20
-4.2759295275590548
11
5.768560787401575
21
-4.2763090157480317
0
LINE
8
BLACK
6
CONTINUOUS
10
5.768560787401575
20
-4.2763090157480317
11
5.76856094488189
21
-4.2763091732283467
0
LINE
8
BLACK
6
CONTINUOUS
10
5.76856094488189
20
-4.2763091732283467
11
5.772896141732283
21
-4.2795087007874013
0
LINE
8
BLACK
6
CONTINUOUS
10
5.772896141732283
20
-4.2795087007874013
11
5.7754370078740154
21
-4.2803977952755901
0
LINE
8
BLACK
6
CONTINUOUS
10
5.7754370078740154
20
-4.2803977952755901
11
5.7754370078740154
21
-4.2629919291338583
0
LINE
8
BLACK
6
CONTINUOUS
10
5.7754370078740154
20
-4.2629919291338583
11
5.7755700000000001
21
-4.2628588976377948
0
LINE
8
BLACK
6
CONTINUOUS
10
5.7755700000000001
20
-4.2628588976377948
11
5.7758865354330711
21
-4.2612675984251966
0
LINE
8
BLACK
6
CONTINUOUS
10
5.7758865354330711
20
-4.2612675984251966
11
5.7771666929133856
21
-4.2593517322834646
0
LINE
8
BLACK
6
CONTINUOUS
10
5.7771666929133856
20
-4.2593517322834646
11
5.7790825590551176
21
-4.2580715748031492
0
LINE
8
BLACK
6
CONTINUOUS
10
5.7790825590551176
20
-4.2580715748031492
11
5.7806738582677166
21
-4.2577550393700783
0
LINE
8
BLACK
6
CONTINUOUS
10
5.7806738582677166
20
-4.2577550393700783
11
5.7808068897637792
21
-4.2576220472440944
0
LINE
8
BLACK
6
CONTINUOUS
10
5.7808068897637792
20
-4.2576220472440944
11
5.7821931102362205
21
-4.2576220472440944
0
LINE
8
BLACK
6
CONTINUOUS
10
5.7821931102362205
20
-4.2576220472440944
11
5.7824042913385822
21
-4.2578332283464562
0
LINE
8
BLACK
6
CONTINUOUS
10
5.6315
20
-4.4664999999999999
11
5.5664999999999996
21
-4.4664999999999999
0
LINE
8
BLACK
6
CONTINUOUS
10
5.5664999999999996
20
-4.4664999999999999
11
5.5664999999999996
21
-4.4014999999999995
0
LINE
8
BLACK
6
CONTINUOUS
10
5.5664999999999996
20
-4.4014999999999995
11
5.6315
21
-4.4014999999999995
0
LINE
8
BLACK
6
CONTINUOUS
10
5.6315
20
-4.4014999999999995
11
5.6315
21
-4.4664999999999999
0
LINE
8
BLACK
6
CONTINUOUS
10
5.8292917716535433
20
-4.2372207086614173
11
5.8332792913385827
21
-4.2412082283464567
0
LINE
8
BLACK
6
CONTINUOUS
10
5.8332792913385827
20
-4.2412082283464567
11
5.8339999999999996
21
-4.2429481496062991
0
LINE
8
BLACK
6
CONTINUOUS
10
5.8339999999999996
20
-4.2429481496062991
11
5.8339999999999996
21
-4.2521496062992128
0
LINE
8
BLACK
6
CONTINUOUS
10
5.8339999999999996
20
-4.2521496062992128
11
5.8332792913385827
21
-4.2538895275590551
0
LINE
8
BLACK
6
CONTINUOUS
10
5.8332792913385827
20
-4.2538895275590551
11
5.8315393700787403
21
-4.2546102362204721
0
LINE
8
BLACK
6
CONTINUOUS
10
5.8315393700787403
20
-4.2546102362204721
11
5.8251220472440943
21
-4.2546102362204721
0
LINE
8
BLACK
6
CONTINUOUS
10
5.8251220472440943
20
-4.2546102362204721
11
5.8251220472440943
21
-4.2665787401574802
0
LINE
8
BLACK
6
CONTINUOUS
10
5.8251220472440943
20
-4.2665787401574802
11
5.8317362204724406
21
-4.2665787401574802
0
LINE
8
BLACK
6
CONTINUOUS
10
5.8317362204724406
20
-4.2665787401574802
11
5.8317362204724406
21
-4.2862637795275589
0
LINE
8
BLACK
6
CONTINUOUS
10
5.8317362204724406
20
-4.2862637795275589
11
5.9112637795275589
21
-4.2862637795275589
0
LINE
8
BLACK
6
CONTINUOUS
10
5.9112637795275589
20
-4.2862637795275589
11
5.9112637795275589
21
-4.2665787401574802
0
LINE
8
BLACK
6
CONTINUOUS
10
5.9112637795275589
20
-4.2665787401574802
11
5.9364606299212594
21
-4.2665787401574802
0
LINE
8
BLACK
6
CONTINUOUS
10
5.9364606299212594
20
-4.2665787401574802
11
5.9364606299212594
21
-4.2862637795275589
0
LINE
8
BLACK
6
CONTINUOUS
10
5.9364606299212594
20
-4.2862637795275589
11
5.9364606299212594
21
-4.3114606299212594
0
LINE
8
BLACK
6
CONTINUOUS
10
5.9364606299212594
20
-4.3114606299212594
11
5.80653937007874
21
-4.3114606299212594
0
LINE
8
BLACK
6
CONTINUOUS
10
5.80653937007874
20
-4.3114606299212594
11
5.80653937007874
21
-4.2866574803149602
0
LINE
8
BLACK
6
CONTINUOUS
10
5.80653937007874
20
-4.2866574803149602
11
5.80653937007874
21
-4.2665787401574802
0
LINE
8
BLACK
6
CONTINUOUS
10
5.80653937007874
20
-4.2665787401574802
11
5.8131535433070862
21
-4.2665787401574802
0
LINE
8
BLACK
6
CONTINUOUS
10
5.8131535433070862
20
-4.2665787401574802
11
5.8131535433070862
21
-4.2546102362204721
0
LINE
8
BLACK
6
CONTINUOUS
10
5.8131535433070862
20
-4.2546102362204721
11
5.8047524015748033
21
-4.2546102362204721
0
LINE
8
BLACK
6
CONTINUOUS
10
5.8047524015748033
20
-4.2546102362204721
11
5.8037516535433067
21
-4.2547263385826772
0
LINE
8
BLACK
6
CONTINUOUS
10
5.8037516535433067
20
-4.2547263385826772
11
5.8037516141732279
21
-4.2547263385826772
0
LINE
8
BLACK
6
CONTINUOUS
10
5.8037516141732279
20
-4.2547263385826772
11
5.8000230708661418
21
-4.2563726771653538
0
LINE
8
BLACK
6
CONTINUOUS
10
5.8000230708661418
20
-4.2563726771653538
11
5.7981402755905513
21
-4.2564161417322834
0
LINE
8
BLACK
6
CONTINUOUS
10
5.7981402755905513
20
-4.2564161417322834
11
5.7967781889763774
21
-4.2551155905511813
0
LINE
8
BLACK
6
CONTINUOUS
10
5.7967781889763774
20
-4.2551155905511813
11
5.7967347244094487
21
-4.2532327952755908
0
LINE
8
BLACK
6
CONTINUOUS
10
5.7967347244094487
20
-4.2532327952755908
11
5.7970494094488192
21
-4.2526604724409447
0
LINE
8
BLACK
6
CONTINUOUS
10
5.7970494094488192
20
-4.2526604724409447
11
5.7973236220472444
21
-4.2522888976377953
0
LINE
8
BLACK
6
CONTINUOUS
10
5.7973236220472444
20
-4.2522888976377953
11
5.7973236614173231
21
-4.2522888188976378
0
LINE
8
BLACK
6
CONTINUOUS
10
5.7973236614173231
20
-4.2522888188976378
11
5.7982127559055119
21
-4.2497480314960629
0
LINE
8
BLACK
6
CONTINUOUS
10
5.7982127559055119
20
-4.2497480314960629
11
5.7801769685039366
21
-4.2497480314960629
0
LINE
8
BLACK
6
CONTINUOUS
10
5.7801769685039366
20
-4.2497480314960629
11
5.7798875590551182
21
-4.2494586220472437
0
LINE
8
BLACK
6
CONTINUOUS
10
5.7798875590551182
20
-4.2494586220472437
11
5.7790825590551176
21
-4.2492985039370081
0
LINE
8
BLACK
6
CONTINUOUS
10
5.7790825590551176
20
-4.2492985039370081
11
5.7771666929133856
21
-4.2480183464566927
0
LINE
8
BLACK
6
CONTINUOUS
10
5.7771666929133856
20
-4.2480183464566927
11
5.7758865354330711
21
-4.2461024803149607
0
LINE
8
BLACK
6
CONTINUOUS
10
5.7758865354330711
20
-4.2461024803149607
11
5.7754370078740154
21
-4.2438425196850389
0
LINE
8
BLACK
6
CONTINUOUS
10
5.7754370078740154
20
-4.2438425196850389
11
5.7758865354330711
21
-4.2415825590551179
0
LINE
8
BLACK
6
CONTINUOUS
10
5.7758865354330711
20
-4.2415825590551179
11
5.7764999999999995
21
-4.2406644488188974
0
LINE
8
BLACK
6
CONTINUOUS
10
5.7764999999999995
20
-4.2406644488188974
11
5.7764999999999995
21
-4.2385159055118109
0
LINE
8
BLACK
6
CONTINUOUS
10
5.7764999999999995
20
-4.2385159055118109
11
5.7778976377952755
21
-4.2379370078740157
0
LINE
8
BLACK
6
CONTINUOUS
10
5.7778976377952755
20
-4.2379370078740157
11
5.7982127165354331
21
-4.2379370078740157
0
LINE
8
BLACK
6
CONTINUOUS
10
5.7982127165354331
20
-4.2379370078740157
11
5.7984967322834642
21
-4.2375367322834645
0
LINE
8
BLACK
6
CONTINUOUS
10
5.7984967322834642
20
-4.2375367322834645
11
5.8000913779527554
21
-4.2365347637795274
0
LINE
8
BLACK
6
CONTINUOUS
10
5.8000913779527554
20
-4.2365347637795274
11
5.8005035433070864
21
-4.2364999999999995
0
LINE
8
BLACK
6
CONTINUOUS
10
5.8005035433070864
20
-4.2364999999999995
11
5.8275518503937009
21
-4.2364999999999995
0
LINE
8
BLACK
6
CONTINUOUS
10
5.8275518503937009
20
-4.2364999999999995
11
5.8292917716535433
21
-4.2372207086614173
0
LINE
8
BLACK
6
CONTINUOUS
10
5.7039053543307086
20
-4.1964029133858265
11
5.7083305118110239
21
-4.1986576377952751
0
LINE
8
BLACK
6
CONTINUOUS
10
5.7083305118110239
20
-4.1986576377952751
11
5.7118423622047239
21
-4.202169488188976
0
LINE
8
BLACK
6
CONTINUOUS
10
5.7118423622047239
20
-4.202169488188976
11
5.7140488582677165
21
-4.2065000000000001
0
LINE
8
BLACK
6
CONTINUOUS
10
5.7140488582677165
20
-4.2065000000000001
11
5.7314999999999996
21
-4.2065000000000001
0
LINE
8
BLACK
6
CONTINUOUS
10
5.7314999999999996
20
-4.2065000000000001
11
5.7323839370078735
21
-4.2066270472440941
0
LINE
8
BLACK
6
CONTINUOUS
10
5.7323839370078735
20
-4.2066270472440941
11
5.7325628346456687
21
-4.2066142913385827
0
LINE
8
BLACK
6
CONTINUOUS
10
5.7325628346456687
20
-4.2066142913385827
11
5.7326585433070862
21
-4.2066665354330706
0
LINE
8
BLACK
6
CONTINUOUS
10
5.7326585433070862
20
-4.2066665354330706
11
5.7329086614173228
21
-4.2067025196850389
0
LINE
8
BLACK
6
CONTINUOUS
10
5.7329086614173228
20
-4.2067025196850389
11
5.7339494881889763
21
-4.2073714173228343
0
LINE
8
BLACK
6
CONTINUOUS
10
5.7339494881889763
20
-4.2073714173228343
11
5.7350355511811024
21
-4.2079644488188972
0
LINE
8
BLACK
6
CONTINUOUS
10
5.7350355511811024
20
-4.2079644488188972
11
5.7462285433070868
21
-4.2191574803149603
0
LINE
8
BLACK
6
CONTINUOUS
10
5.7462285433070868
20
-4.2191574803149603
11
5.7587151181102358
21
-4.2191574803149603
0
LINE
8
BLACK
6
CONTINUOUS
10
5.7587151181102358
20
-4.2191574803149603
11
5.7593975196850389
21
-4.2187014960629918
0
LINE
8
BLACK
6
CONTINUOUS
10
5.7593975196850389
20
-4.2187014960629918
11
5.7616574803149607
21
-4.218251968503937
0
LINE
8
BLACK
6
CONTINUOUS
10
5.7616574803149607
20
-4.218251968503937
11
5.7639174409448817
21
-4.2187014960629918
0
LINE
8
BLACK
6
CONTINUOUS
10
5.7639174409448817
20
-4.2187014960629918
11
5.7658333070866137
21
-4.2199816535433072
0
LINE
8
BLACK
6
CONTINUOUS
10
5.7658333070866137
20
-4.2199816535433072
11
5.7671134645669291
21
-4.2218975196850392
0
LINE
8
BLACK
6
CONTINUOUS
10
5.7671134645669291
20
-4.2218975196850392
11
5.7675629921259839
21
-4.2241574803149602
0
LINE
8
BLACK
6
CONTINUOUS
10
5.7675629921259839
20
-4.2241574803149602
11
5.7671134645669291
21
-4.226417440944882
0
LINE
8
BLACK
6
CONTINUOUS
10
5.7671134645669291
20
-4.226417440944882
11
5.7658333070866137
21
-4.228333307086614
0
LINE
8
BLACK
6
CONTINUOUS
10
5.7658333070866137
20
-4.228333307086614
11
5.7639174409448817
21
-4.2296134645669294
0
LINE
8
BLACK
6
CONTINUOUS
10
5.7639174409448817
20
-4.2296134645669294
11
5.7616574803149607
21
-4.2300629921259842
0
LINE
8
BLACK
6
CONTINUOUS
10
5.7616574803149607
20
-4.2300629921259842
11
5.7593975196850389
21
-4.2296134645669294
0
LINE
8
BLACK
6
CONTINUOUS
10
5.7593975196850389
20
-4.2296134645669294
11
5.7587151181102358
21
-4.229157480314961
0
LINE
8
BLACK
6
CONTINUOUS
10
5.7587151181102358
20
-4.229157480314961
11
5.7441574803149607
21
-4.229157480314961
0
LINE
8
BLACK
6
CONTINUOUS
10
5.7441574803149607
20
-4.229157480314961
11
5.743273503937008
21
-4.2290303937007874
0
LINE
8
BLACK
6
CONTINUOUS
10
5.743273503937008
20
-4.2290303937007874
11
5.7430946456692915
21
-4.2290431889763775
0
LINE
8
BLACK
6
CONTINUOUS
10
5.7430946456692915
20
-4.2290431889763775
11
5.7429988976377953
21
-4.2289909055118109
0
LINE
8
BLACK
6
CONTINUOUS
10
5.7429988976377953
20
-4.2289909055118109
11
5.7427488188976374
21
-4.2289549606299213
0
LINE
8
BLACK
6
CONTINUOUS
10
5.7427488188976374
20
-4.2289549606299213
11
5.7417078346456689
21
-4.2282859448818897
0
LINE
8
BLACK
6
CONTINUOUS
10
5.7417078346456689
20
-4.2282859448818897
11
5.7406219685039366
21
-4.227693031496063
0
LINE
8
BLACK
6
CONTINUOUS
10
5.7406219685039366
20
-4.227693031496063
11
5.7294288976377947
21
-4.2164999999999999
0
LINE
8
BLACK
6
CONTINUOUS
10
5.7294288976377947
20
-4.2164999999999999
11
5.7140488582677165
21
-4.2164999999999999
0
LINE
8
BLACK
6
CONTINUOUS
10
5.7140488582677165
20
-4.2164999999999999
11
5.7118423622047239
21
-4.2208305118110232
0
LINE
8
BLACK
6
CONTINUOUS
10
5.7118423622047239
20
-4.2208305118110232
11
5.7083305118110239
21
-4.224342362204724
0
LINE
8
BLACK
6
CONTINUOUS
10
5.7083305118110239
20
-4.224342362204724
11
5.7039053543307086
21
-4.2265970866141735
0
LINE
8
BLACK
6
CONTINUOUS
10
5.7039053543307086
20
-4.2265970866141735
11
5.6989999999999998
21
-4.2273740157480315
0
LINE
8
BLACK
6
CONTINUOUS
10
5.6989999999999998
20
-4.2273740157480315
11
5.6940946456692911
21
-4.2265970866141735
0
LINE
8
BLACK
6
CONTINUOUS
10
5.6940946456692911
20
-4.2265970866141735
11
5.6896694881889767
21
-4.224342362204724
0
LINE
8
BLACK
6
CONTINUOUS
10
5.6896694881889767
20
-4.224342362204724
11
5.6861576377952758
21
-4.2208305118110232
0
LINE
8
BLACK
6
CONTINUOUS
10
5.6861576377952758
20
-4.2208305118110232
11
5.6839029133858263
21
-4.2164053543307087
0
LINE
8
BLACK
6
CONTINUOUS
10
5.6839029133858263
20
-4.2164053543307087
11
5.6831259842519684
21
-4.2115
0
LINE
8
BLACK
6
CONTINUOUS
10
5.6831259842519684
20
-4.2115
11
5.6839029133858263
21
-4.2065946456692913
0
LINE
8
BLACK
6
CONTINUOUS
10
5.6839029133858263
20
-4.2065946456692913
11
5.6861576377952758
21
-4.202169488188976
0
LINE
8
BLACK
6
CONTINUOUS
10
5.6861576377952758
20
-4.202169488188976
11
5.6896694881889767
21
-4.1986576377952751
0
LINE
8
BLACK
6
CONTINUOUS
10
5.6896694881889767
20
-4.1986576377952751
11
5.6940946456692911
21
-4.1964029133858265
0
LINE
8
BLACK
6
CONTINUOUS
10
5.6940946456692911
20
-4.1964029133858265
11
5.6989999999999998
21
-4.1956259842519685
0
LINE
8
BLACK
6
CONTINUOUS
10
5.6989999999999998
20
-4.1956259842519685
11
5.7039053543307086
21
-4.1964029133858265
0
LINE
8
BLACK
6
CONTINUOUS
10
5.9364606299212594
20
-4.2063425196850392
11
5.9364606299212594
21
-4.2264212598425193
0
LINE
8
BLACK
6
CONTINUOUS
10
5.9364606299212594
20
-4.2264212598425193
11
5.9112637795275589
21
-4.2264212598425193
0
LINE
8
BLACK
6
CONTINUOUS
10
5.9112637795275589
20
-4.2264212598425193
11
5.9112637795275589
21
-4.2067362204724406
0
LINE
8
BLACK
6
CONTINUOUS
10
5.9112637795275589
20
-4.2067362204724406
11
5.8317362204724406
21
-4.2067362204724406
0
LINE
8
BLACK
6
CONTINUOUS
10
5.8317362204724406
20
-4.2067362204724406
11
5.8317362204724406
21
-4.2264212598425193
0
LINE
8
BLACK
6
CONTINUOUS
10
5.8317362204724406
20
-4.2264212598425193
11
5.8161695275590546
21
-4.2264212598425193
0
LINE
8
BLACK
6
CONTINUOUS
10
5.8161695275590546
20
-4.2264212598425193
11
5.8148977559055117
21
-4.227693031496063
0
LINE
8
BLACK
6
CONTINUOUS
10
5.8148977559055117
20
-4.227693031496063
11
5.8141828346456688
21
-4.2282281496062994
0
LINE
8
BLACK
6
CONTINUOUS
10
5.8141828346456688
20
-4.2282281496062994
11
5.8140653937007869
21
-4.2283637401574801
0
LINE
8
BLACK
6
CONTINUOUS
10
5.8140653937007869
20
-4.2283637401574801
11
5.8139606692913386
21
-4.2283944488188974
0
LINE
8
BLACK
6
CONTINUOUS
10
5.8139606692913386
20
-4.2283944488188974
11
5.8137584645669289
21
-4.2285458661417321
0
LINE
8
BLACK
6
CONTINUOUS
10
5.8137584645669289
20
-4.2285458661417321
11
5.8125494488188973
21
-4.2288088582677164
0
LINE
8
BLACK
6
CONTINUOUS
10
5.8125494488188973
20
-4.2288088582677164
11
5.8113622047244089
21
-4.229157480314961
0
LINE
8
BLACK
6
CONTINUOUS
10
5.8113622047244089
20
-4.229157480314961
11
5.7842848818897634
21
-4.229157480314961
0
LINE
8
BLACK
6
CONTINUOUS
10
5.7842848818897634
20
-4.229157480314961
11
5.7836024803149604
21
-4.2296134645669294
0
LINE
8
BLACK
6
CONTINUOUS
10
5.7836024803149604
20
-4.2296134645669294
11
5.7813425196850394
21
-4.2300629921259842
0
LINE
8
BLACK
6
CONTINUOUS
10
5.7813425196850394
20
-4.2300629921259842
11
5.7790825590551176
21
-4.2296134645669294
0
LINE
8
BLACK
6
CONTINUOUS
10
5.7790825590551176
20
-4.2296134645669294
11
5.7771666929133856
21
-4.228333307086614
0
LINE
8
BLACK
6
CONTINUOUS
10
5.7771666929133856
20
-4.228333307086614
11
5.7758865354330711
21
-4.226417440944882
0
LINE
8
BLACK
6
CONTINUOUS
10
5.7758865354330711
20
-4.226417440944882
11
5.7754370078740154
21
-4.2241574803149602
0
LINE
8
BLACK
6
CONTINUOUS
10
5.7754370078740154
20
-4.2241574803149602
11
5.7758865354330711
21
-4.2218975196850392
0
LINE
8
BLACK
6
CONTINUOUS
10
5.7758865354330711
20
-4.2218975196850392
11
5.7771666929133856
21
-4.2199816535433072
0
LINE
8
BLACK
6
CONTINUOUS
10
5.7771666929133856
20
-4.2199816535433072
11
5.7790825590551176
21
-4.2187014960629918
0
LINE
8
BLACK
6
CONTINUOUS
10
5.7790825590551176
20
-4.2187014960629918
11
5.7813425196850394
21
-4.218251968503937
0
LINE
8
BLACK
6
CONTINUOUS
10
5.7813425196850394
20
-4.218251968503937
11
5.7836024803149604
21
-4.2187014960629918
0
LINE
8
BLACK
6
CONTINUOUS
10
5.7836024803149604
20
-4.2187014960629918
11
5.7842848818897634
21
-4.2191574803149603
0
LINE
8
BLACK
6
CONTINUOUS
10
5.7842848818897634
20
-4.2191574803149603
11
5.80653937007874
21
-4.2191574803149603
0
LINE
8
BLACK
6
CONTINUOUS
10
5.80653937007874
20
-4.2191574803149603
11
5.80653937007874
21
-4.2067362204724406
0
LINE
8
BLACK
6
CONTINUOUS
10
5.80653937007874
20
-4.2067362204724406
11
5.80653937007874
21
-4.18153937007874
0
LINE
8
BLACK
6
CONTINUOUS
10
5.80653937007874
20
-4.18153937007874
11
5.9364606299212594
21
-4.18153937007874
0
LINE
8
BLACK
6
CONTINUOUS
10
5.9364606299212594
20
-4.18153937007874
11
5.9364606299212594
21
-4.2063425196850392
0
LINE
8
BLACK
6
CONTINUOUS
10
5.7314053543307084
20
-4.1689029133858266
11
5.7358305118110238
21
-4.1711576377952753
0
LINE
8
BLACK
6
CONTINUOUS
10
5.7358305118110238
20
-4.1711576377952753
11
5.7393423622047246
21
-4.1746694881889761
0
LINE
8
BLACK
6
CONTINUOUS
10
5.7393423622047246
20
-4.1746694881889761
11
5.7415970866141732
21
-4.1790946456692915
0
LINE
8
BLACK
6
CONTINUOUS
10
5.7415970866141732
20
-4.1790946456692915
11
5.7423740157480312
21
-4.1840000000000002
0
LINE
8
BLACK
6
CONTINUOUS
10
5.7423740157480312
20
-4.1840000000000002
11
5.7418540157480313
21
-4.1872829133858263
0
LINE
8
BLACK
6
CONTINUOUS
10
5.7418540157480313
20
-4.1872829133858263
11
5.7540435433070867
21
-4.1994724409448816
0
LINE
8
BLACK
6
CONTINUOUS
10
5.7540435433070867
20
-4.1994724409448816
11
5.7587151181102358
21
-4.1994724409448816
0
LINE
8
BLACK
6
CONTINUOUS
10
5.7587151181102358
20
-4.1994724409448816
11
5.7593975196850389
21
-4.1990164566929131
0
LINE
8
BLACK
6
CONTINUOUS
10
5.7593975196850389
20
-4.1990164566929131
11
5.7616574803149607
21
-4.1985669291338583
0
LINE
8
BLACK
6
CONTINUOUS
10
5.7616574803149607
20
-4.1985669291338583
11
5.7639174409448817
21
-4.1990164566929131
0
LINE
8
BLACK
6
CONTINUOUS
10
5.7639174409448817
20
-4.1990164566929131
11
5.7658333070866137
21
-4.2002966141732285
0
LINE
8
BLACK
6
CONTINUOUS
10
5.7658333070866137
20
-4.2002966141732285
11
5.7671134645669291
21
-4.2022124803149605
0
LINE
8
BLACK
6
CONTINUOUS
10
5.7671134645669291
20
-4.2022124803149605
11
5.7675629921259839
21
-4.2044724409448815
0
LINE
8
BLACK
6
CONTINUOUS
10
5.7675629921259839
20
-4.2044724409448815
11
5.7671134645669291
21
-4.2067324015748033
0
LINE
8
BLACK
6
CONTINUOUS
10
5.7671134645669291
20
-4.2067324015748033
11
5.7658333070866137
21
-4.2086482677165353
0
LINE
8
BLACK
6
CONTINUOUS
10
5.7658333070866137
20
-4.2086482677165353
11
5.7639174409448817
21
-4.2099284251968507
0
LINE
8
BLACK
6
CONTINUOUS
10
5.7639174409448817
20
-4.2099284251968507
11
5.7616574803149607
21
-4.2103779527559055
0
LINE
8
BLACK
6
CONTINUOUS
10
5.7616574803149607
20
-4.2103779527559055
11
5.7593975196850389
21
-4.2099284251968507
0
LINE
8
BLACK
6
CONTINUOUS
10
5.7593975196850389
20
-4.2099284251968507
11
5.7587151181102358
21
-4.2094724409448814
0
LINE
8
BLACK
6
CONTINUOUS
10
5.7587151181102358
20
-4.2094724409448814
11
5.7519724409448818
21
-4.2094724409448814
0
LINE
8
BLACK
6
CONTINUOUS
10
5.7519724409448818
20
-4.2094724409448814
11
5.7510884645669291
21
-4.2093453543307087
0
LINE
8
BLACK
6
CONTINUOUS
10
5.7510884645669291
20
-4.2093453543307087
11
5.7509096062992127
21
-4.2093581496062988
0
LINE
8
BLACK
6
CONTINUOUS
10
5.7509096062992127
20
-4.2093581496062988
11
5.7508138582677164
21
-4.2093058661417322
0
LINE
8
BLACK
6
CONTINUOUS
10
5.7508138582677164
20
-4.2093058661417322
11
5.7505637795275586
21
-4.2092699212598426
0
LINE
8
BLACK
6
CONTINUOUS
10
5.7505637795275586
20
-4.2092699212598426
11
5.7495229133858263
21
-4.2086009842519685
0
LINE
8
BLACK
6
CONTINUOUS
10
5.7495229133858263
20
-4.2086009842519685
11
5.748436889763779
21
-4.2080079921259843
0
LINE
8
BLACK
6
CONTINUOUS
10
5.748436889763779
20
-4.2080079921259843
11
5.7365508661417319
21
-4.1961219685039373
0
LINE
8
BLACK
6
CONTINUOUS
10
5.7365508661417319
20
-4.1961219685039373
11
5.7358305118110238
21
-4.1968423622047242
0
LINE
8
BLACK
6
CONTINUOUS
10
5.7358305118110238
20
-4.1968423622047242
11
5.7314053543307084
21
-4.1990970866141728
0
LINE
8
BLACK
6
CONTINUOUS
10
5.7314053543307084
20
-4.1990970866141728
11
5.7264999999999997
21
-4.1998740157480317
0
LINE
8
BLACK
6
CONTINUOUS
10
5.7264999999999997
20
-4.1998740157480317
11
5.721594645669291
21
-4.1990970866141728
0
LINE
8
BLACK
6
CONTINUOUS
10
5.721594645669291
20
-4.1990970866141728
11
5.7171694881889765
21
-4.1968423622047242
0
LINE
8
BLACK
6
CONTINUOUS
10
5.7171694881889765
20
-4.1968423622047242
11
5.7136576377952757
21
-4.1933305118110233
0
LINE
8
BLACK
6
CONTINUOUS
10
5.7136576377952757
20
-4.1933305118110233
11
5.7114029133858271
21
-4.1889053543307089
0
LINE
8
BLACK
6
CONTINUOUS
10
5.7114029133858271
20
-4.1889053543307089
11
5.7106259842519682
21
-4.1840000000000002
0
LINE
8
BLACK
6
CONTINUOUS
10
5.7106259842519682
20
-4.1840000000000002
11
5.7114029133858271
21
-4.1790946456692915
0
LINE
8
BLACK
6
CONTINUOUS
10
5.7114029133858271
20
-4.1790946456692915
11
5.7136576377952757
21
-4.1746694881889761
0
LINE
8
BLACK
6
CONTINUOUS
10
5.7136576377952757
20
-4.1746694881889761
11
5.7171694881889765
21
-4.1711576377952753
0
LINE
8
BLACK
6
CONTINUOUS
10
5.7171694881889765
20
-4.1711576377952753
11
5.721594645669291
21
-4.1689029133858266
0
LINE
8
BLACK
6
CONTINUOUS
10
5.721594645669291
20
-4.1689029133858266
11
5.7264999999999997
21
-4.1681259842519687
0
LINE
8
BLACK
6
CONTINUOUS
10
5.7264999999999997
20
-4.1681259842519687
11
5.7314053543307084
21
-4.1689029133858266
0
LINE
8
BLACK
6
CONTINUOUS
10
6.0009291338582678
20
-3.9607716535433068
11
6.0505354330708663
21
-3.9607716535433068
0
LINE
8
BLACK
6
CONTINUOUS
10
6.0505354330708663
20
-3.9607716535433068
11
6.0505354330708663
21
-3.9542755905511808
0
LINE
8
BLACK
6
CONTINUOUS
10
6.0505354330708663
20
-3.9542755905511808
11
6.1174645669291339
21
-3.9542755905511808
0
LINE
8
BLACK
6
CONTINUOUS
10
6.1174645669291339
20
-3.9542755905511808
11
6.1174645669291339
21
-4.0251417322834646
0
LINE
8
BLACK
6
CONTINUOUS
10
6.1174645669291339
20
-4.0251417322834646
11
6.0505354330708663
21
-4.0251417322834646
0
LINE
8
BLACK
6
CONTINUOUS
10
6.0505354330708663
20
-4.0251417322834646
11
6.0505354330708663
21
-4.0107716535433067
0
LINE
8
BLACK
6
CONTINUOUS
10
6.0505354330708663
20
-4.0107716535433067
11
6.0009291338582678
21
-4.0107716535433067
0
LINE
8
BLACK
6
CONTINUOUS
10
6.0009291338582678
20
-4.0107716535433067
11
6.0009291338582678
21
-4.0231732283464563
0
LINE
8
BLACK
6
CONTINUOUS
10
6.0009291338582678
20
-4.0231732283464563
11
5.931953779527559
21
-4.0231732283464563
0
LINE
8
BLACK
6
CONTINUOUS
10
5.931953779527559
20
-4.0231732283464563
11
5.8839999999999995
21
-4.0711270078740158
0
LINE
8
BLACK
6
CONTINUOUS
10
5.8839999999999995
20
-4.0711270078740158
11
5.8839999999999995
21
-4.1589999999999998
0
LINE
8
BLACK
6
CONTINUOUS
10
5.8839999999999995
20
-4.1589999999999998
11
5.8339999999999996
21
-4.1589999999999998
0
LINE
8
BLACK
6
CONTINUOUS
10
5.8339999999999996
20
-4.1589999999999998
11
5.7898858267716538
21
-4.1589999999999998
0
LINE
8
BLACK
6
CONTINUOUS
10
5.7898858267716538
20
-4.1589999999999998
11
5.7898858267716538
21
-4.1704960236220474
0
LINE
8
BLACK
6
CONTINUOUS
10
5.7898858267716538
20
-4.1704960236220474
11
5.8036345275590548
21
-4.1704960236220474
0
LINE
8
BLACK
6
CONTINUOUS
10
5.8036345275590548
20
-4.1704960236220474
11
5.8053744488188972
21
-4.1712167322834643
0
LINE
8
BLACK
6
CONTINUOUS
10
5.8053744488188972
20
-4.1712167322834643
11
5.806095157480315
21
-4.1729566535433067
0
LINE
8
BLACK
6
CONTINUOUS
10
5.806095157480315
20
-4.1729566535433067
11
5.8053744488188972
21
-4.1746965748031499
0
LINE
8
BLACK
6
CONTINUOUS
10
5.8053744488188972
20
-4.1746965748031499
11
5.8053744094488184
21
-4.1746966141732287
0
LINE
8
BLACK
6
CONTINUOUS
10
5.8053744094488184
20
-4.1746966141732287
11
5.8043963779527559
21
-4.1756746062992125
0
LINE
8
BLACK
6
CONTINUOUS
10
5.8043963779527559
20
-4.1756746062992125
11
5.8040235826771651
21
-4.1759805511811026
0
LINE
8
BLACK
6
CONTINUOUS
10
5.8040235826771651
20
-4.1759805511811026
11
5.8021994488188975
21
-4.1771994094488187
0
LINE
8
BLACK
6
CONTINUOUS
10
5.8021994488188975
20
-4.1771994094488187
11
5.8021994094488187
21
-4.1771994488188975
0
LINE
8
BLACK
6
CONTINUOUS
10
5.8021994094488187
20
-4.1771994488188975
11
5.8009805511811026
21
-4.1790235826771651
0
LINE
8
BLACK
6
CONTINUOUS
10
5.8009805511811026
20
-4.1790235826771651
11
5.8006745669291337
21
-4.1793964173228346
0
LINE
8
BLACK
6
CONTINUOUS
10
5.8006745669291337
20
-4.1793964173228346
11
5.7922088188976373
21
-4.187862204724409
0
LINE
8
BLACK
6
CONTINUOUS
10
5.7922088188976373
20
-4.187862204724409
11
5.7904688976377949
21
-4.1885829133858268
0
LINE
8
BLACK
6
CONTINUOUS
10
5.7904688976377949
20
-4.1885829133858268
11
5.7896561811023624
21
-4.1884448425196847
0
LINE
8
BLACK
6
CONTINUOUS
10
5.7896561811023624
20
-4.1884448425196847
11
5.7872480314960626
21
-4.1876021653543303
0
LINE
8
BLACK
6
CONTINUOUS
10
5.7872480314960626
20
-4.1876021653543303
11
5.7872480314960626
21
-4.1928230314960633
0
LINE
8
BLACK
6
CONTINUOUS
10
5.7872480314960626
20
-4.1928230314960633
11
5.7865000000000002
21
-4.1935711023622044
0
LINE
8
BLACK
6
CONTINUOUS
10
5.7865000000000002
20
-4.1935711023622044
11
5.7865000000000002
21
-4.2017657086614175
0
LINE
8
BLACK
6
CONTINUOUS
10
5.7865000000000002
20
-4.2017657086614175
11
5.7867985039370078
21
-4.2022124803149605
0
LINE
8
BLACK
6
CONTINUOUS
10
5.7867985039370078
20
-4.2022124803149605
11
5.7872480314960626
21
-4.2044724409448815
0
LINE
8
BLACK
6
CONTINUOUS
10
5.7872480314960626
20
-4.2044724409448815
11
5.7867985039370078
21
-4.2067324015748033
0
LINE
8
BLACK
6
CONTINUOUS
10
5.7867985039370078
20
-4.2067324015748033
11
5.7865000000000002
21
-4.2071791338582676
0
LINE
8
BLACK
6
CONTINUOUS
10
5.7865000000000002
20
-4.2071791338582676
11
5.7865000000000002
21
-4.2096685433070862
0
LINE
8
BLACK
6
CONTINUOUS
10
5.7865000000000002
20
-4.2096685433070862
11
5.7847874015748033
21
-4.2103779527559055
0
LINE
8
BLACK
6
CONTINUOUS
10
5.7847874015748033
20
-4.2103779527559055
11
5.7813425196850394
21
-4.2103779527559055
0
LINE
8
BLACK
6
CONTINUOUS
10
5.7813425196850394
20
-4.2103779527559055
11
5.7808068897637792
21
-4.2103779527559055
0
LINE
8
BLACK
6
CONTINUOUS
10
5.7808068897637792
20
-4.2103779527559055
11
5.7806738582677166
21
-4.2102449212598421
0
LINE
8
BLACK
6
CONTINUOUS
10
5.7806738582677166
20
-4.2102449212598421
11
5.7790825590551176
21
-4.2099284251968507
0
LINE
8
BLACK
6
CONTINUOUS
10
5.7790825590551176
20
-4.2099284251968507
11
5.7771666929133856
21
-4.2086482677165353
0
LINE
8
BLACK
6
CONTINUOUS
10
5.7771666929133856
20
-4.2086482677165353
11
5.7758865354330711
21
-4.2067324015748033
0
LINE
8
BLACK
6
CONTINUOUS
10
5.7758865354330711
20
-4.2067324015748033
11
5.7755700000000001
21
-4.2051410629921255
0
LINE
8
BLACK
6
CONTINUOUS
10
5.7755700000000001
20
-4.2051410629921255
11
5.7754370078740154
21
-4.2050080708661417
0
LINE
8
BLACK
6
CONTINUOUS
10
5.7754370078740154
20
-4.2050080708661417
11
5.7754370078740154
21
-4.1876021653543303
0
LINE
8
BLACK
6
CONTINUOUS
10
5.7754370078740154
20
-4.1876021653543303
11
5.7728961811023618
21
-4.1884912598425199
0
LINE
8
BLACK
6
CONTINUOUS
10
5.7728961811023618
20
-4.1884912598425199
11
5.76856094488189
21
-4.1916907874015745
0
LINE
8
BLACK
6
CONTINUOUS
10
5.76856094488189
20
-4.1916907874015745
11
5.7685607480314962
21
-4.1916909448818895
0
LINE
8
BLACK
6
CONTINUOUS
10
5.7685607480314962
20
-4.1916909448818895
11
5.7681761417322832
21
-4.1922120866141732
0
LINE
8
BLACK
6
CONTINUOUS
10
5.7681761417322832
20
-4.1922120866141732
11
5.7665629921259844
21
-4.193183976377953
0
LINE
8
BLACK
6
CONTINUOUS
10
5.7665629921259844
20
-4.193183976377953
11
5.7652024803149606
21
-4.1930017716535435
0
LINE
8
BLACK
6
CONTINUOUS
10
5.7652024803149606
20
-4.1930017716535435
11
5.7644350393700785
21
-4.1926629133858269
0
LINE
8
BLACK
6
CONTINUOUS
10
5.7644350393700785
20
-4.1926629133858269
11
5.764434803149606
21
-4.1926628346456694
0
LINE
8
BLACK
6
CONTINUOUS
10
5.764434803149606
20
-4.1926628346456694
11
5.7637662204724407
21
-4.1925852755905515
0
LINE
8
BLACK
6
CONTINUOUS
10
5.7637662204724407
20
-4.1925852755905515
11
5.7623099212598428
21
-4.1918809842519682
0
LINE
8
BLACK
6
CONTINUOUS
10
5.7623099212598428
20
-4.1918809842519682
11
5.7597207086614173
21
-4.1892917716535436
0
LINE
8
BLACK
6
CONTINUOUS
10
5.7597207086614173
20
-4.1892917716535436
11
5.7589999999999995
21
-4.1875518503937004
0
LINE
8
BLACK
6
CONTINUOUS
10
5.7589999999999995
20
-4.1875518503937004
11
5.7589999999999995
21
-4.1729566535433067
0
LINE
8
BLACK
6
CONTINUOUS
10
5.7589999999999995
20
-4.1729566535433067
11
5.7597207086614173
21
-4.1712167322834643
0
LINE
8
BLACK
6
CONTINUOUS
10
5.7597207086614173
20
-4.1712167322834643
11
5.7614606299212596
21
-4.1704960236220474
0
LINE
8
BLACK
6
CONTINUOUS
10
5.7614606299212596
20
-4.1704960236220474
11
5.7779173228346457
21
-4.1704960236220474
0
LINE
8
BLACK
6
CONTINUOUS
10
5.7779173228346457
20
-4.1704960236220474
11
5.7779173228346457
21
-4.1585275590551181
0
LINE
8
BLACK
6
CONTINUOUS
10
5.7779173228346457
20
-4.1585275590551181
11
5.7583110236220474
21
-4.1585275590551181
0
LINE
8
BLACK
6
CONTINUOUS
10
5.7583110236220474
20
-4.1585275590551181
11
5.7583110236220474
21
-4.0994724409448819
0
LINE
8
BLACK
6
CONTINUOUS
10
5.7583110236220474
20
-4.0994724409448819
11
5.7779999999999996
21
-4.0994724409448819
0
LINE
8
BLACK
6
CONTINUOUS
10
5.7779999999999996
20
-4.0994724409448819
11
5.7779999999999996
21
-4.0614852755905515
0
LINE
8
BLACK
6
CONTINUOUS
10
5.7779999999999996
20
-4.0614852755905515
11
5.7682076377952756
21
-4.0516929133858266
0
LINE
8
BLACK
6
CONTINUOUS
10
5.7682076377952756
20
-4.0516929133858266
11
5.6261850393700783
21
-4.0516929133858266
0
LINE
8
BLACK
6
CONTINUOUS
10
5.6261850393700783
20
-4.0516929133858266
11
5.6261850393700783
21
-4.0732519685039366
0
LINE
8
BLACK
6
CONTINUOUS
10
5.6261850393700783
20
-4.0732519685039366
11
5.5868149606299209
21
-4.0732519685039366
0
LINE
8
BLACK
6
CONTINUOUS
10
5.5868149606299209
20
-4.0732519685039366
11
5.5868149606299209
21
-4.0181338582677162
0
LINE
8
BLACK
6
CONTINUOUS
10
5.5868149606299209
20
-4.0181338582677162
11
5.6261850393700783
21
-4.0181338582677162
0
LINE
8
BLACK
6
CONTINUOUS
10
5.6261850393700783
20
-4.0181338582677162
11
5.6261850393700783
21
-4.039692913385827
0
LINE
8
BLACK
6
CONTINUOUS
10
5.6261850393700783
20
-4.039692913385827
11
5.7706929133858269
21
-4.039692913385827
0
LINE
8
BLACK
6
CONTINUOUS
10
5.7706929133858269
20
-4.039692913385827
11
5.7714559055118109
21
-4.0398973622047247
0
LINE
8
BLACK
6
CONTINUOUS
10
5.7714559055118109
20
-4.0398973622047247
11
5.7722458267716537
21
-4.0398973622047247
0
LINE
8
BLACK
6
CONTINUOUS
10
5.7722458267716537
20
-4.0398973622047247
11
5.7729299212598422
21
-4.0402923228346452
0
LINE
8
BLACK
6
CONTINUOUS
10
5.7729299212598422
20
-4.0402923228346452
11
5.773692913385827
21
-4.0404967716535429
0
LINE
8
BLACK
6
CONTINUOUS
10
5.773692913385827
20
-4.0404967716535429
11
5.7742514173228345
21
-4.0410552755905513
0
LINE
8
BLACK
6
CONTINUOUS
10
5.7742514173228345
20
-4.0410552755905513
11
5.7749355511811018
21
-4.0414502755905515
0
LINE
8
BLACK
6
CONTINUOUS
10
5.7749355511811018
20
-4.0414502755905515
11
5.7882426377952756
21
-4.0547573622047244
0
LINE
8
BLACK
6
CONTINUOUS
10
5.7882426377952756
20
-4.0547573622047244
11
5.788637598425197
21
-4.0554414566929129
0
LINE
8
BLACK
6
CONTINUOUS
10
5.788637598425197
20
-4.0554414566929129
11
5.7891961417322833
21
-4.056
0
LINE
8
BLACK
6
CONTINUOUS
10
5.7891961417322833
20
-4.056
11
5.7894005511811022
21
-4.0567629527559053
0
LINE
8
BLACK
6
CONTINUOUS
10
5.7894005511811022
20
-4.0567629527559053
11
5.7897955511811023
21
-4.0574470866141734
0
LINE
8
BLACK
6
CONTINUOUS
10
5.7897955511811023
20
-4.0574470866141734
11
5.7897955511811023
21
-4.0582369685039366
0
LINE
8
BLACK
6
CONTINUOUS
10
5.7897955511811023
20
-4.0582369685039366
11
5.79
21
-4.0590000000000002
0
LINE
8
BLACK
6
CONTINUOUS
10
5.79
20
-4.0590000000000002
11
5.79
21
-4.0994724409448819
0
LINE
8
BLACK
6
CONTINUOUS
10
5.79
20
-4.0994724409448819
11
5.809492125984252
21
-4.0994724409448819
0
LINE
8
BLACK
6
CONTINUOUS
10
5.809492125984252
20
-4.0994724409448819
11
5.809492125984252
21
-4.109
0
LINE
8
BLACK
6
CONTINUOUS
10
5.809492125984252
20
-4.109
11
5.8236446456692912
21
-4.109
0
LINE
8
BLACK
6
CONTINUOUS
10
5.8236446456692912
20
-4.109
11
5.8339999999999996
21
-4.0986446456692915
0
LINE
8
BLACK
6
CONTINUOUS
10
5.8339999999999996
20
-4.0986446456692915
11
5.8339999999999996
21
-4.0590000000000002
0
LINE
8
BLACK
6
CONTINUOUS
10
5.8339999999999996
20
-4.0590000000000002
11
5.8341114566929129
21
-4.0590000000000002
0
LINE
8
BLACK
6
CONTINUOUS
10
5.8341114566929129
20
-4.0590000000000002
11
5.834197125984252
21
-4.0576383070866138
0
LINE
8
BLACK
6
CONTINUOUS
10
5.834197125984252
20
-4.0576383070866138
11
5.8346854724409445
21
-4.055736338582677
0
LINE
8
BLACK
6
CONTINUOUS
10
5.8346854724409445
20
-4.055736338582677
11
5.8349926377952759
21
-4.0537968897637793
0
LINE
8
BLACK
6
CONTINUOUS
10
5.8349926377952759
20
-4.0537968897637793
11
5.835461811023622
21
-4.0527126377952758
0
LINE
8
BLACK
6
CONTINUOUS
10
5.835461811023622
20
-4.0527126377952758
11
5.8357555905511811
21
-4.0515685433070869
0
LINE
8
BLACK
6
CONTINUOUS
10
5.8357555905511811
20
-4.0515685433070869
11
5.8367015748031497
21
-4.0498477165354334
0
LINE
8
BLACK
6
CONTINUOUS
10
5.8367015748031497
20
-4.0498477165354334
11
5.8374814566929132
21
-4.0480456299212602
0
LINE
8
BLACK
6
CONTINUOUS
10
5.8374814566929132
20
-4.0480456299212602
11
5.8382053937007869
21
-4.0471122834645668
0
LINE
8
BLACK
6
CONTINUOUS
10
5.8382053937007869
20
-4.0471122834645668
11
5.8387745669291338
21
-4.0460770078740156
0
LINE
8
BLACK
6
CONTINUOUS
10
5.8387745669291338
20
-4.0460770078740156
11
5.8401188188976381
21
-4.0446455118110238
0
LINE
8
BLACK
6
CONTINUOUS
10
5.8401188188976381
20
-4.0446455118110238
11
5.8413223228346451
21
-4.0430939763779525
0
LINE
8
BLACK
6
CONTINUOUS
10
5.8413223228346451
20
-4.0430939763779525
11
5.8670708661417326
21
-4.017345433070866
0
LINE
8
BLACK
6
CONTINUOUS
10
5.8670708661417326
20
-4.017345433070866
11
5.8670708661417326
21
-3.9483700787401572
0
LINE
8
BLACK
6
CONTINUOUS
10
5.8670708661417326
20
-3.9483700787401572
11
6.0009291338582678
21
-3.9483700787401572
0
LINE
8
BLACK
6
CONTINUOUS
10
6.0009291338582678
20
-3.9483700787401572
11
6.0009291338582678
21
-3.9607716535433068
0
LINE
8
BLACK
6
CONTINUOUS
10
5.6315
20
-4.3665000000000003
11
5.5664999999999996
21
-4.3665000000000003
0
LINE
8
BLACK
6
CONTINUOUS
10
5.5664999999999996
20
-4.3665000000000003
11
5.5664999999999996
21
-4.3014999999999999
0
LINE
8
BLACK
6
CONTINUOUS
10
5.5664999999999996
20
-4.3014999999999999
11
5.6315
21
-4.3014999999999999
0
LINE
8
BLACK
6
CONTINUOUS
10
5.6315
20
-4.3014999999999999
11
5.6315
21
-4.3665000000000003
0
LINE
8
BLACK
6
CONTINUOUS
10
5.5887834645669292
20
-4.1598661417322838
11
5.5614999999999997
21
-4.1598661417322838
0
LINE
8
BLACK
6
CONTINUOUS
10
5.5614999999999997
20
-4.1598661417322838
11
5.5614999999999997
21
-4.2194288976377949
0
LINE
8
BLACK
6
CONTINUOUS
10
5.5614999999999997
20
-4.2194288976377949
11
5.5664999999999996
21
-4.2244288976377948
0
LINE
8
BLACK
6
CONTINUOUS
10
5.5664999999999996
20
-4.2244288976377948
11
5.5664999999999996
21
-4.2015000000000002
0
LINE
8
BLACK
6
CONTINUOUS
10
5.5664999999999996
20
-4.2015000000000002
11
5.6315
21
-4.2015000000000002
0
LINE
8
BLACK
6
CONTINUOUS
10
5.6315
20
-4.2015000000000002
11
5.6315
21
-4.2664999999999997
0
LINE
8
BLACK
6
CONTINUOUS
10
5.6315
20
-4.2664999999999997
11
5.5664999999999996
21
-4.2664999999999997
0
LINE
8
BLACK
6
CONTINUOUS
10
5.5664999999999996
20
-4.2664999999999997
11
5.5664999999999996
21
-4.2381009448818894
0
LINE
8
BLACK
6
CONTINUOUS
10
5.5664999999999996
20
-4.2381009448818894
11
5.5654644881889759
21
-4.2375355511811019
0
LINE
8
BLACK
6
CONTINUOUS
10
5.5654644881889759
20
-4.2375355511811019
11
5.5529644488188978
21
-4.2250355511811026
0
LINE
8
BLACK
6
CONTINUOUS
10
5.5529644488188978
20
-4.2250355511811026
11
5.5524292913385827
21
-4.2243206299212597
0
LINE
8
BLACK
6
CONTINUOUS
10
5.5524292913385827
20
-4.2243206299212597
11
5.5522937401574799
21
-4.2242031889763778
0
LINE
8
BLACK
6
CONTINUOUS
10
5.5522937401574799
20
-4.2242031889763778
11
5.5522629921259838
21
-4.2240984645669286
0
LINE
8
BLACK
6
CONTINUOUS
10
5.5522629921259838
20
-4.2240984645669286
11
5.5521116141732278
21
-4.2238962598425198
0
LINE
8
BLACK
6
CONTINUOUS
10
5.5521116141732278
20
-4.2238962598425198
11
5.5518485826771649
21
-4.2226872440944883
0
LINE
8
BLACK
6
CONTINUOUS
10
5.5518485826771649
20
-4.2226872440944883
11
5.5514999999999999
21
-4.2214999999999998
0
LINE
8
BLACK
6
CONTINUOUS
10
5.5514999999999999
20
-4.2214999999999998
11
5.5514999999999999
21
-4.1598661417322838
0
LINE
8
BLACK
6
CONTINUOUS
10
5.5514999999999999
20
-4.1598661417322838
11
5.5494133858267718
21
-4.1598661417322838
0
LINE
8
BLACK
6
CONTINUOUS
10
5.5494133858267718
20
-4.1598661417322838
11
5.5494133858267718
21
-4.1047480314960625
0
LINE
8
BLACK
6
CONTINUOUS
10
5.5494133858267718
20
-4.1047480314960625
11
5.5887834645669292
21
-4.1047480314960625
0
LINE
8
BLACK
6
CONTINUOUS
10
5.5887834645669292
20
-4.1047480314960625
11
5.5887834645669292
21
-4.1598661417322838
0
LINE
8
BLACK
6
CONTINUOUS
10
6.1901179133858264
20
-3.9910666929133858
11
6.1975171259842519
21
-3.9939331889763778
0
LINE
8
BLACK
6
CONTINUOUS
10
6.1975171259842519
20
-3.9939331889763778
11
6.2042637007874015
21
-3.9981104724409446
0
LINE
8
BLACK
6
CONTINUOUS
10
6.2042637007874015
20
-3.9981104724409446
11
6.2101277952755902
21
-4.0034562992125986
0
LINE
8
BLACK
6
CONTINUOUS
10
6.2101277952755902
20
-4.0034562992125986
11
6.2149097244094484
21
-4.0097886220472443
0
LINE
8
BLACK
6
CONTINUOUS
10
6.2149097244094484
20
-4.0097886220472443
11
6.2184466929133855
21
-4.0168918110236218
0
LINE
8
BLACK
6
CONTINUOUS
10
6.2184466929133855
20
-4.0168918110236218
11
6.2206182283464564
21
-4.024523976377953
0
LINE
8
BLACK
6
CONTINUOUS
10
6.2206182283464564
20
-4.024523976377953
11
6.2213503937007877
21
-4.0324251968503937
0
LINE
8
BLACK
6
CONTINUOUS
10
6.2213503937007877
20
-4.0324251968503937
11
6.2206182283464564
21
-4.0403264173228344
0
LINE
8
BLACK
6
CONTINUOUS
10
6.2206182283464564
20
-4.0403264173228344
11
6.2184466929133855
21
-4.0479585826771656
0
LINE
8
BLACK
6
CONTINUOUS
10
6.2184466929133855
20
-4.0479585826771656
11
6.2149097244094484
21
-4.0550617716535431
0
LINE
8
BLACK
6
CONTINUOUS
10
6.2149097244094484
20
-4.0550617716535431
11
6.2101277952755902
21
-4.0613940944881888
0
LINE
8
BLACK
6
CONTINUOUS
10
6.2101277952755902
20
-4.0613940944881888
11
6.2042637007874015
21
-4.0667399212598427
0
LINE
8
BLACK
6
CONTINUOUS
10
6.2042637007874015
20
-4.0667399212598427
11
6.1975171259842519
21
-4.0709172047244095
0
LINE
8
BLACK
6
CONTINUOUS
10
6.1975171259842519
20
-4.0709172047244095
11
6.1901179133858264
21
-4.0737837007874012
0
LINE
8
BLACK
6
CONTINUOUS
10
6.1901179133858264
20
-4.0737837007874012
11
6.1823179527559056
21
-4.075241771653543
0
LINE
8
BLACK
6
CONTINUOUS
10
6.1823179527559056
20
-4.075241771653543
11
6.1743828346456695
21
-4.075241771653543
0
LINE
8
BLACK
6
CONTINUOUS
10
6.1743828346456695
20
-4.075241771653543
11
6.1665828740157478
21
-4.0737837007874012
0
LINE
8
BLACK
6
CONTINUOUS
10
6.1665828740157478
20
-4.0737837007874012
11
6.1591836614173223
21
-4.0709172047244095
0
LINE
8
BLACK
6
CONTINUOUS
10
6.1591836614173223
20
-4.0709172047244095
11
6.1524370866141727
21
-4.0667399212598427
0
LINE
8
BLACK
6
CONTINUOUS
10
6.1524370866141727
20
-4.0667399212598427
11
6.146572992125984
21
-4.0613940944881888
0
LINE
8
BLACK
6
CONTINUOUS
10
6.146572992125984
20
-4.0613940944881888
11
6.1417910629921257
21
-4.0550617716535431
0
LINE
8
BLACK
6
CONTINUOUS
10
6.1417910629921257
20
-4.0550617716535431
11
6.1382540944881887
21
-4.0479585826771656
0
LINE
8
BLACK
6
CONTINUOUS
10
6.1382540944881887
20
-4.0479585826771656
11
6.1360825590551178
21
-4.0403264173228344
0
LINE
8
BLACK
6
CONTINUOUS
10
6.1360825590551178
20
-4.0403264173228344
11
6.1353503937007874
21
-4.0324251968503937
0
LINE
8
BLACK
6
CONTINUOUS
10
6.1353503937007874
20
-4.0324251968503937
11
6.1360825590551178
21
-4.024523976377953
0
LINE
8
BLACK
6
CONTINUOUS
10
6.1360825590551178
20
-4.024523976377953
11
6.1382540944881887
21
-4.0168918110236218
0
LINE
8
BLACK
6
CONTINUOUS
10
6.1382540944881887
20
-4.0168918110236218
11
6.1417910629921257
21
-4.0097886220472443
0
LINE
8
BLACK
6
CONTINUOUS
10
6.1417910629921257
20
-4.0097886220472443
11
6.146572992125984
21
-4.0034562992125986
0
LINE
8
BLACK
6
CONTINUOUS
10
6.146572992125984
20
-4.0034562992125986
11
6.1524370866141727
21
-3.9981104724409446
0
LINE
8
BLACK
6
CONTINUOUS
10
6.1524370866141727
20
-3.9981104724409446
11
6.1591836614173223
21
-3.9939331889763778
0
LINE
8
BLACK
6
CONTINUOUS
10
6.1591836614173223
20
-3.9939331889763778
11
6.1665828740157478
21
-3.9910666929133858
0
LINE
8
BLACK
6
CONTINUOUS
10
6.1665828740157478
20
-3.9910666929133858
11
6.1743828346456695
21
-3.989608622047244
0
LINE
8
BLACK
6
CONTINUOUS
10
6.1743828346456695
20
-3.989608622047244
11
6.1823179527559056
21
-3.989608622047244
0
LINE
8
BLACK
6
CONTINUOUS
10
6.1823179527559056
20
-3.989608622047244
11
6.1901179133858264
21
-3.9910666929133858
0
LINE
8
BLACK
6
CONTINUOUS
10
6.1901179133858264
20
-3.7942162992125983
11
6.1975171259842519
21
-3.7970827952755903
0
LINE
8
BLACK
6
CONTINUOUS
10
6.1975171259842519
20
-3.7970827952755903
11
6.2042637007874015
21
-3.8012600787401576
0
LINE
8
BLACK
6
CONTINUOUS
10
6.2042637007874015
20
-3.8012600787401576
11
6.2101277952755902
21
-3.8066059055118111
0
LINE
8
BLACK
6
CONTINUOUS
10
6.2101277952755902
20
-3.8066059055118111
11
6.2149097244094484
21
-3.8129382283464568
0
LINE
8
BLACK
6
CONTINUOUS
10
6.2149097244094484
20
-3.8129382283464568
11
6.2184466929133855
21
-3.8200414173228348
0
LINE
8
BLACK
6
CONTINUOUS
10
6.2184466929133855
20
-3.8200414173228348
11
6.2206182283464564
21
-3.8276735826771651
0
LINE
8
BLACK
6
CONTINUOUS
10
6.2206182283464564
20
-3.8276735826771651
11
6.2213503937007877
21
-3.8355748031496062
0
LINE
8
BLACK
6
CONTINUOUS
10
6.2213503937007877
20
-3.8355748031496062
11
6.2206182283464564
21
-3.8434760236220473
0
LINE
8
BLACK
6
CONTINUOUS
10
6.2206182283464564
20
-3.8434760236220473
11
6.2184466929133855
21
-3.8511081889763781
0
LINE
8
BLACK
6
CONTINUOUS
10
6.2184466929133855
20
-3.8511081889763781
11
6.2149097244094484
21
-3.858211377952756
0
LINE
8
BLACK
6
CONTINUOUS
10
6.2149097244094484
20
-3.858211377952756
11
6.2101277952755902
21
-3.8645437007874013
0
LINE
8
BLACK
6
CONTINUOUS
10
6.2101277952755902
20
-3.8645437007874013
11
6.2042637007874015
21
-3.8698895275590552
0
LINE
8
BLACK
6
CONTINUOUS
10
6.2042637007874015
20
-3.8698895275590552
11
6.1975171259842519
21
-3.874066811023622
0
LINE
8
BLACK
6
CONTINUOUS
10
6.1975171259842519
20
-3.874066811023622
11
6.1901179133858264
21
-3.8769333070866141
0
LINE
8
BLACK
6
CONTINUOUS
10
6.1901179133858264
20
-3.8769333070866141
11
6.1823179527559056
21
-3.8783913779527559
0
LINE
8
BLACK
6
CONTINUOUS
10
6.1823179527559056
20
-3.8783913779527559
11
6.1743828346456695
21
-3.8783913779527559
0
LINE
8
BLACK
6
CONTINUOUS
10
6.1743828346456695
20
-3.8783913779527559
11
6.1665828740157478
21
-3.8769333070866141
0
LINE
8
BLACK
6
CONTINUOUS
10
6.1665828740157478
20
-3.8769333070866141
11
6.1591836614173223
21
-3.874066811023622
0
LINE
8
BLACK
6
CONTINUOUS
10
6.1591836614173223
20
-3.874066811023622
11
6.1542357086614174
21
-3.8710031496062993
0
LINE
8
BLACK
6
CONTINUOUS
10
6.1542357086614174
20
-3.8710031496062993
11
6.1013300787401574
21
-3.9239088188976377
0
LINE
8
BLACK
6
CONTINUOUS
10
6.1013300787401574
20
-3.9239088188976377
11
6.1001936220472439
21
-3.9246228740157481
0
LINE
8
BLACK
6
CONTINUOUS
10
6.1001936220472439
20
-3.9246228740157481
11
6.0991442913385825
21
-3.9254597244094489
0
LINE
8
BLACK
6
CONTINUOUS
10
6.0991442913385825
20
-3.9254597244094489
11
6.0987007086614176
21
-3.9255609448818896
0
LINE
8
BLACK
6
CONTINUOUS
10
6.0987007086614176
20
-3.9255609448818896
11
6.0983154724409445
21
-3.9258030314960628
0
LINE
8
BLACK
6
CONTINUOUS
10
6.0983154724409445
20
-3.9258030314960628
11
6.0969817716535433
21
-3.9259532677165354
0
LINE
8
BLACK
6
CONTINUOUS
10
6.0969817716535433
20
-3.9259532677165354
11
6.095673228346457
21
-3.9262519685039368
0
LINE
8
BLACK
6
CONTINUOUS
10
6.095673228346457
20
-3.9262519685039368
11
5.8631995275590549
21
-3.9262519685039368
0
LINE
8
BLACK
6
CONTINUOUS
10
5.8631995275590549
20
-3.9262519685039368
11
5.8497946456692915
21
-3.9396568503937006
0
LINE
8
BLACK
6
CONTINUOUS
10
5.8497946456692915
20
-3.9396568503937006
11
5.848658188976378
21
-3.940370905511811
0
LINE
8
BLACK
6
CONTINUOUS
10
5.848658188976378
20
-3.940370905511811
11
5.8476088582677166
21
-3.9412077559055119
0
LINE
8
BLACK
6
CONTINUOUS
10
5.8476088582677166
20
-3.9412077559055119
11
5.8471652755905508
21
-3.9413089763779525
0
LINE
8
BLACK
6
CONTINUOUS
10
5.8471652755905508
20
-3.9413089763779525
11
5.8467800393700786
21
-3.9415510629921258
0
LINE
8
BLACK
6
CONTINUOUS
10
5.8467800393700786
20
-3.9415510629921258
11
5.8454463385826774
21
-3.9417012992125984
0
LINE
8
BLACK
6
CONTINUOUS
10
5.8454463385826774
20
-3.9417012992125984
11
5.8441377952755902
21
-3.9419999999999997
0
LINE
8
BLACK
6
CONTINUOUS
10
5.8441377952755902
20
-3.9419999999999997
11
5.8268893307086609
21
-3.9419999999999997
0
LINE
8
BLACK
6
CONTINUOUS
10
5.8268893307086609
20
-3.9419999999999997
11
5.8247459055118105
21
-3.9495333858267716
0
LINE
8
BLACK
6
CONTINUOUS
10
5.8247459055118105
20
-3.9495333858267716
11
5.8212089370078735
21
-3.9566365748031496
0
LINE
8
BLACK
6
CONTINUOUS
10
5.8212089370078735
20
-3.9566365748031496
11
5.8164270078740152
21
-3.9629688976377953
0
LINE
8
BLACK
6
CONTINUOUS
10
5.8164270078740152
20
-3.9629688976377953
11
5.8105629133858265
21
-3.9683147244094488
0
LINE
8
BLACK
6
CONTINUOUS
10
5.8105629133858265
20
-3.9683147244094488
11
5.8038163385826769
21
-3.9724920078740156
0
LINE
8
BLACK
6
CONTINUOUS
10
5.8038163385826769
20
-3.9724920078740156
11
5.7964171259842514
21
-3.9753585039370076
0
LINE
8
BLACK
6
CONTINUOUS
10
5.7964171259842514
20
-3.9753585039370076
11
5.7886171653543306
21
-3.9768165748031494
0
LINE
8
BLACK
6
CONTINUOUS
10
5.7886171653543306
20
-3.9768165748031494
11
5.7806820472440945
21
-3.9768165748031494
0
LINE
8
BLACK
6
CONTINUOUS
10
5.7806820472440945
20
-3.9768165748031494
11
5.7728820866141728
21
-3.9753585039370076
0
LINE
8
BLACK
6
CONTINUOUS
10
5.7728820866141728
20
-3.9753585039370076
11
5.7654828740157482
21
-3.9724920078740156
0
LINE
8
BLACK
6
CONTINUOUS
10
5.7654828740157482
20
-3.9724920078740156
11
5.7587362992125986
21
-3.9683147244094488
0
LINE
8
BLACK
6
CONTINUOUS
10
5.7587362992125986
20
-3.9683147244094488
11
5.752872204724409
21
-3.9629688976377953
0
LINE
8
BLACK
6
CONTINUOUS
10
5.752872204724409
20
-3.9629688976377953
11
5.7480902755905507
21
-3.9566365748031496
0
LINE
8
BLACK
6
CONTINUOUS
10
5.7480902755905507
20
-3.9566365748031496
11
5.7445533070866137
21
-3.9495333858267716
0
LINE
8
BLACK
6
CONTINUOUS
10
5.7445533070866137
20
-3.9495333858267716
11
5.7423817716535428
21
-3.9419012204724408
0
LINE
8
BLACK
6
CONTINUOUS
10
5.7423817716535428
20
-3.9419012204724408
11
5.7416496062992124
21
-3.9339999999999997
0
LINE
8
BLACK
6
CONTINUOUS
10
5.7416496062992124
20
-3.9339999999999997
11
5.7423817716535428
21
-3.926098779527559
0
LINE
8
BLACK
6
CONTINUOUS
10
5.7423817716535428
20
-3.926098779527559
11
5.7445533070866137
21
-3.9184666141732283
0
LINE
8
BLACK
6
CONTINUOUS
10
5.7445533070866137
20
-3.9184666141732283
11
5.7480902755905507
21
-3.9113634251968503
0
LINE
8
BLACK
6
CONTINUOUS
10
5.7480902755905507
20
-3.9113634251968503
11
5.752872204724409
21
-3.9050311023622046
0
LINE
8
BLACK
6
CONTINUOUS
10
5.752872204724409
20
-3.9050311023622046
11
5.7587362992125986
21
-3.8996852755905511
0
LINE
8
BLACK
6
CONTINUOUS
10
5.7587362992125986
20
-3.8996852755905511
11
5.7654828740157482
21
-3.8955079921259843
0
LINE
8
BLACK
6
CONTINUOUS
10
5.7654828740157482
20
-3.8955079921259843
11
5.7728820866141728
21
-3.8926414960629923
0
LINE
8
BLACK
6
CONTINUOUS
10
5.7728820866141728
20
-3.8926414960629923
11
5.7806820472440945
21
-3.8911834251968505
0
LINE
8
BLACK
6
CONTINUOUS
10
5.7806820472440945
20
-3.8911834251968505
11
5.7886171653543306
21
-3.8911834251968505
0
LINE
8
BLACK
6
CONTINUOUS
10
5.7886171653543306
20
-3.8911834251968505
11
5.7964171259842514
21
-3.8926414960629923
0
LINE
8
BLACK
6
CONTINUOUS
10
5.7964171259842514
20
-3.8926414960629923
11
5.8038163385826769
21
-3.8955079921259843
0
LINE
8
BLACK
6
CONTINUOUS
10
5.8038163385826769
20
-3.8955079921259843
11
5.8105629133858265
21
-3.8996852755905511
0
LINE
8
BLACK
6
CONTINUOUS
10
5.8105629133858265
20
-3.8996852755905511
11
5.8164270078740152
21
-3.9050311023622046
0
LINE
8
BLACK
6
CONTINUOUS
10
5.8164270078740152
20
-3.9050311023622046
11
5.8212089370078735
21
-3.9113634251968503
0
LINE
8
BLACK
6
CONTINUOUS
10
5.8212089370078735
20
-3.9113634251968503
11
5.8247459055118105
21
-3.9184666141732283
0
LINE
8
BLACK
6
CONTINUOUS
10
5.8247459055118105
20
-3.9184666141732283
11
5.8268893307086609
21
-3.9259999999999997
0
LINE
8
BLACK
6
CONTINUOUS
10
5.8268893307086609
20
-3.9259999999999997
11
5.8408240944881884
21
-3.9259999999999997
0
LINE
8
BLACK
6
CONTINUOUS
10
5.8408240944881884
20
-3.9259999999999997
11
5.8542289763779527
21
-3.9125951181102363
0
LINE
8
BLACK
6
CONTINUOUS
10
5.8542289763779527
20
-3.9125951181102363
11
5.8553653937007875
21
-3.9118810236220471
0
LINE
8
BLACK
6
CONTINUOUS
10
5.8553653937007875
20
-3.9118810236220471
11
5.8564147637795276
21
-3.9110442125984251
0
LINE
8
BLACK
6
CONTINUOUS
10
5.8564147637795276
20
-3.9110442125984251
11
5.8568583070866138
21
-3.9109429527559056
0
LINE
8
BLACK
6
CONTINUOUS
10
5.8568583070866138
20
-3.9109429527559056
11
5.8572435826771656
21
-3.9107009055118112
0
LINE
8
BLACK
6
CONTINUOUS
10
5.8572435826771656
20
-3.9107009055118112
11
5.8585772440944881
21
-3.9105506299212598
0
LINE
8
BLACK
6
CONTINUOUS
10
5.8585772440944881
20
-3.9105506299212598
11
5.8598858267716532
21
-3.9102519685039367
0
LINE
8
BLACK
6
CONTINUOUS
10
5.8598858267716532
20
-3.9102519685039367
11
6.0923595275590552
21
-3.9102519685039367
0
LINE
8
BLACK
6
CONTINUOUS
10
6.0923595275590552
20
-3.9102519685039367
11
6.1429135826771653
21
-3.8596978740157479
0
LINE
8
BLACK
6
CONTINUOUS
10
6.1429135826771653
20
-3.8596978740157479
11
6.1417910629921257
21
-3.858211377952756
0
LINE
8
BLACK
6
CONTINUOUS
10
6.1417910629921257
20
-3.858211377952756
11
6.1382540944881887
21
-3.8511081889763781
0
LINE
8
BLACK
6
CONTINUOUS
10
6.1382540944881887
20
-3.8511081889763781
11
6.1360825590551178
21
-3.8434760236220473
0
LINE
8
BLACK
6
CONTINUOUS
10
6.1360825590551178
20
-3.8434760236220473
11
6.1353503937007874
21
-3.8355748031496062
0
LINE
8
BLACK
6
CONTINUOUS
10
6.1353503937007874
20
-3.8355748031496062
11
6.1360825590551178
21
-3.8276735826771651
0
LINE
8
BLACK
6
CONTINUOUS
10
6.1360825590551178
20
-3.8276735826771651
11
6.1382540944881887
21
-3.8200414173228348
0
LINE
8
BLACK
6
CONTINUOUS
10
6.1382540944881887
20
-3.8200414173228348
11
6.1417910629921257
21
-3.8129382283464568
0
LINE
8
BLACK
6
CONTINUOUS
10
6.1417910629921257
20
-3.8129382283464568
11
6.146572992125984
21
-3.8066059055118111
0
LINE
8
BLACK
6
CONTINUOUS
10
6.146572992125984
20
-3.8066059055118111
11
6.1524370866141727
21
-3.8012600787401576
0
LINE
8
BLACK
6
CONTINUOUS
10
6.1524370866141727
20
-3.8012600787401576
11
6.1591836614173223
21
-3.7970827952755903
0
LINE
8
BLACK
6
CONTINUOUS
10
6.1591836614173223
20
-3.7970827952755903
11
6.1665828740157478
21
-3.7942162992125983
0
LINE
8
BLACK
6
CONTINUOUS
10
6.1665828740157478
20
-3.7942162992125983
11
6.1743828346456695
21
-3.7927582283464565
0
LINE
8
BLACK
6
CONTINUOUS
10
6.1743828346456695
20
-3.7927582283464565
11
6.1823179527559056
21
-3.7927582283464565
0
LINE
8
BLACK
6
CONTINUOUS
10
6.1823179527559056
20
-3.7927582283464565
11
6.1901179133858264
21
-3.7942162992125983
0
LINE
8
BLACK
6
CONTINUOUS
10
6.0009291338582678
20
-3.8696299212598424
11
5.931953779527559
21
-3.8696299212598424
0
LINE
8
BLACK
6
CONTINUOUS
10
5.931953779527559
20
-3.8696299212598424
11
5.9249060236220474
21
-3.8766776771653544
0
LINE
8
BLACK
6
CONTINUOUS
10
5.9249060236220474
20
-3.8766776771653544
11
5.9244926377952751
21
-3.877042086614173
0
LINE
8
BLACK
6
CONTINUOUS
10
5.9244926377952751
20
-3.877042086614173
11
5.9243420078740154
21
-3.8772242125984251
0
LINE
8
BLACK
6
CONTINUOUS
10
5.9243420078740154
20
-3.8772242125984251
11
5.9240241732283465
21
-3.8774551181102361
0
LINE
8
BLACK
6
CONTINUOUS
10
5.9240241732283465
20
-3.8774551181102361
11
5.9225510236220469
21
-3.8787538976377953
0
LINE
8
BLACK
6
CONTINUOUS
10
5.9225510236220469
20
-3.8787538976377953
11
5.9208607874015744
21
-3.8797534645669289
0
LINE
8
BLACK
6
CONTINUOUS
10
5.9208607874015744
20
-3.8797534645669289
11
5.9192722047244093
21
-3.8809076771653541
0
LINE
8
BLACK
6
CONTINUOUS
10
5.9192722047244093
20
-3.8809076771653541
11
5.9181737795275593
21
-3.8813425590551178
0
LINE
8
BLACK
6
CONTINUOUS
10
5.9181737795275593
20
-3.8813425590551178
11
5.9171570472440944
21
-3.8819438582677166
0
LINE
8
BLACK
6
CONTINUOUS
10
5.9171570472440944
20
-3.8819438582677166
11
5.9152712204724409
21
-3.8824917322834644
0
LINE
8
BLACK
6
CONTINUOUS
10
5.9152712204724409
20
-3.8824917322834644
11
5.9134455905511807
21
-3.8832145669291336
0
LINE
8
BLACK
6
CONTINUOUS
10
5.9134455905511807
20
-3.8832145669291336
11
5.9122738188976376
21
-3.8833625590551182
0
LINE
8
BLACK
6
CONTINUOUS
10
5.9122738188976376
20
-3.8833625590551182
11
5.9111392125984255
21
-3.8836922440944881
0
LINE
8
BLACK
6
CONTINUOUS
10
5.9111392125984255
20
-3.8836922440944881
11
5.909176181102362
21
-3.8837538976377952
0
LINE
8
BLACK
6
CONTINUOUS
10
5.909176181102362
20
-3.8837538976377952
11
5.9072283464566926
21
-3.8839999999999999
0
LINE
8
BLACK
6
CONTINUOUS
10
5.9072283464566926
20
-3.8839999999999999
11
5.7290000000000001
21
-3.8839999999999999
0
LINE
8
BLACK
6
CONTINUOUS
10
5.7290000000000001
20
-3.8839999999999999
11
5.7290000000000001
21
-3.8914999999999997
0
LINE
8
BLACK
6
CONTINUOUS
10
5.7290000000000001
20
-3.8914999999999997
11
5.6639999999999997
21
-3.8914999999999997
0
LINE
8
BLACK
6
CONTINUOUS
10
5.6639999999999997
20
-3.8914999999999997
11
5.6639999999999997
21
-3.8839999999999999
0
LINE
8
BLACK
6
CONTINUOUS
10
5.6639999999999997
20
-3.8839999999999999
11
5.6289999999999996
21
-3.8839999999999999
0
LINE
8
BLACK
6
CONTINUOUS
10
5.6289999999999996
20
-3.8839999999999999
11
5.6289999999999996
21
-3.8914999999999997
0
LINE
8
BLACK
6
CONTINUOUS
10
5.6289999999999996
20
-3.8914999999999997
11
5.5640000000000001
21
-3.8914999999999997
0
LINE
8
BLACK
6
CONTINUOUS
10
5.5640000000000001
20
-3.8914999999999997
11
5.5640000000000001
21
-3.8264999999999998
0
LINE
8
BLACK
6
CONTINUOUS
10
5.5640000000000001
20
-3.8264999999999998
11
5.6289999999999996
21
-3.8264999999999998
0
LINE
8
BLACK
6
CONTINUOUS
10
5.6289999999999996
20
-3.8264999999999998
11
5.6289999999999996
21
-3.8340000000000001
0
LINE
8
BLACK
6
CONTINUOUS
10
5.6289999999999996
20
-3.8340000000000001
11
5.6639999999999997
21
-3.8340000000000001
0
LINE
8
BLACK
6
CONTINUOUS
10
5.6639999999999997
20
-3.8340000000000001
11
5.6639999999999997
21
-3.8264999999999998
0
LINE
8
BLACK
6
CONTINUOUS
10
5.6639999999999997
20
-3.8264999999999998
11
5.7290000000000001
21
-3.8264999999999998
0
LINE
8
BLACK
6
CONTINUOUS
10
5.7290000000000001
20
-3.8264999999999998
11
5.7290000000000001
21
-3.8340000000000001
0
LINE
8
BLACK
6
CONTINUOUS
10
5.7290000000000001
20
-3.8340000000000001
11
5.8670708661417326
21
-3.8340000000000001
0
LINE
8
BLACK
6
CONTINUOUS
10
5.8670708661417326
20
-3.8340000000000001
11
5.8670708661417326
21
-3.7948267716535433
0
LINE
8
BLACK
6
CONTINUOUS
10
5.8670708661417326
20
-3.7948267716535433
11
6.0009291338582678
21
-3.7948267716535433
0
LINE
8
BLACK
6
CONTINUOUS
10
6.0009291338582678
20
-3.7948267716535433
11
6.0009291338582678
21
-3.8696299212598424
0
LINE
8
BLACK
6
CONTINUOUS
10
5.9134317322834642
20
-3.6179792519685039
11
5.9140175196850393
21
-3.619393464566929
0
LINE
8
BLACK
6
CONTINUOUS
10
5.9140175196850393
20
-3.619393464566929
11
5.9134317322834642
21
-3.6208076771653541
0
LINE
8
BLACK
6
CONTINUOUS
10
5.9134317322834642
20
-3.6208076771653541
11
5.9120175196850395
21
-3.6213934645669292
0
LINE
8
BLACK
6
CONTINUOUS
10
5.9120175196850395
20
-3.6213934645669292
11
5.8794849606299211
21
-3.6213934645669292
0
LINE
8
BLACK
6
CONTINUOUS
10
5.8794849606299211
20
-3.6213934645669292
11
5.8736693307086609
21
-3.6233320078740157
0
LINE
8
BLACK
6
CONTINUOUS
10
5.8736693307086609
20
-3.6233320078740157
11
5.8699560629921255
21
-3.6270452755905511
0
LINE
8
BLACK
6
CONTINUOUS
10
5.8699560629921255
20
-3.6270452755905511
11
5.868017519685039
21
-3.6328609055118108
0
LINE
8
BLACK
6
CONTINUOUS
10
5.868017519685039
20
-3.6328609055118108
11
5.868017519685039
21
-3.6369172834645669
0
LINE
8
BLACK
6
CONTINUOUS
10
5.868017519685039
20
-3.6369172834645669
11
5.8674317322834648
21
-3.638331496062992
0
LINE
8
BLACK
6
CONTINUOUS
10
5.8674317322834648
20
-3.638331496062992
11
5.8660175196850393
21
-3.6389172834645667
0
LINE
8
BLACK
6
CONTINUOUS
10
5.8660175196850393
20
-3.6389172834645667
11
5.8646033070866137
21
-3.638331496062992
0
LINE
8
BLACK
6
CONTINUOUS
10
5.8646033070866137
20
-3.638331496062992
11
5.8640175196850395
21
-3.6369172834645669
0
LINE
8
BLACK
6
CONTINUOUS
10
5.8640175196850395
20
-3.6369172834645669
11
5.8640175196850395
21
-3.632536338582677
0
LINE
8
BLACK
6
CONTINUOUS
10
5.8640175196850395
20
-3.632536338582677
11
5.8641434645669293
21
-3.6322322047244096
0
LINE
8
BLACK
6
CONTINUOUS
10
5.8641434645669293
20
-3.6322322047244096
11
5.8641201574803148
21
-3.6319038582677163
0
LINE
8
BLACK
6
CONTINUOUS
10
5.8641201574803148
20
-3.6319038582677163
11
5.8663106692913383
21
-3.6253324409448817
0
LINE
8
BLACK
6
CONTINUOUS
10
5.8663106692913383
20
-3.6253324409448817
11
5.8666156692913383
21
-3.6249807480314962
0
LINE
8
BLACK
6
CONTINUOUS
10
5.8666156692913383
20
-3.6249807480314962
11
5.8667938188976381
21
-3.6245507086614173
0
LINE
8
BLACK
6
CONTINUOUS
10
5.8667938188976381
20
-3.6245507086614173
11
5.8711747637795275
21
-3.6201697637795274
0
LINE
8
BLACK
6
CONTINUOUS
10
5.8711747637795275
20
-3.6201697637795274
11
5.871604803149606
21
-3.6199916141732285
0
LINE
8
BLACK
6
CONTINUOUS
10
5.871604803149606
20
-3.6199916141732285
11
5.8719564960629924
21
-3.6196866141732285
0
LINE
8
BLACK
6
CONTINUOUS
10
5.8719564960629924
20
-3.6196866141732285
11
5.8785279133858266
21
-3.6174961023622045
0
LINE
8
BLACK
6
CONTINUOUS
10
5.8785279133858266
20
-3.6174961023622045
11
5.8788562598425198
21
-3.617519409448819
0
LINE
8
BLACK
6
CONTINUOUS
10
5.8788562598425198
20
-3.617519409448819
11
5.8791603937007872
21
-3.6173934645669292
0
LINE
8
BLACK
6
CONTINUOUS
10
5.8791603937007872
20
-3.6173934645669292
11
5.9120175196850395
21
-3.6173934645669292
0
LINE
8
BLACK
6
CONTINUOUS
10
5.9120175196850395
20
-3.6173934645669292
11
5.9134317322834642
21
-3.6179792519685039
0
LINE
8
BLACK
6
CONTINUOUS
10
5.8386856692913387
20
-3.585000157480315
11
5.8391500393700788
21
-3.5850331889763778
0
LINE
8
BLACK
6
CONTINUOUS
10
5.8391500393700788
20
-3.5850331889763778
11
5.8435309842519683
21
-3.587223661417323
0
LINE
8
BLACK
6
CONTINUOUS
10
5.8435309842519683
20
-3.587223661417323
11
5.8437466535433069
21
-3.5874723228346457
0
LINE
8
BLACK
6
CONTINUOUS
10
5.8437466535433069
20
-3.5874723228346457
11
5.8440507874015744
21
-3.5875983070866142
0
LINE
8
BLACK
6
CONTINUOUS
10
5.8440507874015744
20
-3.5875983070866142
11
5.84624125984252
21
-3.5897887795275589
0
LINE
8
BLACK
6
CONTINUOUS
10
5.84624125984252
20
-3.5897887795275589
11
5.8463672047244097
21
-3.5900929133858268
0
LINE
8
BLACK
6
CONTINUOUS
10
5.8463672047244097
20
-3.5900929133858268
11
5.8466159055118112
21
-3.5903085826771655
0
LINE
8
BLACK
6
CONTINUOUS
10
5.8466159055118112
20
-3.5903085826771655
11
5.8488063779527559
21
-3.5946894881889762
0
LINE
8
BLACK
6
CONTINUOUS
10
5.8488063779527559
20
-3.5946894881889762
11
5.84883937007874
21
-3.5951538582677163
0
LINE
8
BLACK
6
CONTINUOUS
10
5.84883937007874
20
-3.5951538582677163
11
5.8490175196850389
21
-3.5955839370078739
0
LINE
8
BLACK
6
CONTINUOUS
10
5.8490175196850389
20
-3.5955839370078739
11
5.8490175196850389
21
-3.6065363385826772
0
LINE
8
BLACK
6
CONTINUOUS
10
5.8490175196850389
20
-3.6065363385826772
11
5.84883937007874
21
-3.6069663779527557
0
LINE
8
BLACK
6
CONTINUOUS
10
5.84883937007874
20
-3.6069663779527557
11
5.8488063779527559
21
-3.6074307874015745
0
LINE
8
BLACK
6
CONTINUOUS
10
5.8488063779527559
20
-3.6074307874015745
11
5.8466159055118112
21
-3.6118116929133857
0
LINE
8
BLACK
6
CONTINUOUS
10
5.8466159055118112
20
-3.6118116929133857
11
5.8463672047244097
21
-3.6120273228346456
0
LINE
8
BLACK
6
CONTINUOUS
10
5.8463672047244097
20
-3.6120273228346456
11
5.84624125984252
21
-3.6123314960629922
0
LINE
8
BLACK
6
CONTINUOUS
10
5.84624125984252
20
-3.6123314960629922
11
5.8440507874015744
21
-3.6145219685039369
0
LINE
8
BLACK
6
CONTINUOUS
10
5.8440507874015744
20
-3.6145219685039369
11
5.8426365748031497
21
-3.6151077559055116
0
LINE
8
BLACK
6
CONTINUOUS
10
5.8426365748031497
20
-3.6151077559055116
11
5.8412223622047241
21
-3.6145219685039369
0
LINE
8
BLACK
6
CONTINUOUS
10
5.8412223622047241
20
-3.6145219685039369
11
5.8406365748031499
21
-3.6131077559055118
0
LINE
8
BLACK
6
CONTINUOUS
10
5.8406365748031499
20
-3.6131077559055118
11
5.8412223622047241
21
-3.6116935433070867
0
LINE
8
BLACK
6
CONTINUOUS
10
5.8412223622047241
20
-3.6116935433070867
11
5.8431833464566925
21
-3.6097325590551179
0
LINE
8
BLACK
6
CONTINUOUS
10
5.8431833464566925
20
-3.6097325590551179
11
5.8450175196850394
21
-3.606064212598425
0
LINE
8
BLACK
6
CONTINUOUS
10
5.8450175196850394
20
-3.606064212598425
11
5.8450175196850394
21
-3.5960560629921261
0
LINE
8
BLACK
6
CONTINUOUS
10
5.8450175196850394
20
-3.5960560629921261
11
5.8431833464566925
21
-3.5923877165354332
0
LINE
8
BLACK
6
CONTINUOUS
10
5.8431833464566925
20
-3.5923877165354332
11
5.8414518503937005
21
-3.5906562204724408
0
LINE
8
BLACK
6
CONTINUOUS
10
5.8414518503937005
20
-3.5906562204724408
11
5.8377835039370076
21
-3.5888220472440944
0
LINE
8
BLACK
6
CONTINUOUS
10
5.8377835039370076
20
-3.5888220472440944
11
5.8341992519685038
21
-3.5888220472440944
0
LINE
8
BLACK
6
CONTINUOUS
10
5.8341992519685038
20
-3.5888220472440944
11
5.8283836220472436
21
-3.5907605511811025
0
LINE
8
BLACK
6
CONTINUOUS
10
5.8283836220472436
20
-3.5907605511811025
11
5.8024317322834644
21
-3.6167124409448816
0
LINE
8
BLACK
6
CONTINUOUS
10
5.8024317322834644
20
-3.6167124409448816
11
5.8010175196850389
21
-3.6172982283464568
0
LINE
8
BLACK
6
CONTINUOUS
10
5.8010175196850389
20
-3.6172982283464568
11
5.7996033070866142
21
-3.6167124409448816
0
LINE
8
BLACK
6
CONTINUOUS
10
5.7996033070866142
20
-3.6167124409448816
11
5.7990175196850391
21
-3.6152982283464565
0
LINE
8
BLACK
6
CONTINUOUS
10
5.7990175196850391
20
-3.6152982283464565
11
5.7990175196850391
21
-3.5868220472440946
0
LINE
8
BLACK
6
CONTINUOUS
10
5.7990175196850391
20
-3.5868220472440946
11
5.7996033070866142
21
-3.585407834645669
0
LINE
8
BLACK
6
CONTINUOUS
10
5.7996033070866142
20
-3.585407834645669
11
5.8010175196850389
21
-3.5848220472440944
0
LINE
8
BLACK
6
CONTINUOUS
10
5.8010175196850389
20
-3.5848220472440944
11
5.8024317322834644
21
-3.585407834645669
0
LINE
8
BLACK
6
CONTINUOUS
10
5.8024317322834644
20
-3.585407834645669
11
5.8030175196850395
21
-3.5868220472440946
0
LINE
8
BLACK
6
CONTINUOUS
10
5.8030175196850395
20
-3.5868220472440946
11
5.8030175196850395
21
-3.6104698031496061
0
LINE
8
BLACK
6
CONTINUOUS
10
5.8030175196850395
20
-3.6104698031496061
11
5.8258890551181102
21
-3.5875983070866142
0
LINE
8
BLACK
6
CONTINUOUS
10
5.8258890551181102
20
-3.5875983070866142
11
5.8263191338582674
21
-3.5874201181102361
0
LINE
8
BLACK
6
CONTINUOUS
10
5.8263191338582674
20
-3.5874201181102361
11
5.8266708267716538
21
-3.5871151574803148
0
LINE
8
BLACK
6
CONTINUOUS
10
5.8266708267716538
20
-3.5871151574803148
11
5.833242244094488
21
-3.5849246850393701
0
LINE
8
BLACK
6
CONTINUOUS
10
5.833242244094488
20
-3.5849246850393701
11
5.8335705511811025
21
-3.5849479921259841
0
LINE
8
BLACK
6
CONTINUOUS
10
5.8335705511811025
20
-3.5849479921259841
11
5.8338746850393699
21
-3.5848220472440944
0
LINE
8
BLACK
6
CONTINUOUS
10
5.8338746850393699
20
-3.5848220472440944
11
5.8382556299212593
21
-3.5848220472440944
0
LINE
8
BLACK
6
CONTINUOUS
10
5.8382556299212593
20
-3.5848220472440944
11
5.8386856692913387
21
-3.585000157480315
0
LINE
8
BLACK
6
CONTINUOUS
10
5.9126500000000002
20
-3.5868294488188974
11
5.9127628740157476
21
-3.5869273228346454
0
LINE
8
BLACK
6
CONTINUOUS
10
5.9127628740157476
20
-3.5869273228346454
11
5.9129119685039369
21
-3.5869379527559055
0
LINE
8
BLACK
6
CONTINUOUS
10
5.9129119685039369
20
-3.5869379527559055
11
5.9133274409448822
21
-3.5874170078740155
0
LINE
8
BLACK
6
CONTINUOUS
10
5.9133274409448822
20
-3.5874170078740155
11
5.9138063779527554
21
-3.5878324015748029
0
LINE
8
BLACK
6
CONTINUOUS
10
5.9138063779527554
20
-3.5878324015748029
11
5.9138169291338585
21
-3.5879814173228346
0
LINE
8
BLACK
6
CONTINUOUS
10
5.9138169291338585
20
-3.5879814173228346
11
5.9139149212598427
21
-3.58809437007874
0
LINE
8
BLACK
6
CONTINUOUS
10
5.9139149212598427
20
-3.58809437007874
11
5.9138699212598427
21
-3.5887269685039369
0
LINE
8
BLACK
6
CONTINUOUS
10
5.9138699212598427
20
-3.5887269685039369
11
5.913914881889764
21
-3.5893592519685038
0
LINE
8
BLACK
6
CONTINUOUS
10
5.913914881889764
20
-3.5893592519685038
11
5.9138169685039372
21
-3.5894721259842517
0
LINE
8
BLACK
6
CONTINUOUS
10
5.9138169685039372
20
-3.5894721259842517
11
5.9138063779527554
21
-3.5896212204724409
0
LINE
8
BLACK
6
CONTINUOUS
10
5.9138063779527554
20
-3.5896212204724409
11
5.9133274015748034
21
-3.5900366141732283
0
LINE
8
BLACK
6
CONTINUOUS
10
5.9133274015748034
20
-3.5900366141732283
11
5.9129119685039369
21
-3.5905156692913387
0
LINE
8
BLACK
6
CONTINUOUS
10
5.9129119685039369
20
-3.5905156692913387
11
5.9127628740157476
21
-3.5905262598425196
0
LINE
8
BLACK
6
CONTINUOUS
10
5.9127628740157476
20
-3.5905262598425196
11
5.9126500000000002
21
-3.5906241732283464
0
LINE
8
BLACK
6
CONTINUOUS
10
5.9126500000000002
20
-3.5906241732283464
11
5.8666499606299212
21
-3.6059574803149603
0
LINE
8
BLACK
6
CONTINUOUS
10
5.8666499606299212
20
-3.6059574803149603
11
5.8651231102362207
21
-3.6058489763779527
0
LINE
8
BLACK
6
CONTINUOUS
10
5.8651231102362207
20
-3.6058489763779527
11
5.8641201574803148
21
-3.6046925590551182
0
LINE
8
BLACK
6
CONTINUOUS
10
5.8641201574803148
20
-3.6046925590551182
11
5.8642286614173225
21
-3.6031657086614173
0
LINE
8
BLACK
6
CONTINUOUS
10
5.8642286614173225
20
-3.6031657086614173
11
5.8653850787401574
21
-3.6021627559055118
0
LINE
8
BLACK
6
CONTINUOUS
10
5.8653850787401574
20
-3.6021627559055118
11
5.8771603937007875
21
-3.5982376377952754
0
LINE
8
BLACK
6
CONTINUOUS
10
5.8771603937007875
20
-3.5982376377952754
11
5.8771603937007875
21
-3.5792159055118109
0
LINE
8
BLACK
6
CONTINUOUS
10
5.8771603937007875
20
-3.5792159055118109
11
5.8653850787401574
21
-3.5752908267716537
0
LINE
8
BLACK
6
CONTINUOUS
10
5.8653850787401574
20
-3.5752908267716537
11
5.8642286614173225
21
-3.5742878740157478
0
LINE
8
BLACK
6
CONTINUOUS
10
5.8642286614173225
20
-3.5742878740157478
11
5.8641201574803148
21
-3.5727610236220473
0
LINE
8
BLACK
6
CONTINUOUS
10
5.8641201574803148
20
-3.5727610236220473
11
5.8651231102362207
21
-3.5716046062992124
0
LINE
8
BLACK
6
CONTINUOUS
10
5.8651231102362207
20
-3.5716046062992124
11
5.8666499606299212
21
-3.5714961023622047
0
LINE
8
BLACK
6
CONTINUOUS
10
5.8666499606299212
20
-3.5714961023622047
11
5.9126500000000002
21
-3.5868294488188974
0
LINE
8
BLACK
6
CONTINUOUS
10
5.881160393700787
20
-3.5969042913385825
11
5.9056929527559054
21
-3.5887267716535431
0
LINE
8
BLACK
6
CONTINUOUS
10
5.9056929527559054
20
-3.5887267716535431
11
5.881160393700787
21
-3.5805492519685038
0
LINE
8
BLACK
6
CONTINUOUS
10
5.881160393700787
20
-3.5805492519685038
11
5.881160393700787
21
-3.5969042913385825
0
LINE
8
BLACK
6
CONTINUOUS
10
5.8297279921259841
20
-3.5411095275590552
11
5.8299788188976374
21
-3.541072244094488
0
LINE
8
BLACK
6
CONTINUOUS
10
5.8299788188976374
20
-3.541072244094488
11
5.8387406692913384
21
-3.5432627165354331
0
LINE
8
BLACK
6
CONTINUOUS
10
5.8387406692913384
20
-3.5432627165354331
11
5.8389232677165355
21
-3.5433979921259842
0
LINE
8
BLACK
6
CONTINUOUS
10
5.8389232677165355
20
-3.5433979921259842
11
5.8391500393700788
21
-3.5434141338582674
0
LINE
8
BLACK
6
CONTINUOUS
10
5.8391500393700788
20
-3.5434141338582674
11
5.8435309842519683
21
-3.5456046062992126
0
LINE
8
BLACK
6
CONTINUOUS
10
5.8435309842519683
20
-3.5456046062992126
11
5.8437466535433069
21
-3.5458532677165353
0
LINE
8
BLACK
6
CONTINUOUS
10
5.8437466535433069
20
-3.5458532677165353
11
5.8440507874015744
21
-3.5459792519685038
0
LINE
8
BLACK
6
CONTINUOUS
10
5.8440507874015744
20
-3.5459792519685038
11
5.84624125984252
21
-3.5481697244094486
0
LINE
8
BLACK
6
CONTINUOUS
10
5.84624125984252
20
-3.5481697244094486
11
5.8463672047244097
21
-3.5484738582677164
0
LINE
8
BLACK
6
CONTINUOUS
10
5.8463672047244097
20
-3.5484738582677164
11
5.8466159055118112
21
-3.5486895275590551
0
LINE
8
BLACK
6
CONTINUOUS
10
5.8466159055118112
20
-3.5486895275590551
11
5.8488063779527559
21
-3.5530704330708662
0
LINE
8
BLACK
6
CONTINUOUS
10
5.8488063779527559
20
-3.5530704330708662
11
5.84883937007874
21
-3.5535348031496063
0
LINE
8
BLACK
6
CONTINUOUS
10
5.84883937007874
20
-3.5535348031496063
11
5.8490175196850389
21
-3.5539648818897636
0
LINE
8
BLACK
6
CONTINUOUS
10
5.8490175196850389
20
-3.5539648818897636
11
5.8490175196850389
21
-3.5583458661417322
0
LINE
8
BLACK
6
CONTINUOUS
10
5.8490175196850389
20
-3.5583458661417322
11
5.84883937007874
21
-3.5587759055118111
0
LINE
8
BLACK
6
CONTINUOUS
10
5.84883937007874
20
-3.5587759055118111
11
5.8488063779527559
21
-3.55924031496063
0
LINE
8
BLACK
6
CONTINUOUS
10
5.8488063779527559
20
-3.55924031496063
11
5.8466159055118112
21
-3.5636212204724407
0
LINE
8
BLACK
6
CONTINUOUS
10
5.8466159055118112
20
-3.5636212204724407
11
5.8463672047244097
21
-3.5638368503937006
0
LINE
8
BLACK
6
CONTINUOUS
10
5.8463672047244097
20
-3.5638368503937006
11
5.84624125984252
21
-3.5641410236220472
0
LINE
8
BLACK
6
CONTINUOUS
10
5.84624125984252
20
-3.5641410236220472
11
5.8440507874015744
21
-3.5663314960629919
0
LINE
8
BLACK
6
CONTINUOUS
10
5.8440507874015744
20
-3.5663314960629919
11
5.8437466535433069
21
-3.5664574409448817
0
LINE
8
BLACK
6
CONTINUOUS
10
5.8437466535433069
20
-3.5664574409448817
11
5.8435309842519683
21
-3.5667061417322832
0
LINE
8
BLACK
6
CONTINUOUS
10
5.8435309842519683
20
-3.5667061417322832
11
5.8391500393700788
21
-3.5688966141732283
0
LINE
8
BLACK
6
CONTINUOUS
10
5.8391500393700788
20
-3.5688966141732283
11
5.8389232677165355
21
-3.5689127165354328
0
LINE
8
BLACK
6
CONTINUOUS
10
5.8389232677165355
20
-3.5689127165354328
11
5.8387406692913384
21
-3.5690480314960631
0
LINE
8
BLACK
6
CONTINUOUS
10
5.8387406692913384
20
-3.5690480314960631
11
5.8299788188976374
21
-3.5712385039370078
0
LINE
8
BLACK
6
CONTINUOUS
10
5.8299788188976374
20
-3.5712385039370078
11
5.8297279921259841
21
-3.5712011811023623
0
LINE
8
BLACK
6
CONTINUOUS
10
5.8297279921259841
20
-3.5712011811023623
11
5.8294937401574805
21
-3.5712982283464565
0
LINE
8
BLACK
6
CONTINUOUS
10
5.8294937401574805
20
-3.5712982283464565
11
5.8185413385826772
21
-3.5712982283464565
0
LINE
8
BLACK
6
CONTINUOUS
10
5.8185413385826772
20
-3.5712982283464565
11
5.8183070472440948
21
-3.5712011811023623
0
LINE
8
BLACK
6
CONTINUOUS
10
5.8183070472440948
20
-3.5712011811023623
11
5.8180562598425194
21
-3.5712385039370078
0
LINE
8
BLACK
6
CONTINUOUS
10
5.8180562598425194
20
-3.5712385039370078
11
5.8092943700787396
21
-3.5690480314960631
0
LINE
8
BLACK
6
CONTINUOUS
10
5.8092943700787396
20
-3.5690480314960631
11
5.8091117322834647
21
-3.5689127165354328
0
LINE
8
BLACK
6
CONTINUOUS
10
5.8091117322834647
20
-3.5689127165354328
11
5.8088850000000001
21
-3.5688966141732283
0
LINE
8
BLACK
6
CONTINUOUS
10
5.8088850000000001
20
-3.5688966141732283
11
5.8045040944881885
21
-3.5667061417322832
0
LINE
8
BLACK
6
CONTINUOUS
10
5.8045040944881885
20
-3.5667061417322832
11
5.8042884251968498
21
-3.5664574409448817
0
LINE
8
BLACK
6
CONTINUOUS
10
5.8042884251968498
20
-3.5664574409448817
11
5.8039842913385824
21
-3.5663314960629919
0
LINE
8
BLACK
6
CONTINUOUS
10
5.8039842913385824
20
-3.5663314960629919
11
5.8017938188976377
21
-3.5641410236220472
0
LINE
8
BLACK
6
CONTINUOUS
10
5.8017938188976377
20
-3.5641410236220472
11
5.8016678346456692
21
-3.5638369291338581
0
LINE
8
BLACK
6
CONTINUOUS
10
5.8016678346456692
20
-3.5638369291338581
11
5.8014191732283464
21
-3.5636212598425194
0
LINE
8
BLACK
6
CONTINUOUS
10
5.8014191732283464
20
-3.5636212598425194
11
5.799228661417323
21
-3.55924031496063
0
LINE
8
BLACK
6
CONTINUOUS
10
5.799228661417323
20
-3.55924031496063
11
5.7991956299212601
21
-3.5587759055118111
0
LINE
8
BLACK
6
CONTINUOUS
10
5.7991956299212601
20
-3.5587759055118111
11
5.7990175196850391
21
-3.5583458661417322
0
LINE
8
BLACK
6
CONTINUOUS
10
5.7990175196850391
20
-3.5583458661417322
11
5.7990175196850391
21
-3.5539648818897636
0
LINE
8
BLACK
6
CONTINUOUS
10
5.7990175196850391
20
-3.5539648818897636
11
5.7991956299212601
21
-3.5535348031496063
0
LINE
8
BLACK
6
CONTINUOUS
10
5.7991956299212601
20
-3.5535348031496063
11
5.799228661417323
21
-3.5530704330708662
0
LINE
8
BLACK
6
CONTINUOUS
10
5.799228661417323
20
-3.5530704330708662
11
5.8014191732283464
21
-3.5486894881889763
0
LINE
8
BLACK
6
CONTINUOUS
10
5.8014191732283464
20
-3.5486894881889763
11
5.8016678346456692
21
-3.5484737795275589
0
LINE
8
BLACK
6
CONTINUOUS
10
5.8016678346456692
20
-3.5484737795275589
11
5.8017938188976377
21
-3.5481697244094486
0
LINE
8
BLACK
6
CONTINUOUS
10
5.8017938188976377
20
-3.5481697244094486
11
5.8039842913385824
21
-3.5459792519685038
0
LINE
8
BLACK
6
CONTINUOUS
10
5.8039842913385824
20
-3.5459792519685038
11
5.8042884251968498
21
-3.5458532677165353
0
LINE
8
BLACK
6
CONTINUOUS
10
5.8042884251968498
20
-3.5458532677165353
11
5.8045040944881885
21
-3.5456046062992126
0
LINE
8
BLACK
6
CONTINUOUS
10
5.8045040944881885
20
-3.5456046062992126
11
5.8088850000000001
21
-3.5434141338582674
0
LINE
8
BLACK
6
CONTINUOUS
10
5.8088850000000001
20
-3.5434141338582674
11
5.8091117322834647
21
-3.5433979921259842
0
LINE
8
BLACK
6
CONTINUOUS
10
5.8091117322834647
20
-3.5433979921259842
11
5.8092943700787396
21
-3.5432627165354331
0
LINE
8
BLACK
6
CONTINUOUS
10
5.8092943700787396
20
-3.5432627165354331
11
5.8180562598425194
21
-3.541072244094488
0
LINE
8
BLACK
6
CONTINUOUS
10
5.8180562598425194
20
-3.541072244094488
11
5.8183070472440948
21
-3.5411095275590552
0
LINE
8
BLACK
6
CONTINUOUS
10
5.8183070472440948
20
-3.5411095275590552
11
5.8185413385826772
21
-3.5410125196850393
0
LINE
8
BLACK
6
CONTINUOUS
10
5.8185413385826772
20
-3.5410125196850393
11
5.8294937401574805
21
-3.5410125196850393
0
LINE
8
BLACK
6
CONTINUOUS
10
5.8294937401574805
20
-3.5410125196850393
11
5.8297279921259841
21
-3.5411095275590552
0
LINE
8
BLACK
6
CONTINUOUS
10
5.8104775196850396
20
-3.5470899999999999
11
5.8065832283464562
21
-3.5490371653543304
0
LINE
8
BLACK
6
CONTINUOUS
10
5.8065832283464562
20
-3.5490371653543304
11
5.8048517322834643
21
-3.5507686220472441
0
LINE
8
BLACK
6
CONTINUOUS
10
5.8048517322834643
20
-3.5507686220472441
11
5.8030175196850395
21
-3.5544370472440945
0
LINE
8
BLACK
6
CONTINUOUS
10
5.8030175196850395
20
-3.5544370472440945
11
5.8030175196850395
21
-3.557873661417323
0
LINE
8
BLACK
6
CONTINUOUS
10
5.8030175196850395
20
-3.557873661417323
11
5.8048517322834643
21
-3.5615420866141729
0
LINE
8
BLACK
6
CONTINUOUS
10
5.8048517322834643
20
-3.5615420866141729
11
5.8065832283464562
21
-3.5632735826771653
0
LINE
8
BLACK
6
CONTINUOUS
10
5.8065832283464562
20
-3.5632735826771653
11
5.8104775196850396
21
-3.5652207086614172
0
LINE
8
BLACK
6
CONTINUOUS
10
5.8104775196850396
20
-3.5652207086614172
11
5.8187874803149606
21
-3.5672982283464565
0
LINE
8
BLACK
6
CONTINUOUS
10
5.8187874803149606
20
-3.5672982283464565
11
5.8292475590551183
21
-3.5672982283464565
0
LINE
8
BLACK
6
CONTINUOUS
10
5.8292475590551183
20
-3.5672982283464565
11
5.8375575196850393
21
-3.5652207086614172
0
LINE
8
BLACK
6
CONTINUOUS
10
5.8375575196850393
20
-3.5652207086614172
11
5.8414518503937005
21
-3.5632735433070866
0
LINE
8
BLACK
6
CONTINUOUS
10
5.8414518503937005
20
-3.5632735433070866
11
5.8431833464566925
21
-3.5615420866141729
0
LINE
8
BLACK
6
CONTINUOUS
10
5.8431833464566925
20
-3.5615420866141729
11
5.8450175196850394
21
-3.55787374015748
0
LINE
8
BLACK
6
CONTINUOUS
10
5.8450175196850394
20
-3.55787374015748
11
5.8450175196850394
21
-3.5544370078740157
0
LINE
8
BLACK
6
CONTINUOUS
10
5.8450175196850394
20
-3.5544370078740157
11
5.8431833464566925
21
-3.5507686614173228
0
LINE
8
BLACK
6
CONTINUOUS
10
5.8431833464566925
20
-3.5507686614173228
11
5.8414518503937005
21
-3.5490371653543304
0
LINE
8
BLACK
6
CONTINUOUS
10
5.8414518503937005
20
-3.5490371653543304
11
5.8375575196850393
21
-3.5470899999999999
0
LINE
8
BLACK
6
CONTINUOUS
10
5.8375575196850393
20
-3.5470899999999999
11
5.8292475590551183
21
-3.5450125196850393
0
LINE
8
BLACK
6
CONTINUOUS
10
5.8292475590551183
20
-3.5450125196850393
11
5.8187874803149606
21
-3.5450125196850393
0
LINE
8
BLACK
6
CONTINUOUS
10
5.8187874803149606
20
-3.5450125196850393
11
5.8104775196850396
21
-3.5470899999999999
0
LINE
8
BLACK
6
CONTINUOUS
10
5.9090507874015747
20
-3.5303601968503937
11
5.9112412598425195
21
-3.5325506692913384
0
LINE
8
BLACK
6
CONTINUOUS
10
5.9112412598425195
20
-3.5325506692913384
11
5.9114194094488184
21
-3.5329807480314961
0
LINE
8
BLACK
6
CONTINUOUS
10
5.9114194094488184
20
-3.5329807480314961
11
5.9117244094488184
21
-3.5333324409448816
0
LINE
8
BLACK
6
CONTINUOUS
10
5.9117244094488184
20
-3.5333324409448816
11
5.913914881889764
21
-3.5399038582677163
0
LINE
8
BLACK
6
CONTINUOUS
10
5.913914881889764
20
-3.5399038582677163
11
5.9138915354330708
21
-3.5402321653543307
0
LINE
8
BLACK
6
CONTINUOUS
10
5.9138915354330708
20
-3.5402321653543307
11
5.9140175196850393
21
-3.5405362992125982
0
LINE
8
BLACK
6
CONTINUOUS
10
5.9140175196850393
20
-3.5405362992125982
11
5.9140175196850393
21
-3.5449172440944881
0
LINE
8
BLACK
6
CONTINUOUS
10
5.9140175196850393
20
-3.5449172440944881
11
5.9138915354330708
21
-3.5452213385826772
0
LINE
8
BLACK
6
CONTINUOUS
10
5.9138915354330708
20
-3.5452213385826772
11
5.913914881889764
21
-3.54554968503937
0
LINE
8
BLACK
6
CONTINUOUS
10
5.913914881889764
20
-3.54554968503937
11
5.9117244094488184
21
-3.5521211417322833
0
LINE
8
BLACK
6
CONTINUOUS
10
5.9117244094488184
20
-3.5521211417322833
11
5.9114193700787396
21
-3.5524727952755906
0
LINE
8
BLACK
6
CONTINUOUS
10
5.9114193700787396
20
-3.5524727952755906
11
5.9112412598425195
21
-3.5529029133858265
0
LINE
8
BLACK
6
CONTINUOUS
10
5.9112412598425195
20
-3.5529029133858265
11
5.90686031496063
21
-3.5572838582677164
0
LINE
8
BLACK
6
CONTINUOUS
10
5.90686031496063
20
-3.5572838582677164
11
5.9065561811023617
21
-3.5574098031496062
0
LINE
8
BLACK
6
CONTINUOUS
10
5.9065561811023617
20
-3.5574098031496062
11
5.9063405118110239
21
-3.5576585039370077
0
LINE
8
BLACK
6
CONTINUOUS
10
5.9063405118110239
20
-3.5576585039370077
11
5.9019595669291336
21
-3.5598489763779528
0
LINE
8
BLACK
6
CONTINUOUS
10
5.9019595669291336
20
-3.5598489763779528
11
5.9017327952755902
21
-3.5598650787401573
0
LINE
8
BLACK
6
CONTINUOUS
10
5.9017327952755902
20
-3.5598650787401573
11
5.9015501968503932
21
-3.5600003937007871
0
LINE
8
BLACK
6
CONTINUOUS
10
5.9015501968503932
20
-3.5600003937007871
11
5.892788346456693
21
-3.5621908661417323
0
LINE
8
BLACK
6
CONTINUOUS
10
5.892788346456693
20
-3.5621908661417323
11
5.8925375196850389
21
-3.5621535433070863
0
LINE
8
BLACK
6
CONTINUOUS
10
5.8925375196850389
20
-3.5621535433070863
11
5.8923032677165352
21
-3.562250590551181
0
LINE
8
BLACK
6
CONTINUOUS
10
5.8923032677165352
20
-3.562250590551181
11
5.8857318110236223
21
-3.562250590551181
0
LINE
8
BLACK
6
CONTINUOUS
10
5.8857318110236223
20
-3.562250590551181
11
5.885497519685039
21
-3.5621535433070863
0
LINE
8
BLACK
6
CONTINUOUS
10
5.885497519685039
20
-3.5621535433070863
11
5.8852467322834645
21
-3.5621908661417323
0
LINE
8
BLACK
6
CONTINUOUS
10
5.8852467322834645
20
-3.5621908661417323
11
5.8764848425196847
21
-3.5600003937007871
0
LINE
8
BLACK
6
CONTINUOUS
10
5.8764848425196847
20
-3.5600003937007871
11
5.8763022047244089
21
-3.5598650787401573
0
LINE
8
BLACK
6
CONTINUOUS
10
5.8763022047244089
20
-3.5598650787401573
11
5.8760754724409452
21
-3.5598489763779528
0
LINE
8
BLACK
6
CONTINUOUS
10
5.8760754724409452
20
-3.5598489763779528
11
5.8716945669291336
21
-3.5576585039370077
0
LINE
8
BLACK
6
CONTINUOUS
10
5.8716945669291336
20
-3.5576585039370077
11
5.871478897637795
21
-3.5574098031496062
0
LINE
8
BLACK
6
CONTINUOUS
10
5.871478897637795
20
-3.5574098031496062
11
5.8711747637795275
21
-3.5572838582677164
0
LINE
8
BLACK
6
CONTINUOUS
10
5.8711747637795275
20
-3.5572838582677164
11
5.8667938188976381
21
-3.5529029133858265
0
LINE
8
BLACK
6
CONTINUOUS
10
5.8667938188976381
20
-3.5529029133858265
11
5.8666156299212595
21
-3.5524727952755906
0
LINE
8
BLACK
6
CONTINUOUS
10
5.8666156299212595
20
-3.5524727952755906
11
5.8663106692913383
21
-3.5521211417322833
0
LINE
8
BLACK
6
CONTINUOUS
10
5.8663106692913383
20
-3.5521211417322833
11
5.8641201574803148
21
-3.5455497244094487
0
LINE
8
BLACK
6
CONTINUOUS
10
5.8641201574803148
20
-3.5455497244094487
11
5.8641434645669293
21
-3.5452213385826772
0
LINE
8
BLACK
6
CONTINUOUS
10
5.8641434645669293
20
-3.5452213385826772
11
5.8640175196850395
21
-3.5449172440944881
0
LINE
8
BLACK
6
CONTINUOUS
10
5.8640175196850395
20
-3.5449172440944881
11
5.8640175196850395
21
-3.5405362992125982
0
LINE
8
BLACK
6
CONTINUOUS
10
5.8640175196850395
20
-3.5405362992125982
11
5.8641434645669293
21
-3.5402321653543307
0
LINE
8
BLACK
6
CONTINUOUS
10
5.8641434645669293
20
-3.5402321653543307
11
5.8641201574803148
21
-3.5399038188976375
0
LINE
8
BLACK
6
CONTINUOUS
10
5.8641201574803148
20
-3.5399038188976375
11
5.8663106692913383
21
-3.5333324015748029
0
LINE
8
BLACK
6
CONTINUOUS
10
5.8663106692913383
20
-3.5333324015748029
11
5.8666156692913383
21
-3.5329807086614173
0
LINE
8
BLACK
6
CONTINUOUS
10
5.8666156692913383
20
-3.5329807086614173
11
5.8667938188976381
21
-3.5325506692913384
0
LINE
8
BLACK
6
CONTINUOUS
10
5.8667938188976381
20
-3.5325506692913384
11
5.8689842913385828
21
-3.5303601968503937
0
LINE
8
BLACK
6
CONTINUOUS
10
5.8689842913385828
20
-3.5303601968503937
11
5.8703985039370075
21
-3.529774409448819
0
LINE
8
BLACK
6
CONTINUOUS
10
5.8703985039370075
20
-3.529774409448819
11
5.871812716535433
21
-3.5303601968503937
0
LINE
8
BLACK
6
CONTINUOUS
10
5.871812716535433
20
-3.5303601968503937
11
5.8723985039370081
21
-3.5317744094488188
0
LINE
8
BLACK
6
CONTINUOUS
10
5.8723985039370081
20
-3.5317744094488188
11
5.871812716535433
21
-3.5331886220472439
0
LINE
8
BLACK
6
CONTINUOUS
10
5.871812716535433
20
-3.5331886220472439
11
5.8699560629921255
21
-3.5350452362204723
0
LINE
8
BLACK
6
CONTINUOUS
10
5.8699560629921255
20
-3.5350452362204723
11
5.868017519685039
21
-3.540860866141732
0
LINE
8
BLACK
6
CONTINUOUS
10
5.868017519685039
20
-3.540860866141732
11
5.868017519685039
21
-3.5445926377952754
0
LINE
8
BLACK
6
CONTINUOUS
10
5.868017519685039
20
-3.5445926377952754
11
5.8699560629921255
21
-3.5504083070866139
0
LINE
8
BLACK
6
CONTINUOUS
10
5.8699560629921255
20
-3.5504083070866139
11
5.8737737007874014
21
-3.5542259448818898
0
LINE
8
BLACK
6
CONTINUOUS
10
5.8737737007874014
20
-3.5542259448818898
11
5.8776679921259838
21
-3.5561730708661417
0
LINE
8
BLACK
6
CONTINUOUS
10
5.8776679921259838
20
-3.5561730708661417
11
5.8859779527559057
21
-3.558250590551181
0
LINE
8
BLACK
6
CONTINUOUS
10
5.8859779527559057
20
-3.558250590551181
11
5.892057086614173
21
-3.558250590551181
0
LINE
8
BLACK
6
CONTINUOUS
10
5.892057086614173
20
-3.558250590551181
11
5.9003670472440941
21
-3.5561730708661417
0
LINE
8
BLACK
6
CONTINUOUS
10
5.9003670472440941
20
-3.5561730708661417
11
5.9042613779527562
21
-3.5542259055118111
0
LINE
8
BLACK
6
CONTINUOUS
10
5.9042613779527562
20
-3.5542259055118111
11
5.9080789763779524
21
-3.5504083070866139
0
LINE
8
BLACK
6
CONTINUOUS
10
5.9080789763779524
20
-3.5504083070866139
11
5.9100175196850389
21
-3.5445926771653542
0
LINE
8
BLACK
6
CONTINUOUS
10
5.9100175196850389
20
-3.5445926771653542
11
5.9100175196850389
21
-3.5408608267716533
0
LINE
8
BLACK
6
CONTINUOUS
10
5.9100175196850389
20
-3.5408608267716533
11
5.9080789763779524
21
-3.5350452362204723
0
LINE
8
BLACK
6
CONTINUOUS
10
5.9080789763779524
20
-3.5350452362204723
11
5.9062223622047245
21
-3.5331886220472439
0
LINE
8
BLACK
6
CONTINUOUS
10
5.9062223622047245
20
-3.5331886220472439
11
5.9056365748031494
21
-3.5317744094488188
0
LINE
8
BLACK
6
CONTINUOUS
10
5.9056365748031494
20
-3.5317744094488188
11
5.9062223622047245
21
-3.5303601968503937
0
LINE
8
BLACK
6
CONTINUOUS
10
5.9062223622047245
20
-3.5303601968503937
11
5.9076365748031492
21
-3.529774409448819
0
LINE
8
BLACK
6
CONTINUOUS
10
5.9076365748031492
20
-3.529774409448819
11
5.9090507874015747
21
-3.5303601968503937
0
LINE
8
BLACK
6
CONTINUOUS
10
5.8024317322834644
20
-3.4977887795275588
11
5.8030175196850395
21
-3.499202992125984
0
LINE
8
BLACK
6
CONTINUOUS
10
5.8030175196850395
20
-3.499202992125984
11
5.8030175196850395
21
-3.5103458661417322
0
LINE
8
BLACK
6
CONTINUOUS
10
5.8030175196850395
20
-3.5103458661417322
11
5.8470175196850391
21
-3.5103458661417322
0
LINE
8
BLACK
6
CONTINUOUS
10
5.8470175196850391
20
-3.5103458661417322
11
5.8472077165354328
21
-3.5104246456692914
0
LINE
8
BLACK
6
CONTINUOUS
10
5.8472077165354328
20
-3.5104246456692914
11
5.8474097637795275
21
-3.5103846850393698
0
LINE
8
BLACK
6
CONTINUOUS
10
5.8474097637795275
20
-3.5103846850393698
11
5.8478937401574802
21
-3.5107087795275591
0
LINE
8
BLACK
6
CONTINUOUS
10
5.8478937401574802
20
-3.5107087795275591
11
5.8484317322834647
21
-3.5109316535433068
0
LINE
8
BLACK
6
CONTINUOUS
10
5.8484317322834647
20
-3.5109316535433068
11
5.8485105118110239
21
-3.5111218503937005
0
LINE
8
BLACK
6
CONTINUOUS
10
5.8485105118110239
20
-3.5111218503937005
11
5.8486816141732278
21
-3.5112364566929135
0
LINE
8
BLACK
6
CONTINUOUS
10
5.8486816141732278
20
-3.5112364566929135
11
5.8487946456692912
21
-3.5118077952755904
0
LINE
8
BLACK
6
CONTINUOUS
10
5.8487946456692912
20
-3.5118077952755904
11
5.8490175196850389
21
-3.5123458661417324
0
LINE
8
BLACK
6
CONTINUOUS
10
5.8490175196850389
20
-3.5123458661417324
11
5.8489387007874019
21
-3.5125360629921261
0
LINE
8
BLACK
6
CONTINUOUS
10
5.8489387007874019
20
-3.5125360629921261
11
5.8489787007874012
21
-3.5127381102362203
0
LINE
8
BLACK
6
CONTINUOUS
10
5.8489787007874012
20
-3.5127381102362203
11
5.8486545669291337
21
-3.513222086614173
0
LINE
8
BLACK
6
CONTINUOUS
10
5.8486545669291337
20
-3.513222086614173
11
5.8484317322834647
21
-3.5137600787401575
0
LINE
8
BLACK
6
CONTINUOUS
10
5.8484317322834647
20
-3.5137600787401575
11
5.8482414960629923
21
-3.5138388582677162
0
LINE
8
BLACK
6
CONTINUOUS
10
5.8482414960629923
20
-3.5138388582677162
11
5.8481269291338585
21
-3.5140099606299211
0
LINE
8
BLACK
6
CONTINUOUS
10
5.8481269291338585
20
-3.5140099606299211
11
5.8417202755905508
21
-3.5182810629921257
0
LINE
8
BLACK
6
CONTINUOUS
10
5.8417202755905508
20
-3.5182810629921257
11
5.8377088582677166
21
-3.5222924409448817
0
LINE
8
BLACK
6
CONTINUOUS
10
5.8377088582677166
20
-3.5222924409448817
11
5.8356635433070867
21
-3.5263831102362202
0
LINE
8
BLACK
6
CONTINUOUS
10
5.8356635433070867
20
-3.5263831102362202
11
5.8345071259842518
21
-3.5273860629921261
0
LINE
8
BLACK
6
CONTINUOUS
10
5.8345071259842518
20
-3.5273860629921261
11
5.8329802755905513
21
-3.527277559055118
0
LINE
8
BLACK
6
CONTINUOUS
10
5.8329802755905513
20
-3.527277559055118
11
5.8319773228346454
21
-3.5261211417322835
0
LINE
8
BLACK
6
CONTINUOUS
10
5.8319773228346454
20
-3.5261211417322835
11
5.8320858267716531
21
-3.5245942913385826
0
LINE
8
BLACK
6
CONTINUOUS
10
5.8320858267716531
20
-3.5245942913385826
11
5.8342762992125987
21
-3.5202133464566927
0
LINE
8
BLACK
6
CONTINUOUS
10
5.8342762992125987
20
-3.5202133464566927
11
5.8345249606299214
21
-3.5199976377952753
0
LINE
8
BLACK
6
CONTINUOUS
10
5.8345249606299214
20
-3.5199976377952753
11
5.83465094488189
21
-3.5196935433070866
0
LINE
8
BLACK
6
CONTINUOUS
10
5.83465094488189
20
-3.5196935433070866
11
5.8390318897637794
21
-3.5153125984251967
0
LINE
8
BLACK
6
CONTINUOUS
10
5.8390318897637794
20
-3.5153125984251967
11
5.8392220866141731
21
-3.5152337795275588
0
LINE
8
BLACK
6
CONTINUOUS
10
5.8392220866141731
20
-3.5152337795275588
11
5.8393366929133856
21
-3.5150627165354331
0
LINE
8
BLACK
6
CONTINUOUS
10
5.8393366929133856
20
-3.5150627165354331
11
5.8404119685039371
21
-3.5143458661417322
0
LINE
8
BLACK
6
CONTINUOUS
10
5.8404119685039371
20
-3.5143458661417322
11
5.8030175196850395
21
-3.5143458661417322
0
LINE
8
BLACK
6
CONTINUOUS
10
5.8030175196850395
20
-3.5143458661417322
11
5.8030175196850395
21
-3.5254887007874016
0
LINE
8
BLACK
6
CONTINUOUS
10
5.8030175196850395
20
-3.5254887007874016
11
5.8024317322834644
21
-3.5269029133858267
0
LINE
8
BLACK
6
CONTINUOUS
10
5.8024317322834644
20
-3.5269029133858267
11
5.8010175196850389
21
-3.5274887007874014
0
LINE
8
BLACK
6
CONTINUOUS
10
5.8010175196850389
20
-3.5274887007874014
11
5.7996033070866142
21
-3.5269029133858267
0
LINE
8
BLACK
6
CONTINUOUS
10
5.7996033070866142
20
-3.5269029133858267
11
5.7990175196850391
21
-3.5254887007874016
0
LINE
8
BLACK
6
CONTINUOUS
10
5.7990175196850391
20
-3.5254887007874016
11
5.7990175196850391
21
-3.499202992125984
0
LINE
8
BLACK
6
CONTINUOUS
10
5.7990175196850391
20
-3.499202992125984
11
5.7996033070866142
21
-3.4977887795275588
0
LINE
8
BLACK
6
CONTINUOUS
10
5.7996033070866142
20
-3.4977887795275588
11
5.8010175196850389
21
-3.4972029921259842
0
LINE
8
BLACK
6
CONTINUOUS
10
5.8010175196850389
20
-3.4972029921259842
11
5.8024317322834644
21
-3.4977887795275588
0
LINE
8
BLACK
6
CONTINUOUS
10
5.9134317322834642
20
-3.4843601968503934
11
5.9140175196850393
21
-3.485774409448819
0
LINE
8
BLACK
6
CONTINUOUS
10
5.9140175196850393
20
-3.485774409448819
11
5.9134317322834642
21
-3.4871886220472441
0
LINE
8
BLACK
6
CONTINUOUS
10
5.9134317322834642
20
-3.4871886220472441
11
5.9120175196850395
21
-3.4877744094488188
0
LINE
8
BLACK
6
CONTINUOUS
10
5.9120175196850395
20
-3.4877744094488188
11
5.8921127559055115
21
-3.4877744094488188
0
LINE
8
BLACK
6
CONTINUOUS
10
5.8921127559055115
20
-3.4877744094488188
11
5.8921127559055115
21
-3.510060118110236
0
LINE
8
BLACK
6
CONTINUOUS
10
5.8921127559055115
20
-3.510060118110236
11
5.9120175196850395
21
-3.510060118110236
0
LINE
8
BLACK
6
CONTINUOUS
10
5.9120175196850395
20
-3.510060118110236
11
5.9134317322834642
21
-3.5106459055118111
0
LINE
8
BLACK
6
CONTINUOUS
10
5.9134317322834642
20
-3.5106459055118111
11
5.9140175196850393
21
-3.5120601181102362
0
LINE
8
BLACK
6
CONTINUOUS
10
5.9140175196850393
20
-3.5120601181102362
11
5.9134317322834642
21
-3.5134743307086613
0
LINE
8
BLACK
6
CONTINUOUS
10
5.9134317322834642
20
-3.5134743307086613
11
5.9120175196850395
21
-3.514060118110236
0
LINE
8
BLACK
6
CONTINUOUS
10
5.9120175196850395
20
-3.514060118110236
11
5.8901127559055118
21
-3.514060118110236
0
LINE
8
BLACK
6
CONTINUOUS
10
5.8901127559055118
20
-3.514060118110236
11
5.8660175196850393
21
-3.514060118110236
0
LINE
8
BLACK
6
CONTINUOUS
10
5.8660175196850393
20
-3.514060118110236
11
5.8646033070866137
21
-3.5134743307086613
0
LINE
8
BLACK
6
CONTINUOUS
10
5.8646033070866137
20
-3.5134743307086613
11
5.8640175196850395
21
-3.5120601181102362
0
LINE
8
BLACK
6
CONTINUOUS
10
5.8640175196850395
20
-3.5120601181102362
11
5.8646033070866137
21
-3.5106459055118111
0
LINE
8
BLACK
6
CONTINUOUS
10
5.8646033070866137
20
-3.5106459055118111
11
5.8660175196850393
21
-3.510060118110236
0
LINE
8
BLACK
6
CONTINUOUS
10
5.8660175196850393
20
-3.510060118110236
11
5.888112755905512
21
-3.510060118110236
0
LINE
8
BLACK
6
CONTINUOUS
10
5.888112755905512
20
-3.510060118110236
11
5.888112755905512
21
-3.4877744094488188
0
LINE
8
BLACK
6
CONTINUOUS
10
5.888112755905512
20
-3.4877744094488188
11
5.8660175196850393
21
-3.4877744094488188
0
LINE
8
BLACK
6
CONTINUOUS
10
5.8660175196850393
20
-3.4877744094488188
11
5.8646033070866137
21
-3.4871886220472441
0
LINE
8
BLACK
6
CONTINUOUS
10
5.8646033070866137
20
-3.4871886220472441
11
5.8640175196850395
21
-3.485774409448819
0
LINE
8
BLACK
6
CONTINUOUS
10
5.8640175196850395
20
-3.485774409448819
11
5.8646033070866137
21
-3.4843601968503934
0
LINE
8
BLACK
6
CONTINUOUS
10
5.8646033070866137
20
-3.4843601968503934
11
5.8660175196850393
21
-3.4837744094488188
0
LINE
8
BLACK
6
CONTINUOUS
10
5.8660175196850393
20
-3.4837744094488188
11
5.9120175196850395
21
-3.4837744094488188
0
LINE
8
BLACK
6
CONTINUOUS
10
5.9120175196850395
20
-3.4837744094488188
11
5.9134317322834642
21
-3.4843601968503934
0
LINE
8
BLACK
6
CONTINUOUS
10
5.8211618503937004
20
-3.4535715748031497
11
5.8216262204724405
21
-3.4536046062992125
0
LINE
8
BLACK
6
CONTINUOUS
10
5.8216262204724405
20
-3.4536046062992125
11
5.8260071653543308
21
-3.4557950787401572
0
LINE
8
BLACK
6
CONTINUOUS
10
5.8260071653543308
20
-3.4557950787401572
11
5.8262228346456695
21
-3.4560437401574804
0
LINE
8
BLACK
6
CONTINUOUS
10
5.8262228346456695
20
-3.4560437401574804
11
5.8265269685039369
21
-3.4561697244094489
0
LINE
8
BLACK
6
CONTINUOUS
10
5.8265269685039369
20
-3.4561697244094489
11
5.8287174803149604
21
-3.4583601968503936
0
LINE
8
BLACK
6
CONTINUOUS
10
5.8287174803149604
20
-3.4583601968503936
11
5.8288434251968502
21
-3.4586643307086615
0
LINE
8
BLACK
6
CONTINUOUS
10
5.8288434251968502
20
-3.4586643307086615
11
5.8290921259842516
21
-3.4588799999999997
0
LINE
8
BLACK
6
CONTINUOUS
10
5.8290921259842516
20
-3.4588799999999997
11
5.8312825984251964
21
-3.4632609055118109
0
LINE
8
BLACK
6
CONTINUOUS
10
5.8312825984251964
20
-3.4632609055118109
11
5.8313155905511813
21
-3.463725275590551
0
LINE
8
BLACK
6
CONTINUOUS
10
5.8313155905511813
20
-3.463725275590551
11
5.8314937401574802
21
-3.4641553543307086
0
LINE
8
BLACK
6
CONTINUOUS
10
5.8314937401574802
20
-3.4641553543307086
11
5.8314937401574802
21
-3.4663192519685038
0
LINE
8
BLACK
6
CONTINUOUS
10
5.8314937401574802
20
-3.4663192519685038
11
5.8457005118110237
21
-3.453888307086614
0
LINE
8
BLACK
6
CONTINUOUS
10
5.8457005118110237
20
-3.453888307086614
11
5.8463674015748026
21
-3.4536627165354328
0
LINE
8
BLACK
6
CONTINUOUS
10
5.8463674015748026
20
-3.4536627165354328
11
5.8470175196850391
21
-3.4533934645669291
0
LINE
8
BLACK
6
CONTINUOUS
10
5.8470175196850391
20
-3.4533934645669291
11
5.8470831496062994
21
-3.45342062992126
0
LINE
8
BLACK
6
CONTINUOUS
10
5.8470831496062994
20
-3.45342062992126
11
5.8471505511811026
21
-3.453397874015748
0
LINE
8
BLACK
6
CONTINUOUS
10
5.8471505511811026
20
-3.453397874015748
11
5.8477815748031494
21
-3.4537099212598426
0
LINE
8
BLACK
6
CONTINUOUS
10
5.8477815748031494
20
-3.4537099212598426
11
5.8484317322834647
21
-3.4539792519685037
0
LINE
8
BLACK
6
CONTINUOUS
10
5.8484317322834647
20
-3.4539792519685037
11
5.8484589370078739
21
-3.4540449212598423
0
LINE
8
BLACK
6
CONTINUOUS
10
5.8484589370078739
20
-3.4540449212598423
11
5.848522677165354
21
-3.4540764566929134
0
LINE
8
BLACK
6
CONTINUOUS
10
5.848522677165354
20
-3.4540764566929134
11
5.8487482283464569
21
-3.4547433464566928
0
LINE
8
BLACK
6
CONTINUOUS
10
5.8487482283464569
20
-3.4547433464566928
11
5.8490175196850389
21
-3.4553934645669289
0
LINE
8
BLACK
6
CONTINUOUS
10
5.8490175196850389
20
-3.4553934645669289
11
5.8490175196850389
21
-3.4838696456692912
0
LINE
8
BLACK
6
CONTINUOUS
10
5.8490175196850389
20
-3.4838696456692912
11
5.8484317322834647
21
-3.4852838582677164
0
LINE
8
BLACK
6
CONTINUOUS
10
5.8484317322834647
20
-3.4852838582677164
11
5.8470175196850391
21
-3.4858696456692915
0
LINE
8
BLACK
6
CONTINUOUS
10
5.8470175196850391
20
-3.4858696456692915
11
5.8456033070866145
21
-3.4852838582677164
0
LINE
8
BLACK
6
CONTINUOUS
10
5.8456033070866145
20
-3.4852838582677164
11
5.8450175196850394
21
-3.4838696456692912
0
LINE
8
BLACK
6
CONTINUOUS
10
5.8450175196850394
20
-3.4838696456692912
11
5.8450175196850394
21
-3.4598009842519684
0
LINE
8
BLACK
6
CONTINUOUS
10
5.8450175196850394
20
-3.4598009842519684
11
5.8308107480314959
21
-3.4722319685039369
0
LINE
8
BLACK
6
CONTINUOUS
10
5.8308107480314959
20
-3.4722319685039369
11
5.8301440551181098
21
-3.4724574015748031
0
LINE
8
BLACK
6
CONTINUOUS
10
5.8301440551181098
20
-3.4724574015748031
11
5.8294937401574805
21
-3.4727268110236218
0
LINE
8
BLACK
6
CONTINUOUS
10
5.8294937401574805
20
-3.4727268110236218
11
5.8294280314960627
21
-3.4726995669291338
0
LINE
8
BLACK
6
CONTINUOUS
10
5.8294280314960627
20
-3.4726995669291338
11
5.829360708661417
21
-3.4727223622047245
0
LINE
8
BLACK
6
CONTINUOUS
10
5.829360708661417
20
-3.4727223622047245
11
5.8287299212598427
21
-3.4724103937007875
0
LINE
8
BLACK
6
CONTINUOUS
10
5.8287299212598427
20
-3.4724103937007875
11
5.8280795275590549
21
-3.4721410236220471
0
LINE
8
BLACK
6
CONTINUOUS
10
5.8280795275590549
20
-3.4721410236220471
11
5.8280522834645669
21
-3.4720753149606298
0
LINE
8
BLACK
6
CONTINUOUS
10
5.8280522834645669
20
-3.4720753149606298
11
5.8279885826771656
21
-3.4720438188976379
0
LINE
8
BLACK
6
CONTINUOUS
10
5.8279885826771656
20
-3.4720438188976379
11
5.8277631102362202
21
-3.4713771259842519
0
LINE
8
BLACK
6
CONTINUOUS
10
5.8277631102362202
20
-3.4713771259842519
11
5.8274937401574798
21
-3.470726811023622
0
LINE
8
BLACK
6
CONTINUOUS
10
5.8274937401574798
20
-3.470726811023622
11
5.8274937401574798
21
-3.4646274803149604
0
LINE
8
BLACK
6
CONTINUOUS
10
5.8274937401574798
20
-3.4646274803149604
11
5.8256596062992125
21
-3.460959212598425
0
LINE
8
BLACK
6
CONTINUOUS
10
5.8256596062992125
20
-3.460959212598425
11
5.8239280314960631
21
-3.4592276377952755
0
LINE
8
BLACK
6
CONTINUOUS
10
5.8239280314960631
20
-3.4592276377952755
11
5.8202596850393702
21
-3.4573934645669291
0
LINE
8
BLACK
6
CONTINUOUS
10
5.8202596850393702
20
-3.4573934645669291
11
5.8102515748031491
21
-3.4573934645669291
0
LINE
8
BLACK
6
CONTINUOUS
10
5.8102515748031491
20
-3.4573934645669291
11
5.8065832283464562
21
-3.4592276377952755
0
LINE
8
BLACK
6
CONTINUOUS
10
5.8065832283464562
20
-3.4592276377952755
11
5.8048517322834643
21
-3.4609590944881887
0
LINE
8
BLACK
6
CONTINUOUS
10
5.8048517322834643
20
-3.4609590944881887
11
5.8030175196850395
21
-3.4646275196850391
0
LINE
8
BLACK
6
CONTINUOUS
10
5.8030175196850395
20
-3.4646275196850391
11
5.8030175196850395
21
-3.476826023622047
0
LINE
8
BLACK
6
CONTINUOUS
10
5.8030175196850395
20
-3.476826023622047
11
5.8048517322834643
21
-3.4804944488188974
0
LINE
8
BLACK
6
CONTINUOUS
10
5.8048517322834643
20
-3.4804944488188974
11
5.8068127165354326
21
-3.4824554330708661
0
LINE
8
BLACK
6
CONTINUOUS
10
5.8068127165354326
20
-3.4824554330708661
11
5.8073985039370077
21
-3.4838696456692912
0
LINE
8
BLACK
6
CONTINUOUS
10
5.8073985039370077
20
-3.4838696456692912
11
5.8068127165354326
21
-3.4852838582677164
0
LINE
8
BLACK
6
CONTINUOUS
10
5.8068127165354326
20
-3.4852838582677164
11
5.805398503937008
21
-3.4858696456692915
0
LINE
8
BLACK
6
CONTINUOUS
10
5.805398503937008
20
-3.4858696456692915
11
5.8039842913385824
21
-3.4852838582677164
0
LINE
8
BLACK
6
CONTINUOUS
10
5.8039842913385824
20
-3.4852838582677164
11
5.8017938188976377
21
-3.4830933858267716
0
LINE
8
BLACK
6
CONTINUOUS
10
5.8017938188976377
20
-3.4830933858267716
11
5.8016678346456692
21
-3.4827892913385825
0
LINE
8
BLACK
6
CONTINUOUS
10
5.8016678346456692
20
-3.4827892913385825
11
5.8014191732283464
21
-3.4825736220472439
0
LINE
8
BLACK
6
CONTINUOUS
10
5.8014191732283464
20
-3.4825736220472439
11
5.799228661417323
21
-3.4781926771653544
0
LINE
8
BLACK
6
CONTINUOUS
10
5.799228661417323
20
-3.4781926771653544
11
5.7991956299212601
21
-3.4777282677165355
0
LINE
8
BLACK
6
CONTINUOUS
10
5.7991956299212601
20
-3.4777282677165355
11
5.7990175196850391
21
-3.4772982283464566
0
LINE
8
BLACK
6
CONTINUOUS
10
5.7990175196850391
20
-3.4772982283464566
11
5.7990175196850391
21
-3.4641553543307086
0
LINE
8
BLACK
6
CONTINUOUS
10
5.7990175196850391
20
-3.4641553543307086
11
5.7991956299212601
21
-3.463725275590551
0
LINE
8
BLACK
6
CONTINUOUS
10
5.7991956299212601
20
-3.463725275590551
11
5.799228661417323
21
-3.4632609055118109
0
LINE
8
BLACK
6
CONTINUOUS
10
5.799228661417323
20
-3.4632609055118109
11
5.8014191732283464
21
-3.458879960629921
0
LINE
8
BLACK
6
CONTINUOUS
10
5.8014191732283464
20
-3.458879960629921
11
5.8016678346456692
21
-3.458664251968504
0
LINE
8
BLACK
6
CONTINUOUS
10
5.8016678346456692
20
-3.458664251968504
11
5.8017938188976377
21
-3.4583601968503936
0
LINE
8
BLACK
6
CONTINUOUS
10
5.8017938188976377
20
-3.4583601968503936
11
5.8039842913385824
21
-3.4561697244094489
0
LINE
8
BLACK
6
CONTINUOUS
10
5.8039842913385824
20
-3.4561697244094489
11
5.8042884251968498
21
-3.4560437401574804
0
LINE
8
BLACK
6
CONTINUOUS
10
5.8042884251968498
20
-3.4560437401574804
11
5.8045040944881885
21
-3.4557950787401572
0
LINE
8
BLACK
6
CONTINUOUS
10
5.8045040944881885
20
-3.4557950787401572
11
5.8088850000000001
21
-3.4536046062992125
0
LINE
8
BLACK
6
CONTINUOUS
10
5.8088850000000001
20
-3.4536046062992125
11
5.8093493700787402
21
-3.4535715748031497
0
LINE
8
BLACK
6
CONTINUOUS
10
5.8093493700787402
20
-3.4535715748031497
11
5.8097794488188974
21
-3.4533934645669291
0
LINE
8
BLACK
6
CONTINUOUS
10
5.8097794488188974
20
-3.4533934645669291
11
5.8207318110236219
21
-3.4533934645669291
0
LINE
8
BLACK
6
CONTINUOUS
10
5.8207318110236219
20
-3.4533934645669291
11
5.8211618503937004
21
-3.4535715748031497
0
LINE
8
BLACK
6
CONTINUOUS
10
5.8969184645669293
20
-3.433490472440945
11
5.8971692913385825
21
-3.4334531889763777
0
LINE
8
BLACK
6
CONTINUOUS
10
5.8971692913385825
20
-3.4334531889763777
11
5.9059311417322835
21
-3.4356436614173229
0
LINE
8
BLACK
6
CONTINUOUS
10
5.9059311417322835
20
-3.4356436614173229
11
5.9063632283464562
21
-3.4359638188976378
0
LINE
8
BLACK
6
CONTINUOUS
10
5.9063632283464562
20
-3.4359638188976378
11
5.90686031496063
21
-3.4361697244094489
0
LINE
8
BLACK
6
CONTINUOUS
10
5.90686031496063
20
-3.4361697244094489
11
5.9112412598425195
21
-3.4405506692913383
0
LINE
8
BLACK
6
CONTINUOUS
10
5.9112412598425195
20
-3.4405506692913383
11
5.9113672047244092
21
-3.4408548031496062
0
LINE
8
BLACK
6
CONTINUOUS
10
5.9113672047244092
20
-3.4408548031496062
11
5.9116159055118107
21
-3.4410704724409449
0
LINE
8
BLACK
6
CONTINUOUS
10
5.9116159055118107
20
-3.4410704724409449
11
5.9138063779527554
21
-3.445451377952756
0
LINE
8
BLACK
6
CONTINUOUS
10
5.9138063779527554
20
-3.445451377952756
11
5.9138393700787404
21
-3.4459157480314961
0
LINE
8
BLACK
6
CONTINUOUS
10
5.9138393700787404
20
-3.4459157480314961
11
5.9140175196850393
21
-3.4463458267716534
0
LINE
8
BLACK
6
CONTINUOUS
10
5.9140175196850393
20
-3.4463458267716534
11
5.9140175196850393
21
-3.4551077559055119
0
LINE
8
BLACK
6
CONTINUOUS
10
5.9140175196850393
20
-3.4551077559055119
11
5.9138393700787404
21
-3.4555377952755904
0
LINE
8
BLACK
6
CONTINUOUS
10
5.9138393700787404
20
-3.4555377952755904
11
5.9138063779527554
21
-3.4560022047244092
0
LINE
8
BLACK
6
CONTINUOUS
10
5.9138063779527554
20
-3.4560022047244092
11
5.9116159055118107
21
-3.4603831102362204
0
LINE
8
BLACK
6
CONTINUOUS
10
5.9116159055118107
20
-3.4603831102362204
11
5.9113672047244092
21
-3.4605987401574803
0
LINE
8
BLACK
6
CONTINUOUS
10
5.9113672047244092
20
-3.4605987401574803
11
5.9112412598425195
21
-3.4609029133858269
0
LINE
8
BLACK
6
CONTINUOUS
10
5.9112412598425195
20
-3.4609029133858269
11
5.90686031496063
21
-3.4652838582677163
0
LINE
8
BLACK
6
CONTINUOUS
10
5.90686031496063
20
-3.4652838582677163
11
5.9063632283464562
21
-3.4654897244094487
0
LINE
8
BLACK
6
CONTINUOUS
10
5.9063632283464562
20
-3.4654897244094487
11
5.9059311417322835
21
-3.4658099212598423
0
LINE
8
BLACK
6
CONTINUOUS
10
5.9059311417322835
20
-3.4658099212598423
11
5.8971692913385825
21
-3.4680003937007875
0
LINE
8
BLACK
6
CONTINUOUS
10
5.8971692913385825
20
-3.4680003937007875
11
5.8969184645669293
21
-3.4679630708661415
0
LINE
8
BLACK
6
CONTINUOUS
10
5.8969184645669293
20
-3.4679630708661415
11
5.8966842125984247
21
-3.4680601181102362
0
LINE
8
BLACK
6
CONTINUOUS
10
5.8966842125984247
20
-3.4680601181102362
11
5.881350866141732
21
-3.4680601181102362
0
LINE
8
BLACK
6
CONTINUOUS
10
5.881350866141732
20
-3.4680601181102362
11
5.8811165748031495
21
-3.4679630708661415
0
LINE
8
BLACK
6
CONTINUOUS
10
5.8811165748031495
20
-3.4679630708661415
11
5.8808657874015751
21
-3.4680003937007875
0
LINE
8
BLACK
6
CONTINUOUS
10
5.8808657874015751
20
-3.4680003937007875
11
5.8721038976377953
21
-3.4658099212598423
0
LINE
8
BLACK
6
CONTINUOUS
10
5.8721038976377953
20
-3.4658099212598423
11
5.8716716929133854
21
-3.4654896850393699
0
LINE
8
BLACK
6
CONTINUOUS
10
5.8716716929133854
20
-3.4654896850393699
11
5.8711747637795275
21
-3.4652838582677163
0
LINE
8
BLACK
6
CONTINUOUS
10
5.8711747637795275
20
-3.4652838582677163
11
5.8667938188976381
21
-3.4609029133858269
0
LINE
8
BLACK
6
CONTINUOUS
10
5.8667938188976381
20
-3.4609029133858269
11
5.8666678346456695
21
-3.4605988188976378
0
LINE
8
BLACK
6
CONTINUOUS
10
5.8666678346456695
20
-3.4605988188976378
11
5.8664191732283459
21
-3.4603831496062991
0
LINE
8
BLACK
6
CONTINUOUS
10
5.8664191732283459
20
-3.4603831496062991
11
5.8642286614173225
21
-3.4560022047244092
0
LINE
8
BLACK
6
CONTINUOUS
10
5.8642286614173225
20
-3.4560022047244092
11
5.8641956299212596
21
-3.4555377952755904
0
LINE
8
BLACK
6
CONTINUOUS
10
5.8641956299212596
20
-3.4555377952755904
11
5.8640175196850395
21
-3.4551077559055119
0
LINE
8
BLACK
6
CONTINUOUS
10
5.8640175196850395
20
-3.4551077559055119
11
5.8640175196850395
21
-3.4463458267716534
0
LINE
8
BLACK
6
CONTINUOUS
10
5.8640175196850395
20
-3.4463458267716534
11
5.8641956299212596
21
-3.4459157480314961
0
LINE
8
BLACK
6
CONTINUOUS
10
5.8641956299212596
20
-3.4459157480314961
11
5.8642286614173225
21
-3.445451377952756
0
LINE
8
BLACK
6
CONTINUOUS
10
5.8642286614173225
20
-3.445451377952756
11
5.8664191732283459
21
-3.4410704330708661
0
LINE
8
BLACK
6
CONTINUOUS
10
5.8664191732283459
20
-3.4410704330708661
11
5.8666678346456695
21
-3.4408547244094487
0
LINE
8
BLACK
6
CONTINUOUS
10
5.8666678346456695
20
-3.4408547244094487
11
5.8667938188976381
21
-3.4405506692913383
0
LINE
8
BLACK
6
CONTINUOUS
10
5.8667938188976381
20
-3.4405506692913383
11
5.8711747637795275
21
-3.4361697244094489
0
LINE
8
BLACK
6
CONTINUOUS
10
5.8711747637795275
20
-3.4361697244094489
11
5.8716716929133854
21
-3.4359638582677166
0
LINE
8
BLACK
6
CONTINUOUS
10
5.8716716929133854
20
-3.4359638582677166
11
5.8721038976377953
21
-3.4356436614173229
0
LINE
8
BLACK
6
CONTINUOUS
10
5.8721038976377953
20
-3.4356436614173229
11
5.8808657874015751
21
-3.4334531889763777
0
LINE
8
BLACK
6
CONTINUOUS
10
5.8808657874015751
20
-3.4334531889763777
11
5.8811165748031495
21
-3.433490472440945
0
LINE
8
BLACK
6
CONTINUOUS
10
5.8811165748031495
20
-3.433490472440945
11
5.881350866141732
21
-3.4333934645669291
0
LINE
8
BLACK
6
CONTINUOUS
10
5.881350866141732
20
-3.4333934645669291
11
5.8966842125984247
21
-3.4333934645669291
0
LINE
8
BLACK
6
CONTINUOUS
10
5.8966842125984247
20
-3.4333934645669291
11
5.8969184645669293
21
-3.433490472440945
0
LINE
8
BLACK
6
CONTINUOUS
10
5.8736114566929132
20
-3.4393898425196849
11
5.8698517322834647
21
-3.4431495669291339
0
LINE
8
BLACK
6
CONTINUOUS
10
5.8698517322834647
20
-3.4431495669291339
11
5.868017519685039
21
-3.4468179921259843
0
LINE
8
BLACK
6
CONTINUOUS
10
5.868017519685039
20
-3.4468179921259843
11
5.868017519685039
21
-3.4546355511811022
0
LINE
8
BLACK
6
CONTINUOUS
10
5.868017519685039
20
-3.4546355511811022
11
5.8698517322834647
21
-3.4583039763779526
0
LINE
8
BLACK
6
CONTINUOUS
10
5.8698517322834647
20
-3.4583039763779526
11
5.8736114566929132
21
-3.4620637007874016
0
LINE
8
BLACK
6
CONTINUOUS
10
5.8736114566929132
20
-3.4620637007874016
11
5.8815970078740154
21
-3.4640601181102362
0
LINE
8
BLACK
6
CONTINUOUS
10
5.8815970078740154
20
-3.4640601181102362
11
5.8964380314960625
21
-3.4640601181102362
0
LINE
8
BLACK
6
CONTINUOUS
10
5.8964380314960625
20
-3.4640601181102362
11
5.9044235826771656
21
-3.4620637007874016
0
LINE
8
BLACK
6
CONTINUOUS
10
5.9044235826771656
20
-3.4620637007874016
11
5.9081833464566929
21
-3.4583039763779526
0
LINE
8
BLACK
6
CONTINUOUS
10
5.9081833464566929
20
-3.4583039763779526
11
5.9100175196850389
21
-3.4546356299212597
0
LINE
8
BLACK
6
CONTINUOUS
10
5.9100175196850389
20
-3.4546356299212597
11
5.9100175196850389
21
-3.4468179527559055
0
LINE
8
BLACK
6
CONTINUOUS
10
5.9100175196850389
20
-3.4468179527559055
11
5.9081833464566929
21
-3.4431496062992126
0
LINE
8
BLACK
6
CONTINUOUS
10
5.9081833464566929
20
-3.4431496062992126
11
5.9044235826771656
21
-3.4393898425196849
0
LINE
8
BLACK
6
CONTINUOUS
10
5.9044235826771656
20
-3.4393898425196849
11
5.8964380314960625
21
-3.4373934645669291
0
LINE
8
BLACK
6
CONTINUOUS
10
5.8964380314960625
20
-3.4373934645669291
11
5.8815970078740154
21
-3.4373934645669291
0
LINE
8
BLACK
6
CONTINUOUS
10
5.8815970078740154
20
-3.4373934645669291
11
5.8736114566929132
21
-3.4393898425196849
0
LINE
8
BLACK
6
CONTINUOUS
10
6.2344385039370076
20
-3.3456965748031497
11
6.2354511023622043
21
-3.3474504724409448
0
LINE
8
BLACK
6
CONTINUOUS
10
6.2354511023622043
20
-3.3474504724409448
11
6.2354960629921257
21
-3.3479645669291336
0
LINE
8
BLACK
6
CONTINUOUS
10
6.2354960629921257
20
-3.3479645669291336
11
6.2354960629921257
21
-4.9200354330708658
0
LINE
8
BLACK
6
CONTINUOUS
10
6.2354960629921257
20
-4.9200354330708658
11
6.2348034251968505
21
-4.9219385039370076
0
LINE
8
BLACK
6
CONTINUOUS
10
6.2348034251968505
20
-4.9219385039370076
11
6.2330495275590554
21
-4.9229511023622043
0
LINE
8
BLACK
6
CONTINUOUS
10
6.2330495275590554
20
-4.9229511023622043
11
6.2325354330708658
21
-4.9229960629921257
0
LINE
8
BLACK
6
CONTINUOUS
10
6.2325354330708658
20
-4.9229960629921257
11
5.4604645669291338
21
-4.9229960629921257
0
LINE
8
BLACK
6
CONTINUOUS
10
5.4604645669291338
20
-4.9229960629921257
11
5.458561496062992
21
-4.9223034251968505
0
LINE
8
BLACK
6
CONTINUOUS
10
5.458561496062992
20
-4.9223034251968505
11
5.4575488976377953
21
-4.9205495275590554
0
LINE
8
BLACK
6
CONTINUOUS
10
5.4575488976377953
20
-4.9205495275590554
11
5.457503937007874
21
-4.9200354330708658
0
LINE
8
BLACK
6
CONTINUOUS
10
5.457503937007874
20
-4.9200354330708658
11
5.457503937007874
21
-4.7409842519685039
0
LINE
8
BLACK
6
CONTINUOUS
10
5.457503937007874
20
-4.7409842519685039
11
5.457503937007874
21
-4.484
0
LINE
8
BLACK
6
CONTINUOUS
10
5.457503937007874
20
-4.484
11
5.457503937007874
21
-4.3670927165354332
0
LINE
8
BLACK
6
CONTINUOUS
10
5.457503937007874
20
-4.3670927165354332
11
5.457503937007874
21
-4.1604588582677167
0
LINE
8
BLACK
6
CONTINUOUS
10
5.457503937007874
20
-4.1604588582677167
11
5.457503937007874
21
-3.9928259842519682
0
LINE
8
BLACK
6
CONTINUOUS
10
5.457503937007874
20
-3.9928259842519682
11
5.457503937007874
21
-3.8920927165354331
0
LINE
8
BLACK
6
CONTINUOUS
10
5.457503937007874
20
-3.8920927165354331
11
5.457503937007874
21
-3.7928259842519685
0
LINE
8
BLACK
6
CONTINUOUS
10
5.457503937007874
20
-3.7928259842519685
11
5.457503937007874
21
-3.5409842519685037
0
LINE
8
BLACK
6
CONTINUOUS
10
5.457503937007874
20
-3.5409842519685037
11
5.457503937007874
21
-3.3479645669291336
0
LINE
8
BLACK
6
CONTINUOUS
10
5.457503937007874
20
-3.3479645669291336
11
5.4581965748031491
21
-3.3460614960629922
0
LINE
8
BLACK
6
CONTINUOUS
10
5.4581965748031491
20
-3.3460614960629922
11
5.4599504724409451
21
-3.345048897637795
0
LINE
8
BLACK
6
CONTINUOUS
10
5.4599504724409451
20
-3.345048897637795
11
5.4604645669291338
21
-3.3450039370078741
0
LINE
8
BLACK
6
CONTINUOUS
10
5.4604645669291338
20
-3.3450039370078741
11
6.2325354330708658
21
-3.3450039370078741
0
LINE
8
BLACK
6
CONTINUOUS
10
6.2325354330708658
20
-3.3450039370078741
11
6.2344385039370076
21
-3.3456965748031497
0
LINE
8
BLACK
6
CONTINUOUS
10
5.505704015748031
20
-4.7409842519685039
11
5.5061112992125985
21
-4.7487553937007876
0
LINE
8
BLACK
6
CONTINUOUS
10
5.5061112992125985
20
-4.7487553937007876
11
5.5079496850393701
21
-4.7603626377952759
0
LINE
8
BLACK
6
CONTINUOUS
10
5.5079496850393701
20
-4.7603626377952759
11
5.5083895669291341
21
-4.7605867716535428
0
LINE
8
BLACK
6
CONTINUOUS
10
5.5083895669291341
20
-4.7605867716535428
11
5.5119014173228349
21
-4.7640986220472437
0
LINE
8
BLACK
6
CONTINUOUS
10
5.5119014173228349
20
-4.7640986220472437
11
5.5141561417322835
21
-4.768523779527559
0
LINE
8
BLACK
6
CONTINUOUS
10
5.5141561417322835
20
-4.768523779527559
11
5.5149330708661415
21
-4.7734291338582677
0
LINE
8
BLACK
6
CONTINUOUS
10
5.5149330708661415
20
-4.7734291338582677
11
5.5141561417322835
21
-4.7783344881889764
0
LINE
8
BLACK
6
CONTINUOUS
10
5.5141561417322835
20
-4.7783344881889764
11
5.5132233858267714
21
-4.7801651181102365
0
LINE
8
BLACK
6
CONTINUOUS
10
5.5132233858267714
20
-4.7801651181102365
11
5.5175419685039371
21
-4.7914155118110235
0
LINE
8
BLACK
6
CONTINUOUS
10
5.5175419685039371
20
-4.7914155118110235
11
5.5175420078740158
21
-4.7914155511811023
0
LINE
8
BLACK
6
CONTINUOUS
10
5.5175420078740158
20
-4.7914155511811023
11
5.5242501181102357
21
-4.8045809448818897
0
LINE
8
BLACK
6
CONTINUOUS
10
5.5242501181102357
20
-4.8045809448818897
11
5.5322975590551176
21
-4.8169729133858263
0
LINE
8
BLACK
6
CONTINUOUS
10
5.5322975590551176
20
-4.8169729133858263
11
5.5322977952755901
21
-4.8169732677165351
0
LINE
8
BLACK
6
CONTINUOUS
10
5.5322977952755901
20
-4.8169732677165351
11
5.5415960629921255
21
-4.8284555905511812
0
LINE
8
BLACK
6
CONTINUOUS
10
5.5415960629921255
20
-4.8284555905511812
11
5.5415967322834643
21
-4.8284563385826766
0
LINE
8
BLACK
6
CONTINUOUS
10
5.5415967322834643
20
-4.8284563385826766
11
5.5520436220472442
21
-4.8389032283464566
0
LINE
8
BLACK
6
CONTINUOUS
10
5.5520436220472442
20
-4.8389032283464566
11
5.5520443700787396
21
-4.8389038976377954
0
LINE
8
BLACK
6
CONTINUOUS
10
5.5520443700787396
20
-4.8389038976377954
11
5.5635266929133858
21
-4.8482021653543308
0
LINE
8
BLACK
6
CONTINUOUS
10
5.5635266929133858
20
-4.8482021653543308
11
5.5635270472440945
21
-4.8482024015748033
0
LINE
8
BLACK
6
CONTINUOUS
10
5.5635270472440945
20
-4.8482024015748033
11
5.5733605905511814
21
-4.8545883858267711
0
LINE
8
BLACK
6
CONTINUOUS
10
5.5733605905511814
20
-4.8545883858267711
11
5.5768308661417318
21
-4.852820236220472
0
LINE
8
BLACK
6
CONTINUOUS
10
5.5768308661417318
20
-4.852820236220472
11
5.5817362204724406
21
-4.852043307086614
0
LINE
8
BLACK
6
CONTINUOUS
10
5.5817362204724406
20
-4.852043307086614
11
5.5866415748031493
21
-4.852820236220472
0
LINE
8
BLACK
6
CONTINUOUS
10
5.5866415748031493
20
-4.852820236220472
11
5.5910667322834646
21
-4.8550749606299215
0
LINE
8
BLACK
6
CONTINUOUS
10
5.5910667322834646
20
-4.8550749606299215
11
5.5945785826771655
21
-4.8585868110236223
0
LINE
8
BLACK
6
CONTINUOUS
10
5.5945785826771655
20
-4.8585868110236223
11
5.5968333070866141
21
-4.8630119685039368
0
LINE
8
BLACK
6
CONTINUOUS
10
5.5968333070866141
20
-4.8630119685039368
11
5.5973257874015747
21
-4.8661214960629922
0
LINE
8
BLACK
6
CONTINUOUS
10
5.5973257874015747
20
-4.8661214960629922
11
5.6028782283464569
21
-4.8682528740157478
0
LINE
8
BLACK
6
CONTINUOUS
10
5.6028782283464569
20
-4.8682528740157478
11
5.6171509842519685
21
-4.8720772440944877
0
LINE
8
BLACK
6
CONTINUOUS
10
5.6171509842519685
20
-4.8720772440944877
11
5.617151062992126
21
-4.8720772834645665
0
LINE
8
BLACK
6
CONTINUOUS
10
5.617151062992126
20
-4.8720772834645665
11
5.631744606299212
21
-4.8743886614173224
0
LINE
8
BLACK
6
CONTINUOUS
10
5.631744606299212
20
-4.8743886614173224
11
5.6395157086614169
21
-4.8747959055118111
0
LINE
8
BLACK
6
CONTINUOUS
10
5.6395157086614169
20
-4.8747959055118111
11
5.6395157480314957
21
-4.8747958661417323
0
LINE
8
BLACK
6
CONTINUOUS
10
5.6395157480314957
20
-4.8747958661417323
11
5.6395157480314957
21
-4.8606077559055114
0
LINE
8
BLACK
6
CONTINUOUS
10
5.6395157480314957
20
-4.8606077559055114
11
5.6322805118110235
21
-4.8602014566929137
0
LINE
8
BLACK
6
CONTINUOUS
10
5.6322805118110235
20
-4.8602014566929137
11
5.6182398425196851
21
-4.8578158267716534
0
LINE
8
BLACK
6
CONTINUOUS
10
5.6182398425196851
20
-4.8578158267716534
11
5.6045545669291341
21
-4.8538731889763778
0
LINE
8
BLACK
6
CONTINUOUS
10
5.6045545669291341
20
-4.8538731889763778
11
5.5913967716535433
21
-4.848423031496063
0
LINE
8
BLACK
6
CONTINUOUS
10
5.5913967716535433
20
-4.848423031496063
11
5.5789319291338577
21
-4.8415339763779528
0
LINE
8
BLACK
6
CONTINUOUS
10
5.5789319291338577
20
-4.8415339763779528
11
5.5673168110236215
21
-4.8332925984251967
0
LINE
8
BLACK
6
CONTINUOUS
10
5.5673168110236215
20
-4.8332925984251967
11
5.5566974409448822
21
-4.8238025590551183
0
LINE
8
BLACK
6
CONTINUOUS
10
5.5566974409448822
20
-4.8238025590551183
11
5.547207401574803
21
-4.8131831889763781
0
LINE
8
BLACK
6
CONTINUOUS
10
5.547207401574803
20
-4.8131831889763781
11
5.5389660236220468
21
-4.8015680708661419
0
LINE
8
BLACK
6
CONTINUOUS
10
5.5389660236220468
20
-4.8015680708661419
11
5.5320769685039366
21
-4.7891032283464563
0
LINE
8
BLACK
6
CONTINUOUS
10
5.5320769685039366
20
-4.7891032283464563
11
5.5266268110236219
21
-4.7759454330708664
0
LINE
8
BLACK
6
CONTINUOUS
10
5.5266268110236219
20
-4.7759454330708664
11
5.5226841732283463
21
-4.7622601574803145
0
LINE
8
BLACK
6
CONTINUOUS
10
5.5226841732283463
20
-4.7622601574803145
11
5.5202985433070868
21
-4.7482194881889761
0
LINE
8
BLACK
6
CONTINUOUS
10
5.5202985433070868
20
-4.7482194881889761
11
5.5198922047244094
21
-4.7409842519685039
0
LINE
8
BLACK
6
CONTINUOUS
10
5.5198922047244094
20
-4.7409842519685039
11
5.505704015748031
21
-4.7409842519685039
0
LINE
8
BLACK
6
CONTINUOUS
10
5.7731077952755907
20
-4.7409842519685039
11
5.7727014566929133
21
-4.7482194881889761
0
LINE
8
BLACK
6
CONTINUOUS
10
5.7727014566929133
20
-4.7482194881889761
11
5.770315826771653
21
-4.7622601574803145
0
LINE
8
BLACK
6
CONTINUOUS
10
5.770315826771653
20
-4.7622601574803145
11
5.7663731889763774
21
-4.7759454330708664
0
LINE
8
BLACK
6
CONTINUOUS
10
5.7663731889763774
20
-4.7759454330708664
11
5.7609230314960627
21
-4.7891032283464563
0
LINE
8
BLACK
6
CONTINUOUS
10
5.7609230314960627
20
-4.7891032283464563
11
5.7540339763779524
21
-4.8015680708661419
0
LINE
8
BLACK
6
CONTINUOUS
10
5.7540339763779524
20
-4.8015680708661419
11
5.7457925984251963
21
-4.8131831889763781
0
LINE
8
BLACK
6
CONTINUOUS
10
5.7457925984251963
20
-4.8131831889763781
11
5.736302559055118
21
-4.8238025590551183
0
LINE
8
BLACK
6
CONTINUOUS
10
5.736302559055118
20
-4.8238025590551183
11
5.7256831889763777
21
-4.8332925984251967
0
LINE
8
BLACK
6
CONTINUOUS
10
5.7256831889763777
20
-4.8332925984251967
11
5.7140680708661415
21
-4.8415339763779528
0
LINE
8
BLACK
6
CONTINUOUS
10
5.7140680708661415
20
-4.8415339763779528
11
5.7016032283464568
21
-4.848423031496063
0
LINE
8
BLACK
6
CONTINUOUS
10
5.7016032283464568
20
-4.848423031496063
11
5.688445433070866
21
-4.8538731889763778
0
LINE
8
BLACK
6
CONTINUOUS
10
5.688445433070866
20
-4.8538731889763778
11
5.674760157480315
21
-4.8578158267716534
0
LINE
8
BLACK
6
CONTINUOUS
10
5.674760157480315
20
-4.8578158267716534
11
5.6607194881889766
21
-4.8602014566929137
0
LINE
8
BLACK
6
CONTINUOUS
10
5.6607194881889766
20
-4.8602014566929137
11
5.6534842519685036
21
-4.8606077559055114
0
LINE
8
BLACK
6
CONTINUOUS
10
5.6534842519685036
20
-4.8606077559055114
11
5.6534842519685036
21
-4.8747959055118111
0
LINE
8
BLACK
6
CONTINUOUS
10
5.6534842519685036
20
-4.8747959055118111
11
5.6612553543307085
21
-4.8743886614173224
0
LINE
8
BLACK
6
CONTINUOUS
10
5.6612553543307085
20
-4.8743886614173224
11
5.6758488976377954
21
-4.8720772834645665
0
LINE
8
BLACK
6
CONTINUOUS
10
5.6758488976377954
20
-4.8720772834645665
11
5.6758489763779529
21
-4.8720772440944877
0
LINE
8
BLACK
6
CONTINUOUS
10
5.6758489763779529
20
-4.8720772440944877
11
5.6901217322834645
21
-4.8682528740157478
0
LINE
8
BLACK
6
CONTINUOUS
10
5.6901217322834645
20
-4.8682528740157478
11
5.7039155118110232
21
-4.8629579921259838
0
LINE
8
BLACK
6
CONTINUOUS
10
5.7039155118110232
20
-4.8629579921259838
11
5.7039155511811019
21
-4.862957952755905
0
LINE
8
BLACK
6
CONTINUOUS
10
5.7039155511811019
20
-4.862957952755905
11
5.7099710236220469
21
-4.8598725196850392
0
LINE
8
BLACK
6
CONTINUOUS
10
5.7099710236220469
20
-4.8598725196850392
11
5.7106261417322832
21
-4.8585868110236223
0
LINE
8
BLACK
6
CONTINUOUS
10
5.7106261417322832
20
-4.8585868110236223
11
5.7141379921259841
21
-4.8550749606299215
0
LINE
8
BLACK
6
CONTINUOUS
10
5.7141379921259841
20
-4.8550749606299215
11
5.7185631496062994
21
-4.852820236220472
0
LINE
8
BLACK
6
CONTINUOUS
10
5.7185631496062994
20
-4.852820236220472
11
5.7234685039370081
21
-4.852043307086614
0
LINE
8
BLACK
6
CONTINUOUS
10
5.7234685039370081
20
-4.852043307086614
11
5.7235407874015749
21
-4.8520547244094487
0
LINE
8
BLACK
6
CONTINUOUS
10
5.7235407874015749
20
-4.8520547244094487
11
5.7294729133858269
21
-4.8482024015748033
0
LINE
8
BLACK
6
CONTINUOUS
10
5.7294729133858269
20
-4.8482024015748033
11
5.7294732677165356
21
-4.8482021653543308
0
LINE
8
BLACK
6
CONTINUOUS
10
5.7294732677165356
20
-4.8482021653543308
11
5.7409555905511809
21
-4.8389038976377954
0
LINE
8
BLACK
6
CONTINUOUS
10
5.7409555905511809
20
-4.8389038976377954
11
5.7409563385826772
21
-4.8389032283464566
0
LINE
8
BLACK
6
CONTINUOUS
10
5.7409563385826772
20
-4.8389032283464566
11
5.7514032283464562
21
-4.8284563385826766
0
LINE
8
BLACK
6
CONTINUOUS
10
5.7514032283464562
20
-4.8284563385826766
11
5.751403897637795
21
-4.8284555905511812
0
LINE
8
BLACK
6
CONTINUOUS
10
5.751403897637795
20
-4.8284555905511812
11
5.7607021653543304
21
-4.8169732677165351
0
LINE
8
BLACK
6
CONTINUOUS
10
5.7607021653543304
20
-4.8169732677165351
11
5.760702401574803
21
-4.8169729133858263
0
LINE
8
BLACK
6
CONTINUOUS
10
5.760702401574803
20
-4.8169729133858263
11
5.7687498425196848
21
-4.8045809448818897
0
LINE
8
BLACK
6
CONTINUOUS
10
5.7687498425196848
20
-4.8045809448818897
11
5.7754579527559056
21
-4.7914155511811023
0
LINE
8
BLACK
6
CONTINUOUS
10
5.7754579527559056
20
-4.7914155511811023
11
5.7754579921259843
21
-4.7914155118110235
0
LINE
8
BLACK
6
CONTINUOUS
10
5.7754579921259843
20
-4.7914155118110235
11
5.7807528740157483
21
-4.7776217322834649
0
LINE
8
BLACK
6
CONTINUOUS
10
5.7807528740157483
20
-4.7776217322834649
11
5.7845772440944883
21
-4.7633489763779524
0
LINE
8
BLACK
6
CONTINUOUS
10
5.7845772440944883
20
-4.7633489763779524
11
5.784577283464567
21
-4.7633488976377949
0
LINE
8
BLACK
6
CONTINUOUS
10
5.784577283464567
20
-4.7633488976377949
11
5.7868886614173229
21
-4.7487553937007876
0
LINE
8
BLACK
6
CONTINUOUS
10
5.7868886614173229
20
-4.7487553937007876
11
5.7872959448818895
21
-4.7409842519685039
0
LINE
8
BLACK
6
CONTINUOUS
10
5.7872959448818895
20
-4.7409842519685039
11
5.7731077952755907
21
-4.7409842519685039
0
LINE
8
BLACK
6
CONTINUOUS
10
6.1727014566929128
20
-4.7482194881889761
11
6.1703158267716534
21
-4.7622601574803145
0
LINE
8
BLACK
6
CONTINUOUS
10
6.1703158267716534
20
-4.7622601574803145
11
6.1663731889763778
21
-4.7759454330708664
0
LINE
8
BLACK
6
CONTINUOUS
10
6.1663731889763778
20
-4.7759454330708664
11
6.160923031496063
21
-4.7891032283464563
0
LINE
8
BLACK
6
CONTINUOUS
10
6.160923031496063
20
-4.7891032283464563
11
6.1540339763779528
21
-4.8015680708661419
0
LINE
8
BLACK
6
CONTINUOUS
10
6.1540339763779528
20
-4.8015680708661419
11
6.1457925984251967
21
-4.8131831889763781
0
LINE
8
BLACK
6
CONTINUOUS
10
6.1457925984251967
20
-4.8131831889763781
11
6.1363025590551183
21
-4.8238025590551183
0
LINE
8
BLACK
6
CONTINUOUS
10
6.1363025590551183
20
-4.8238025590551183
11
6.1256831889763781
21
-4.8332925984251967
0
LINE
8
BLACK
6
CONTINUOUS
10
6.1256831889763781
20
-4.8332925984251967
11
6.1140680708661419
21
-4.8415339763779528
0
LINE
8
BLACK
6
CONTINUOUS
10
6.1140680708661419
20
-4.8415339763779528
11
6.1016032283464563
21
-4.848423031496063
0
LINE
8
BLACK
6
CONTINUOUS
10
6.1016032283464563
20
-4.848423031496063
11
6.0884454330708664
21
-4.8538731889763778
0
LINE
8
BLACK
6
CONTINUOUS
10
6.0884454330708664
20
-4.8538731889763778
11
6.0747601574803145
21
-4.8578158267716534
0
LINE
8
BLACK
6
CONTINUOUS
10
6.0747601574803145
20
-4.8578158267716534
11
6.0607194881889761
21
-4.8602014566929137
0
LINE
8
BLACK
6
CONTINUOUS
10
6.0607194881889761
20
-4.8602014566929137
11
6.0534842519685039
21
-4.8606077559055114
0
LINE
8
BLACK
6
CONTINUOUS
10
6.0534842519685039
20
-4.8606077559055114
11
6.0534842519685039
21
-4.8747959055118111
0
LINE
8
BLACK
6
CONTINUOUS
10
6.0534842519685039
20
-4.8747959055118111
11
6.0612553543307088
21
-4.8743886614173224
0
LINE
8
BLACK
6
CONTINUOUS
10
6.0612553543307088
20
-4.8743886614173224
11
6.0758488976377949
21
-4.8720772834645665
0
LINE
8
BLACK
6
CONTINUOUS
10
6.0758488976377949
20
-4.8720772834645665
11
6.0758489763779524
21
-4.8720772440944877
0
LINE
8
BLACK
6
CONTINUOUS
10
6.0758489763779524
20
-4.8720772440944877
11
6.090121732283464
21
-4.8682528740157478
0
LINE
8
BLACK
6
CONTINUOUS
10
6.090121732283464
20
-4.8682528740157478
11
6.1039155118110235
21
-4.8629579921259838
0
LINE
8
BLACK
6
CONTINUOUS
10
6.1039155118110235
20
-4.8629579921259838
11
6.1039155511811023
21
-4.862957952755905
0
LINE
8
BLACK
6
CONTINUOUS
10
6.1039155511811023
20
-4.862957952755905
11
6.1170809448818897
21
-4.8562498425196852
0
LINE
8
BLACK
6
CONTINUOUS
10
6.1170809448818897
20
-4.8562498425196852
11
6.1294729133858263
21
-4.8482024015748033
0
LINE
8
BLACK
6
CONTINUOUS
10
6.1294729133858263
20
-4.8482024015748033
11
6.1294732677165351
21
-4.8482021653543308
0
LINE
8
BLACK
6
CONTINUOUS
10
6.1294732677165351
20
-4.8482021653543308
11
6.1409555905511812
21
-4.8389038976377954
0
LINE
8
BLACK
6
CONTINUOUS
10
6.1409555905511812
20
-4.8389038976377954
11
6.1409563385826766
21
-4.8389032283464566
0
LINE
8
BLACK
6
CONTINUOUS
10
6.1409563385826766
20
-4.8389032283464566
11
6.1514032283464566
21
-4.8284563385826766
0
LINE
8
BLACK
6
CONTINUOUS
10
6.1514032283464566
20
-4.8284563385826766
11
6.1514038976377954
21
-4.8284555905511812
0
LINE
8
BLACK
6
CONTINUOUS
10
6.1514038976377954
20
-4.8284555905511812
11
6.1607021653543308
21
-4.8169732677165351
0
LINE
8
BLACK
6
CONTINUOUS
10
6.1607021653543308
20
-4.8169732677165351
11
6.1607024015748033
21
-4.8169729133858263
0
LINE
8
BLACK
6
CONTINUOUS
10
6.1607024015748033
20
-4.8169729133858263
11
6.1687498425196852
21
-4.8045809448818897
0
LINE
8
BLACK
6
CONTINUOUS
10
6.1687498425196852
20
-4.8045809448818897
11
6.175457952755905
21
-4.7914155511811023
0
LINE
8
BLACK
6
CONTINUOUS
10
6.175457952755905
20
-4.7914155511811023
11
6.1754579921259838
21
-4.7914155118110235
0
LINE
8
BLACK
6
CONTINUOUS
10
6.1754579921259838
20
-4.7914155118110235
11
6.1807150393700789
21
-4.7777201968503933
0
LINE
8
BLACK
6
CONTINUOUS
10
6.1807150393700789
20
-4.7777201968503933
11
6.1800354330708656
21
-4.7734291338582677
0
LINE
8
BLACK
6
CONTINUOUS
10
6.1800354330708656
20
-4.7734291338582677
11
6.1808123622047244
21
-4.768523779527559
0
LINE
8
BLACK
6
CONTINUOUS
10
6.1808123622047244
20
-4.768523779527559
11
6.183067086614173
21
-4.7640986220472437
0
LINE
8
BLACK
6
CONTINUOUS
10
6.183067086614173
20
-4.7640986220472437
11
6.1847203937007871
21
-4.7624452755905509
0
LINE
8
BLACK
6
CONTINUOUS
10
6.1847203937007871
20
-4.7624452755905509
11
6.1868886614173224
21
-4.7487553937007876
0
LINE
8
BLACK
6
CONTINUOUS
10
6.1868886614173224
20
-4.7487553937007876
11
6.1872959448818898
21
-4.7409842519685039
0
LINE
8
BLACK
6
CONTINUOUS
10
6.1872959448818898
20
-4.7409842519685039
11
6.1731077952755902
21
-4.7409842519685039
0
LINE
8
BLACK
6
CONTINUOUS
10
6.1731077952755902
20
-4.7409842519685039
11
6.1727014566929128
21
-4.7482194881889761
0
LINE
8
BLACK
6
CONTINUOUS
10
5.9575314960629919
20
-4.4959842519685038
11
5.9575314960629919
21
-4.522825984251968
0
LINE
8
BLACK
6
CONTINUOUS
10
5.9575314960629919
20
-4.522825984251968
11
5.9579270866141734
21
-4.5255408267716533
0
LINE
8
BLACK
6
CONTINUOUS
10
5.9579270866141734
20
-4.5255408267716533
11
5.9599746062992125
21
-4.5297290944881885
0
LINE
8
BLACK
6
CONTINUOUS
10
5.9599746062992125
20
-4.5297290944881885
11
5.9632709448818897
21
-4.5330254330708657
0
LINE
8
BLACK
6
CONTINUOUS
10
5.9632709448818897
20
-4.5330254330708657
11
5.9639502755905509
21
-4.5333575196850395
0
LINE
8
BLACK
6
CONTINUOUS
10
5.9639502755905509
20
-4.5333575196850395
11
5.9653557874015748
21
-4.5348155905511813
0
LINE
8
BLACK
6
CONTINUOUS
10
5.9653557874015748
20
-4.5348155905511813
11
5.9654951968503935
21
-4.5368359842519688
0
LINE
8
BLACK
6
CONTINUOUS
10
5.9654951968503935
20
-4.5368359842519688
11
5.964303307086614
21
-4.5384733070866137
0
LINE
8
BLACK
6
CONTINUOUS
10
5.964303307086614
20
-4.5384733070866137
11
5.96265
21
-4.5389779527559053
0
LINE
8
BLACK
6
CONTINUOUS
10
5.96265
20
-4.5389779527559053
11
5.9618188188976378
21
-4.5389779527559053
0
LINE
8
BLACK
6
CONTINUOUS
10
5.9618188188976378
20
-4.5389779527559053
11
5.9618188188976378
21
-4.6013469291338582
0
LINE
8
BLACK
6
CONTINUOUS
10
5.9618188188976378
20
-4.6013469291338582
11
5.9840045275590548
21
-4.6013469291338582
0
LINE
8
BLACK
6
CONTINUOUS
10
5.9840045275590548
20
-4.6013469291338582
11
5.9859075984251966
21
-4.6020395669291334
0
LINE
8
BLACK
6
CONTINUOUS
10
5.9859075984251966
20
-4.6020395669291334
11
5.9869201968503933
21
-4.6037934645669294
0
LINE
8
BLACK
6
CONTINUOUS
10
5.9869201968503933
20
-4.6037934645669294
11
5.9865685039370078
21
-4.6057878740157481
0
LINE
8
BLACK
6
CONTINUOUS
10
5.9865685039370078
20
-4.6057878740157481
11
5.985348622047244
21
-4.6069455118110234
0
LINE
8
BLACK
6
CONTINUOUS
10
5.985348622047244
20
-4.6069455118110234
11
5.9759190157480315
21
-4.6117501181102361
0
LINE
8
BLACK
6
CONTINUOUS
10
5.9759190157480315
20
-4.6117501181102361
11
5.963527047244094
21
-4.6197975590551179
0
LINE
8
BLACK
6
CONTINUOUS
10
5.963527047244094
20
-4.6197975590551179
11
5.9635266929133861
21
-4.6197977952755904
0
LINE
8
BLACK
6
CONTINUOUS
10
5.9635266929133861
20
-4.6197977952755904
11
5.95204437007874
21
-4.6290960629921258
0
LINE
8
BLACK
6
CONTINUOUS
10
5.95204437007874
20
-4.6290960629921258
11
5.9520436220472437
21
-4.6290967322834646
0
LINE
8
BLACK
6
CONTINUOUS
10
5.9520436220472437
20
-4.6290967322834646
11
5.9415967322834646
21
-4.6395436220472437
0
LINE
8
BLACK
6
CONTINUOUS
10
5.9415967322834646
20
-4.6395436220472437
11
5.9415960629921258
21
-4.63954437007874
0
LINE
8
BLACK
6
CONTINUOUS
10
5.9415960629921258
20
-4.63954437007874
11
5.9322977952755904
21
-4.6510266929133861
0
LINE
8
BLACK
6
CONTINUOUS
10
5.9322977952755904
20
-4.6510266929133861
11
5.9322975590551179
21
-4.651027047244094
0
LINE
8
BLACK
6
CONTINUOUS
10
5.9322975590551179
20
-4.651027047244094
11
5.9242501181102361
21
-4.6634190157480315
0
LINE
8
BLACK
6
CONTINUOUS
10
5.9242501181102361
20
-4.6634190157480315
11
5.9175420078740153
21
-4.6765844094488189
0
LINE
8
BLACK
6
CONTINUOUS
10
5.9175420078740153
20
-4.6765844094488189
11
5.9175419685039365
21
-4.6765844488188977
0
LINE
8
BLACK
6
CONTINUOUS
10
5.9175419685039365
20
-4.6765844488188977
11
5.9122470866141734
21
-4.6903782283464563
0
LINE
8
BLACK
6
CONTINUOUS
10
5.9122470866141734
20
-4.6903782283464563
11
5.9084227165354326
21
-4.7046509842519688
0
LINE
8
BLACK
6
CONTINUOUS
10
5.9084227165354326
20
-4.7046509842519688
11
5.9084226771653539
21
-4.7046510629921263
0
LINE
8
BLACK
6
CONTINUOUS
10
5.9084226771653539
20
-4.7046510629921263
11
5.9061112992125979
21
-4.7192445669291336
0
LINE
8
BLACK
6
CONTINUOUS
10
5.9061112992125979
20
-4.7192445669291336
11
5.9057040157480314
21
-4.7270157086614173
0
LINE
8
BLACK
6
CONTINUOUS
10
5.9057040157480314
20
-4.7270157086614173
11
5.9057040551181101
21
-4.727015748031496
0
LINE
8
BLACK
6
CONTINUOUS
10
5.9057040551181101
20
-4.727015748031496
11
5.9198922047244089
21
-4.727015748031496
0
LINE
8
BLACK
6
CONTINUOUS
10
5.9198922047244089
20
-4.727015748031496
11
5.9202985433070863
21
-4.7197805118110239
0
LINE
8
BLACK
6
CONTINUOUS
10
5.9202985433070863
20
-4.7197805118110239
11
5.9226841732283466
21
-4.7057398425196846
0
LINE
8
BLACK
6
CONTINUOUS
10
5.9226841732283466
20
-4.7057398425196846
11
5.9266268110236222
21
-4.6920545669291336
0
LINE
8
BLACK
6
CONTINUOUS
10
5.9266268110236222
20
-4.6920545669291336
11
5.932076968503937
21
-4.6788967716535428
0
LINE
8
BLACK
6
CONTINUOUS
10
5.932076968503937
20
-4.6788967716535428
11
5.9389660236220472
21
-4.6664319291338581
0
LINE
8
BLACK
6
CONTINUOUS
10
5.9389660236220472
20
-4.6664319291338581
11
5.9472074015748033
21
-4.6548168110236219
0
LINE
8
BLACK
6
CONTINUOUS
10
5.9472074015748033
20
-4.6548168110236219
11
5.9566974409448816
21
-4.6441974409448816
0
LINE
8
BLACK
6
CONTINUOUS
10
5.9566974409448816
20
-4.6441974409448816
11
5.9673168110236219
21
-4.6347074015748033
0
LINE
8
BLACK
6
CONTINUOUS
10
5.9673168110236219
20
-4.6347074015748033
11
5.9789319291338581
21
-4.6264660236220472
0
LINE
8
BLACK
6
CONTINUOUS
10
5.9789319291338581
20
-4.6264660236220472
11
5.9913967716535428
21
-4.619576968503937
0
LINE
8
BLACK
6
CONTINUOUS
10
5.9913967716535428
20
-4.619576968503937
11
6.0045545669291336
21
-4.6141268110236222
0
LINE
8
BLACK
6
CONTINUOUS
10
6.0045545669291336
20
-4.6141268110236222
11
6.0182398425196846
21
-4.6101841732283466
0
LINE
8
BLACK
6
CONTINUOUS
10
6.0182398425196846
20
-4.6101841732283466
11
6.0322805118110239
21
-4.6077985433070863
0
LINE
8
BLACK
6
CONTINUOUS
10
6.0322805118110239
20
-4.6077985433070863
11
6.0465
21
-4.6070000000000002
0
LINE
8
BLACK
6
CONTINUOUS
10
6.0465
20
-4.6070000000000002
11
6.0607194881889761
21
-4.6077985433070863
0
LINE
8
BLACK
6
CONTINUOUS
10
6.0607194881889761
20
-4.6077985433070863
11
6.0747601574803145
21
-4.6101841732283466
0
LINE
8
BLACK
6
CONTINUOUS
10
6.0747601574803145
20
-4.6101841732283466
11
6.0884454330708664
21
-4.6141268110236222
0
LINE
8
BLACK
6
CONTINUOUS
10
6.0884454330708664
20
-4.6141268110236222
11
6.1016032283464563
21
-4.619576968503937
0
LINE
8
BLACK
6
CONTINUOUS
10
6.1016032283464563
20
-4.619576968503937
11
6.1140680708661419
21
-4.6264660236220472
0
LINE
8
BLACK
6
CONTINUOUS
10
6.1140680708661419
20
-4.6264660236220472
11
6.1256831889763781
21
-4.6347074015748033
0
LINE
8
BLACK
6
CONTINUOUS
10
6.1256831889763781
20
-4.6347074015748033
11
6.1363025590551183
21
-4.6441974409448816
0
LINE
8
BLACK
6
CONTINUOUS
10
6.1363025590551183
20
-4.6441974409448816
11
6.1457925984251967
21
-4.6548168110236219
0
LINE
8
BLACK
6
CONTINUOUS
10
6.1457925984251967
20
-4.6548168110236219
11
6.1540339763779528
21
-4.6664319291338581
0
LINE
8
BLACK
6
CONTINUOUS
10
6.1540339763779528
20
-4.6664319291338581
11
6.160923031496063
21
-4.6788967716535428
0
LINE
8
BLACK
6
CONTINUOUS
10
6.160923031496063
20
-4.6788967716535428
11
6.1663731889763778
21
-4.6920545669291336
0
LINE
8
BLACK
6
CONTINUOUS
10
6.1663731889763778
20
-4.6920545669291336
11
6.1703158267716534
21
-4.7057398425196846
0
LINE
8
BLACK
6
CONTINUOUS
10
6.1703158267716534
20
-4.7057398425196846
11
6.1727014566929128
21
-4.7197805118110239
0
LINE
8
BLACK
6
CONTINUOUS
10
6.1727014566929128
20
-4.7197805118110239
11
6.1731077952755902
21
-4.727015748031496
0
LINE
8
BLACK
6
CONTINUOUS
10
6.1731077952755902
20
-4.727015748031496
11
6.1801670078740152
21
-4.727015748031496
0
LINE
8
BLACK
6
CONTINUOUS
10
6.1801670078740152
20
-4.727015748031496
11
6.1800354330708656
21
-4.7261850393700788
0
LINE
8
BLACK
6
CONTINUOUS
10
6.1800354330708656
20
-4.7261850393700788
11
6.1808123622047244
21
-4.7212796850393701
0
LINE
8
BLACK
6
CONTINUOUS
10
6.1808123622047244
20
-4.7212796850393701
11
6.183067086614173
21
-4.7168545275590548
0
LINE
8
BLACK
6
CONTINUOUS
10
6.183067086614173
20
-4.7168545275590548
11
6.1860393307086614
21
-4.7138822440944876
0
LINE
8
BLACK
6
CONTINUOUS
10
6.1860393307086614
20
-4.7138822440944876
11
6.1845772834645665
21
-4.7046510629921263
0
LINE
8
BLACK
6
CONTINUOUS
10
6.1845772834645665
20
-4.7046510629921263
11
6.1845772440944877
21
-4.7046509842519688
0
LINE
8
BLACK
6
CONTINUOUS
10
6.1845772440944877
20
-4.7046509842519688
11
6.1807528740157478
21
-4.6903782283464563
0
LINE
8
BLACK
6
CONTINUOUS
10
6.1807528740157478
20
-4.6903782283464563
11
6.1754579921259838
21
-4.6765844488188977
0
LINE
8
BLACK
6
CONTINUOUS
10
6.1754579921259838
20
-4.6765844488188977
11
6.175457952755905
21
-4.6765844094488189
0
LINE
8
BLACK
6
CONTINUOUS
10
6.175457952755905
20
-4.6765844094488189
11
6.1687498425196852
21
-4.6634190157480315
0
LINE
8
BLACK
6
CONTINUOUS
10
6.1687498425196852
20
-4.6634190157480315
11
6.1607024015748033
21
-4.651027047244094
0
LINE
8
BLACK
6
CONTINUOUS
10
6.1607024015748033
20
-4.651027047244094
11
6.1607021653543308
21
-4.6510266929133861
0
LINE
8
BLACK
6
CONTINUOUS
10
6.1607021653543308
20
-4.6510266929133861
11
6.1514038976377954
21
-4.63954437007874
0
LINE
8
BLACK
6
CONTINUOUS
10
6.1514038976377954
20
-4.63954437007874
11
6.1514032283464566
21
-4.6395436220472437
0
LINE
8
BLACK
6
CONTINUOUS
10
6.1514032283464566
20
-4.6395436220472437
11
6.1409563385826766
21
-4.6290967322834646
0
LINE
8
BLACK
6
CONTINUOUS
10
6.1409563385826766
20
-4.6290967322834646
11
6.1409555905511812
21
-4.6290960629921258
0
LINE
8
BLACK
6
CONTINUOUS
10
6.1409555905511812
20
-4.6290960629921258
11
6.1294732677165351
21
-4.6197977952755904
0
LINE
8
BLACK
6
CONTINUOUS
10
6.1294732677165351
20
-4.6197977952755904
11
6.1294729133858263
21
-4.6197975590551179
0
LINE
8
BLACK
6
CONTINUOUS
10
6.1294729133858263
20
-4.6197975590551179
11
6.1170809448818897
21
-4.6117501181102361
0
LINE
8
BLACK
6
CONTINUOUS
10
6.1170809448818897
20
-4.6117501181102361
11
6.1076513779527559
21
-4.6069455118110234
0
LINE
8
BLACK
6
CONTINUOUS
10
6.1076513779527559
20
-4.6069455118110234
11
6.1062701968503932
21
-4.6054643700787397
0
LINE
8
BLACK
6
CONTINUOUS
10
6.1062701968503932
20
-4.6054643700787397
11
6.1061642125984248
21
-4.6034419685039367
0
LINE
8
BLACK
6
CONTINUOUS
10
6.1061642125984248
20
-4.6034419685039367
11
6.1073829921259843
21
-4.6018245669291336
0
LINE
8
BLACK
6
CONTINUOUS
10
6.1073829921259843
20
-4.6018245669291336
11
6.1089954724409443
21
-4.6013469291338582
0
LINE
8
BLACK
6
CONTINUOUS
10
6.1089954724409443
20
-4.6013469291338582
11
6.133470157480315
21
-4.6013469291338582
0
LINE
8
BLACK
6
CONTINUOUS
10
6.133470157480315
20
-4.6013469291338582
11
6.133470157480315
21
-4.5384291338582674
0
LINE
8
BLACK
6
CONTINUOUS
10
6.133470157480315
20
-4.5384291338582674
11
6.1341627952755902
21
-4.5365260629921256
0
LINE
8
BLACK
6
CONTINUOUS
10
6.1341627952755902
20
-4.5365260629921256
11
6.1359166929133853
21
-4.5355134645669288
0
LINE
8
BLACK
6
CONTINUOUS
10
6.1359166929133853
20
-4.5355134645669288
11
6.1364307874015749
21
-4.5354685039370075
0
LINE
8
BLACK
6
CONTINUOUS
10
6.1364307874015749
20
-4.5354685039370075
11
6.1378255905511807
21
-4.5354685039370075
0
LINE
8
BLACK
6
CONTINUOUS
10
6.1378255905511807
20
-4.5354685039370075
11
6.1378259842519682
21
-4.5354684645669288
0
LINE
8
BLACK
6
CONTINUOUS
10
6.1378259842519682
20
-4.5354684645669288
11
6.1405408267716535
21
-4.5350728740157482
0
LINE
8
BLACK
6
CONTINUOUS
10
6.1405408267716535
20
-4.5350728740157482
11
6.1447290944881887
21
-4.5330253543307082
0
LINE
8
BLACK
6
CONTINUOUS
10
6.1447290944881887
20
-4.5330253543307082
11
6.1480253543307084
21
-4.5297290944881885
0
LINE
8
BLACK
6
CONTINUOUS
10
6.1480253543307084
20
-4.5297290944881885
11
6.1500728740157475
21
-4.5255408267716533
0
LINE
8
BLACK
6
CONTINUOUS
10
6.1500728740157475
20
-4.5255408267716533
11
6.150468464566929
21
-4.522825984251968
0
LINE
8
BLACK
6
CONTINUOUS
10
6.150468464566929
20
-4.522825984251968
11
6.1504685039370077
21
-4.5228255905511814
0
LINE
8
BLACK
6
CONTINUOUS
10
6.1504685039370077
20
-4.5228255905511814
11
6.1504685039370077
21
-4.4959842519685038
0
LINE
8
BLACK
6
CONTINUOUS
10
6.1504685039370077
20
-4.4959842519685038
11
6.1364999999999998
21
-4.4959842519685038
0
LINE
8
BLACK
6
CONTINUOUS
10
6.1364999999999998
20
-4.4959842519685038
11
6.1364999999999998
21
-4.5214999999999996
0
LINE
8
BLACK
6
CONTINUOUS
10
6.1364999999999998
20
-4.5214999999999996
11
6.0714999999999995
21
-4.5214999999999996
0
LINE
8
BLACK
6
CONTINUOUS
10
6.0714999999999995
20
-4.5214999999999996
11
6.0714999999999995
21
-4.4959842519685038
0
LINE
8
BLACK
6
CONTINUOUS
10
6.0714999999999995
20
-4.4959842519685038
11
6.0575314960629916
21
-4.4959842519685038
0
LINE
8
BLACK
6
CONTINUOUS
10
6.0575314960629916
20
-4.4959842519685038
11
6.0575314960629916
21
-4.522825984251968
0
LINE
8
BLACK
6
CONTINUOUS
10
6.0575314960629916
20
-4.522825984251968
11
6.057927086614173
21
-4.5255408267716533
0
LINE
8
BLACK
6
CONTINUOUS
10
6.057927086614173
20
-4.5255408267716533
11
6.0599746062992121
21
-4.5297290944881885
0
LINE
8
BLACK
6
CONTINUOUS
10
6.0599746062992121
20
-4.5297290944881885
11
6.0632709448818893
21
-4.5330254330708657
0
LINE
8
BLACK
6
CONTINUOUS
10
6.0632709448818893
20
-4.5330254330708657
11
6.0639502755905514
21
-4.5333575196850395
0
LINE
8
BLACK
6
CONTINUOUS
10
6.0639502755905514
20
-4.5333575196850395
11
6.0653557874015744
21
-4.5348155905511813
0
LINE
8
BLACK
6
CONTINUOUS
10
6.0653557874015744
20
-4.5348155905511813
11
6.0654951968503932
21
-4.5368359842519688
0
LINE
8
BLACK
6
CONTINUOUS
10
6.0654951968503932
20
-4.5368359842519688
11
6.0643033070866137
21
-4.5384733070866137
0
LINE
8
BLACK
6
CONTINUOUS
10
6.0643033070866137
20
-4.5384733070866137
11
6.0626499999999997
21
-4.5389779527559053
0
LINE
8
BLACK
6
CONTINUOUS
10
6.0626499999999997
20
-4.5389779527559053
11
6.04535
21
-4.5389779527559053
0
LINE
8
BLACK
6
CONTINUOUS
10
6.04535
20
-4.5389779527559053
11
6.0434469291338582
21
-4.5382853149606301
0
LINE
8
BLACK
6
CONTINUOUS
10
6.0434469291338582
20
-4.5382853149606301
11
6.0424343307086614
21
-4.5365314173228342
0
LINE
8
BLACK
6
CONTINUOUS
10
6.0424343307086614
20
-4.5365314173228342
11
6.042786023622047
21
-4.5345370078740155
0
LINE
8
BLACK
6
CONTINUOUS
10
6.042786023622047
20
-4.5345370078740155
11
6.0440497244094491
21
-4.5333575196850395
0
LINE
8
BLACK
6
CONTINUOUS
10
6.0440497244094491
20
-4.5333575196850395
11
6.0447290157480316
21
-4.5330254330708657
0
LINE
8
BLACK
6
CONTINUOUS
10
6.0447290157480316
20
-4.5330254330708657
11
6.0480253543307088
21
-4.5297290944881885
0
LINE
8
BLACK
6
CONTINUOUS
10
6.0480253543307088
20
-4.5297290944881885
11
6.0500728740157479
21
-4.5255408267716533
0
LINE
8
BLACK
6
CONTINUOUS
10
6.0500728740157479
20
-4.5255408267716533
11
6.0504684645669293
21
-4.522825984251968
0
LINE
8
BLACK
6
CONTINUOUS
10
6.0504684645669293
20
-4.522825984251968
11
6.0504685039370081
21
-4.5228255905511814
0
LINE
8
BLACK
6
CONTINUOUS
10
6.0504685039370081
20
-4.5228255905511814
11
6.0504685039370081
21
-4.4959842519685038
0
LINE
8
BLACK
6
CONTINUOUS
10
6.0504685039370081
20
-4.4959842519685038
11
6.0365000000000002
21
-4.4959842519685038
0
LINE
8
BLACK
6
CONTINUOUS
10
6.0365000000000002
20
-4.4959842519685038
11
6.0365000000000002
21
-4.5214999999999996
0
LINE
8
BLACK
6
CONTINUOUS
10
6.0365000000000002
20
-4.5214999999999996
11
5.9714999999999998
21
-4.5214999999999996
0
LINE
8
BLACK
6
CONTINUOUS
10
5.9714999999999998
20
-4.5214999999999996
11
5.9714999999999998
21
-4.4959842519685038
0
LINE
8
BLACK
6
CONTINUOUS
10
5.9714999999999998
20
-4.4959842519685038
11
5.9575314960629919
21
-4.4959842519685038
0
LINE
8
BLACK
6
CONTINUOUS
10
5.6534842519685036
20
-4.6073922047244089
11
5.6607194881889766
21
-4.6077985433070863
0
LINE
8
BLACK
6
CONTINUOUS
10
5.6607194881889766
20
-4.6077985433070863
11
5.674760157480315
21
-4.6101841732283466
0
LINE
8
BLACK
6
CONTINUOUS
10
5.674760157480315
20
-4.6101841732283466
11
5.688445433070866
21
-4.6141268110236222
0
LINE
8
BLACK
6
CONTINUOUS
10
5.688445433070866
20
-4.6141268110236222
11
5.7016032283464568
21
-4.619576968503937
0
LINE
8
BLACK
6
CONTINUOUS
10
5.7016032283464568
20
-4.619576968503937
11
5.7140680708661415
21
-4.6264660236220472
0
LINE
8
BLACK
6
CONTINUOUS
10
5.7140680708661415
20
-4.6264660236220472
11
5.7256831889763777
21
-4.6347074015748033
0
LINE
8
BLACK
6
CONTINUOUS
10
5.7256831889763777
20
-4.6347074015748033
11
5.736302559055118
21
-4.6441974409448816
0
LINE
8
BLACK
6
CONTINUOUS
10
5.736302559055118
20
-4.6441974409448816
11
5.7457925984251963
21
-4.6548168110236219
0
LINE
8
BLACK
6
CONTINUOUS
10
5.7457925984251963
20
-4.6548168110236219
11
5.7540339763779524
21
-4.6664319291338581
0
LINE
8
BLACK
6
CONTINUOUS
10
5.7540339763779524
20
-4.6664319291338581
11
5.7609230314960627
21
-4.6788967716535428
0
LINE
8
BLACK
6
CONTINUOUS
10
5.7609230314960627
20
-4.6788967716535428
11
5.7663731889763774
21
-4.6920545669291336
0
LINE
8
BLACK
6
CONTINUOUS
10
5.7663731889763774
20
-4.6920545669291336
11
5.770315826771653
21
-4.7057398425196846
0
LINE
8
BLACK
6
CONTINUOUS
10
5.770315826771653
20
-4.7057398425196846
11
5.7727014566929133
21
-4.7197805118110239
0
LINE
8
BLACK
6
CONTINUOUS
10
5.7727014566929133
20
-4.7197805118110239
11
5.7731077952755907
21
-4.727015748031496
0
LINE
8
BLACK
6
CONTINUOUS
10
5.7731077952755907
20
-4.727015748031496
11
5.7872959448818895
21
-4.727015748031496
0
LINE
8
BLACK
6
CONTINUOUS
10
5.7872959448818895
20
-4.727015748031496
11
5.7872959448818895
21
-4.7270157086614173
0
LINE
8
BLACK
6
CONTINUOUS
10
5.7872959448818895
20
-4.7270157086614173
11
5.7868886614173229
21
-4.7192445669291336
0
LINE
8
BLACK
6
CONTINUOUS
10
5.7868886614173229
20
-4.7192445669291336
11
5.784577283464567
21
-4.7046510629921263
0
LINE
8
BLACK
6
CONTINUOUS
10
5.784577283464567
20
-4.7046510629921263
11
5.7845772440944883
21
-4.7046509842519688
0
LINE
8
BLACK
6
CONTINUOUS
10
5.7845772440944883
20
-4.7046509842519688
11
5.7807528740157483
21
-4.6903782283464563
0
LINE
8
BLACK
6
CONTINUOUS
10
5.7807528740157483
20
-4.6903782283464563
11
5.7754579921259843
21
-4.6765844488188977
0
LINE
8
BLACK
6
CONTINUOUS
10
5.7754579921259843
20
-4.6765844488188977
11
5.7754579527559056
21
-4.6765844094488189
0
LINE
8
BLACK
6
CONTINUOUS
10
5.7754579527559056
20
-4.6765844094488189
11
5.7687498425196848
21
-4.6634190157480315
0
LINE
8
BLACK
6
CONTINUOUS
10
5.7687498425196848
20
-4.6634190157480315
11
5.760702401574803
21
-4.651027047244094
0
LINE
8
BLACK
6
CONTINUOUS
10
5.760702401574803
20
-4.651027047244094
11
5.7607021653543304
21
-4.6510266929133861
0
LINE
8
BLACK
6
CONTINUOUS
10
5.7607021653543304
20
-4.6510266929133861
11
5.751403897637795
21
-4.63954437007874
0
LINE
8
BLACK
6
CONTINUOUS
10
5.751403897637795
20
-4.63954437007874
11
5.7514032283464562
21
-4.6395436220472437
0
LINE
8
BLACK
6
CONTINUOUS
10
5.7514032283464562
20
-4.6395436220472437
11
5.7409563385826772
21
-4.6290967322834646
0
LINE
8
BLACK
6
CONTINUOUS
10
5.7409563385826772
20
-4.6290967322834646
11
5.7409555905511809
21
-4.6290960629921258
0
LINE
8
BLACK
6
CONTINUOUS
10
5.7409555905511809
20
-4.6290960629921258
11
5.7294732677165356
21
-4.6197977952755904
0
LINE
8
BLACK
6
CONTINUOUS
10
5.7294732677165356
20
-4.6197977952755904
11
5.7294729133858269
21
-4.6197975590551179
0
LINE
8
BLACK
6
CONTINUOUS
10
5.7294729133858269
20
-4.6197975590551179
11
5.7170809448818893
21
-4.6117501181102361
0
LINE
8
BLACK
6
CONTINUOUS
10
5.7170809448818893
20
-4.6117501181102361
11
5.7039155511811019
21
-4.6050420078740153
0
LINE
8
BLACK
6
CONTINUOUS
10
5.7039155511811019
20
-4.6050420078740153
11
5.7039155118110232
21
-4.6050419685039365
0
LINE
8
BLACK
6
CONTINUOUS
10
5.7039155118110232
20
-4.6050419685039365
11
5.6901217322834645
21
-4.5997470866141734
0
LINE
8
BLACK
6
CONTINUOUS
10
5.6901217322834645
20
-4.5997470866141734
11
5.6758489763779529
21
-4.5959227165354326
0
LINE
8
BLACK
6
CONTINUOUS
10
5.6758489763779529
20
-4.5959227165354326
11
5.6758488976377954
21
-4.5959226771653539
0
LINE
8
BLACK
6
CONTINUOUS
10
5.6758488976377954
20
-4.5959226771653539
11
5.6612553937007872
21
-4.5936112992125979
0
LINE
8
BLACK
6
CONTINUOUS
10
5.6612553937007872
20
-4.5936112992125979
11
5.6534842519685036
21
-4.5932040157480314
0
LINE
8
BLACK
6
CONTINUOUS
10
5.6534842519685036
20
-4.5932040157480314
11
5.6534842519685036
21
-4.6073922047244089
0
LINE
8
BLACK
6
CONTINUOUS
10
5.6317445669291342
20
-4.5936112992125979
11
5.617151062992126
21
-4.5959226771653539
0
LINE
8
BLACK
6
CONTINUOUS
10
5.617151062992126
20
-4.5959226771653539
11
5.6171509842519685
21
-4.5959227165354326
0
LINE
8
BLACK
6
CONTINUOUS
10
5.6171509842519685
20
-4.5959227165354326
11
5.6028782283464569
21
-4.5997470866141734
0
LINE
8
BLACK
6
CONTINUOUS
10
5.6028782283464569
20
-4.5997470866141734
11
5.5890844488188973
21
-4.6050419685039365
0
LINE
8
BLACK
6
CONTINUOUS
10
5.5890844488188973
20
-4.6050419685039365
11
5.5890844094488186
21
-4.6050420078740153
0
LINE
8
BLACK
6
CONTINUOUS
10
5.5890844094488186
20
-4.6050420078740153
11
5.5759190157480312
21
-4.6117501181102361
0
LINE
8
BLACK
6
CONTINUOUS
10
5.5759190157480312
20
-4.6117501181102361
11
5.5635270472440945
21
-4.6197975590551179
0
LINE
8
BLACK
6
CONTINUOUS
10
5.5635270472440945
20
-4.6197975590551179
11
5.5635266929133858
21
-4.6197977952755904
0
LINE
8
BLACK
6
CONTINUOUS
10
5.5635266929133858
20
-4.6197977952755904
11
5.5520443700787396
21
-4.6290960629921258
0
LINE
8
BLACK
6
CONTINUOUS
10
5.5520443700787396
20
-4.6290960629921258
11
5.5520436220472442
21
-4.6290967322834646
0
LINE
8
BLACK
6
CONTINUOUS
10
5.5520436220472442
20
-4.6290967322834646
11
5.5415967322834643
21
-4.6395436220472437
0
LINE
8
BLACK
6
CONTINUOUS
10
5.5415967322834643
20
-4.6395436220472437
11
5.5415960629921255
21
-4.63954437007874
0
LINE
8
BLACK
6
CONTINUOUS
10
5.5415960629921255
20
-4.63954437007874
11
5.5322977952755901
21
-4.6510266929133861
0
LINE
8
BLACK
6
CONTINUOUS
10
5.5322977952755901
20
-4.6510266929133861
11
5.5322975590551176
21
-4.651027047244094
0
LINE
8
BLACK
6
CONTINUOUS
10
5.5322975590551176
20
-4.651027047244094
11
5.5242501181102357
21
-4.6634190157480315
0
LINE
8
BLACK
6
CONTINUOUS
10
5.5242501181102357
20
-4.6634190157480315
11
5.5175420078740158
21
-4.6765844094488189
0
LINE
8
BLACK
6
CONTINUOUS
10
5.5175420078740158
20
-4.6765844094488189
11
5.5175419685039371
21
-4.6765844488188977
0
LINE
8
BLACK
6
CONTINUOUS
10
5.5175419685039371
20
-4.6765844488188977
11
5.5122470866141731
21
-4.6903782283464563
0
LINE
8
BLACK
6
CONTINUOUS
10
5.5122470866141731
20
-4.6903782283464563
11
5.5084227165354331
21
-4.7046509842519688
0
LINE
8
BLACK
6
CONTINUOUS
10
5.5084227165354331
20
-4.7046509842519688
11
5.5084226771653544
21
-4.7046510629921263
0
LINE
8
BLACK
6
CONTINUOUS
10
5.5084226771653544
20
-4.7046510629921263
11
5.5071463779527559
21
-4.7127092125984253
0
LINE
8
BLACK
6
CONTINUOUS
10
5.5071463779527559
20
-4.7127092125984253
11
5.5083895669291341
21
-4.7133426771653539
0
LINE
8
BLACK
6
CONTINUOUS
10
5.5083895669291341
20
-4.7133426771653539
11
5.5119014173228349
21
-4.7168545275590548
0
LINE
8
BLACK
6
CONTINUOUS
10
5.5119014173228349
20
-4.7168545275590548
11
5.5141561417322835
21
-4.7212796850393701
0
LINE
8
BLACK
6
CONTINUOUS
10
5.5141561417322835
20
-4.7212796850393701
11
5.5149330708661415
21
-4.7261850393700788
0
LINE
8
BLACK
6
CONTINUOUS
10
5.5149330708661415
20
-4.7261850393700788
11
5.5148014960629919
21
-4.727015748031496
0
LINE
8
BLACK
6
CONTINUOUS
10
5.5148014960629919
20
-4.727015748031496
11
5.5198922047244094
21
-4.727015748031496
0
LINE
8
BLACK
6
CONTINUOUS
10
5.5198922047244094
20
-4.727015748031496
11
5.5202985433070868
21
-4.7197805118110239
0
LINE
8
BLACK
6
CONTINUOUS
10
5.5202985433070868
20
-4.7197805118110239
11
5.5226841732283463
21
-4.7057398425196846
0
LINE
8
BLACK
6
CONTINUOUS
10
5.5226841732283463
20
-4.7057398425196846
11
5.5266268110236219
21
-4.6920545669291336
0
LINE
8
BLACK
6
CONTINUOUS
10
5.5266268110236219
20
-4.6920545669291336
11
5.5320769685039366
21
-4.6788967716535428
0
LINE
8
BLACK
6
CONTINUOUS
10
5.5320769685039366
20
-4.6788967716535428
11
5.5389660236220468
21
-4.6664319291338581
0
LINE
8
BLACK
6
CONTINUOUS
10
5.5389660236220468
20
-4.6664319291338581
11
5.547207401574803
21
-4.6548168110236219
0
LINE
8
BLACK
6
CONTINUOUS
10
5.547207401574803
20
-4.6548168110236219
11
5.5566974409448822
21
-4.6441974409448816
0
LINE
8
BLACK
6
CONTINUOUS
10
5.5566974409448822
20
-4.6441974409448816
11
5.5673168110236215
21
-4.6347074015748033
0
LINE
8
BLACK
6
CONTINUOUS
10
5.5673168110236215
20
-4.6347074015748033
11
5.5789319291338577
21
-4.6264660236220472
0
LINE
8
BLACK
6
CONTINUOUS
10
5.5789319291338577
20
-4.6264660236220472
11
5.5913967716535433
21
-4.619576968503937
0
LINE
8
BLACK
6
CONTINUOUS
10
5.5913967716535433
20
-4.619576968503937
11
5.6045545669291341
21
-4.6141268110236222
0
LINE
8
BLACK
6
CONTINUOUS
10
5.6045545669291341
20
-4.6141268110236222
11
5.6182398425196851
21
-4.6101841732283466
0
LINE
8
BLACK
6
CONTINUOUS
10
5.6182398425196851
20
-4.6101841732283466
11
5.6322805118110235
21
-4.6077985433070863
0
LINE
8
BLACK
6
CONTINUOUS
10
5.6322805118110235
20
-4.6077985433070863
11
5.6395157480314957
21
-4.6073922047244089
0
LINE
8
BLACK
6
CONTINUOUS
10
5.6395157480314957
20
-4.6073922047244089
11
5.6395157480314957
21
-4.5932040551181101
0
LINE
8
BLACK
6
CONTINUOUS
10
5.6395157480314957
20
-4.5932040551181101
11
5.6395157086614169
21
-4.5932040157480314
0
LINE
8
BLACK
6
CONTINUOUS
10
5.6395157086614169
20
-4.5932040157480314
11
5.6317445669291342
21
-4.5936112992125979
0
LINE
8
BLACK
6
CONTINUOUS
10
5.5525314960629917
20
-4.5409842519685037
11
5.5525314960629917
21
-4.5678259842519688
0
LINE
8
BLACK
6
CONTINUOUS
10
5.5525314960629917
20
-4.5678259842519688
11
5.5529270866141731
21
-4.5705408267716532
0
LINE
8
BLACK
6
CONTINUOUS
10
5.5529270866141731
20
-4.5705408267716532
11
5.5549746062992122
21
-4.5747290944881884
0
LINE
8
BLACK
6
CONTINUOUS
10
5.5549746062992122
20
-4.5747290944881884
11
5.5582708661417319
21
-4.5780253543307081
0
LINE
8
BLACK
6
CONTINUOUS
10
5.5582708661417319
20
-4.5780253543307081
11
5.5624591732283459
21
-4.5800728740157481
0
LINE
8
BLACK
6
CONTINUOUS
10
5.5624591732283459
20
-4.5800728740157481
11
5.5624591338582672
21
-4.5800728740157481
0
LINE
8
BLACK
6
CONTINUOUS
10
5.5624591338582672
20
-4.5800728740157481
11
5.5651739763779524
21
-4.5804684645669287
0
LINE
8
BLACK
6
CONTINUOUS
10
5.5651739763779524
20
-4.5804684645669287
11
5.5651744094488187
21
-4.5804685039370074
0
LINE
8
BLACK
6
CONTINUOUS
10
5.5651744094488187
20
-4.5804685039370074
11
5.5920157480314963
21
-4.5804685039370074
0
LINE
8
BLACK
6
CONTINUOUS
10
5.5920157480314963
20
-4.5804685039370074
11
5.5920157480314963
21
-4.5664999999999996
0
LINE
8
BLACK
6
CONTINUOUS
10
5.5920157480314963
20
-4.5664999999999996
11
5.5664999999999996
21
-4.5664999999999996
0
LINE
8
BLACK
6
CONTINUOUS
10
5.5664999999999996
20
-4.5664999999999996
11
5.5664999999999996
21
-4.5409842519685037
0
LINE
8
BLACK
6
CONTINUOUS
10
5.5664999999999996
20
-4.5409842519685037
11
5.5525314960629917
21
-4.5409842519685037
0
LINE
8
BLACK
6
CONTINUOUS
10
5.6315
20
-4.5664999999999996
11
5.6059842519685041
21
-4.5664999999999996
0
LINE
8
BLACK
6
CONTINUOUS
10
5.6059842519685041
20
-4.5664999999999996
11
5.6059842519685041
21
-4.5804685039370074
0
LINE
8
BLACK
6
CONTINUOUS
10
5.6059842519685041
20
-4.5804685039370074
11
5.6328255905511808
21
-4.5804685039370074
0
LINE
8
BLACK
6
CONTINUOUS
10
5.6328255905511808
20
-4.5804685039370074
11
5.6328259842519683
21
-4.5804684645669287
0
LINE
8
BLACK
6
CONTINUOUS
10
5.6328259842519683
20
-4.5804684645669287
11
5.6355408267716536
21
-4.5800728740157481
0
LINE
8
BLACK
6
CONTINUOUS
10
5.6355408267716536
20
-4.5800728740157481
11
5.6397290944881888
21
-4.5780253543307081
0
LINE
8
BLACK
6
CONTINUOUS
10
5.6397290944881888
20
-4.5780253543307081
11
5.6430253543307085
21
-4.5747290944881884
0
LINE
8
BLACK
6
CONTINUOUS
10
5.6430253543307085
20
-4.5747290944881884
11
5.6450728740157476
21
-4.5705408267716532
0
LINE
8
BLACK
6
CONTINUOUS
10
5.6450728740157476
20
-4.5705408267716532
11
5.6454684645669291
21
-4.5678259842519688
0
LINE
8
BLACK
6
CONTINUOUS
10
5.6454684645669291
20
-4.5678259842519688
11
5.6454685039370078
21
-4.5678255905511813
0
LINE
8
BLACK
6
CONTINUOUS
10
5.6454685039370078
20
-4.5678255905511813
11
5.6454685039370078
21
-4.5409842519685037
0
LINE
8
BLACK
6
CONTINUOUS
10
5.6454685039370078
20
-4.5409842519685037
11
5.6315
21
-4.5409842519685037
0
LINE
8
BLACK
6
CONTINUOUS
10
5.6315
20
-4.5409842519685037
11
5.6315
21
-4.5664999999999996
0
LINE
8
BLACK
6
CONTINUOUS
10
5.5126698031496062
20
-4.4897154330708657
11
5.5148758267716538
21
-4.4950412992125983
0
LINE
8
BLACK
6
CONTINUOUS
10
5.5148758267716538
20
-4.4950412992125983
11
5.5148758661417325
21
-4.4950413385826771
0
LINE
8
BLACK
6
CONTINUOUS
10
5.5148758661417325
20
-4.4950413385826771
11
5.5183852362204719
21
-4.4996147637795278
0
LINE
8
BLACK
6
CONTINUOUS
10
5.5183852362204719
20
-4.4996147637795278
11
5.5229586614173227
21
-4.5031241338582673
0
LINE
8
BLACK
6
CONTINUOUS
10
5.5229586614173227
20
-4.5031241338582673
11
5.5282846062992128
21
-4.5053301968503936
0
LINE
8
BLACK
6
CONTINUOUS
10
5.5282846062992128
20
-4.5053301968503936
11
5.5339999999999998
21
-4.5060826377952754
0
LINE
8
BLACK
6
CONTINUOUS
10
5.5339999999999998
20
-4.5060826377952754
11
5.5397153937007877
21
-4.5053301968503936
0
LINE
8
BLACK
6
CONTINUOUS
10
5.5397153937007877
20
-4.5053301968503936
11
5.5450413385826769
21
-4.5031241338582673
0
LINE
8
BLACK
6
CONTINUOUS
10
5.5450413385826769
20
-4.5031241338582673
11
5.5477685826771657
21
-4.5010313779527555
0
LINE
8
BLACK
6
CONTINUOUS
10
5.5477685826771657
20
-4.5010313779527555
11
5.5496999606299209
21
-4.5004224409448819
0
LINE
8
BLACK
6
CONTINUOUS
10
5.5496999606299209
20
-4.5004224409448819
11
5.5515710236220475
21
-4.5011974015748031
0
LINE
8
BLACK
6
CONTINUOUS
10
5.5515710236220475
20
-4.5011974015748031
11
5.5525061811023617
21
-4.502993779527559
0
LINE
8
BLACK
6
CONTINUOUS
10
5.5525061811023617
20
-4.502993779527559
11
5.5525314960629917
21
-4.5033802362204725
0
LINE
8
BLACK
6
CONTINUOUS
10
5.5525314960629917
20
-4.5033802362204725
11
5.5525314960629917
21
-4.5270157480314959
0
LINE
8
BLACK
6
CONTINUOUS
10
5.5525314960629917
20
-4.5270157480314959
11
5.5664999999999996
21
-4.5270157480314959
0
LINE
8
BLACK
6
CONTINUOUS
10
5.5664999999999996
20
-4.5270157480314959
11
5.5664999999999996
21
-4.5015000000000001
0
LINE
8
BLACK
6
CONTINUOUS
10
5.5664999999999996
20
-4.5015000000000001
11
5.6315
21
-4.5015000000000001
0
LINE
8
BLACK
6
CONTINUOUS
10
5.6315
20
-4.5015000000000001
11
5.6315
21
-4.5270157480314959
0
LINE
8
BLACK
6
CONTINUOUS
10
5.6315
20
-4.5270157480314959
11
5.6454685039370078
21
-4.5270157480314959
0
LINE
8
BLACK
6
CONTINUOUS
10
5.6454685039370078
20
-4.5270157480314959
11
5.6454685039370078
21
-4.5057002362204726
0
LINE
8
BLACK
6
CONTINUOUS
10
5.6454685039370078
20
-4.5057002362204726
11
5.646161141732283
21
-4.5037971653543307
0
LINE
8
BLACK
6
CONTINUOUS
10
5.646161141732283
20
-4.5037971653543307
11
5.647915039370079
21
-4.502784566929134
0
LINE
8
BLACK
6
CONTINUOUS
10
5.647915039370079
20
-4.502784566929134
11
5.6499094488188977
21
-4.5031362598425195
0
LINE
8
BLACK
6
CONTINUOUS
10
5.6499094488188977
20
-4.5031362598425195
11
5.650522598425197
21
-4.5036067716535433
0
LINE
8
BLACK
6
CONTINUOUS
10
5.650522598425197
20
-4.5036067716535433
11
5.6520952755905514
21
-4.5051794488188976
0
LINE
8
BLACK
6
CONTINUOUS
10
5.6520952755905514
20
-4.5051794488188976
11
5.6523651968503934
21
-4.5055544488188977
0
LINE
8
BLACK
6
CONTINUOUS
10
5.6523651968503934
20
-4.5055544488188977
11
5.6523884251968504
21
-4.5055369291338581
0
LINE
8
BLACK
6
CONTINUOUS
10
5.6523884251968504
20
-4.5055369291338581
11
5.6525537401574804
21
-4.5057558267716535
0
LINE
8
BLACK
6
CONTINUOUS
10
5.6525537401574804
20
-4.5057558267716535
11
5.6525537795275591
21
-4.5057558661417323
0
LINE
8
BLACK
6
CONTINUOUS
10
5.6525537795275591
20
-4.5057558661417323
11
5.6529121653543308
21
-4.5060825984251967
0
LINE
8
BLACK
6
CONTINUOUS
10
5.6529121653543308
20
-4.5060825984251967
11
5.6538376771653542
21
-4.5069262992125987
0
LINE
8
BLACK
6
CONTINUOUS
10
5.6538376771653542
20
-4.5069262992125987
11
5.653935748031496
21
-4.5070199212598423
0
LINE
8
BLACK
6
CONTINUOUS
10
5.653935748031496
20
-4.5070199212598423
11
5.6544299212598421
21
-4.5075140944881893
0
LINE
8
BLACK
6
CONTINUOUS
10
5.6544299212598421
20
-4.5075140944881893
11
5.6544711417322837
21
-4.5075423228346452
0
LINE
8
BLACK
6
CONTINUOUS
10
5.6544711417322837
20
-4.5075423228346452
11
5.6547929921259845
21
-4.507797204724409
0
LINE
8
BLACK
6
CONTINUOUS
10
5.6547929921259845
20
-4.507797204724409
11
5.6554941732283464
21
-4.5084364173228346
0
LINE
8
BLACK
6
CONTINUOUS
10
5.6554941732283464
20
-4.5084364173228346
11
5.6555983858267718
21
-4.5085314173228346
0
LINE
8
BLACK
6
CONTINUOUS
10
5.6555983858267718
20
-4.5085314173228346
11
5.6560068897637796
21
-4.5086896456692909
0
LINE
8
BLACK
6
CONTINUOUS
10
5.6560068897637796
20
-4.5086896456692909
11
5.656610433070866
21
-4.5090077559055119
0
LINE
8
BLACK
6
CONTINUOUS
10
5.656610433070866
20
-4.5090077559055119
11
5.656971811023622
21
-4.5092553543307083
0
LINE
8
BLACK
6
CONTINUOUS
10
5.656971811023622
20
-4.5092553543307083
11
5.6575478346456691
21
-4.5093907874015748
0
LINE
8
BLACK
6
CONTINUOUS
10
5.6575478346456691
20
-4.5093907874015748
11
5.6592417716535435
21
-4.5105006299212596
0
LINE
8
BLACK
6
CONTINUOUS
10
5.6592417716535435
20
-4.5105006299212596
11
5.6598307480314958
21
-4.5122727952755906
0
LINE
8
BLACK
6
CONTINUOUS
10
5.6598307480314958
20
-4.5122727952755906
11
5.6598307480314958
21
-4.5287463385826774
0
LINE
8
BLACK
6
CONTINUOUS
10
5.6598307480314958
20
-4.5287463385826774
11
5.6601799999999995
21
-4.5305023228346455
0
LINE
8
BLACK
6
CONTINUOUS
10
5.6601799999999995
20
-4.5305023228346455
11
5.6615103937007873
21
-4.532493385826772
0
LINE
8
BLACK
6
CONTINUOUS
10
5.6615103937007873
20
-4.532493385826772
11
5.6615104330708661
21
-4.532493385826772
0
LINE
8
BLACK
6
CONTINUOUS
10
5.6615104330708661
20
-4.532493385826772
11
5.6615104724409449
21
-4.5324934645669286
0
LINE
8
BLACK
6
CONTINUOUS
10
5.6615104724409449
20
-4.5324934645669286
11
5.6635016535433067
21
-4.5338239370078739
0
LINE
8
BLACK
6
CONTINUOUS
10
5.6635016535433067
20
-4.5338239370078739
11
5.6652575984251969
21
-4.5341732283464564
0
LINE
8
BLACK
6
CONTINUOUS
10
5.6652575984251969
20
-4.5341732283464564
11
5.7058132283464564
21
-4.5341731889763777
0
LINE
8
BLACK
6
CONTINUOUS
10
5.7058132283464564
20
-4.5341731889763777
11
5.7075692125984254
21
-4.5338239370078739
0
LINE
8
BLACK
6
CONTINUOUS
10
5.7075692125984254
20
-4.5338239370078739
11
5.7095603937007873
21
-4.5324934645669286
0
LINE
8
BLACK
6
CONTINUOUS
10
5.7095603937007873
20
-4.5324934645669286
11
5.7108908661417326
21
-4.5305022834645667
0
LINE
8
BLACK
6
CONTINUOUS
10
5.7108908661417326
20
-4.5305022834645667
11
5.7112401574803151
21
-4.5287463385826774
0
LINE
8
BLACK
6
CONTINUOUS
10
5.7112401574803151
20
-4.5287463385826774
11
5.7112401181102364
21
-4.4855280708661418
0
LINE
8
BLACK
6
CONTINUOUS
10
5.7112401181102364
20
-4.4855280708661418
11
5.7119327559055115
21
-4.4836250393700787
0
LINE
8
BLACK
6
CONTINUOUS
10
5.7119327559055115
20
-4.4836250393700787
11
5.712776220472441
21
-4.4830067322834646
0
LINE
8
BLACK
6
CONTINUOUS
10
5.712776220472441
20
-4.4830067322834646
11
5.7127597637795278
21
-4.4829820866141734
0
LINE
8
BLACK
6
CONTINUOUS
10
5.7127597637795278
20
-4.4829820866141734
11
5.7140980314960625
21
-4.482087834645669
0
LINE
8
BLACK
6
CONTINUOUS
10
5.7140980314960625
20
-4.482087834645669
11
5.7160651574803145
21
-4.4816064173228343
0
LINE
8
BLACK
6
CONTINUOUS
10
5.7160651574803145
20
-4.4816064173228343
11
5.7178363779527555
21
-4.4824559842519687
0
LINE
8
BLACK
6
CONTINUOUS
10
5.7178363779527555
20
-4.4824559842519687
11
5.725892677165354
21
-4.4905122834645672
0
LINE
8
BLACK
6
CONTINUOUS
10
5.725892677165354
20
-4.4905122834645672
11
5.7267485826771649
21
-4.4923477165354333
0
LINE
8
BLACK
6
CONTINUOUS
10
5.7267485826771649
20
-4.4923477165354333
11
5.7267598425196846
21
-4.4926057480314956
0
LINE
8
BLACK
6
CONTINUOUS
10
5.7267598425196846
20
-4.4926057480314956
11
5.7267598425196846
21
-4.5287462598425199
0
LINE
8
BLACK
6
CONTINUOUS
10
5.7267598425196846
20
-4.5287462598425199
11
5.7267598818897634
21
-4.5287463385826774
0
LINE
8
BLACK
6
CONTINUOUS
10
5.7267598818897634
20
-4.5287463385826774
11
5.7271091338582671
21
-4.5305023228346455
0
LINE
8
BLACK
6
CONTINUOUS
10
5.7271091338582671
20
-4.5305023228346455
11
5.7284395275590549
21
-4.532493385826772
0
LINE
8
BLACK
6
CONTINUOUS
10
5.7284395275590549
20
-4.532493385826772
11
5.7284395669291337
21
-4.532493385826772
0
LINE
8
BLACK
6
CONTINUOUS
10
5.7284395669291337
20
-4.532493385826772
11
5.7284396062992124
21
-4.5324934645669286
0
LINE
8
BLACK
6
CONTINUOUS
10
5.7284396062992124
20
-4.5324934645669286
11
5.7304307874015743
21
-4.5338239370078739
0
LINE
8
BLACK
6
CONTINUOUS
10
5.7304307874015743
20
-4.5338239370078739
11
5.7321867322834645
21
-4.5341732283464564
0
LINE
8
BLACK
6
CONTINUOUS
10
5.7321867322834645
20
-4.5341732283464564
11
5.772742362204724
21
-4.5341731889763777
0
LINE
8
BLACK
6
CONTINUOUS
10
5.772742362204724
20
-4.5341731889763777
11
5.774498346456693
21
-4.5338239370078739
0
LINE
8
BLACK
6
CONTINUOUS
10
5.774498346456693
20
-4.5338239370078739
11
5.7764895275590549
21
-4.5324934645669286
0
LINE
8
BLACK
6
CONTINUOUS
10
5.7764895275590549
20
-4.5324934645669286
11
5.7778200000000002
21
-4.5305022834645667
0
LINE
8
BLACK
6
CONTINUOUS
10
5.7778200000000002
20
-4.5305022834645667
11
5.7781692913385827
21
-4.5287463385826774
0
LINE
8
BLACK
6
CONTINUOUS
10
5.7781692913385827
20
-4.5287463385826774
11
5.7781692519685039
21
-4.4842537007874013
0
LINE
8
BLACK
6
CONTINUOUS
10
5.7781692519685039
20
-4.4842537007874013
11
5.7778200000000002
21
-4.4824977165354332
0
LINE
8
BLACK
6
CONTINUOUS
10
5.7778200000000002
20
-4.4824977165354332
11
5.7771463385826767
21
-4.4814895275590549
0
LINE
8
BLACK
6
CONTINUOUS
10
5.7771463385826767
20
-4.4814895275590549
11
5.7764895669291336
21
-4.4805065748031492
0
LINE
8
BLACK
6
CONTINUOUS
10
5.7764895669291336
20
-4.4805065748031492
11
5.7764724803149603
21
-4.4804951574803145
0
LINE
8
BLACK
6
CONTINUOUS
10
5.7764724803149603
20
-4.4804951574803145
11
5.774498346456693
21
-4.479176062992126
0
LINE
8
BLACK
6
CONTINUOUS
10
5.774498346456693
20
-4.479176062992126
11
5.7744982677165355
21
-4.4791760236220473
0
LINE
8
BLACK
6
CONTINUOUS
10
5.7744982677165355
20
-4.4791760236220473
11
5.7727424015748028
21
-4.4788267716535435
0
LINE
8
BLACK
6
CONTINUOUS
10
5.7727424015748028
20
-4.4788267716535435
11
5.7466018110236217
21
-4.4788267716535435
0
LINE
8
BLACK
6
CONTINUOUS
10
5.7466018110236217
20
-4.4788267716535435
11
5.7446987401574798
21
-4.4781341338582674
0
LINE
8
BLACK
6
CONTINUOUS
10
5.7446987401574798
20
-4.4781341338582674
11
5.7445083464566924
21
-4.4779596062992129
0
LINE
8
BLACK
6
CONTINUOUS
10
5.7445083464566924
20
-4.4779596062992129
11
5.7358868503937011
21
-4.4693381102362206
0
LINE
8
BLACK
6
CONTINUOUS
10
5.7358868503937011
20
-4.4693381102362206
11
5.7350309448818892
21
-4.4675026771653545
0
LINE
8
BLACK
6
CONTINUOUS
10
5.7350309448818892
20
-4.4675026771653545
11
5.7350196850393695
21
-4.4672446456692914
0
LINE
8
BLACK
6
CONTINUOUS
10
5.7350196850393695
20
-4.4672446456692914
11
5.7350196850393695
21
-4.4609072440944884
0
LINE
8
BLACK
6
CONTINUOUS
10
5.7350196850393695
20
-4.4609072440944884
11
5.7351278740157481
21
-4.460114212598425
0
LINE
8
BLACK
6
CONTINUOUS
10
5.7351278740157481
20
-4.460114212598425
11
5.7351687795275588
21
-4.4599670472440947
0
LINE
8
BLACK
6
CONTINUOUS
10
5.7351687795275588
20
-4.4599670472440947
11
5.7350340157480311
21
-4.4586022834645664
0
LINE
8
BLACK
6
CONTINUOUS
10
5.7350340157480311
20
-4.4586022834645664
11
5.7350196850393695
21
-4.4583113385826767
0
LINE
8
BLACK
6
CONTINUOUS
10
5.7350196850393695
20
-4.4583113385826767
11
5.7350196850393695
21
-4.4489212598425194
0
LINE
8
BLACK
6
CONTINUOUS
10
5.7350196850393695
20
-4.4489212598425194
11
5.7357123228346456
21
-4.4470181889763776
0
LINE
8
BLACK
6
CONTINUOUS
10
5.7357123228346456
20
-4.4470181889763776
11
5.7374662204724407
21
-4.4460055905511808
0
LINE
8
BLACK
6
CONTINUOUS
10
5.7374662204724407
20
-4.4460055905511808
11
5.7379803149606294
21
-4.4459606299212595
0
LINE
8
BLACK
6
CONTINUOUS
10
5.7379803149606294
20
-4.4459606299212595
11
5.7595157480314958
21
-4.4459606299212595
0
LINE
8
BLACK
6
CONTINUOUS
10
5.7595157480314958
20
-4.4459606299212595
11
5.7595157480314958
21
-4.4319921259842516
0
LINE
8
BLACK
6
CONTINUOUS
10
5.7595157480314958
20
-4.4319921259842516
11
5.7369724409448821
21
-4.4319921259842516
0
LINE
8
BLACK
6
CONTINUOUS
10
5.7369724409448821
20
-4.4319921259842516
11
5.7369724409448821
21
-4.380811023622047
0
LINE
8
BLACK
6
CONTINUOUS
10
5.7369724409448821
20
-4.380811023622047
11
5.7960275590551182
21
-4.380811023622047
0
LINE
8
BLACK
6
CONTINUOUS
10
5.7960275590551182
20
-4.380811023622047
11
5.7960275590551182
21
-4.4319921259842516
0
LINE
8
BLACK
6
CONTINUOUS
10
5.7960275590551182
20
-4.4319921259842516
11
5.7734842519685037
21
-4.4319921259842516
0
LINE
8
BLACK
6
CONTINUOUS
10
5.7734842519685037
20
-4.4319921259842516
11
5.7734842519685037
21
-4.4459606299212595
0
LINE
8
BLACK
6
CONTINUOUS
10
5.7734842519685037
20
-4.4459606299212595
11
5.7973531496062991
21
-4.4459606299212595
0
LINE
8
BLACK
6
CONTINUOUS
10
5.7973531496062991
20
-4.4459606299212595
11
5.7973535039370079
21
-4.4459605905511808
0
LINE
8
BLACK
6
CONTINUOUS
10
5.7973535039370079
20
-4.4459605905511808
11
5.7996164173228344
21
-4.4456308661417321
0
LINE
8
BLACK
6
CONTINUOUS
10
5.7996164173228344
20
-4.4456308661417321
11
5.8015994488188971
21
-4.4460418897637792
0
LINE
8
BLACK
6
CONTINUOUS
10
5.8015994488188971
20
-4.4460418897637792
11
5.8028543700787401
21
-4.4476314173228344
0
LINE
8
BLACK
6
CONTINUOUS
10
5.8028543700787401
20
-4.4476314173228344
11
5.8030039370078743
21
-4.4485605511811022
0
LINE
8
BLACK
6
CONTINUOUS
10
5.8030039370078743
20
-4.4485605511811022
11
5.8030039370078743
21
-4.4608181102362208
0
LINE
8
BLACK
6
CONTINUOUS
10
5.8030039370078743
20
-4.4608181102362208
11
5.8033995275590549
21
-4.4635329527559051
0
LINE
8
BLACK
6
CONTINUOUS
10
5.8033995275590549
20
-4.4635329527559051
11
5.805447047244094
21
-4.4677212204724412
0
LINE
8
BLACK
6
CONTINUOUS
10
5.805447047244094
20
-4.4677212204724412
11
5.8087433070866137
21
-4.4710174803149609
0
LINE
8
BLACK
6
CONTINUOUS
10
5.8087433070866137
20
-4.4710174803149609
11
5.8129316141732286
21
-4.4730650000000001
0
LINE
8
BLACK
6
CONTINUOUS
10
5.8129316141732286
20
-4.4730650000000001
11
5.8129315748031498
21
-4.4730650000000001
0
LINE
8
BLACK
6
CONTINUOUS
10
5.8129315748031498
20
-4.4730650000000001
11
5.8156464173228342
21
-4.4734605905511806
0
LINE
8
BLACK
6
CONTINUOUS
10
5.8156464173228342
20
-4.4734605905511806
11
5.8156468503937004
21
-4.4734606299212594
0
LINE
8
BLACK
6
CONTINUOUS
10
5.8156468503937004
20
-4.4734606299212594
11
5.8395157480314959
21
-4.4734606299212594
0
LINE
8
BLACK
6
CONTINUOUS
10
5.8395157480314959
20
-4.4734606299212594
11
5.8395157480314959
21
-4.4594921259842515
0
LINE
8
BLACK
6
CONTINUOUS
10
5.8395157480314959
20
-4.4594921259842515
11
5.8169724409448822
21
-4.4594921259842515
0
LINE
8
BLACK
6
CONTINUOUS
10
5.8169724409448822
20
-4.4594921259842515
11
5.8169724409448822
21
-4.4083110236220469
0
LINE
8
BLACK
6
CONTINUOUS
10
5.8169724409448822
20
-4.4083110236220469
11
5.8760275590551183
21
-4.4083110236220469
0
LINE
8
BLACK
6
CONTINUOUS
10
5.8760275590551183
20
-4.4083110236220469
11
5.8760275590551183
21
-4.4269173228346457
0
LINE
8
BLACK
6
CONTINUOUS
10
5.8760275590551183
20
-4.4269173228346457
11
5.8919724409448815
21
-4.4269173228346457
0
LINE
8
BLACK
6
CONTINUOUS
10
5.8919724409448815
20
-4.4269173228346457
11
5.8919724409448815
21
-4.4083110236220469
0
LINE
8
BLACK
6
CONTINUOUS
10
5.8919724409448815
20
-4.4083110236220469
11
5.9510275590551176
21
-4.4083110236220469
0
LINE
8
BLACK
6
CONTINUOUS
10
5.9510275590551176
20
-4.4083110236220469
11
5.9510275590551176
21
-4.4269173228346457
0
LINE
8
BLACK
6
CONTINUOUS
10
5.9510275590551176
20
-4.4269173228346457
11
5.965231141732283
21
-4.4269173228346457
0
LINE
8
BLACK
6
CONTINUOUS
10
5.965231141732283
20
-4.4269173228346457
11
5.9666259842519684
21
-4.4262668503937004
0
LINE
8
BLACK
6
CONTINUOUS
10
5.9666259842519684
20
-4.4262668503937004
11
5.9685288976377953
21
-4.426754527559055
0
LINE
8
BLACK
6
CONTINUOUS
10
5.9685288976377953
20
-4.426754527559055
11
5.9691512598425192
21
-4.4271703937007869
0
LINE
8
BLACK
6
CONTINUOUS
10
5.9691512598425192
20
-4.4271703937007869
11
5.9709072047244094
21
-4.4275196850393703
0
LINE
8
BLACK
6
CONTINUOUS
10
5.9709072047244094
20
-4.4275196850393703
11
6.0370927559055119
21
-4.4275196456692916
0
LINE
8
BLACK
6
CONTINUOUS
10
6.0370927559055119
20
-4.4275196456692916
11
6.03884874015748
21
-4.4271703937007869
0
LINE
8
BLACK
6
CONTINUOUS
10
6.03884874015748
20
-4.4271703937007869
11
6.0408399212598427
21
-4.4258399212598425
0
LINE
8
BLACK
6
CONTINUOUS
10
6.0408399212598427
20
-4.4258399212598425
11
6.0421703937007871
21
-4.4238487401574806
0
LINE
8
BLACK
6
CONTINUOUS
10
6.0421703937007871
20
-4.4238487401574806
11
6.0424580314960625
21
-4.422402677165354
0
LINE
8
BLACK
6
CONTINUOUS
10
6.0424580314960625
20
-4.422402677165354
11
6.0435086614173228
21
-4.420671338582677
0
LINE
8
BLACK
6
CONTINUOUS
10
6.0435086614173228
20
-4.420671338582677
11
6.0453617716535435
21
-4.42001968503937
0
LINE
8
BLACK
6
CONTINUOUS
10
6.0453617716535435
20
-4.42001968503937
11
6.0626382677165349
21
-4.42001968503937
0
LINE
8
BLACK
6
CONTINUOUS
10
6.0626382677165349
20
-4.42001968503937
11
6.0645413385826767
21
-4.4207123228346452
0
LINE
8
BLACK
6
CONTINUOUS
10
6.0645413385826767
20
-4.4207123228346452
11
6.0655420078740159
21
-4.4224027559055115
0
LINE
8
BLACK
6
CONTINUOUS
10
6.0655420078740159
20
-4.4224027559055115
11
6.0658296062992125
21
-4.4238487795275594
0
LINE
8
BLACK
6
CONTINUOUS
10
6.0658296062992125
20
-4.4238487795275594
11
6.0671599999999994
21
-4.425839842519685
0
LINE
8
BLACK
6
CONTINUOUS
10
6.0671599999999994
20
-4.425839842519685
11
6.0671600393700782
21
-4.425839842519685
0
LINE
8
BLACK
6
CONTINUOUS
10
6.0671600393700782
20
-4.425839842519685
11
6.0671600787401569
21
-4.4258399212598425
0
LINE
8
BLACK
6
CONTINUOUS
10
6.0671600787401569
20
-4.4258399212598425
11
6.0691512598425197
21
-4.4271703937007869
0
LINE
8
BLACK
6
CONTINUOUS
10
6.0691512598425197
20
-4.4271703937007869
11
6.070907204724409
21
-4.4275196850393703
0
LINE
8
BLACK
6
CONTINUOUS
10
6.070907204724409
20
-4.4275196850393703
11
6.1370927559055115
21
-4.4275196456692916
0
LINE
8
BLACK
6
CONTINUOUS
10
6.1370927559055115
20
-4.4275196456692916
11
6.1388487401574805
21
-4.4271703937007869
0
LINE
8
BLACK
6
CONTINUOUS
10
6.1388487401574805
20
-4.4271703937007869
11
6.1408399212598423
21
-4.4258399212598425
0
LINE
8
BLACK
6
CONTINUOUS
10
6.1408399212598423
20
-4.4258399212598425
11
6.1421703937007877
21
-4.4238487401574806
0
LINE
8
BLACK
6
CONTINUOUS
10
6.1421703937007877
20
-4.4238487401574806
11
6.1425196850393702
21
-4.4220927952755904
0
LINE
8
BLACK
6
CONTINUOUS
10
6.1425196850393702
20
-4.4220927952755904
11
6.1425196456692914
21
-4.3559072440944879
0
LINE
8
BLACK
6
CONTINUOUS
10
6.1425196456692914
20
-4.3559072440944879
11
6.1421703937007877
21
-4.3541512598425198
0
LINE
8
BLACK
6
CONTINUOUS
10
6.1421703937007877
20
-4.3541512598425198
11
6.1408399212598423
21
-4.3521600787401571
0
LINE
8
BLACK
6
CONTINUOUS
10
6.1408399212598423
20
-4.3521600787401571
11
6.1388487401574805
21
-4.3508296062992127
0
LINE
8
BLACK
6
CONTINUOUS
10
6.1388487401574805
20
-4.3508296062992127
11
6.138848661417323
21
-4.3508295669291339
0
LINE
8
BLACK
6
CONTINUOUS
10
6.138848661417323
20
-4.3508295669291339
11
6.1370927952755903
21
-4.3504803149606301
0
LINE
8
BLACK
6
CONTINUOUS
10
6.1370927952755903
20
-4.3504803149606301
11
6.0709072440944878
21
-4.3504803149606301
0
LINE
8
BLACK
6
CONTINUOUS
10
6.0709072440944878
20
-4.3504803149606301
11
6.0709071653543303
21
-4.3504803543307089
0
LINE
8
BLACK
6
CONTINUOUS
10
6.0709071653543303
20
-4.3504803543307089
11
6.0691511811023622
21
-4.3508296062992127
0
LINE
8
BLACK
6
CONTINUOUS
10
6.0691511811023622
20
-4.3508296062992127
11
6.0671601181102357
21
-4.3521599999999996
0
LINE
8
BLACK
6
CONTINUOUS
10
6.0671601181102357
20
-4.3521599999999996
11
6.0658296062992125
21
-4.3541512598425198
0
LINE
8
BLACK
6
CONTINUOUS
10
6.0658296062992125
20
-4.3541512598425198
11
6.0658295669291338
21
-4.3541513385826773
0
LINE
8
BLACK
6
CONTINUOUS
10
6.0658295669291338
20
-4.3541513385826773
11
6.0655419685039371
21
-4.3555972834645669
0
LINE
8
BLACK
6
CONTINUOUS
10
6.0655419685039371
20
-4.3555972834645669
11
6.0644913385826769
21
-4.3573286614173226
0
LINE
8
BLACK
6
CONTINUOUS
10
6.0644913385826769
20
-4.3573286614173226
11
6.0626382283464562
21
-4.3579803149606295
0
LINE
8
BLACK
6
CONTINUOUS
10
6.0626382283464562
20
-4.3579803149606295
11
6.0453617322834647
21
-4.3579803149606295
0
LINE
8
BLACK
6
CONTINUOUS
10
6.0453617322834647
20
-4.3579803149606295
11
6.0434586614173229
21
-4.3572876771653544
0
LINE
8
BLACK
6
CONTINUOUS
10
6.0434586614173229
20
-4.3572876771653544
11
6.0424579921259838
21
-4.3555972440944881
0
LINE
8
BLACK
6
CONTINUOUS
10
6.0424579921259838
20
-4.3555972440944881
11
6.0421703937007871
21
-4.3541513385826773
0
LINE
8
BLACK
6
CONTINUOUS
10
6.0421703937007871
20
-4.3541513385826773
11
6.0421703937007871
21
-4.3541512598425198
0
LINE
8
BLACK
6
CONTINUOUS
10
6.0421703937007871
20
-4.3541512598425198
11
6.0408399212598427
21
-4.3521600787401571
0
LINE
8
BLACK
6
CONTINUOUS
10
6.0408399212598427
20
-4.3521600787401571
11
6.03884874015748
21
-4.3508296062992127
0
LINE
8
BLACK
6
CONTINUOUS
10
6.03884874015748
20
-4.3508296062992127
11
6.0388486614173225
21
-4.3508295669291339
0
LINE
8
BLACK
6
CONTINUOUS
10
6.0388486614173225
20
-4.3508295669291339
11
6.0370927952755906
21
-4.3504803149606301
0
LINE
8
BLACK
6
CONTINUOUS
10
6.0370927952755906
20
-4.3504803149606301
11
6.0080750787401573
21
-4.3504803149606301
0
LINE
8
BLACK
6
CONTINUOUS
10
6.0080750787401573
20
-4.3504803149606301
11
6.0061720078740155
21
-4.3497876771653541
0
LINE
8
BLACK
6
CONTINUOUS
10
6.0061720078740155
20
-4.3497876771653541
11
6.0059820078740156
21
-4.3496135433070862
0
LINE
8
BLACK
6
CONTINUOUS
10
6.0059820078740156
20
-4.3496135433070862
11
5.9965198031496065
21
-4.3401513385826771
0
LINE
8
BLACK
6
CONTINUOUS
10
5.9965198031496065
20
-4.3401513385826771
11
5.9956639370078735
21
-4.338315905511811
0
LINE
8
BLACK
6
CONTINUOUS
10
5.9956639370078735
20
-4.338315905511811
11
5.9961881102362202
21
-4.3363597244094487
0
LINE
8
BLACK
6
CONTINUOUS
10
5.9961881102362202
20
-4.3363597244094487
11
5.9965198425196853
21
-4.3359643700787398
0
LINE
8
BLACK
6
CONTINUOUS
10
5.9965198425196853
20
-4.3359643700787398
11
5.9970157480314956
21
-4.3354684645669295
0
LINE
8
BLACK
6
CONTINUOUS
10
5.9970157480314956
20
-4.3354684645669295
11
5.9970157480314956
21
-4.3215000000000003
0
LINE
8
BLACK
6
CONTINUOUS
10
5.9970157480314956
20
-4.3215000000000003
11
5.9714999999999998
21
-4.3215000000000003
0
LINE
8
BLACK
6
CONTINUOUS
10
5.9714999999999998
20
-4.3215000000000003
11
5.9714999999999998
21
-4.2959842519685036
0
LINE
8
BLACK
6
CONTINUOUS
10
5.9714999999999998
20
-4.2959842519685036
11
5.9575314960629919
21
-4.2959842519685036
0
LINE
8
BLACK
6
CONTINUOUS
10
5.9575314960629919
20
-4.2959842519685036
11
5.9575314960629919
21
-4.3228259842519687
0
LINE
8
BLACK
6
CONTINUOUS
10
5.9575314960629919
20
-4.3228259842519687
11
5.9578033070866141
21
-4.3246912204724408
0
LINE
8
BLACK
6
CONTINUOUS
10
5.9578033070866141
20
-4.3246912204724408
11
5.957392283464567
21
-4.3266742519685035
0
LINE
8
BLACK
6
CONTINUOUS
10
5.957392283464567
20
-4.3266742519685035
11
5.9558027559055118
21
-4.3279291732283465
0
LINE
8
BLACK
6
CONTINUOUS
10
5.9558027559055118
20
-4.3279291732283465
11
5.954873622047244
21
-4.3280787401574798
0
LINE
8
BLACK
6
CONTINUOUS
10
5.954873622047244
20
-4.3280787401574798
11
5.9545476771653538
21
-4.3280787401574798
0
LINE
8
BLACK
6
CONTINUOUS
10
5.9545476771653538
20
-4.3280787401574798
11
5.9534146850393697
21
-4.3278533464566928
0
LINE
8
BLACK
6
CONTINUOUS
10
5.9534146850393697
20
-4.3278533464566928
11
5.9533764173228345
21
-4.3278374803149608
0
LINE
8
BLACK
6
CONTINUOUS
10
5.9533764173228345
20
-4.3278374803149608
11
5.9516203937007877
21
-4.3274881889763774
0
LINE
8
BLACK
6
CONTINUOUS
10
5.9516203937007877
20
-4.3274881889763774
11
5.8913796850393698
21
-4.3274881889763774
0
LINE
8
BLACK
6
CONTINUOUS
10
5.8913796850393698
20
-4.3274881889763774
11
5.8913796062992123
21
-4.3274882283464562
0
LINE
8
BLACK
6
CONTINUOUS
10
5.8913796062992123
20
-4.3274882283464562
11
5.8896237007874017
21
-4.3278374803149608
0
LINE
8
BLACK
6
CONTINUOUS
10
5.8896237007874017
20
-4.3278374803149608
11
5.8895852362204719
21
-4.3278534251968503
0
LINE
8
BLACK
6
CONTINUOUS
10
5.8895852362204719
20
-4.3278534251968503
11
5.888452362204724
21
-4.3280787401574798
0
LINE
8
BLACK
6
CONTINUOUS
10
5.888452362204724
20
-4.3280787401574798
11
5.8795476771653545
21
-4.3280787401574798
0
LINE
8
BLACK
6
CONTINUOUS
10
5.8795476771653545
20
-4.3280787401574798
11
5.8784146850393704
21
-4.3278533464566928
0
LINE
8
BLACK
6
CONTINUOUS
10
5.8784146850393704
20
-4.3278533464566928
11
5.8783764173228343
21
-4.3278374803149608
0
LINE
8
BLACK
6
CONTINUOUS
10
5.8783764173228343
20
-4.3278374803149608
11
5.8766204330708662
21
-4.3274881889763774
0
LINE
8
BLACK
6
CONTINUOUS
10
5.8766204330708662
20
-4.3274881889763774
11
5.8766203543307087
21
-4.3274881889763774
0
LINE
8
BLACK
6
CONTINUOUS
10
5.8766203543307087
20
-4.3274881889763774
11
5.8446822834645671
21
-4.3274881889763774
0
LINE
8
BLACK
6
CONTINUOUS
10
5.8446822834645671
20
-4.3274881889763774
11
5.8434672047244094
21
-4.3272273622047246
0
LINE
8
BLACK
6
CONTINUOUS
10
5.8434672047244094
20
-4.3272273622047246
11
5.8417978740157475
21
-4.3264760629921257
0
LINE
8
BLACK
6
CONTINUOUS
10
5.8417978740157475
20
-4.3264760629921257
11
5.8417977952755908
21
-4.326476023622047
0
LINE
8
BLACK
6
CONTINUOUS
10
5.8417977952755908
20
-4.326476023622047
11
5.8415301181102359
21
-4.3264269685039372
0
LINE
8
BLACK
6
CONTINUOUS
10
5.8415301181102359
20
-4.3264269685039372
11
5.8412803149606294
21
-4.326381181102362
0
LINE
8
BLACK
6
CONTINUOUS
10
5.8412803149606294
20
-4.326381181102362
11
5.8407643700787402
21
-4.3262373622047239
0
LINE
8
BLACK
6
CONTINUOUS
10
5.8407643700787402
20
-4.3262373622047239
11
5.8402726377952758
21
-4.3260508661417321
0
LINE
8
BLACK
6
CONTINUOUS
10
5.8402726377952758
20
-4.3260508661417321
11
5.8402725984251971
21
-4.3260508267716533
0
LINE
8
BLACK
6
CONTINUOUS
10
5.8402725984251971
20
-4.3260508267716533
11
5.8402725590551183
21
-4.3260508267716533
0
LINE
8
BLACK
6
CONTINUOUS
10
5.8402725590551183
20
-4.3260508267716533
11
5.8380054724409449
21
-4.3257755118110239
0
LINE
8
BLACK
6
CONTINUOUS
10
5.8380054724409449
20
-4.3257755118110239
11
5.837828779527559
21
-4.3257486220472439
0
LINE
8
BLACK
6
CONTINUOUS
10
5.837828779527559
20
-4.3257486220472439
11
5.8355826377952758
21
-4.3253370078740154
0
LINE
8
BLACK
6
CONTINUOUS
10
5.8355826377952758
20
-4.3253370078740154
11
5.8355825590551182
21
-4.3253370078740154
0
LINE
8
BLACK
6
CONTINUOUS
10
5.8355825590551182
20
-4.3253370078740154
11
5.8339262992125986
21
-4.3254371653543302
0
LINE
8
BLACK
6
CONTINUOUS
10
5.8339262992125986
20
-4.3254371653543302
11
5.8333026771653538
21
-4.3254749212598425
0
LINE
8
BLACK
6
CONTINUOUS
10
5.8333026771653538
20
-4.3254749212598425
11
5.8331239370078736
21
-4.3254803149606298
0
LINE
8
BLACK
6
CONTINUOUS
10
5.8331239370078736
20
-4.3254803149606298
11
5.8110040157480309
21
-4.3254803149606298
0
LINE
8
BLACK
6
CONTINUOUS
10
5.8110040157480309
20
-4.3254803149606298
11
5.80910094488189
21
-4.3247876771653546
0
LINE
8
BLACK
6
CONTINUOUS
10
5.80910094488189
20
-4.3247876771653546
11
5.8089105511811026
21
-4.3246131496062992
0
LINE
8
BLACK
6
CONTINUOUS
10
5.8089105511811026
20
-4.3246131496062992
11
5.8068317716535436
21
-4.3225343700787402
0
LINE
8
BLACK
6
CONTINUOUS
10
5.8068317716535436
20
-4.3225343700787402
11
5.8059758661417318
21
-4.3206989370078741
0
LINE
8
BLACK
6
CONTINUOUS
10
5.8059758661417318
20
-4.3206989370078741
11
5.8065000393700785
21
-4.3187427559055118
0
LINE
8
BLACK
6
CONTINUOUS
10
5.8065000393700785
20
-4.3187427559055118
11
5.8081589763779524
21
-4.3175811417322834
0
LINE
8
BLACK
6
CONTINUOUS
10
5.8081589763779524
20
-4.3175811417322834
11
5.8089249212598419
21
-4.317480275590551
0
LINE
8
BLACK
6
CONTINUOUS
10
5.8089249212598419
20
-4.317480275590551
11
5.9370533858267711
21
-4.317480275590551
0
LINE
8
BLACK
6
CONTINUOUS
10
5.9370533858267711
20
-4.317480275590551
11
5.9388093700787401
21
-4.3171310236220473
0
LINE
8
BLACK
6
CONTINUOUS
10
5.9388093700787401
20
-4.3171310236220473
11
5.940800551181102
21
-4.315800551181102
0
LINE
8
BLACK
6
CONTINUOUS
10
5.940800551181102
20
-4.315800551181102
11
5.9421310236220473
21
-4.3138093700787401
0
LINE
8
BLACK
6
CONTINUOUS
10
5.9421310236220473
20
-4.3138093700787401
11
5.9424803149606298
21
-4.3120534251968499
0
LINE
8
BLACK
6
CONTINUOUS
10
5.9424803149606298
20
-4.3120534251968499
11
5.942480275590551
21
-4.2872504330708656
0
LINE
8
BLACK
6
CONTINUOUS
10
5.942480275590551
20
-4.2872504330708656
11
5.9424803149606298
21
-4.2872502755905515
0
LINE
8
BLACK
6
CONTINUOUS
10
5.9424803149606298
20
-4.2872502755905515
11
5.942480275590551
21
-4.2659859842519685
0
LINE
8
BLACK
6
CONTINUOUS
10
5.942480275590551
20
-4.2659859842519685
11
5.9421310236220473
21
-4.2642299999999995
0
LINE
8
BLACK
6
CONTINUOUS
10
5.9421310236220473
20
-4.2642299999999995
11
5.9410933070866143
21
-4.2626769685039365
0
LINE
8
BLACK
6
CONTINUOUS
10
5.9410933070866143
20
-4.2626769685039365
11
5.9408005905511807
21
-4.2622388582677164
0
LINE
8
BLACK
6
CONTINUOUS
10
5.9408005905511807
20
-4.2622388582677164
11
5.9402487401574806
21
-4.2618701181102363
0
LINE
8
BLACK
6
CONTINUOUS
10
5.9402487401574806
20
-4.2618701181102363
11
5.9388093700787401
21
-4.2609083464566933
0
LINE
8
BLACK
6
CONTINUOUS
10
5.9388093700787401
20
-4.2609083464566933
11
5.9388092913385826
21
-4.2609083070866145
0
LINE
8
BLACK
6
CONTINUOUS
10
5.9388092913385826
20
-4.2609083070866145
11
5.9370534251968499
21
-4.2605590551181098
0
LINE
8
BLACK
6
CONTINUOUS
10
5.9370534251968499
20
-4.2605590551181098
11
5.9106710236220472
21
-4.2605590551181098
0
LINE
8
BLACK
6
CONTINUOUS
10
5.9106710236220472
20
-4.2605590551181098
11
5.9106709448818897
21
-4.2605590944881886
0
LINE
8
BLACK
6
CONTINUOUS
10
5.9106709448818897
20
-4.2605590944881886
11
5.9089149606299207
21
-4.2609083464566933
0
LINE
8
BLACK
6
CONTINUOUS
10
5.9089149606299207
20
-4.2609083464566933
11
5.9069238976377951
21
-4.2622387401574802
0
LINE
8
BLACK
6
CONTINUOUS
10
5.9069238976377951
20
-4.2622387401574802
11
5.905593385826772
21
-4.2642299999999995
0
LINE
8
BLACK
6
CONTINUOUS
10
5.905593385826772
20
-4.2642299999999995
11
5.9055933464566932
21
-4.2642300393700783
0
LINE
8
BLACK
6
CONTINUOUS
10
5.9055933464566932
20
-4.2642300393700783
11
5.9052440944881885
21
-4.265985905511811
0
LINE
8
BLACK
6
CONTINUOUS
10
5.9052440944881885
20
-4.265985905511811
11
5.9052440944881885
21
-4.2772834645669287
0
LINE
8
BLACK
6
CONTINUOUS
10
5.9052440944881885
20
-4.2772834645669287
11
5.9045514566929134
21
-4.2791865354330705
0
LINE
8
BLACK
6
CONTINUOUS
10
5.9045514566929134
20
-4.2791865354330705
11
5.9027975590551183
21
-4.2801991338582672
0
LINE
8
BLACK
6
CONTINUOUS
10
5.9027975590551183
20
-4.2801991338582672
11
5.9022834645669287
21
-4.2802440944881885
0
LINE
8
BLACK
6
CONTINUOUS
10
5.9022834645669287
20
-4.2802440944881885
11
5.840716496062992
21
-4.2802440944881885
0
LINE
8
BLACK
6
CONTINUOUS
10
5.840716496062992
20
-4.2802440944881885
11
5.8388134251968502
21
-4.2795514566929134
0
LINE
8
BLACK
6
CONTINUOUS
10
5.8388134251968502
20
-4.2795514566929134
11
5.8378008267716535
21
-4.2777975590551183
0
LINE
8
BLACK
6
CONTINUOUS
10
5.8378008267716535
20
-4.2777975590551183
11
5.8377558661417321
21
-4.2772834645669287
0
LINE
8
BLACK
6
CONTINUOUS
10
5.8377558661417321
20
-4.2772834645669287
11
5.8377558661417321
21
-4.2659859842519685
0
LINE
8
BLACK
6
CONTINUOUS
10
5.8377558661417321
20
-4.2659859842519685
11
5.8377558661417321
21
-4.2659859448818898
0
LINE
8
BLACK
6
CONTINUOUS
10
5.8377558661417321
20
-4.2659859448818898
11
5.8374066141732284
21
-4.2642299999999995
0
LINE
8
BLACK
6
CONTINUOUS
10
5.8374066141732284
20
-4.2642299999999995
11
5.8364437401574802
21
-4.2627889370078735
0
LINE
8
BLACK
6
CONTINUOUS
10
5.8364437401574802
20
-4.2627889370078735
11
5.8359623622047243
21
-4.2608218110236216
0
LINE
8
BLACK
6
CONTINUOUS
10
5.8359623622047243
20
-4.2608218110236216
11
5.8368580708661417
21
-4.2590054724409452
0
LINE
8
BLACK
6
CONTINUOUS
10
5.8368580708661417
20
-4.2590054724409452
11
5.836953503937008
21
-4.2589180314960631
0
LINE
8
BLACK
6
CONTINUOUS
10
5.836953503937008
20
-4.2589180314960631
11
5.8370635039370073
21
-4.2588214960629918
0
LINE
8
BLACK
6
CONTINUOUS
10
5.8370635039370073
20
-4.2588214960629918
11
5.8370636614173224
21
-4.258821456692913
0
LINE
8
BLACK
6
CONTINUOUS
10
5.8370636614173224
20
-4.258821456692913
11
5.8390225984251964
21
-4.2562685039370081
0
LINE
8
BLACK
6
CONTINUOUS
10
5.8390225984251964
20
-4.2562685039370081
11
5.8397433070866143
21
-4.2545285826771648
0
LINE
8
BLACK
6
CONTINUOUS
10
5.8397433070866143
20
-4.2545285826771648
11
5.8402165354330711
21
-4.2521496062992128
0
LINE
8
BLACK
6
CONTINUOUS
10
5.8402165354330711
20
-4.2521496062992128
11
5.8402165354330711
21
-4.2429481496062991
0
LINE
8
BLACK
6
CONTINUOUS
10
5.8402165354330711
20
-4.2429481496062991
11
5.8400402362204726
21
-4.2420619685039371
0
LINE
8
BLACK
6
CONTINUOUS
10
5.8400402362204726
20
-4.2420619685039371
11
5.8398192913385829
21
-4.2409512204724411
0
LINE
8
BLACK
6
CONTINUOUS
10
5.8398192913385829
20
-4.2409512204724411
11
5.8397433070866143
21
-4.2405691732283461
0
LINE
8
BLACK
6
CONTINUOUS
10
5.8397433070866143
20
-4.2405691732283461
11
5.8390225984251964
21
-4.2388292519685038
0
LINE
8
BLACK
6
CONTINUOUS
10
5.8390225984251964
20
-4.2388292519685038
11
5.8376750393700787
21
-4.2368124803149607
0
LINE
8
BLACK
6
CONTINUOUS
10
5.8376750393700787
20
-4.2368124803149607
11
5.8376749999999999
21
-4.236812440944882
0
LINE
8
BLACK
6
CONTINUOUS
10
5.8376749999999999
20
-4.236812440944882
11
5.8376749212598424
21
-4.2368123228346457
0
LINE
8
BLACK
6
CONTINUOUS
10
5.8376749212598424
20
-4.2368123228346457
11
5.8359434251968505
21
-4.2350808267716538
0
LINE
8
BLACK
6
CONTINUOUS
10
5.8359434251968505
20
-4.2350808267716538
11
5.8350875196850396
21
-4.2332453937007877
0
LINE
8
BLACK
6
CONTINUOUS
10
5.8350875196850396
20
-4.2332453937007877
11
5.8356116929133854
21
-4.2312892125984254
0
LINE
8
BLACK
6
CONTINUOUS
10
5.8356116929133854
20
-4.2312892125984254
11
5.8359435433070868
21
-4.2308937401574802
0
LINE
8
BLACK
6
CONTINUOUS
10
5.8359435433070868
20
-4.2308937401574802
11
5.8360759842519681
21
-4.2307612598425193
0
LINE
8
BLACK
6
CONTINUOUS
10
5.8360759842519681
20
-4.2307612598425193
11
5.8360761417322831
21
-4.2307611811023618
0
LINE
8
BLACK
6
CONTINUOUS
10
5.8360761417322831
20
-4.2307611811023618
11
5.8374066141732284
21
-4.2287699999999999
0
LINE
8
BLACK
6
CONTINUOUS
10
5.8374066141732284
20
-4.2287699999999999
11
5.8377559055118109
21
-4.2270140551181106
0
LINE
8
BLACK
6
CONTINUOUS
10
5.8377559055118109
20
-4.2270140551181106
11
5.8377558661417321
21
-4.2157164566929133
0
LINE
8
BLACK
6
CONTINUOUS
10
5.8377558661417321
20
-4.2157164566929133
11
5.8384485039370073
21
-4.213813464566929
0
LINE
8
BLACK
6
CONTINUOUS
10
5.8384485039370073
20
-4.213813464566929
11
5.8402023622047246
21
-4.2128008661417322
0
LINE
8
BLACK
6
CONTINUOUS
10
5.8402023622047246
20
-4.2128008661417322
11
5.840716496062992
21
-4.2127558661417321
0
LINE
8
BLACK
6
CONTINUOUS
10
5.840716496062992
20
-4.2127558661417321
11
5.9022834645669287
21
-4.2127558661417321
0
LINE
8
BLACK
6
CONTINUOUS
10
5.9022834645669287
20
-4.2127558661417321
11
5.9041865354330705
21
-4.2134485039370082
0
LINE
8
BLACK
6
CONTINUOUS
10
5.9041865354330705
20
-4.2134485039370082
11
5.9051991338582672
21
-4.2152024015748033
0
LINE
8
BLACK
6
CONTINUOUS
10
5.9051991338582672
20
-4.2152024015748033
11
5.9052440944881885
21
-4.215716496062992
0
LINE
8
BLACK
6
CONTINUOUS
10
5.9052440944881885
20
-4.215716496062992
11
5.9052440944881885
21
-4.2270139763779531
0
LINE
8
BLACK
6
CONTINUOUS
10
5.9052440944881885
20
-4.2270139763779531
11
5.9052441338582673
21
-4.2270140551181106
0
LINE
8
BLACK
6
CONTINUOUS
10
5.9052441338582673
20
-4.2270140551181106
11
5.905593385826772
21
-4.2287700393700787
0
LINE
8
BLACK
6
CONTINUOUS
10
5.905593385826772
20
-4.2287700393700787
11
5.9069237795275589
21
-4.2307611023622043
0
LINE
8
BLACK
6
CONTINUOUS
10
5.9069237795275589
20
-4.2307611023622043
11
5.9069238188976376
21
-4.2307611023622043
0
LINE
8
BLACK
6
CONTINUOUS
10
5.9069238188976376
20
-4.2307611023622043
11
5.9069238582677164
21
-4.2307611811023618
0
LINE
8
BLACK
6
CONTINUOUS
10
5.9069238582677164
20
-4.2307611811023618
11
5.9089150393700782
21
-4.2320916535433071
0
LINE
8
BLACK
6
CONTINUOUS
10
5.9089150393700782
20
-4.2320916535433071
11
5.9106709842519685
21
-4.2324409448818896
0
LINE
8
BLACK
6
CONTINUOUS
10
5.9106709842519685
20
-4.2324409448818896
11
5.9370533858267711
21
-4.2324409055118108
0
LINE
8
BLACK
6
CONTINUOUS
10
5.9370533858267711
20
-4.2324409055118108
11
5.9388093700787401
21
-4.2320916535433071
0
LINE
8
BLACK
6
CONTINUOUS
10
5.9388093700787401
20
-4.2320916535433071
11
5.940800551181102
21
-4.2307611811023618
0
LINE
8
BLACK
6
CONTINUOUS
10
5.940800551181102
20
-4.2307611811023618
11
5.9421310236220473
21
-4.2287699999999999
0
LINE
8
BLACK
6
CONTINUOUS
10
5.9421310236220473
20
-4.2287699999999999
11
5.9424803149606298
21
-4.2270140551181106
0
LINE
8
BLACK
6
CONTINUOUS
10
5.9424803149606298
20
-4.2270140551181106
11
5.942480275590551
21
-4.207329173228346
0
LINE
8
BLACK
6
CONTINUOUS
10
5.942480275590551
20
-4.207329173228346
11
5.9424803149606298
21
-4.207329015748031
0
LINE
8
BLACK
6
CONTINUOUS
10
5.9424803149606298
20
-4.207329015748031
11
5.942480275590551
21
-4.1809466141732283
0
LINE
8
BLACK
6
CONTINUOUS
10
5.942480275590551
20
-4.1809466141732283
11
5.9421310236220473
21
-4.1791906299212593
0
LINE
8
BLACK
6
CONTINUOUS
10
5.9421310236220473
20
-4.1791906299212593
11
5.941283818897638
21
-4.1779227165354333
0
LINE
8
BLACK
6
CONTINUOUS
10
5.941283818897638
20
-4.1779227165354333
11
5.9408005905511807
21
-4.1771994881889762
0
LINE
8
BLACK
6
CONTINUOUS
10
5.9408005905511807
20
-4.1771994881889762
11
5.940800551181102
21
-4.1771994488188975
0
LINE
8
BLACK
6
CONTINUOUS
10
5.940800551181102
20
-4.1771994488188975
11
5.9388093700787401
21
-4.1758689763779531
0
LINE
8
BLACK
6
CONTINUOUS
10
5.9388093700787401
20
-4.1758689763779531
11
5.9388092913385826
21
-4.1758689370078743
0
LINE
8
BLACK
6
CONTINUOUS
10
5.9388092913385826
20
-4.1758689370078743
11
5.9370534251968499
21
-4.1755196850393697
0
LINE
8
BLACK
6
CONTINUOUS
10
5.9370534251968499
20
-4.1755196850393697
11
5.8150855118110236
21
-4.1755196850393697
0
LINE
8
BLACK
6
CONTINUOUS
10
5.8150855118110236
20
-4.1755196850393697
11
5.8131824409448818
21
-4.1748270472440945
0
LINE
8
BLACK
6
CONTINUOUS
10
5.8131824409448818
20
-4.1748270472440945
11
5.812169842519685
21
-4.1730731496062994
0
LINE
8
BLACK
6
CONTINUOUS
10
5.812169842519685
20
-4.1730731496062994
11
5.8121501968503937
21
-4.1729455118110232
0
LINE
8
BLACK
6
CONTINUOUS
10
5.8121501968503937
20
-4.1729455118110232
11
5.8120389370078742
21
-4.1721004330708658
0
LINE
8
BLACK
6
CONTINUOUS
10
5.8120389370078742
20
-4.1721004330708658
11
5.8118384645669288
21
-4.1705776771653547
0
LINE
8
BLACK
6
CONTINUOUS
10
5.8118384645669288
20
-4.1705776771653547
11
5.8112318503937006
21
-4.1691132677165355
0
LINE
8
BLACK
6
CONTINUOUS
10
5.8112318503937006
20
-4.1691132677165355
11
5.8111435433070868
21
-4.1670900393700787
0
LINE
8
BLACK
6
CONTINUOUS
10
5.8111435433070868
20
-4.1670900393700787
11
5.8123764173228345
21
-4.1654833464566927
0
LINE
8
BLACK
6
CONTINUOUS
10
5.8123764173228345
20
-4.1654833464566927
11
5.813967165354331
21
-4.1650196850393701
0
LINE
8
BLACK
6
CONTINUOUS
10
5.813967165354331
20
-4.1650196850393701
11
5.8369673622047245
21
-4.1650196850393701
0
LINE
8
BLACK
6
CONTINUOUS
10
5.8369673622047245
20
-4.1650196850393701
11
5.8369682677165349
21
-4.1650196456692914
0
LINE
8
BLACK
6
CONTINUOUS
10
5.8369682677165349
20
-4.1650196456692914
11
5.884592755905512
21
-4.1650196456692914
0
LINE
8
BLACK
6
CONTINUOUS
10
5.884592755905512
20
-4.1650196456692914
11
5.8863487401574801
21
-4.1646703937007876
0
LINE
8
BLACK
6
CONTINUOUS
10
5.8863487401574801
20
-4.1646703937007876
11
5.888339921259842
21
-4.1633399212598423
0
LINE
8
BLACK
6
CONTINUOUS
10
5.888339921259842
20
-4.1633399212598423
11
5.8896703937007873
21
-4.1613487401574805
0
LINE
8
BLACK
6
CONTINUOUS
10
5.8896703937007873
20
-4.1613487401574805
11
5.8900196850393698
21
-4.1595927952755902
0
LINE
8
BLACK
6
CONTINUOUS
10
5.8900196850393698
20
-4.1595927952755902
11
5.8900196850393698
21
-4.1159842519685039
0
LINE
8
BLACK
6
CONTINUOUS
10
5.8900196850393698
20
-4.1159842519685039
11
5.8900196850393698
21
-4.1090605905511808
0
LINE
8
BLACK
6
CONTINUOUS
10
5.8900196850393698
20
-4.1090605905511808
11
5.8900196850393698
21
-4.1055049212598425
0
LINE
8
BLACK
6
CONTINUOUS
10
5.8900196850393698
20
-4.1055049212598425
11
5.8900196850393698
21
-4.102015748031496
0
LINE
8
BLACK
6
CONTINUOUS
10
5.8900196850393698
20
-4.102015748031496
11
5.8900196850393698
21
-4.0748466929133853
0
LINE
8
BLACK
6
CONTINUOUS
10
5.8900196850393698
20
-4.0748466929133853
11
5.8907123228346459
21
-4.0729436220472444
0
LINE
8
BLACK
6
CONTINUOUS
10
5.8907123228346459
20
-4.0729436220472444
11
5.8908864173228341
21
-4.0727536614173223
0
LINE
8
BLACK
6
CONTINUOUS
10
5.8908864173228341
20
-4.0727536614173223
11
5.9312148425196849
21
-4.0324251968503937
0
LINE
8
BLACK
6
CONTINUOUS
10
5.9312148425196849
20
-4.0324251968503937
11
5.9335800393700788
21
-4.0300599999999998
0
LINE
8
BLACK
6
CONTINUOUS
10
5.9335800393700788
20
-4.0300599999999998
11
5.9354154724409449
21
-4.0292041338582676
0
LINE
8
BLACK
6
CONTINUOUS
10
5.9354154724409449
20
-4.0292041338582676
11
5.9356735039370081
21
-4.0291928740157479
0
LINE
8
BLACK
6
CONTINUOUS
10
5.9356735039370081
20
-4.0291928740157479
11
6.0015218897637794
21
-4.0291928740157479
0
LINE
8
BLACK
6
CONTINUOUS
10
6.0015218897637794
20
-4.0291928740157479
11
6.0032778740157475
21
-4.0288436220472441
0
LINE
8
BLACK
6
CONTINUOUS
10
6.0032778740157475
20
-4.0288436220472441
11
6.0052690551181103
21
-4.0275131496062988
0
LINE
8
BLACK
6
CONTINUOUS
10
6.0052690551181103
20
-4.0275131496062988
11
6.0065995275590547
21
-4.025521968503937
0
LINE
8
BLACK
6
CONTINUOUS
10
6.0065995275590547
20
-4.025521968503937
11
6.0069488188976381
21
-4.0237660236220467
0
LINE
8
BLACK
6
CONTINUOUS
10
6.0069488188976381
20
-4.0237660236220467
11
6.0069488188976381
21
-4.0197519685039369
0
LINE
8
BLACK
6
CONTINUOUS
10
6.0069488188976381
20
-4.0197519685039369
11
6.0076414566929133
21
-4.0178488976377951
0
LINE
8
BLACK
6
CONTINUOUS
10
6.0076414566929133
20
-4.0178488976377951
11
6.0093953543307084
21
-4.0168362992125983
0
LINE
8
BLACK
6
CONTINUOUS
10
6.0093953543307084
20
-4.0168362992125983
11
6.0099094488188971
21
-4.016791338582677
0
LINE
8
BLACK
6
CONTINUOUS
10
6.0099094488188971
20
-4.016791338582677
11
6.0415551574803148
21
-4.016791338582677
0
LINE
8
BLACK
6
CONTINUOUS
10
6.0415551574803148
20
-4.016791338582677
11
6.0434582283464566
21
-4.0174839763779531
0
LINE
8
BLACK
6
CONTINUOUS
10
6.0434582283464566
20
-4.0174839763779531
11
6.0444708267716534
21
-4.0192378740157482
0
LINE
8
BLACK
6
CONTINUOUS
10
6.0444708267716534
20
-4.0192378740157482
11
6.0445157874015747
21
-4.0197519685039369
0
LINE
8
BLACK
6
CONTINUOUS
10
6.0445157874015747
20
-4.0197519685039369
11
6.0445157874015747
21
-4.025734527559055
0
LINE
8
BLACK
6
CONTINUOUS
10
6.0445157874015747
20
-4.025734527559055
11
6.0448650393700785
21
-4.0274905118110231
0
LINE
8
BLACK
6
CONTINUOUS
10
6.0448650393700785
20
-4.0274905118110231
11
6.0461954330708663
21
-4.0294815748031496
0
LINE
8
BLACK
6
CONTINUOUS
10
6.0461954330708663
20
-4.0294815748031496
11
6.046195472440945
21
-4.0294815748031496
0
LINE
8
BLACK
6
CONTINUOUS
10
6.046195472440945
20
-4.0294815748031496
11
6.0461955118110238
21
-4.0294816535433071
0
LINE
8
BLACK
6
CONTINUOUS
10
6.0461955118110238
20
-4.0294816535433071
11
6.0481866929133856
21
-4.0308121259842515
0
LINE
8
BLACK
6
CONTINUOUS
10
6.0481866929133856
20
-4.0308121259842515
11
6.0499426377952759
21
-4.031161417322835
0
LINE
8
BLACK
6
CONTINUOUS
10
6.0499426377952759
20
-4.031161417322835
11
6.1180573228346455
21
-4.0311613779527562
0
LINE
8
BLACK
6
CONTINUOUS
10
6.1180573228346455
20
-4.0311613779527562
11
6.1198133070866136
21
-4.0308121259842515
0
LINE
8
BLACK
6
CONTINUOUS
10
6.1198133070866136
20
-4.0308121259842515
11
6.1218044881889764
21
-4.0294816535433071
0
LINE
8
BLACK
6
CONTINUOUS
10
6.1218044881889764
20
-4.0294816535433071
11
6.1231349606299208
21
-4.0274904724409444
0
LINE
8
BLACK
6
CONTINUOUS
10
6.1231349606299208
20
-4.0274904724409444
11
6.1234842519685042
21
-4.025734527559055
0
LINE
8
BLACK
6
CONTINUOUS
10
6.1234842519685042
20
-4.025734527559055
11
6.1234842125984255
21
-3.9536828346456692
0
LINE
8
BLACK
6
CONTINUOUS
10
6.1234842125984255
20
-3.9536828346456692
11
6.1231349606299208
21
-3.9519268503937006
0
LINE
8
BLACK
6
CONTINUOUS
10
6.1231349606299208
20
-3.9519268503937006
11
6.1224019685039366
21
-3.9508298818897636
0
LINE
8
BLACK
6
CONTINUOUS
10
6.1224019685039366
20
-3.9508298818897636
11
6.1218045275590551
21
-3.9499357086614171
0
LINE
8
BLACK
6
CONTINUOUS
10
6.1218045275590551
20
-3.9499357086614171
11
6.1218043700787401
21
-3.9499355905511808
0
LINE
8
BLACK
6
CONTINUOUS
10
6.1218043700787401
20
-3.9499355905511808
11
6.1198133070866136
21
-3.9486051968503935
0
LINE
8
BLACK
6
CONTINUOUS
10
6.1198133070866136
20
-3.9486051968503935
11
6.1198132283464561
21
-3.9486051574803147
0
LINE
8
BLACK
6
CONTINUOUS
10
6.1198132283464561
20
-3.9486051574803147
11
6.1180573622047243
21
-3.9482559055118109
0
LINE
8
BLACK
6
CONTINUOUS
10
6.1180573622047243
20
-3.9482559055118109
11
6.0499426771653546
21
-3.9482559055118109
0
LINE
8
BLACK
6
CONTINUOUS
10
6.0499426771653546
20
-3.9482559055118109
11
6.0499425984251971
21
-3.9482559448818897
0
LINE
8
BLACK
6
CONTINUOUS
10
6.0499425984251971
20
-3.9482559448818897
11
6.0481866141732281
21
-3.9486051968503935
0
LINE
8
BLACK
6
CONTINUOUS
10
6.0481866141732281
20
-3.9486051968503935
11
6.0461955511811025
21
-3.9499355905511808
0
LINE
8
BLACK
6
CONTINUOUS
10
6.0461955511811025
20
-3.9499355905511808
11
6.0448650393700785
21
-3.9519268503937006
0
LINE
8
BLACK
6
CONTINUOUS
10
6.0448650393700785
20
-3.9519268503937006
11
6.0447770866141735
21
-3.9523690157480313
0
LINE
8
BLACK
6
CONTINUOUS
10
6.0447770866141735
20
-3.9523690157480313
11
6.0437264173228344
21
-3.9541003543307087
0
LINE
8
BLACK
6
CONTINUOUS
10
6.0437264173228344
20
-3.9541003543307087
11
6.0418733464566925
21
-3.954751968503937
0
LINE
8
BLACK
6
CONTINUOUS
10
6.0418733464566925
20
-3.954751968503937
11
6.0099094094488184
21
-3.954751968503937
0
LINE
8
BLACK
6
CONTINUOUS
10
6.0099094094488184
20
-3.954751968503937
11
6.0080063385826774
21
-3.9540593307086613
0
LINE
8
BLACK
6
CONTINUOUS
10
6.0080063385826774
20
-3.9540593307086613
11
6.0069937401574798
21
-3.9523054330708662
0
LINE
8
BLACK
6
CONTINUOUS
10
6.0069937401574798
20
-3.9523054330708662
11
6.0069487795275593
21
-3.9517913385826771
0
LINE
8
BLACK
6
CONTINUOUS
10
6.0069487795275593
20
-3.9517913385826771
11
6.0069487795275593
21
-3.9477773228346456
0
LINE
8
BLACK
6
CONTINUOUS
10
6.0069487795275593
20
-3.9477773228346456
11
6.0069487795275593
21
-3.9477772834645668
0
LINE
8
BLACK
6
CONTINUOUS
10
6.0069487795275593
20
-3.9477772834645668
11
6.0065995275590547
21
-3.946021338582677
0
LINE
8
BLACK
6
CONTINUOUS
10
6.0065995275590547
20
-3.946021338582677
11
6.0062089370078739
21
-3.945436811023622
0
LINE
8
BLACK
6
CONTINUOUS
10
6.0062089370078739
20
-3.945436811023622
11
6.005269094488189
21
-3.9440301968503935
0
LINE
8
BLACK
6
CONTINUOUS
10
6.005269094488189
20
-3.9440301968503935
11
6.005268937007874
21
-3.9440300787401572
0
LINE
8
BLACK
6
CONTINUOUS
10
6.005268937007874
20
-3.9440300787401572
11
6.0032778740157475
21
-3.9426996850393699
0
LINE
8
BLACK
6
CONTINUOUS
10
6.0032778740157475
20
-3.9426996850393699
11
6.00327779527559
21
-3.9426996456692911
0
LINE
8
BLACK
6
CONTINUOUS
10
6.00327779527559
20
-3.9426996456692911
11
6.0015219291338582
21
-3.9423503937007873
0
LINE
8
BLACK
6
CONTINUOUS
10
6.0015219291338582
20
-3.9423503937007873
11
5.86647811023622
21
-3.9423503937007873
0
LINE
8
BLACK
6
CONTINUOUS
10
5.86647811023622
20
-3.9423503937007873
11
5.8664780314960625
21
-3.9423504330708661
0
LINE
8
BLACK
6
CONTINUOUS
10
5.8664780314960625
20
-3.9423504330708661
11
5.8647220472440944
21
-3.9426996850393699
0
LINE
8
BLACK
6
CONTINUOUS
10
5.8647220472440944
20
-3.9426996850393699
11
5.8627309842519688
21
-3.9440300787401572
0
LINE
8
BLACK
6
CONTINUOUS
10
5.8627309842519688
20
-3.9440300787401572
11
5.8614004724409448
21
-3.946021338582677
0
LINE
8
BLACK
6
CONTINUOUS
10
5.8614004724409448
20
-3.946021338582677
11
5.861400433070866
21
-3.9460213779527558
0
LINE
8
BLACK
6
CONTINUOUS
10
5.861400433070866
20
-3.9460213779527558
11
5.8610511811023622
21
-3.947777244094488
0
LINE
8
BLACK
6
CONTINUOUS
10
5.8610511811023622
20
-3.947777244094488
11
5.8610511811023622
21
-4.0136256692913381
0
LINE
8
BLACK
6
CONTINUOUS
10
5.8610511811023622
20
-4.0136256692913381
11
5.8603585433070862
21
-4.01552874015748
0
LINE
8
BLACK
6
CONTINUOUS
10
5.8603585433070862
20
-4.01552874015748
11
5.8601840157480316
21
-4.0157191338582674
0
LINE
8
BLACK
6
CONTINUOUS
10
5.8601840157480316
20
-4.0157191338582674
11
5.8358340551181103
21
-4.0400691338582675
0
LINE
8
BLACK
6
CONTINUOUS
10
5.8358340551181103
20
-4.0400691338582675
11
5.8358338582677165
21
-4.0400692519685037
0
LINE
8
BLACK
6
CONTINUOUS
10
5.8358338582677165
20
-4.0400692519685037
11
5.8358338976377953
21
-4.0400692913385825
0
LINE
8
BLACK
6
CONTINUOUS
10
5.8358338976377953
20
-4.0400692913385825
11
5.8345945275590552
21
-4.0413086614173226
0
LINE
8
BLACK
6
CONTINUOUS
10
5.8345945275590552
20
-4.0413086614173226
11
5.8345942913385827
21
-4.0413089370078739
0
LINE
8
BLACK
6
CONTINUOUS
10
5.8345942913385827
20
-4.0413089370078739
11
5.8337501181102365
21
-4.0426524015748031
0
LINE
8
BLACK
6
CONTINUOUS
10
5.8337501181102365
20
-4.0426524015748031
11
5.8335581102362202
21
-4.0429230314960627
0
LINE
8
BLACK
6
CONTINUOUS
10
5.8335581102362202
20
-4.0429230314960627
11
5.8325687401574804
21
-4.0441637007874016
0
LINE
8
BLACK
6
CONTINUOUS
10
5.8325687401574804
20
-4.0441637007874016
11
5.8325685826771654
21
-4.0441639370078741
0
LINE
8
BLACK
6
CONTINUOUS
10
5.8325685826771654
20
-4.0441639370078741
11
5.8318801968503937
21
-4.0455933070866141
0
LINE
8
BLACK
6
CONTINUOUS
10
5.8318801968503937
20
-4.0455933070866141
11
5.8317197244094485
21
-4.0458837007874013
0
LINE
8
BLACK
6
CONTINUOUS
10
5.8317197244094485
20
-4.0458837007874013
11
5.8308754330708661
21
-4.0472274015748031
0
LINE
8
BLACK
6
CONTINUOUS
10
5.8308754330708661
20
-4.0472274015748031
11
5.8308753543307086
21
-4.0472276377952756
0
LINE
8
BLACK
6
CONTINUOUS
10
5.8308753543307086
20
-4.0472276377952756
11
5.8303511811023618
21
-4.0487255511811027
0
LINE
8
BLACK
6
CONTINUOUS
10
5.8303511811023618
20
-4.0487255511811027
11
5.8302241732283466
21
-4.0490321653543306
0
LINE
8
BLACK
6
CONTINUOUS
10
5.8302241732283466
20
-4.0490321653543306
11
5.8295358267716537
21
-4.0504614960629919
0
LINE
8
BLACK
6
CONTINUOUS
10
5.8295358267716537
20
-4.0504614960629919
11
5.8295356692913387
21
-4.0504620472440944
0
LINE
8
BLACK
6
CONTINUOUS
10
5.8295356692913387
20
-4.0504620472440944
11
5.8291826377952756
21
-4.05200874015748
0
LINE
8
BLACK
6
CONTINUOUS
10
5.8291826377952756
20
-4.05200874015748
11
5.8290907480314962
21
-4.0523277559055115
0
LINE
8
BLACK
6
CONTINUOUS
10
5.8290907480314962
20
-4.0523277559055115
11
5.8285666929133857
21
-4.0538253149606298
0
LINE
8
BLACK
6
CONTINUOUS
10
5.8285666929133857
20
-4.0538253149606298
11
5.8283889370078743
21
-4.0554025590551177
0
LINE
8
BLACK
6
CONTINUOUS
10
5.8283889370078743
20
-4.0554025590551177
11
5.8283333464566924
21
-4.0557296456692908
0
LINE
8
BLACK
6
CONTINUOUS
10
5.8283333464566924
20
-4.0557296456692908
11
5.8279803543307089
21
-4.0572763385826773
0
LINE
8
BLACK
6
CONTINUOUS
10
5.8279803543307089
20
-4.0572763385826773
11
5.8279803543307089
21
-4.0582843700787397
0
LINE
8
BLACK
6
CONTINUOUS
10
5.8279803543307089
20
-4.0582843700787397
11
5.8279803149606302
21
-4.0582848818897634
0
LINE
8
BLACK
6
CONTINUOUS
10
5.8279803149606302
20
-4.0582848818897634
11
5.8279803149606302
21
-4.0949249212598424
0
LINE
8
BLACK
6
CONTINUOUS
10
5.8279803149606302
20
-4.0949249212598424
11
5.8272876771653541
21
-4.0968279921259843
0
LINE
8
BLACK
6
CONTINUOUS
10
5.8272876771653541
20
-4.0968279921259843
11
5.8271131496062987
21
-4.0970183858267717
0
LINE
8
BLACK
6
CONTINUOUS
10
5.8271131496062987
20
-4.0970183858267717
11
5.8220183858267713
21
-4.102113149606299
0
LINE
8
BLACK
6
CONTINUOUS
10
5.8220183858267713
20
-4.102113149606299
11
5.8201829527559052
21
-4.1029690551181099
0
LINE
8
BLACK
6
CONTINUOUS
10
5.8201829527559052
20
-4.1029690551181099
11
5.8199249212598421
21
-4.1029803149606296
0
LINE
8
BLACK
6
CONTINUOUS
10
5.8199249212598421
20
-4.1029803149606296
11
5.8184724015748026
21
-4.1029803149606296
0
LINE
8
BLACK
6
CONTINUOUS
10
5.8184724015748026
20
-4.1029803149606296
11
5.8165693307086617
21
-4.1022876771653545
0
LINE
8
BLACK
6
CONTINUOUS
10
5.8165693307086617
20
-4.1022876771653545
11
5.815556732283464
21
-4.1005337795275594
0
LINE
8
BLACK
6
CONTINUOUS
10
5.815556732283464
20
-4.1005337795275594
11
5.8155117716535436
21
-4.1000196850393698
0
LINE
8
BLACK
6
CONTINUOUS
10
5.8155117716535436
20
-4.1000196850393698
11
5.8155117716535436
21
-4.0988796850393703
0
LINE
8
BLACK
6
CONTINUOUS
10
5.8155117716535436
20
-4.0988796850393703
11
5.8155117716535436
21
-4.0988796456692915
0
LINE
8
BLACK
6
CONTINUOUS
10
5.8155117716535436
20
-4.0988796456692915
11
5.8151625196850389
21
-4.0971237007874013
0
LINE
8
BLACK
6
CONTINUOUS
10
5.8151625196850389
20
-4.0971237007874013
11
5.8149649212598424
21
-4.0968279921259843
0
LINE
8
BLACK
6
CONTINUOUS
10
5.8149649212598424
20
-4.0968279921259843
11
5.8138320866141733
21
-4.0951325590551182
0
LINE
8
BLACK
6
CONTINUOUS
10
5.8138320866141733
20
-4.0951325590551182
11
5.8135213385826772
21
-4.0949249212598424
0
LINE
8
BLACK
6
CONTINUOUS
10
5.8135213385826772
20
-4.0949249212598424
11
5.8118408661417318
21
-4.0938020472440941
0
LINE
8
BLACK
6
CONTINUOUS
10
5.8118408661417318
20
-4.0938020472440941
11
5.8118407874015743
21
-4.0938020078740154
0
LINE
8
BLACK
6
CONTINUOUS
10
5.8118407874015743
20
-4.0938020078740154
11
5.8100849212598424
21
-4.0934527559055116
0
LINE
8
BLACK
6
CONTINUOUS
10
5.8100849212598424
20
-4.0934527559055116
11
5.7989803149606294
21
-4.0934527559055116
0
LINE
8
BLACK
6
CONTINUOUS
10
5.7989803149606294
20
-4.0934527559055116
11
5.7970772440944884
21
-4.0927601181102364
0
LINE
8
BLACK
6
CONTINUOUS
10
5.7970772440944884
20
-4.0927601181102364
11
5.7960646456692908
21
-4.0910062204724404
0
LINE
8
BLACK
6
CONTINUOUS
10
5.7960646456692908
20
-4.0910062204724404
11
5.7960196850393704
21
-4.0904921259842517
0
LINE
8
BLACK
6
CONTINUOUS
10
5.7960196850393704
20
-4.0904921259842517
11
5.7960196850393704
21
-4.0614436220472436
0
LINE
8
BLACK
6
CONTINUOUS
10
5.7960196850393704
20
-4.0614436220472436
11
5.7960978346456695
21
-4.0609644881889766
0
LINE
8
BLACK
6
CONTINUOUS
10
5.7960978346456695
20
-4.0609644881889766
11
5.7960727559055121
21
-4.0609609842519685
0
LINE
8
BLACK
6
CONTINUOUS
10
5.7960727559055121
20
-4.0609609842519685
11
5.7961106299212597
21
-4.0606894488188976
0
LINE
8
BLACK
6
CONTINUOUS
10
5.7961106299212597
20
-4.0606894488188976
11
5.7960228346456688
21
-4.0587905511811027
0
LINE
8
BLACK
6
CONTINUOUS
10
5.7960228346456688
20
-4.0587905511811027
11
5.7960196850393704
21
-4.0586538188976373
0
LINE
8
BLACK
6
CONTINUOUS
10
5.7960196850393704
20
-4.0586538188976373
11
5.7960196850393704
21
-4.0578864173228348
0
LINE
8
BLACK
6
CONTINUOUS
10
5.7960196850393704
20
-4.0578864173228348
11
5.7960196850393704
21
-4.0578862598425198
0
LINE
8
BLACK
6
CONTINUOUS
10
5.7960196850393704
20
-4.0578862598425198
11
5.7960060629921255
21
-4.0578134645669293
0
LINE
8
BLACK
6
CONTINUOUS
10
5.7960060629921255
20
-4.0578134645669293
11
5.7959588188976374
21
-4.0574065748031494
0
LINE
8
BLACK
6
CONTINUOUS
10
5.7959588188976374
20
-4.0574065748031494
11
5.7959030708661414
21
-4.0562004330708659
0
LINE
8
BLACK
6
CONTINUOUS
10
5.7959030708661414
20
-4.0562004330708659
11
5.7956975590551183
21
-4.0557350000000003
0
LINE
8
BLACK
6
CONTINUOUS
10
5.7956975590551183
20
-4.0557350000000003
11
5.7954956692913386
21
-4.0550831889763774
0
LINE
8
BLACK
6
CONTINUOUS
10
5.7954956692913386
20
-4.0550831889763774
11
5.7954021653543304
21
-4.0545827952755902
0
LINE
8
BLACK
6
CONTINUOUS
10
5.7954021653543304
20
-4.0545827952755902
11
5.7954021259842516
21
-4.0545827165354327
0
LINE
8
BLACK
6
CONTINUOUS
10
5.7954021259842516
20
-4.0545827165354327
11
5.7947665748031492
21
-4.0535562992125982
0
LINE
8
BLACK
6
CONTINUOUS
10
5.7947665748031492
20
-4.0535562992125982
11
5.7945754724409451
21
-4.0531937401574805
0
LINE
8
BLACK
6
CONTINUOUS
10
5.7945754724409451
20
-4.0531937401574805
11
5.7940879527559055
21
-4.0520895669291335
0
LINE
8
BLACK
6
CONTINUOUS
10
5.7940879527559055
20
-4.0520895669291335
11
5.7937279921259845
21
-4.0517296062992125
0
LINE
8
BLACK
6
CONTINUOUS
10
5.7937279921259845
20
-4.0517296062992125
11
5.7933044488188976
21
-4.0511949212598424
0
LINE
8
BLACK
6
CONTINUOUS
10
5.7933044488188976
20
-4.0511949212598424
11
5.7930364960629923
21
-4.0507621259842521
0
LINE
8
BLACK
6
CONTINUOUS
10
5.7930364960629923
20
-4.0507621259842521
11
5.7920730708661416
21
-4.050034566929134
0
LINE
8
BLACK
6
CONTINUOUS
10
5.7920730708661416
20
-4.050034566929134
11
5.7917638188976373
21
-4.0497654330708661
0
LINE
8
BLACK
6
CONTINUOUS
10
5.7917638188976373
20
-4.0497654330708661
11
5.7809201181102363
21
-4.0389217322834643
0
LINE
8
BLACK
6
CONTINUOUS
10
5.7809201181102363
20
-4.0389217322834643
11
5.7806365748031494
21
-4.0385275984251967
0
LINE
8
BLACK
6
CONTINUOUS
10
5.7806365748031494
20
-4.0385275984251967
11
5.7806163385826768
21
-4.038542913385827
0
LINE
8
BLACK
6
CONTINUOUS
10
5.7806163385826768
20
-4.038542913385827
11
5.780450984251968
21
-4.0383239370078741
0
LINE
8
BLACK
6
CONTINUOUS
10
5.780450984251968
20
-4.0383239370078741
11
5.7790460236220476
21
-4.0370431889763783
0
LINE
8
BLACK
6
CONTINUOUS
10
5.7790460236220476
20
-4.0370431889763783
11
5.7789478740157483
21
-4.0369494881889763
0
LINE
8
BLACK
6
CONTINUOUS
10
5.7789478740157483
20
-4.0369494881889763
11
5.778404566929134
21
-4.0364061811023619
0
LINE
8
BLACK
6
CONTINUOUS
10
5.778404566929134
20
-4.0364061811023619
11
5.7784043700787402
21
-4.0364060629921257
0
LINE
8
BLACK
6
CONTINUOUS
10
5.7784043700787402
20
-4.0364060629921257
11
5.7784042519685039
21
-4.0364059448818894
0
LINE
8
BLACK
6
CONTINUOUS
10
5.7784042519685039
20
-4.0364059448818894
11
5.7783435039370081
21
-4.0363643307086612
0
LINE
8
BLACK
6
CONTINUOUS
10
5.7783435039370081
20
-4.0363643307086612
11
5.7780224803149602
21
-4.0361100787401574
0
LINE
8
BLACK
6
CONTINUOUS
10
5.7780224803149602
20
-4.0361100787401574
11
5.7771300787401572
21
-4.0352965748031497
0
LINE
8
BLACK
6
CONTINUOUS
10
5.7771300787401572
20
-4.0352965748031497
11
5.7771300393700784
21
-4.035296535433071
0
LINE
8
BLACK
6
CONTINUOUS
10
5.7771300393700784
20
-4.035296535433071
11
5.7768837007874012
21
-4.0352011023622048
0
LINE
8
BLACK
6
CONTINUOUS
10
5.7768837007874012
20
-4.0352011023622048
11
5.7766553543307086
21
-4.0351126377952751
0
LINE
8
BLACK
6
CONTINUOUS
10
5.7766553543307086
20
-4.0351126377952751
11
5.7760520866141727
21
-4.0347946850393699
0
LINE
8
BLACK
6
CONTINUOUS
10
5.7760520866141727
20
-4.0347946850393699
11
5.775632007874016
21
-4.0345069291338582
0
LINE
8
BLACK
6
CONTINUOUS
10
5.775632007874016
20
-4.0345069291338582
11
5.7756319291338585
21
-4.0345068897637795
0
LINE
8
BLACK
6
CONTINUOUS
10
5.7756319291338585
20
-4.0345068897637795
11
5.775631850393701
21
-4.0345068503937007
0
LINE
8
BLACK
6
CONTINUOUS
10
5.775631850393701
20
-4.0345068503937007
11
5.7744570866141727
21
-4.0342305511811025
0
LINE
8
BLACK
6
CONTINUOUS
10
5.7744570866141727
20
-4.0342305511811025
11
5.7740655118110231
21
-4.0341093307086613
0
LINE
8
BLACK
6
CONTINUOUS
10
5.7740655118110231
20
-4.0341093307086613
11
5.7729397637795277
21
-4.0336732283464567
0
LINE
8
BLACK
6
CONTINUOUS
10
5.7729397637795277
20
-4.0336732283464567
11
5.77243094488189
21
-4.0336732283464567
0
LINE
8
BLACK
6
CONTINUOUS
10
5.77243094488189
20
-4.0336732283464567
11
5.7717531496062993
21
-4.0335946062992125
0
LINE
8
BLACK
6
CONTINUOUS
10
5.7717531496062993
20
-4.0335946062992125
11
5.7712576377952756
21
-4.033478070866142
0
LINE
8
BLACK
6
CONTINUOUS
10
5.7712576377952756
20
-4.033478070866142
11
5.7712575590551181
21
-4.033478070866142
0
LINE
8
BLACK
6
CONTINUOUS
10
5.7712575590551181
20
-4.033478070866142
11
5.7700621259842517
21
-4.0336448425196849
0
LINE
8
BLACK
6
CONTINUOUS
10
5.7700621259842517
20
-4.0336448425196849
11
5.7696530708661413
21
-4.0336732283464567
0
LINE
8
BLACK
6
CONTINUOUS
10
5.7696530708661413
20
-4.0336732283464567
11
5.6351653149606298
21
-4.0336732283464567
0
LINE
8
BLACK
6
CONTINUOUS
10
5.6351653149606298
20
-4.0336732283464567
11
5.6332622440944879
21
-4.0329805905511806
0
LINE
8
BLACK
6
CONTINUOUS
10
5.6332622440944879
20
-4.0329805905511806
11
5.6322496456692912
21
-4.0312266929133855
0
LINE
8
BLACK
6
CONTINUOUS
10
5.6322496456692912
20
-4.0312266929133855
11
5.6322046850393699
21
-4.0307125984251968
0
LINE
8
BLACK
6
CONTINUOUS
10
5.6322046850393699
20
-4.0307125984251968
11
5.6322046850393699
21
-4.0175411023622045
0
LINE
8
BLACK
6
CONTINUOUS
10
5.6322046850393699
20
-4.0175411023622045
11
5.6322046850393699
21
-4.0175410629921258
0
LINE
8
BLACK
6
CONTINUOUS
10
5.6322046850393699
20
-4.0175410629921258
11
5.6318554330708661
21
-4.0157851181102364
0
LINE
8
BLACK
6
CONTINUOUS
10
5.6318554330708661
20
-4.0157851181102364
11
5.6305249606299208
21
-4.0137939370078737
0
LINE
8
BLACK
6
CONTINUOUS
10
5.6305249606299208
20
-4.0137939370078737
11
5.628533779527559
21
-4.0124634645669293
0
LINE
8
BLACK
6
CONTINUOUS
10
5.628533779527559
20
-4.0124634645669293
11
5.6285337007874015
21
-4.0124634251968505
0
LINE
8
BLACK
6
CONTINUOUS
10
5.6285337007874015
20
-4.0124634251968505
11
5.6267778346456696
21
-4.0121141732283467
0
LINE
8
BLACK
6
CONTINUOUS
10
5.6267778346456696
20
-4.0121141732283467
11
5.5862222047244092
21
-4.0121141732283467
0
LINE
8
BLACK
6
CONTINUOUS
10
5.5862222047244092
20
-4.0121141732283467
11
5.5862221259842517
21
-4.0121142125984255
0
LINE
8
BLACK
6
CONTINUOUS
10
5.5862221259842517
20
-4.0121142125984255
11
5.5844661417322836
21
-4.0124634645669293
0
LINE
8
BLACK
6
CONTINUOUS
10
5.5844661417322836
20
-4.0124634645669293
11
5.5824750787401571
21
-4.0137938582677162
0
LINE
8
BLACK
6
CONTINUOUS
10
5.5824750787401571
20
-4.0137938582677162
11
5.581144566929134
21
-4.0157851181102364
0
LINE
8
BLACK
6
CONTINUOUS
10
5.581144566929134
20
-4.0157851181102364
11
5.5811445275590552
21
-4.0157851574803152
0
LINE
8
BLACK
6
CONTINUOUS
10
5.5811445275590552
20
-4.0157851574803152
11
5.5807952755905514
21
-4.017541023622047
0
LINE
8
BLACK
6
CONTINUOUS
10
5.5807952755905514
20
-4.017541023622047
11
5.5807952755905514
21
-4.0738446850393704
0
LINE
8
BLACK
6
CONTINUOUS
10
5.5807952755905514
20
-4.0738446850393704
11
5.5807953149606302
21
-4.0738447637795279
0
LINE
8
BLACK
6
CONTINUOUS
10
5.5807953149606302
20
-4.0738447637795279
11
5.581144566929134
21
-4.075600748031496
0
LINE
8
BLACK
6
CONTINUOUS
10
5.581144566929134
20
-4.075600748031496
11
5.5824749606299209
21
-4.0775918110236216
0
LINE
8
BLACK
6
CONTINUOUS
10
5.5824749606299209
20
-4.0775918110236216
11
5.5824749999999996
21
-4.0775918110236216
0
LINE
8
BLACK
6
CONTINUOUS
10
5.5824749999999996
20
-4.0775918110236216
11
5.5824750393700784
21
-4.0775918897637791
0
LINE
8
BLACK
6
CONTINUOUS
10
5.5824750393700784
20
-4.0775918897637791
11
5.5844662204724411
21
-4.0789223622047244
0
LINE
8
BLACK
6
CONTINUOUS
10
5.5844662204724411
20
-4.0789223622047244
11
5.5862221653543305
21
-4.0792716535433069
0
LINE
8
BLACK
6
CONTINUOUS
10
5.5862221653543305
20
-4.0792716535433069
11
5.6267777952755909
21
-4.0792716141732281
0
LINE
8
BLACK
6
CONTINUOUS
10
5.6267777952755909
20
-4.0792716141732281
11
5.628533779527559
21
-4.0789223622047244
0
LINE
8
BLACK
6
CONTINUOUS
10
5.628533779527559
20
-4.0789223622047244
11
5.6305249606299208
21
-4.0775918897637791
0
LINE
8
BLACK
6
CONTINUOUS
10
5.6305249606299208
20
-4.0775918897637791
11
5.6318554330708661
21
-4.0756007086614172
0
LINE
8
BLACK
6
CONTINUOUS
10
5.6318554330708661
20
-4.0756007086614172
11
5.6322047244094486
21
-4.0738447637795279
0
LINE
8
BLACK
6
CONTINUOUS
10
5.6322047244094486
20
-4.0738447637795279
11
5.6322047244094486
21
-4.0606732283464568
0
LINE
8
BLACK
6
CONTINUOUS
10
5.6322047244094486
20
-4.0606732283464568
11
5.6328973622047247
21
-4.058770157480315
0
LINE
8
BLACK
6
CONTINUOUS
10
5.6328973622047247
20
-4.058770157480315
11
5.6346512598425198
21
-4.0577575590551183
0
LINE
8
BLACK
6
CONTINUOUS
10
5.6346512598425198
20
-4.0577575590551183
11
5.6351653543307085
21
-4.0577125984251969
0
LINE
8
BLACK
6
CONTINUOUS
10
5.6351653543307085
20
-4.0577125984251969
11
5.7644879133858264
21
-4.0577125984251969
0
LINE
8
BLACK
6
CONTINUOUS
10
5.7644879133858264
20
-4.0577125984251969
11
5.7663909842519683
21
-4.0584052362204721
0
LINE
8
BLACK
6
CONTINUOUS
10
5.7663909842519683
20
-4.0584052362204721
11
5.7665813779527557
21
-4.0585797637795276
0
LINE
8
BLACK
6
CONTINUOUS
10
5.7665813779527557
20
-4.0585797637795276
11
5.7711131496062995
21
-4.0631115354330705
0
LINE
8
BLACK
6
CONTINUOUS
10
5.7711131496062995
20
-4.0631115354330705
11
5.7719690551181104
21
-4.0649469685039366
0
LINE
8
BLACK
6
CONTINUOUS
10
5.7719690551181104
20
-4.0649469685039366
11
5.7719803149606301
21
-4.0652049999999997
0
LINE
8
BLACK
6
CONTINUOUS
10
5.7719803149606301
20
-4.0652049999999997
11
5.7719803149606301
21
-4.0904921259842517
0
LINE
8
BLACK
6
CONTINUOUS
10
5.7719803149606301
20
-4.0904921259842517
11
5.7712876771653541
21
-4.0923951968503935
0
LINE
8
BLACK
6
CONTINUOUS
10
5.7712876771653541
20
-4.0923951968503935
11
5.769533779527559
21
-4.0934077952755903
0
LINE
8
BLACK
6
CONTINUOUS
10
5.769533779527559
20
-4.0934077952755903
11
5.7690196850393702
21
-4.0934527559055116
0
LINE
8
BLACK
6
CONTINUOUS
10
5.7690196850393702
20
-4.0934527559055116
11
5.7577182677165357
21
-4.0934527559055116
0
LINE
8
BLACK
6
CONTINUOUS
10
5.7577182677165357
20
-4.0934527559055116
11
5.7577181889763782
21
-4.0934527952755904
0
LINE
8
BLACK
6
CONTINUOUS
10
5.7577181889763782
20
-4.0934527952755904
11
5.7559622047244092
21
-4.0938020472440941
0
LINE
8
BLACK
6
CONTINUOUS
10
5.7559622047244092
20
-4.0938020472440941
11
5.7539711023622049
21
-4.0951324409448819
0
LINE
8
BLACK
6
CONTINUOUS
10
5.7539711023622049
20
-4.0951324409448819
11
5.7534499606299212
21
-4.0959124409448817
0
LINE
8
BLACK
6
CONTINUOUS
10
5.7534499606299212
20
-4.0959124409448817
11
5.7518167322834648
21
-4.0971099212598423
0
LINE
8
BLACK
6
CONTINUOUS
10
5.7518167322834648
20
-4.0971099212598423
11
5.7497959055118111
21
-4.0969774409448814
0
LINE
8
BLACK
6
CONTINUOUS
10
5.7497959055118111
20
-4.0969774409448814
11
5.7483329921259845
21
-4.0955769685039369
0
LINE
8
BLACK
6
CONTINUOUS
10
5.7483329921259845
20
-4.0955769685039369
11
5.7483285039370076
21
-4.0955678740157477
0
LINE
8
BLACK
6
CONTINUOUS
10
5.7483285039370076
20
-4.0955678740157477
11
5.7463184645669294
21
-4.0914563779527562
0
LINE
8
BLACK
6
CONTINUOUS
10
5.7463184645669294
20
-4.0914563779527562
11
5.742169488188976
21
-4.0893423622047242
0
LINE
8
BLACK
6
CONTINUOUS
10
5.742169488188976
20
-4.0893423622047242
11
5.7387261023622047
21
-4.085898976377953
0
LINE
8
BLACK
6
CONTINUOUS
10
5.7387261023622047
20
-4.085898976377953
11
5.7360149606299213
21
-4.0855039370078741
0
LINE
8
BLACK
6
CONTINUOUS
10
5.7360149606299213
20
-4.0855039370078741
11
5.729508779527559
21
-4.0855039370078741
0
LINE
8
BLACK
6
CONTINUOUS
10
5.729508779527559
20
-4.0855039370078741
11
5.7293423622047239
21
-4.0858305118110234
0
LINE
8
BLACK
6
CONTINUOUS
10
5.7293423622047239
20
-4.0858305118110234
11
5.7258305118110231
21
-4.0893423622047242
0
LINE
8
BLACK
6
CONTINUOUS
10
5.7258305118110231
20
-4.0893423622047242
11
5.7214053543307086
21
-4.0915970866141729
0
LINE
8
BLACK
6
CONTINUOUS
10
5.7214053543307086
20
-4.0915970866141729
11
5.7164999999999999
21
-4.0923740157480317
0
LINE
8
BLACK
6
CONTINUOUS
10
5.7164999999999999
20
-4.0923740157480317
11
5.7160826771653541
21
-4.0923079133858264
0
LINE
8
BLACK
6
CONTINUOUS
10
5.7160826771653541
20
-4.0923079133858264
11
5.7160826771653541
21
-4.0994724409448819
0
LINE
8
BLACK
6
CONTINUOUS
10
5.7160826771653541
20
-4.0994724409448819
11
5.7346889763779529
21
-4.0994724409448819
0
LINE
8
BLACK
6
CONTINUOUS
10
5.7346889763779529
20
-4.0994724409448819
11
5.7346889763779529
21
-4.1585275590551181
0
LINE
8
BLACK
6
CONTINUOUS
10
5.7346889763779529
20
-4.1585275590551181
11
5.6835078740157483
21
-4.1585275590551181
0
LINE
8
BLACK
6
CONTINUOUS
10
5.6835078740157483
20
-4.1585275590551181
11
5.6835078740157483
21
-4.1359842519685035
0
LINE
8
BLACK
6
CONTINUOUS
10
5.6835078740157483
20
-4.1359842519685035
11
5.6792480314960629
21
-4.1359842519685035
0
LINE
8
BLACK
6
CONTINUOUS
10
5.6792480314960629
20
-4.1359842519685035
11
5.6792480314960629
21
-4.1363307086614176
0
LINE
8
BLACK
6
CONTINUOUS
10
5.6792480314960629
20
-4.1363307086614176
11
5.6785553937007869
21
-4.1382337795275586
0
LINE
8
BLACK
6
CONTINUOUS
10
5.6785553937007869
20
-4.1382337795275586
11
5.6768014960629918
21
-4.1392463779527562
0
LINE
8
BLACK
6
CONTINUOUS
10
5.6768014960629918
20
-4.1392463779527562
11
5.676287401574803
21
-4.1392913385826775
0
LINE
8
BLACK
6
CONTINUOUS
10
5.676287401574803
20
-4.1392913385826775
11
5.6635866141732283
21
-4.1392913385826775
0
LINE
8
BLACK
6
CONTINUOUS
10
5.6635866141732283
20
-4.1392913385826775
11
5.6635866141732283
21
-4.1598661417322838
0
LINE
8
BLACK
6
CONTINUOUS
10
5.6635866141732283
20
-4.1598661417322838
11
5.6508858267716535
21
-4.1598661417322838
0
LINE
8
BLACK
6
CONTINUOUS
10
5.6508858267716535
20
-4.1598661417322838
11
5.6508858267716535
21
-4.1738346456692916
0
LINE
8
BLACK
6
CONTINUOUS
10
5.6508858267716535
20
-4.1738346456692916
11
5.6649122047244092
21
-4.1738346456692916
0
LINE
8
BLACK
6
CONTINUOUS
10
5.6649122047244092
20
-4.1738346456692916
11
5.6649125984251967
21
-4.1738346062992129
0
LINE
8
BLACK
6
CONTINUOUS
10
5.6649125984251967
20
-4.1738346062992129
11
5.6676274409448819
21
-4.1734390157480314
0
LINE
8
BLACK
6
CONTINUOUS
10
5.6676274409448819
20
-4.1734390157480314
11
5.6718156299212596
21
-4.1713915354330711
0
LINE
8
BLACK
6
CONTINUOUS
10
5.6718156299212596
20
-4.1713915354330711
11
5.6723570472440947
21
-4.170850118110236
0
LINE
8
BLACK
6
CONTINUOUS
10
5.6723570472440947
20
-4.170850118110236
11
5.6741924803149608
21
-4.1699941732283463
0
LINE
8
BLACK
6
CONTINUOUS
10
5.6741924803149608
20
-4.1699941732283463
11
5.6757509055118112
21
-4.1702837401574806
0
LINE
8
BLACK
6
CONTINUOUS
10
5.6757509055118112
20
-4.1702837401574806
11
5.6794670472440947
21
-4.1721004330708658
0
LINE
8
BLACK
6
CONTINUOUS
10
5.6794670472440947
20
-4.1721004330708658
11
5.6821818503937003
21
-4.1724960236220472
0
LINE
8
BLACK
6
CONTINUOUS
10
5.6821818503937003
20
-4.1724960236220472
11
5.6821822834645666
21
-4.1724960629921259
0
LINE
8
BLACK
6
CONTINUOUS
10
5.6821822834645666
20
-4.1724960629921259
11
5.7031366141732285
21
-4.1724960629921259
0
LINE
8
BLACK
6
CONTINUOUS
10
5.7031366141732285
20
-4.1724960629921259
11
5.7050396850393703
21
-4.1731887007874011
0
LINE
8
BLACK
6
CONTINUOUS
10
5.7050396850393703
20
-4.1731887007874011
11
5.7060522834645671
21
-4.1749425984251971
0
LINE
8
BLACK
6
CONTINUOUS
10
5.7060522834645671
20
-4.1749425984251971
11
5.7058718897637792
21
-4.1765895669291337
0
LINE
8
BLACK
6
CONTINUOUS
10
5.7058718897637792
20
-4.1765895669291337
11
5.7056192913385821
21
-4.1771994488188975
0
LINE
8
BLACK
6
CONTINUOUS
10
5.7056192913385821
20
-4.1771994488188975
11
5.7051698031496061
21
-4.1782845275590548
0
LINE
8
BLACK
6
CONTINUOUS
10
5.7051698031496061
20
-4.1782845275590548
11
5.7044173622047243
21
-4.1840000000000002
0
LINE
8
BLACK
6
CONTINUOUS
10
5.7044173622047243
20
-4.1840000000000002
11
5.704735078740157
21
-4.1864133464566926
0
LINE
8
BLACK
6
CONTINUOUS
10
5.704735078740157
20
-4.1864133464566926
11
5.7042967322834643
21
-4.1883905118110238
0
LINE
8
BLACK
6
CONTINUOUS
10
5.7042967322834643
20
-4.1883905118110238
11
5.7026900393700783
21
-4.1896233858267715
0
LINE
8
BLACK
6
CONTINUOUS
10
5.7026900393700783
20
-4.1896233858267715
11
5.7014133464566932
21
-4.1897350787401573
0
LINE
8
BLACK
6
CONTINUOUS
10
5.7014133464566932
20
-4.1897350787401573
11
5.6989999999999998
21
-4.1894173622047246
0
LINE
8
BLACK
6
CONTINUOUS
10
5.6989999999999998
20
-4.1894173622047246
11
5.6932845275590553
21
-4.1901698031496064
0
LINE
8
BLACK
6
CONTINUOUS
10
5.6932845275590553
20
-4.1901698031496064
11
5.6879587007874015
21
-4.1923758267716531
0
LINE
8
BLACK
6
CONTINUOUS
10
5.6879587007874015
20
-4.1923758267716531
11
5.6879585826771653
21
-4.1923759055118106
0
LINE
8
BLACK
6
CONTINUOUS
10
5.6879585826771653
20
-4.1923759055118106
11
5.6833851968503932
21
-4.1958851968503934
0
LINE
8
BLACK
6
CONTINUOUS
10
5.6833851968503932
20
-4.1958851968503934
11
5.6798759055118113
21
-4.2004585826771654
0
LINE
8
BLACK
6
CONTINUOUS
10
5.6798759055118113
20
-4.2004585826771654
11
5.6798758267716538
21
-4.2004587007874017
0
LINE
8
BLACK
6
CONTINUOUS
10
5.6798758267716538
20
-4.2004587007874017
11
5.6776698031496062
21
-4.2057845275590546
0
LINE
8
BLACK
6
CONTINUOUS
10
5.6776698031496062
20
-4.2057845275590546
11
5.6769173622047244
21
-4.2115
0
LINE
8
BLACK
6
CONTINUOUS
10
5.6769173622047244
20
-4.2115
11
5.6776698031496062
21
-4.2172154330708658
0
LINE
8
BLACK
6
CONTINUOUS
10
5.6776698031496062
20
-4.2172154330708658
11
5.6798758267716538
21
-4.2225412992125984
0
LINE
8
BLACK
6
CONTINUOUS
10
5.6798758267716538
20
-4.2225412992125984
11
5.6798758661417326
21
-4.2225413385826771
0
LINE
8
BLACK
6
CONTINUOUS
10
5.6798758661417326
20
-4.2225413385826771
11
5.683385236220472
21
-4.2271147637795279
0
LINE
8
BLACK
6
CONTINUOUS
10
5.683385236220472
20
-4.2271147637795279
11
5.6879586614173228
21
-4.2306241338582673
0
LINE
8
BLACK
6
CONTINUOUS
10
5.6879586614173228
20
-4.2306241338582673
11
5.6932846062992128
21
-4.2328301968503936
0
LINE
8
BLACK
6
CONTINUOUS
10
5.6932846062992128
20
-4.2328301968503936
11
5.6989999999999998
21
-4.2335826377952754
0
LINE
8
BLACK
6
CONTINUOUS
10
5.6989999999999998
20
-4.2335826377952754
11
5.7047153937007868
21
-4.2328301968503936
0
LINE
8
BLACK
6
CONTINUOUS
10
5.7047153937007868
20
-4.2328301968503936
11
5.7100413385826769
21
-4.2306241338582673
0
LINE
8
BLACK
6
CONTINUOUS
10
5.7100413385826769
20
-4.2306241338582673
11
5.7146147637795277
21
-4.2271147637795279
0
LINE
8
BLACK
6
CONTINUOUS
10
5.7146147637795277
20
-4.2271147637795279
11
5.7172519685039367
21
-4.2236778740157481
0
LINE
8
BLACK
6
CONTINUOUS
10
5.7172519685039367
20
-4.2236778740157481
11
5.71896
21
-4.2225898425196853
0
LINE
8
BLACK
6
CONTINUOUS
10
5.71896
20
-4.2225898425196853
11
5.7196007480314961
21
-4.2225196850393703
0
LINE
8
BLACK
6
CONTINUOUS
10
5.7196007480314961
20
-4.2225196850393703
11
5.7257092125984252
21
-4.2225196850393703
0
LINE
8
BLACK
6
CONTINUOUS
10
5.7257092125984252
20
-4.2225196850393703
11
5.7276122834645671
21
-4.2232123228346454
0
LINE
8
BLACK
6
CONTINUOUS
10
5.7276122834645671
20
-4.2232123228346454
11
5.7278026771653545
21
-4.2233868503937009
0
LINE
8
BLACK
6
CONTINUOUS
10
5.7278026771653545
20
-4.2233868503937009
11
5.7347527559055118
21
-4.2303369291338582
0
LINE
8
BLACK
6
CONTINUOUS
10
5.7347527559055118
20
-4.2303369291338582
11
5.7350226771653539
21
-4.2307119291338582
0
LINE
8
BLACK
6
CONTINUOUS
10
5.7350226771653539
20
-4.2307119291338582
11
5.7350459055118108
21
-4.2306944094488186
0
LINE
8
BLACK
6
CONTINUOUS
10
5.7350459055118108
20
-4.2306944094488186
11
5.7352112204724408
21
-4.2309133070866141
0
LINE
8
BLACK
6
CONTINUOUS
10
5.7352112204724408
20
-4.2309133070866141
11
5.7352112598425196
21
-4.2309133464566928
0
LINE
8
BLACK
6
CONTINUOUS
10
5.7352112598425196
20
-4.2309133464566928
11
5.7356235433070868
21
-4.2312892125984254
0
LINE
8
BLACK
6
CONTINUOUS
10
5.7356235433070868
20
-4.2312892125984254
11
5.7364951574803147
21
-4.2320837795275592
0
LINE
8
BLACK
6
CONTINUOUS
10
5.7364951574803147
20
-4.2320837795275592
11
5.7365932283464565
21
-4.2321774015748028
0
LINE
8
BLACK
6
CONTINUOUS
10
5.7365932283464565
20
-4.2321774015748028
11
5.7368566929133857
21
-4.2324408661417321
0
LINE
8
BLACK
6
CONTINUOUS
10
5.7368566929133857
20
-4.2324408661417321
11
5.7370874015748035
21
-4.2326715748031498
0
LINE
8
BLACK
6
CONTINUOUS
10
5.7370874015748035
20
-4.2326715748031498
11
5.7371286220472442
21
-4.2326998031496066
0
LINE
8
BLACK
6
CONTINUOUS
10
5.7371286220472442
20
-4.2326998031496066
11
5.737450472440945
21
-4.2329546850393696
0
LINE
8
BLACK
6
CONTINUOUS
10
5.737450472440945
20
-4.2329546850393696
11
5.7377693700787402
21
-4.2332453937007877
0
LINE
8
BLACK
6
CONTINUOUS
10
5.7377693700787402
20
-4.2332453937007877
11
5.7382558661417322
21
-4.2336888976377951
0
LINE
8
BLACK
6
CONTINUOUS
10
5.7382558661417322
20
-4.2336888976377951
11
5.7386643700787401
21
-4.2338471259842523
0
LINE
8
BLACK
6
CONTINUOUS
10
5.7386643700787401
20
-4.2338471259842523
11
5.7392679133858264
21
-4.2341652362204725
0
LINE
8
BLACK
6
CONTINUOUS
10
5.7392679133858264
20
-4.2341652362204725
11
5.7396292913385825
21
-4.2344128346456689
0
LINE
8
BLACK
6
CONTINUOUS
10
5.7396292913385825
20
-4.2344128346456689
11
5.7403435826771654
21
-4.2345807874015744
0
LINE
8
BLACK
6
CONTINUOUS
10
5.7403435826771654
20
-4.2345807874015744
11
5.7420374803149601
21
-4.2356907086614175
0
LINE
8
BLACK
6
CONTINUOUS
10
5.7420374803149601
20
-4.2356907086614175
11
5.7426216535433072
21
-4.2376298031496065
0
LINE
8
BLACK
6
CONTINUOUS
10
5.7426216535433072
20
-4.2376298031496065
11
5.7425784251968501
21
-4.2378357874015746
0
LINE
8
BLACK
6
CONTINUOUS
10
5.7425784251968501
20
-4.2378357874015746
11
5.7426487401574802
21
-4.2379370078740157
0
LINE
8
BLACK
6
CONTINUOUS
10
5.7426487401574802
20
-4.2379370078740157
11
5.764602362204724
21
-4.2379370078740157
0
LINE
8
BLACK
6
CONTINUOUS
10
5.764602362204724
20
-4.2379370078740157
11
5.7665054330708658
21
-4.2386296456692909
0
LINE
8
BLACK
6
CONTINUOUS
10
5.7665054330708658
20
-4.2386296456692909
11
5.7675180314960626
21
-4.2403835433070869
0
LINE
8
BLACK
6
CONTINUOUS
10
5.7675180314960626
20
-4.2403835433070869
11
5.7675629921259839
21
-4.2408976377952756
0
LINE
8
BLACK
6
CONTINUOUS
10
5.7675629921259839
20
-4.2408976377952756
11
5.7675629921259839
21
-4.2467874015748031
0
LINE
8
BLACK
6
CONTINUOUS
10
5.7675629921259839
20
-4.2467874015748031
11
5.7668703543307087
21
-4.2486904724409449
0
LINE
8
BLACK
6
CONTINUOUS
10
5.7668703543307087
20
-4.2486904724409449
11
5.7651164566929136
21
-4.2497030708661416
0
LINE
8
BLACK
6
CONTINUOUS
10
5.7651164566929136
20
-4.2497030708661416
11
5.764602362204724
21
-4.2497480314960629
0
LINE
8
BLACK
6
CONTINUOUS
10
5.764602362204724
20
-4.2497480314960629
11
5.7426487007874014
21
-4.2497480314960629
0
LINE
8
BLACK
6
CONTINUOUS
10
5.7426487007874014
20
-4.2497480314960629
11
5.7422520866141733
21
-4.250319251968504
0
LINE
8
BLACK
6
CONTINUOUS
10
5.7422520866141733
20
-4.250319251968504
11
5.7405977559055117
21
-4.2514874015748028
0
LINE
8
BLACK
6
CONTINUOUS
10
5.7405977559055117
20
-4.2514874015748028
11
5.7399570866141731
21
-4.2515881889763776
0
LINE
8
BLACK
6
CONTINUOUS
10
5.7399570866141731
20
-4.2515881889763776
11
5.7391729527559052
21
-4.2516244488188972
0
LINE
8
BLACK
6
CONTINUOUS
10
5.7391729527559052
20
-4.2516244488188972
11
5.7391728740157477
21
-4.251624488188976
0
LINE
8
BLACK
6
CONTINUOUS
10
5.7391728740157477
20
-4.251624488188976
11
5.7387072047244096
21
-4.2518300787401575
0
LINE
8
BLACK
6
CONTINUOUS
10
5.7387072047244096
20
-4.2518300787401575
11
5.738055669291338
21
-4.2520318110236222
0
LINE
8
BLACK
6
CONTINUOUS
10
5.738055669291338
20
-4.2520318110236222
11
5.7375552755905508
21
-4.2521253543307083
0
LINE
8
BLACK
6
CONTINUOUS
10
5.7375552755905508
20
-4.2521253543307083
11
5.7375551968503933
21
-4.252125393700787
0
LINE
8
BLACK
6
CONTINUOUS
10
5.7375551968503933
20
-4.252125393700787
11
5.7365288976377951
21
-4.252760866141732
0
LINE
8
BLACK
6
CONTINUOUS
10
5.7365288976377951
20
-4.252760866141732
11
5.7361662598425198
21
-4.2529520078740157
0
LINE
8
BLACK
6
CONTINUOUS
10
5.7361662598425198
20
-4.2529520078740157
11
5.7350619685039366
21
-4.2534396062992128
0
LINE
8
BLACK
6
CONTINUOUS
10
5.7350619685039366
20
-4.2534396062992128
11
5.7347020472440944
21
-4.253799527559055
0
LINE
8
BLACK
6
CONTINUOUS
10
5.7347020472440944
20
-4.253799527559055
11
5.7341673228346455
21
-4.2542230708661419
0
LINE
8
BLACK
6
CONTINUOUS
10
5.7341673228346455
20
-4.2542230708661419
11
5.7337346062992127
21
-4.2544910236220472
0
LINE
8
BLACK
6
CONTINUOUS
10
5.7337346062992127
20
-4.2544910236220472
11
5.733734566929134
21
-4.2544910236220472
0
LINE
8
BLACK
6
CONTINUOUS
10
5.733734566929134
20
-4.2544910236220472
11
5.733734566929134
21
-4.254491062992126
0
LINE
8
BLACK
6
CONTINUOUS
10
5.733734566929134
20
-4.254491062992126
11
5.733443976377953
21
-4.2548757874015743
0
LINE
8
BLACK
6
CONTINUOUS
10
5.733443976377953
20
-4.2548757874015743
11
5.7330070078740158
21
-4.2554544488188979
0
LINE
8
BLACK
6
CONTINUOUS
10
5.7330070078740158
20
-4.2554544488188979
11
5.7327379133858267
21
-4.2557636220472439
0
LINE
8
BLACK
6
CONTINUOUS
10
5.7327379133858267
20
-4.2557636220472439
11
5.7296635826771656
21
-4.258837952755905
0
LINE
8
BLACK
6
CONTINUOUS
10
5.7296635826771656
20
-4.258837952755905
11
5.7278281496062995
21
-4.2596938582677168
0
LINE
8
BLACK
6
CONTINUOUS
10
5.7278281496062995
20
-4.2596938582677168
11
5.7259754330708663
21
-4.2591974015748031
0
LINE
8
BLACK
6
CONTINUOUS
10
5.7259754330708663
20
-4.2591974015748031
11
5.7233305118110236
21
-4.2618423622047246
0
LINE
8
BLACK
6
CONTINUOUS
10
5.7233305118110236
20
-4.2618423622047246
11
5.7189053543307082
21
-4.2640970866141732
0
LINE
8
BLACK
6
CONTINUOUS
10
5.7189053543307082
20
-4.2640970866141732
11
5.7139999999999995
21
-4.2648740157480312
0
LINE
8
BLACK
6
CONTINUOUS
10
5.7139999999999995
20
-4.2648740157480312
11
5.7106535433070862
21
-4.2643439763779529
0
LINE
8
BLACK
6
CONTINUOUS
10
5.7106535433070862
20
-4.2643439763779529
11
5.7106535433070862
21
-4.297720472440945
0
LINE
8
BLACK
6
CONTINUOUS
10
5.7106535433070862
20
-4.297720472440945
11
5.667346456692913
21
-4.297720472440945
0
LINE
8
BLACK
6
CONTINUOUS
10
5.667346456692913
20
-4.297720472440945
11
5.667346456692913
21
-4.2850196850393703
0
LINE
8
BLACK
6
CONTINUOUS
10
5.667346456692913
20
-4.2850196850393703
11
5.6533779527559052
21
-4.2850196850393703
0
LINE
8
BLACK
6
CONTINUOUS
10
5.6533779527559052
20
-4.2850196850393703
11
5.6533779527559052
21
-4.2990464566929134
0
LINE
8
BLACK
6
CONTINUOUS
10
5.6533779527559052
20
-4.2990464566929134
11
5.6537735433070866
21
-4.3017612992125986
0
LINE
8
BLACK
6
CONTINUOUS
10
5.6537735433070866
20
-4.3017612992125986
11
5.6558210629921257
21
-4.3059495669291339
0
LINE
8
BLACK
6
CONTINUOUS
10
5.6558210629921257
20
-4.3059495669291339
11
5.6591173228346454
21
-4.3092458267716536
0
LINE
8
BLACK
6
CONTINUOUS
10
5.6591173228346454
20
-4.3092458267716536
11
5.6633056299212594
21
-4.3112933464566927
0
LINE
8
BLACK
6
CONTINUOUS
10
5.6633056299212594
20
-4.3112933464566927
11
5.6633055905511807
21
-4.3112933464566927
0
LINE
8
BLACK
6
CONTINUOUS
10
5.6633055905511807
20
-4.3112933464566927
11
5.6660204330708659
21
-4.3116889370078741
0
LINE
8
BLACK
6
CONTINUOUS
10
5.6660204330708659
20
-4.3116889370078741
11
5.6660208661417322
21
-4.3116889763779529
0
LINE
8
BLACK
6
CONTINUOUS
10
5.6660208661417322
20
-4.3116889763779529
11
5.6785792913385826
21
-4.3116889763779529
0
LINE
8
BLACK
6
CONTINUOUS
10
5.6785792913385826
20
-4.3116889763779529
11
5.6804823622047245
21
-4.3123816141732281
0
LINE
8
BLACK
6
CONTINUOUS
10
5.6804823622047245
20
-4.3123816141732281
11
5.6814949606299212
21
-4.3141355118110232
0
LINE
8
BLACK
6
CONTINUOUS
10
5.6814949606299212
20
-4.3141355118110232
11
5.6811432677165357
21
-4.3161299212598427
0
LINE
8
BLACK
6
CONTINUOUS
10
5.6811432677165357
20
-4.3161299212598427
11
5.6806727559055119
21
-4.3167430708661421
0
LINE
8
BLACK
6
CONTINUOUS
10
5.6806727559055119
20
-4.3167430708661421
11
5.6804859448818901
21
-4.3169298425196851
0
LINE
8
BLACK
6
CONTINUOUS
10
5.6804859448818901
20
-4.3169298425196851
11
5.6804857086614176
21
-4.3169301181102364
0
LINE
8
BLACK
6
CONTINUOUS
10
5.6804857086614176
20
-4.3169301181102364
11
5.680457125984252
21
-4.3169718897637797
0
LINE
8
BLACK
6
CONTINUOUS
10
5.680457125984252
20
-4.3169718897637797
11
5.6802028740157482
21
-4.3172928346456692
0
LINE
8
BLACK
6
CONTINUOUS
10
5.6802028740157482
20
-4.3172928346456692
11
5.6792905118110237
21
-4.3182937007874012
0
LINE
8
BLACK
6
CONTINUOUS
10
5.6792905118110237
20
-4.3182937007874012
11
5.6774965748031496
21
-4.3192335039370073
0
LINE
8
BLACK
6
CONTINUOUS
10
5.6774965748031496
20
-4.3192335039370073
11
5.6771025196850395
21
-4.3192598425196849
0
LINE
8
BLACK
6
CONTINUOUS
10
5.6771025196850395
20
-4.3192598425196849
11
5.6667537007874014
21
-4.3192598425196849
0
LINE
8
BLACK
6
CONTINUOUS
10
5.6667537007874014
20
-4.3192598425196849
11
5.6667536220472439
21
-4.3192598818897636
0
LINE
8
BLACK
6
CONTINUOUS
10
5.6667536220472439
20
-4.3192598818897636
11
5.6649976377952758
21
-4.3196091338582674
0
LINE
8
BLACK
6
CONTINUOUS
10
5.6649976377952758
20
-4.3196091338582674
11
5.6630065748031493
21
-4.3209395275590552
0
LINE
8
BLACK
6
CONTINUOUS
10
5.6630065748031493
20
-4.3209395275590552
11
5.6616760629921261
21
-4.3229307874015745
0
LINE
8
BLACK
6
CONTINUOUS
10
5.6616760629921261
20
-4.3229307874015745
11
5.6616760236220474
21
-4.3229308267716533
0
LINE
8
BLACK
6
CONTINUOUS
10
5.6616760236220474
20
-4.3229308267716533
11
5.6613267716535436
21
-4.324686692913386
0
LINE
8
BLACK
6
CONTINUOUS
10
5.6613267716535436
20
-4.324686692913386
11
5.6613267716535436
21
-4.3652423228346455
0
LINE
8
BLACK
6
CONTINUOUS
10
5.6613267716535436
20
-4.3652423228346455
11
5.6613268110236223
21
-4.3652425196850393
0
LINE
8
BLACK
6
CONTINUOUS
10
5.6613268110236223
20
-4.3652425196850393
11
5.6617106692913381
21
-4.3671724803149603
0
LINE
8
BLACK
6
CONTINUOUS
10
5.6617106692913381
20
-4.3671724803149603
11
5.6617106692913381
21
-4.3683275984251964
0
LINE
8
BLACK
6
CONTINUOUS
10
5.6617106692913381
20
-4.3683275984251964
11
5.6613267716535436
21
-4.3702575196850395
0
LINE
8
BLACK
6
CONTINUOUS
10
5.6613267716535436
20
-4.3702575196850395
11
5.6613267716535436
21
-4.3923627165354331
0
LINE
8
BLACK
6
CONTINUOUS
10
5.6613267716535436
20
-4.3923627165354331
11
5.6606341338582675
21
-4.3942657874015749
0
LINE
8
BLACK
6
CONTINUOUS
10
5.6606341338582675
20
-4.3942657874015749
11
5.6604599999999996
21
-4.3944557480314961
0
LINE
8
BLACK
6
CONTINUOUS
10
5.6604599999999996
20
-4.3944557480314961
11
5.6540086220472441
21
-4.4009071653543304
0
LINE
8
BLACK
6
CONTINUOUS
10
5.6540086220472441
20
-4.4009071653543304
11
5.6478203937007869
21
-4.4070953937007875
0
LINE
8
BLACK
6
CONTINUOUS
10
5.6478203937007869
20
-4.4070953937007875
11
5.6474454724409444
21
-4.4073653149606296
0
LINE
8
BLACK
6
CONTINUOUS
10
5.6474454724409444
20
-4.4073653149606296
11
5.647462992125984
21
-4.4073885039370078
0
LINE
8
BLACK
6
CONTINUOUS
10
5.647462992125984
20
-4.4073885039370078
11
5.6472441338582673
21
-4.4075537401574802
0
LINE
8
BLACK
6
CONTINUOUS
10
5.6472441338582673
20
-4.4075537401574802
11
5.6460735826771655
21
-4.4088377559055116
0
LINE
8
BLACK
6
CONTINUOUS
10
5.6460735826771655
20
-4.4088377559055116
11
5.645979330708661
21
-4.4089364566929135
0
LINE
8
BLACK
6
CONTINUOUS
10
5.645979330708661
20
-4.4089364566929135
11
5.6454858267716537
21
-4.4094299999999995
0
LINE
8
BLACK
6
CONTINUOUS
10
5.6454858267716537
20
-4.4094299999999995
11
5.6454857086614174
21
-4.4094301181102358
0
LINE
8
BLACK
6
CONTINUOUS
10
5.6454857086614174
20
-4.4094301181102358
11
5.6454571259842519
21
-4.409471889763779
0
LINE
8
BLACK
6
CONTINUOUS
10
5.6454571259842519
20
-4.409471889763779
11
5.6452028740157481
21
-4.4097928346456694
0
LINE
8
BLACK
6
CONTINUOUS
10
5.6452028740157481
20
-4.4097928346456694
11
5.6444686614173225
21
-4.4105982677165354
0
LINE
8
BLACK
6
CONTINUOUS
10
5.6444686614173225
20
-4.4105982677165354
11
5.6444685039370075
21
-4.4105985039370079
0
LINE
8
BLACK
6
CONTINUOUS
10
5.6444685039370075
20
-4.4105985039370079
11
5.6443101968503937
21
-4.4110070866141733
0
LINE
8
BLACK
6
CONTINUOUS
10
5.6443101968503937
20
-4.4110070866141733
11
5.6439922047244089
21
-4.4116103543307084
0
LINE
8
BLACK
6
CONTINUOUS
10
5.6439922047244089
20
-4.4116103543307084
11
5.6437446456692912
21
-4.4119717322834644
0
LINE
8
BLACK
6
CONTINUOUS
10
5.6437446456692912
20
-4.4119717322834644
11
5.6437446062992125
21
-4.4119718503937007
0
LINE
8
BLACK
6
CONTINUOUS
10
5.6437446062992125
20
-4.4119718503937007
11
5.6434951574803147
21
-4.4130324409448818
0
LINE
8
BLACK
6
CONTINUOUS
10
5.6434951574803147
20
-4.4130324409448818
11
5.6433738976377947
21
-4.4134240157480313
0
LINE
8
BLACK
6
CONTINUOUS
10
5.6433738976377947
20
-4.4134240157480313
11
5.6432409842519684
21
-4.4137671259842515
0
LINE
8
BLACK
6
CONTINUOUS
10
5.6432409842519684
20
-4.4137671259842515
11
5.6419076771653538
21
-4.4152914960629923
0
LINE
8
BLACK
6
CONTINUOUS
10
5.6419076771653538
20
-4.4152914960629923
11
5.6399064566929136
21
-4.4156021653543309
0
LINE
8
BLACK
6
CONTINUOUS
10
5.6399064566929136
20
-4.4156021653543309
11
5.6381737401574803
21
-4.4145538188976374
0
LINE
8
BLACK
6
CONTINUOUS
10
5.6381737401574803
20
-4.4145538188976374
11
5.6375196456692915
21
-4.4126976771653545
0
LINE
8
BLACK
6
CONTINUOUS
10
5.6375196456692915
20
-4.4126976771653545
11
5.6375196456692915
21
-4.4009072440944879
0
LINE
8
BLACK
6
CONTINUOUS
10
5.6375196456692915
20
-4.4009072440944879
11
5.6375196456692915
21
-4.4009072047244091
0
LINE
8
BLACK
6
CONTINUOUS
10
5.6375196456692915
20
-4.4009072047244091
11
5.6371703937007869
21
-4.3991512598425198
0
LINE
8
BLACK
6
CONTINUOUS
10
5.6371703937007869
20
-4.3991512598425198
11
5.6358399212598425
21
-4.397160078740157
0
LINE
8
BLACK
6
CONTINUOUS
10
5.6358399212598425
20
-4.397160078740157
11
5.6338487401574806
21
-4.3958296062992126
0
LINE
8
BLACK
6
CONTINUOUS
10
5.6338487401574806
20
-4.3958296062992126
11
5.6338486614173231
21
-4.3958295669291338
0
LINE
8
BLACK
6
CONTINUOUS
10
5.6338486614173231
20
-4.3958295669291338
11
5.6320927952755904
21
-4.3954803149606301
0
LINE
8
BLACK
6
CONTINUOUS
10
5.6320927952755904
20
-4.3954803149606301
11
5.5659072440944879
21
-4.3954803149606301
0
LINE
8
BLACK
6
CONTINUOUS
10
5.5659072440944879
20
-4.3954803149606301
11
5.5659071653543304
21
-4.3954803543307088
0
LINE
8
BLACK
6
CONTINUOUS
10
5.5659071653543304
20
-4.3954803543307088
11
5.5641511811023623
21
-4.3958296062992126
0
LINE
8
BLACK
6
CONTINUOUS
10
5.5641511811023623
20
-4.3958296062992126
11
5.5621601181102358
21
-4.3971599999999995
0
LINE
8
BLACK
6
CONTINUOUS
10
5.5621601181102358
20
-4.3971599999999995
11
5.5608296062992126
21
-4.3991512598425198
0
LINE
8
BLACK
6
CONTINUOUS
10
5.5608296062992126
20
-4.3991512598425198
11
5.5608295669291339
21
-4.3991512992125985
0
LINE
8
BLACK
6
CONTINUOUS
10
5.5608295669291339
20
-4.3991512992125985
11
5.5604803149606301
21
-4.4009071653543304
0
LINE
8
BLACK
6
CONTINUOUS
10
5.5604803149606301
20
-4.4009071653543304
11
5.5604803149606301
21
-4.4670927165354328
0
LINE
8
BLACK
6
CONTINUOUS
10
5.5604803149606301
20
-4.4670927165354328
11
5.5604803543307089
21
-4.4670927559055116
0
LINE
8
BLACK
6
CONTINUOUS
10
5.5604803543307089
20
-4.4670927559055116
11
5.5607374015748032
21
-4.4683852362204721
0
LINE
8
BLACK
6
CONTINUOUS
10
5.5607374015748032
20
-4.4683852362204721
11
5.5607487401574804
21
-4.4684421259842519
0
LINE
8
BLACK
6
CONTINUOUS
10
5.5607487401574804
20
-4.4684421259842519
11
5.5604406692913386
21
-4.4704437401574806
0
LINE
8
BLACK
6
CONTINUOUS
10
5.5604406692913386
20
-4.4704437401574806
11
5.5589180314960629
21
-4.471779015748031
0
LINE
8
BLACK
6
CONTINUOUS
10
5.5589180314960629
20
-4.471779015748031
11
5.5578449999999995
21
-4.4719803149606294
0
LINE
8
BLACK
6
CONTINUOUS
10
5.5578449999999995
20
-4.4719803149606294
11
5.5538333858267714
21
-4.4719803149606294
0
LINE
8
BLACK
6
CONTINUOUS
10
5.5538333858267714
20
-4.4719803149606294
11
5.5519303149606296
21
-4.4712876771653542
0
LINE
8
BLACK
6
CONTINUOUS
10
5.5519303149606296
20
-4.4712876771653542
11
5.5514845669291342
21
-4.4708220078740153
0
LINE
8
BLACK
6
CONTINUOUS
10
5.5514845669291342
20
-4.4708220078740153
11
5.5496147637795277
21
-4.4683852362204721
0
LINE
8
BLACK
6
CONTINUOUS
10
5.5496147637795277
20
-4.4683852362204721
11
5.5459044881889765
21
-4.4655381889763781
0
LINE
8
BLACK
6
CONTINUOUS
10
5.5459044881889765
20
-4.4655381889763781
11
5.5450412992125981
21
-4.4648758267716531
0
LINE
8
BLACK
6
CONTINUOUS
10
5.5450412992125981
20
-4.4648758267716531
11
5.5397154330708664
21
-4.4626698031496064
0
LINE
8
BLACK
6
CONTINUOUS
10
5.5397154330708664
20
-4.4626698031496064
11
5.5339999999999998
21
-4.4619173622047246
0
LINE
8
BLACK
6
CONTINUOUS
10
5.5339999999999998
20
-4.4619173622047246
11
5.5282845275590553
21
-4.4626698031496064
0
LINE
8
BLACK
6
CONTINUOUS
10
5.5282845275590553
20
-4.4626698031496064
11
5.5229587007874015
21
-4.4648758267716531
0
LINE
8
BLACK
6
CONTINUOUS
10
5.5229587007874015
20
-4.4648758267716531
11
5.5229585826771652
21
-4.4648759055118106
0
LINE
8
BLACK
6
CONTINUOUS
10
5.5229585826771652
20
-4.4648759055118106
11
5.5183851968503932
21
-4.4683851968503934
0
LINE
8
BLACK
6
CONTINUOUS
10
5.5183851968503932
20
-4.4683851968503934
11
5.5148759055118113
21
-4.4729585826771654
0
LINE
8
BLACK
6
CONTINUOUS
10
5.5148759055118113
20
-4.4729585826771654
11
5.5148758267716538
21
-4.4729587007874017
0
LINE
8
BLACK
6
CONTINUOUS
10
5.5148758267716538
20
-4.4729587007874017
11
5.5126698031496062
21
-4.4782845275590546
0
LINE
8
BLACK
6
CONTINUOUS
10
5.5126698031496062
20
-4.4782845275590546
11
5.5119173622047244
21
-4.484
0
LINE
8
BLACK
6
CONTINUOUS
10
5.5119173622047244
20
-4.484
11
5.5126698031496062
21
-4.4897154330708657
0
LINE
8
BLACK
6
CONTINUOUS
10
6.110984251968504
20
-4.4565000000000001
11
6.1364999999999998
21
-4.4565000000000001
0
LINE
8
BLACK
6
CONTINUOUS
10
6.1364999999999998
20
-4.4565000000000001
11
6.1364999999999998
21
-4.4820157480314959
0
LINE
8
BLACK
6
CONTINUOUS
10
6.1364999999999998
20
-4.4820157480314959
11
6.1504685039370077
21
-4.4820157480314959
0
LINE
8
BLACK
6
CONTINUOUS
10
6.1504685039370077
20
-4.4820157480314959
11
6.1504685039370077
21
-4.4551743700787396
0
LINE
8
BLACK
6
CONTINUOUS
10
6.1504685039370077
20
-4.4551743700787396
11
6.150468464566929
21
-4.455173976377953
0
LINE
8
BLACK
6
CONTINUOUS
10
6.150468464566929
20
-4.455173976377953
11
6.1500728740157475
21
-4.4524591338582677
0
LINE
8
BLACK
6
CONTINUOUS
10
6.1500728740157475
20
-4.4524591338582677
11
6.1480253543307084
21
-4.4482708661417325
0
LINE
8
BLACK
6
CONTINUOUS
10
6.1480253543307084
20
-4.4482708661417325
11
6.1447290944881887
21
-4.4449746062992128
0
LINE
8
BLACK
6
CONTINUOUS
10
6.1447290944881887
20
-4.4449746062992128
11
6.1405407874015747
21
-4.4429270866141728
0
LINE
8
BLACK
6
CONTINUOUS
10
6.1405407874015747
20
-4.4429270866141728
11
6.1405408267716535
21
-4.4429270866141728
0
LINE
8
BLACK
6
CONTINUOUS
10
6.1405408267716535
20
-4.4429270866141728
11
6.1378259842519682
21
-4.4425314960629922
0
LINE
8
BLACK
6
CONTINUOUS
10
6.1378259842519682
20
-4.4425314960629922
11
6.110984251968504
21
-4.4425314960629922
0
LINE
8
BLACK
6
CONTINUOUS
10
6.110984251968504
20
-4.4425314960629922
11
6.110984251968504
21
-4.4565000000000001
0
LINE
8
BLACK
6
CONTINUOUS
10
6.067459133858268
20
-4.4429270866141728
11
6.0632708661417318
21
-4.4449746062992128
0
LINE
8
BLACK
6
CONTINUOUS
10
6.0632708661417318
20
-4.4449746062992128
11
6.0599746062992121
21
-4.4482708661417325
0
LINE
8
BLACK
6
CONTINUOUS
10
6.0599746062992121
20
-4.4482708661417325
11
6.057927086614173
21
-4.4524591338582677
0
LINE
8
BLACK
6
CONTINUOUS
10
6.057927086614173
20
-4.4524591338582677
11
6.0575314960629916
21
-4.455173976377953
0
LINE
8
BLACK
6
CONTINUOUS
10
6.0575314960629916
20
-4.455173976377953
11
6.0575314960629916
21
-4.4820157480314959
0
LINE
8
BLACK
6
CONTINUOUS
10
6.0575314960629916
20
-4.4820157480314959
11
6.0714999999999995
21
-4.4820157480314959
0
LINE
8
BLACK
6
CONTINUOUS
10
6.0714999999999995
20
-4.4820157480314959
11
6.0714999999999995
21
-4.4565000000000001
0
LINE
8
BLACK
6
CONTINUOUS
10
6.0714999999999995
20
-4.4565000000000001
11
6.0970157480314962
21
-4.4565000000000001
0
LINE
8
BLACK
6
CONTINUOUS
10
6.0970157480314962
20
-4.4565000000000001
11
6.0970157480314962
21
-4.4425314960629922
0
LINE
8
BLACK
6
CONTINUOUS
10
6.0970157480314962
20
-4.4425314960629922
11
6.0701739763779523
21
-4.4425314960629922
0
LINE
8
BLACK
6
CONTINUOUS
10
6.0701739763779523
20
-4.4425314960629922
11
6.067459133858268
21
-4.4429270866141728
0
LINE
8
BLACK
6
CONTINUOUS
10
6.0109842519685035
20
-4.4565000000000001
11
6.0365000000000002
21
-4.4565000000000001
0
LINE
8
BLACK
6
CONTINUOUS
10
6.0365000000000002
20
-4.4565000000000001
11
6.0365000000000002
21
-4.4820157480314959
0
LINE
8
BLACK
6
CONTINUOUS
10
6.0365000000000002
20
-4.4820157480314959
11
6.0504685039370081
21
-4.4820157480314959
0
LINE
8
BLACK
6
CONTINUOUS
10
6.0504685039370081
20
-4.4820157480314959
11
6.0504685039370081
21
-4.4551743700787396
0
LINE
8
BLACK
6
CONTINUOUS
10
6.0504685039370081
20
-4.4551743700787396
11
6.0504684645669293
21
-4.455173976377953
0
LINE
8
BLACK
6
CONTINUOUS
10
6.0504684645669293
20
-4.455173976377953
11
6.0500728740157479
21
-4.4524591338582677
0
LINE
8
BLACK
6
CONTINUOUS
10
6.0500728740157479
20
-4.4524591338582677
11
6.0480253543307088
21
-4.4482708661417325
0
LINE
8
BLACK
6
CONTINUOUS
10
6.0480253543307088
20
-4.4482708661417325
11
6.0447290944881891
21
-4.4449746062992128
0
LINE
8
BLACK
6
CONTINUOUS
10
6.0447290944881891
20
-4.4449746062992128
11
6.0405407874015751
21
-4.4429270866141728
0
LINE
8
BLACK
6
CONTINUOUS
10
6.0405407874015751
20
-4.4429270866141728
11
6.0405408267716538
21
-4.4429270866141728
0
LINE
8
BLACK
6
CONTINUOUS
10
6.0405408267716538
20
-4.4429270866141728
11
6.0378259842519686
21
-4.4425314960629922
0
LINE
8
BLACK
6
CONTINUOUS
10
6.0378259842519686
20
-4.4425314960629922
11
6.0109842519685035
21
-4.4425314960629922
0
LINE
8
BLACK
6
CONTINUOUS
10
6.0109842519685035
20
-4.4425314960629922
11
6.0109842519685035
21
-4.4565000000000001
0
LINE
8
BLACK
6
CONTINUOUS
10
5.9510275590551176
20
-4.4594921259842515
11
5.9284842519685039
21
-4.4594921259842515
0
LINE
8
BLACK
6
CONTINUOUS
10
5.9284842519685039
20
-4.4594921259842515
11
5.9284842519685039
21
-4.4734606299212594
0
LINE
8
BLACK
6
CONTINUOUS
10
5.9284842519685039
20
-4.4734606299212594
11
5.9523531496062994
21
-4.4734606299212594
0
LINE
8
BLACK
6
CONTINUOUS
10
5.9523531496062994
20
-4.4734606299212594
11
5.9523535433070869
21
-4.4734605905511806
0
LINE
8
BLACK
6
CONTINUOUS
10
5.9523535433070869
20
-4.4734605905511806
11
5.9541439763779529
21
-4.473199724409449
0
LINE
8
BLACK
6
CONTINUOUS
10
5.9541439763779529
20
-4.473199724409449
11
5.9561270472440944
21
-4.4736107480314962
0
LINE
8
BLACK
6
CONTINUOUS
10
5.9561270472440944
20
-4.4736107480314962
11
5.9573819291338586
21
-4.4752002755905513
0
LINE
8
BLACK
6
CONTINUOUS
10
5.9573819291338586
20
-4.4752002755905513
11
5.9575314960629919
21
-4.4761294094488191
0
LINE
8
BLACK
6
CONTINUOUS
10
5.9575314960629919
20
-4.4761294094488191
11
5.9575314960629919
21
-4.4820157480314959
0
LINE
8
BLACK
6
CONTINUOUS
10
5.9575314960629919
20
-4.4820157480314959
11
5.9714999999999998
21
-4.4820157480314959
0
LINE
8
BLACK
6
CONTINUOUS
10
5.9714999999999998
20
-4.4820157480314959
11
5.9714999999999998
21
-4.4565000000000001
0
LINE
8
BLACK
6
CONTINUOUS
10
5.9714999999999998
20
-4.4565000000000001
11
5.9970157480314956
21
-4.4565000000000001
0
LINE
8
BLACK
6
CONTINUOUS
10
5.9970157480314956
20
-4.4565000000000001
11
5.9970157480314956
21
-4.4425314960629922
0
LINE
8
BLACK
6
CONTINUOUS
10
5.9970157480314956
20
-4.4425314960629922
11
5.9701744094488189
21
-4.4425314960629922
0
LINE
8
BLACK
6
CONTINUOUS
10
5.9701744094488189
20
-4.4425314960629922
11
5.9701738188976377
21
-4.442531535433071
0
LINE
8
BLACK
6
CONTINUOUS
10
5.9701738188976377
20
-4.442531535433071
11
5.9683835039370079
21
-4.4427923622047247
0
LINE
8
BLACK
6
CONTINUOUS
10
5.9683835039370079
20
-4.4427923622047247
11
5.9664004724409452
21
-4.4423812992125979
0
LINE
8
BLACK
6
CONTINUOUS
10
5.9664004724409452
20
-4.4423812992125979
11
5.9658862204724405
21
-4.4417299212598422
0
LINE
8
BLACK
6
CONTINUOUS
10
5.9658862204724405
20
-4.4417299212598422
11
5.965863228346457
21
-4.4417529527559054
0
LINE
8
BLACK
6
CONTINUOUS
10
5.965863228346457
20
-4.4417529527559054
11
5.9649961023622042
21
-4.4408858267716536
0
LINE
8
BLACK
6
CONTINUOUS
10
5.9649961023622042
20
-4.4408858267716536
11
5.9510275590551176
21
-4.4408858267716536
0
LINE
8
BLACK
6
CONTINUOUS
10
5.9510275590551176
20
-4.4408858267716536
11
5.9510275590551176
21
-4.4594921259842515
0
LINE
8
BLACK
6
CONTINUOUS
10
5.8760275590551183
20
-4.4594921259842515
11
5.8534842519685037
21
-4.4594921259842515
0
LINE
8
BLACK
6
CONTINUOUS
10
5.8534842519685037
20
-4.4594921259842515
11
5.8534842519685037
21
-4.4734606299212594
0
LINE
8
BLACK
6
CONTINUOUS
10
5.8534842519685037
20
-4.4734606299212594
11
5.8773531496062992
21
-4.4734606299212594
0
LINE
8
BLACK
6
CONTINUOUS
10
5.8773531496062992
20
-4.4734606299212594
11
5.8773535433070867
21
-4.4734605905511806
0
LINE
8
BLACK
6
CONTINUOUS
10
5.8773535433070867
20
-4.4734605905511806
11
5.8800683070866144
21
-4.4730650393700788
0
LINE
8
BLACK
6
CONTINUOUS
10
5.8800683070866144
20
-4.4730650393700788
11
5.882699645669291
21
-4.4717786220472444
0
LINE
8
BLACK
6
CONTINUOUS
10
5.882699645669291
20
-4.4717786220472444
11
5.8847135433070861
21
-4.4715650787401575
0
LINE
8
BLACK
6
CONTINUOUS
10
5.8847135433070861
20
-4.4715650787401575
11
5.8853003543307087
21
-4.4717786220472444
0
LINE
8
BLACK
6
CONTINUOUS
10
5.8853003543307087
20
-4.4717786220472444
11
5.8879316535433066
21
-4.4730650393700788
0
LINE
8
BLACK
6
CONTINUOUS
10
5.8879316535433066
20
-4.4730650393700788
11
5.8906464173228343
21
-4.4734605905511806
0
LINE
8
BLACK
6
CONTINUOUS
10
5.8906464173228343
20
-4.4734605905511806
11
5.8906468503937006
21
-4.4734606299212594
0
LINE
8
BLACK
6
CONTINUOUS
10
5.8906468503937006
20
-4.4734606299212594
11
5.914515748031496
21
-4.4734606299212594
0
LINE
8
BLACK
6
CONTINUOUS
10
5.914515748031496
20
-4.4734606299212594
11
5.914515748031496
21
-4.4594921259842515
0
LINE
8
BLACK
6
CONTINUOUS
10
5.914515748031496
20
-4.4594921259842515
11
5.8919724409448815
21
-4.4594921259842515
0
LINE
8
BLACK
6
CONTINUOUS
10
5.8919724409448815
20
-4.4594921259842515
11
5.8919724409448815
21
-4.4408858267716536
0
LINE
8
BLACK
6
CONTINUOUS
10
5.8919724409448815
20
-4.4408858267716536
11
5.8760275590551183
21
-4.4408858267716536
0
LINE
8
BLACK
6
CONTINUOUS
10
5.8760275590551183
20
-4.4408858267716536
11
5.8760275590551183
21
-4.4594921259842515
0
LINE
8
BLACK
6
CONTINUOUS
10
5.5604803543307089
20
-4.3670927952755907
11
5.5608296062992126
21
-4.3688487795275588
0
LINE
8
BLACK
6
CONTINUOUS
10
5.5608296062992126
20
-4.3688487795275588
11
5.5621599999999995
21
-4.3708398425196853
0
LINE
8
BLACK
6
CONTINUOUS
10
5.5621599999999995
20
-4.3708398425196853
11
5.5621600393700783
21
-4.3708398425196853
0
LINE
8
BLACK
6
CONTINUOUS
10
5.5621600393700783
20
-4.3708398425196853
11
5.5621600787401571
21
-4.3708399212598428
0
LINE
8
BLACK
6
CONTINUOUS
10
5.5621600787401571
20
-4.3708399212598428
11
5.5641512598425198
21
-4.3721703937007872
0
LINE
8
BLACK
6
CONTINUOUS
10
5.5641512598425198
20
-4.3721703937007872
11
5.5659072047244091
21
-4.3725196850393697
0
LINE
8
BLACK
6
CONTINUOUS
10
5.5659072047244091
20
-4.3725196850393697
11
5.6320927559055116
21
-4.372519645669291
0
LINE
8
BLACK
6
CONTINUOUS
10
5.6320927559055116
20
-4.372519645669291
11
5.6338487401574806
21
-4.3721703937007872
0
LINE
8
BLACK
6
CONTINUOUS
10
5.6338487401574806
20
-4.3721703937007872
11
5.6358399212598425
21
-4.3708399212598428
0
LINE
8
BLACK
6
CONTINUOUS
10
5.6358399212598425
20
-4.3708399212598428
11
5.6371703937007869
21
-4.36884874015748
0
LINE
8
BLACK
6
CONTINUOUS
10
5.6371703937007869
20
-4.36884874015748
11
5.6375196850393703
21
-4.3670927952755907
0
LINE
8
BLACK
6
CONTINUOUS
10
5.6375196850393703
20
-4.3670927952755907
11
5.6375196456692915
21
-4.3009072440944882
0
LINE
8
BLACK
6
CONTINUOUS
10
5.6375196456692915
20
-4.3009072440944882
11
5.6371703937007869
21
-4.2991512598425192
0
LINE
8
BLACK
6
CONTINUOUS
10
5.6371703937007869
20
-4.2991512598425192
11
5.6371003543307081
21
-4.2990464566929134
0
LINE
8
BLACK
6
CONTINUOUS
10
5.6371003543307081
20
-4.2990464566929134
11
5.6358399606299212
21
-4.2971601181102361
0
LINE
8
BLACK
6
CONTINUOUS
10
5.6358399606299212
20
-4.2971601181102361
11
5.6356072834645667
21
-4.2970046456692916
0
LINE
8
BLACK
6
CONTINUOUS
10
5.6356072834645667
20
-4.2970046456692916
11
5.6338487401574806
21
-4.2958296062992121
0
LINE
8
BLACK
6
CONTINUOUS
10
5.6338487401574806
20
-4.2958296062992121
11
5.6338486614173231
21
-4.2958295669291342
0
LINE
8
BLACK
6
CONTINUOUS
10
5.6338486614173231
20
-4.2958295669291342
11
5.6320927952755904
21
-4.2954803149606295
0
LINE
8
BLACK
6
CONTINUOUS
10
5.6320927952755904
20
-4.2954803149606295
11
5.5659072440944879
21
-4.2954803149606295
0
LINE
8
BLACK
6
CONTINUOUS
10
5.5659072440944879
20
-4.2954803149606295
11
5.5659071653543304
21
-4.2954803543307083
0
LINE
8
BLACK
6
CONTINUOUS
10
5.5659071653543304
20
-4.2954803543307083
11
5.5641511811023623
21
-4.2958296062992121
0
LINE
8
BLACK
6
CONTINUOUS
10
5.5641511811023623
20
-4.2958296062992121
11
5.5621601181102358
21
-4.2971599999999999
0
LINE
8
BLACK
6
CONTINUOUS
10
5.5621601181102358
20
-4.2971599999999999
11
5.5608296062992126
21
-4.2991512598425192
0
LINE
8
BLACK
6
CONTINUOUS
10
5.5608296062992126
20
-4.2991512598425192
11
5.5608295669291339
21
-4.299151299212598
0
LINE
8
BLACK
6
CONTINUOUS
10
5.5608295669291339
20
-4.299151299212598
11
5.5604803149606301
21
-4.3009071653543307
0
LINE
8
BLACK
6
CONTINUOUS
10
5.5604803149606301
20
-4.3009071653543307
11
5.5604803149606301
21
-4.3670927165354332
0
LINE
8
BLACK
6
CONTINUOUS
10
5.5604803149606301
20
-4.3670927165354332
11
5.5604803543307089
21
-4.3670927952755907
0
LINE
8
BLACK
6
CONTINUOUS
10
6.0365000000000002
20
-4.3215000000000003
11
6.0109842519685035
21
-4.3215000000000003
0
LINE
8
BLACK
6
CONTINUOUS
10
6.0109842519685035
20
-4.3215000000000003
11
6.0109842519685035
21
-4.3354685039370073
0
LINE
8
BLACK
6
CONTINUOUS
10
6.0109842519685035
20
-4.3354685039370073
11
6.0378255905511811
21
-4.3354685039370073
0
LINE
8
BLACK
6
CONTINUOUS
10
6.0378255905511811
20
-4.3354685039370073
11
6.0378259842519686
21
-4.3354684645669295
0
LINE
8
BLACK
6
CONTINUOUS
10
6.0378259842519686
20
-4.3354684645669295
11
6.0405408267716538
21
-4.335072874015748
0
LINE
8
BLACK
6
CONTINUOUS
10
6.0405408267716538
20
-4.335072874015748
11
6.0447290944881891
21
-4.3330253543307089
0
LINE
8
BLACK
6
CONTINUOUS
10
6.0447290944881891
20
-4.3330253543307089
11
6.0480253543307088
21
-4.3297290944881892
0
LINE
8
BLACK
6
CONTINUOUS
10
6.0480253543307088
20
-4.3297290944881892
11
6.0500728740157479
21
-4.3255408267716531
0
LINE
8
BLACK
6
CONTINUOUS
10
6.0500728740157479
20
-4.3255408267716531
11
6.0504684645669293
21
-4.3228259842519687
0
LINE
8
BLACK
6
CONTINUOUS
10
6.0504684645669293
20
-4.3228259842519687
11
6.0504685039370081
21
-4.3228255905511812
0
LINE
8
BLACK
6
CONTINUOUS
10
6.0504685039370081
20
-4.3228255905511812
11
6.0504685039370081
21
-4.2959842519685036
0
LINE
8
BLACK
6
CONTINUOUS
10
6.0504685039370081
20
-4.2959842519685036
11
6.0365000000000002
21
-4.2959842519685036
0
LINE
8
BLACK
6
CONTINUOUS
10
6.0365000000000002
20
-4.2959842519685036
11
6.0365000000000002
21
-4.3215000000000003
0
LINE
8
BLACK
6
CONTINUOUS
10
6.1364999999999998
20
-4.3215000000000003
11
6.110984251968504
21
-4.3215000000000003
0
LINE
8
BLACK
6
CONTINUOUS
10
6.110984251968504
20
-4.3215000000000003
11
6.110984251968504
21
-4.3354685039370073
0
LINE
8
BLACK
6
CONTINUOUS
10
6.110984251968504
20
-4.3354685039370073
11
6.1378255905511807
21
-4.3354685039370073
0
LINE
8
BLACK
6
CONTINUOUS
10
6.1378255905511807
20
-4.3354685039370073
11
6.1378259842519682
21
-4.3354684645669295
0
LINE
8
BLACK
6
CONTINUOUS
10
6.1378259842519682
20
-4.3354684645669295
11
6.1405408267716535
21
-4.335072874015748
0
LINE
8
BLACK
6
CONTINUOUS
10
6.1405408267716535
20
-4.335072874015748
11
6.1447290944881887
21
-4.3330253543307089
0
LINE
8
BLACK
6
CONTINUOUS
10
6.1447290944881887
20
-4.3330253543307089
11
6.1480253543307084
21
-4.3297290944881892
0
LINE
8
BLACK
6
CONTINUOUS
10
6.1480253543307084
20
-4.3297290944881892
11
6.1500728740157475
21
-4.3255408267716531
0
LINE
8
BLACK
6
CONTINUOUS
10
6.1500728740157475
20
-4.3255408267716531
11
6.150468464566929
21
-4.3228259842519687
0
LINE
8
BLACK
6
CONTINUOUS
10
6.150468464566929
20
-4.3228259842519687
11
6.1504685039370077
21
-4.3228255905511812
0
LINE
8
BLACK
6
CONTINUOUS
10
6.1504685039370077
20
-4.3228255905511812
11
6.1504685039370077
21
-4.2959842519685036
0
LINE
8
BLACK
6
CONTINUOUS
10
6.1504685039370077
20
-4.2959842519685036
11
6.1364999999999998
21
-4.2959842519685036
0
LINE
8
BLACK
6
CONTINUOUS
10
6.1364999999999998
20
-4.2959842519685036
11
6.1364999999999998
21
-4.3215000000000003
0
LINE
8
BLACK
6
CONTINUOUS
10
6.110984251968504
20
-4.2565
11
6.1364999999999998
21
-4.2565
0
LINE
8
BLACK
6
CONTINUOUS
10
6.1364999999999998
20
-4.2565
11
6.1364999999999998
21
-4.2820157480314958
0
LINE
8
BLACK
6
CONTINUOUS
10
6.1364999999999998
20
-4.2820157480314958
11
6.1504685039370077
21
-4.2820157480314958
0
LINE
8
BLACK
6
CONTINUOUS
10
6.1504685039370077
20
-4.2820157480314958
11
6.1504685039370077
21
-4.2551743700787403
0
LINE
8
BLACK
6
CONTINUOUS
10
6.1504685039370077
20
-4.2551743700787403
11
6.150468464566929
21
-4.2551739763779528
0
LINE
8
BLACK
6
CONTINUOUS
10
6.150468464566929
20
-4.2551739763779528
11
6.1500728740157475
21
-4.2524591338582676
0
LINE
8
BLACK
6
CONTINUOUS
10
6.1500728740157475
20
-4.2524591338582676
11
6.1480253543307084
21
-4.2482708661417323
0
LINE
8
BLACK
6
CONTINUOUS
10
6.1480253543307084
20
-4.2482708661417323
11
6.1447290944881887
21
-4.2449746062992126
0
LINE
8
BLACK
6
CONTINUOUS
10
6.1447290944881887
20
-4.2449746062992126
11
6.1405407874015747
21
-4.2429270866141735
0
LINE
8
BLACK
6
CONTINUOUS
10
6.1405407874015747
20
-4.2429270866141735
11
6.1405408267716535
21
-4.2429270866141735
0
LINE
8
BLACK
6
CONTINUOUS
10
6.1405408267716535
20
-4.2429270866141735
11
6.1378259842519682
21
-4.2425314960629921
0
LINE
8
BLACK
6
CONTINUOUS
10
6.1378259842519682
20
-4.2425314960629921
11
6.110984251968504
21
-4.2425314960629921
0
LINE
8
BLACK
6
CONTINUOUS
10
6.110984251968504
20
-4.2425314960629921
11
6.110984251968504
21
-4.2565
0
LINE
8
BLACK
6
CONTINUOUS
10
6.067459133858268
20
-4.2429270866141735
11
6.0632708661417318
21
-4.2449746062992126
0
LINE
8
BLACK
6
CONTINUOUS
10
6.0632708661417318
20
-4.2449746062992126
11
6.0599746062992121
21
-4.2482708661417323
0
LINE
8
BLACK
6
CONTINUOUS
10
6.0599746062992121
20
-4.2482708661417323
11
6.057927086614173
21
-4.2524591338582676
0
LINE
8
BLACK
6
CONTINUOUS
10
6.057927086614173
20
-4.2524591338582676
11
6.0575314960629916
21
-4.2551739763779528
0
LINE
8
BLACK
6
CONTINUOUS
10
6.0575314960629916
20
-4.2551739763779528
11
6.0575314960629916
21
-4.2820157480314958
0
LINE
8
BLACK
6
CONTINUOUS
10
6.0575314960629916
20
-4.2820157480314958
11
6.0714999999999995
21
-4.2820157480314958
0
LINE
8
BLACK
6
CONTINUOUS
10
6.0714999999999995
20
-4.2820157480314958
11
6.0714999999999995
21
-4.2565
0
LINE
8
BLACK
6
CONTINUOUS
10
6.0714999999999995
20
-4.2565
11
6.0970157480314962
21
-4.2565
0
LINE
8
BLACK
6
CONTINUOUS
10
6.0970157480314962
20
-4.2565
11
6.0970157480314962
21
-4.2425314960629921
0
LINE
8
BLACK
6
CONTINUOUS
10
6.0970157480314962
20
-4.2425314960629921
11
6.0701739763779523
21
-4.2425314960629921
0
LINE
8
BLACK
6
CONTINUOUS
10
6.0701739763779523
20
-4.2425314960629921
11
6.067459133858268
21
-4.2429270866141735
0
LINE
8
BLACK
6
CONTINUOUS
10
6.0109842519685035
20
-4.2565
11
6.0365000000000002
21
-4.2565
0
LINE
8
BLACK
6
CONTINUOUS
10
6.0365000000000002
20
-4.2565
11
6.0365000000000002
21
-4.2820157480314958
0
LINE
8
BLACK
6
CONTINUOUS
10
6.0365000000000002
20
-4.2820157480314958
11
6.0504685039370081
21
-4.2820157480314958
0
LINE
8
BLACK
6
CONTINUOUS
10
6.0504685039370081
20
-4.2820157480314958
11
6.0504685039370081
21
-4.2551743700787403
0
LINE
8
BLACK
6
CONTINUOUS
10
6.0504685039370081
20
-4.2551743700787403
11
6.0504684645669293
21
-4.2551739763779528
0
LINE
8
BLACK
6
CONTINUOUS
10
6.0504684645669293
20
-4.2551739763779528
11
6.0500728740157479
21
-4.2524591338582676
0
LINE
8
BLACK
6
CONTINUOUS
10
6.0500728740157479
20
-4.2524591338582676
11
6.0480253543307088
21
-4.2482708661417323
0
LINE
8
BLACK
6
CONTINUOUS
10
6.0480253543307088
20
-4.2482708661417323
11
6.0447290944881891
21
-4.2449746062992126
0
LINE
8
BLACK
6
CONTINUOUS
10
6.0447290944881891
20
-4.2449746062992126
11
6.0405407874015751
21
-4.2429270866141735
0
LINE
8
BLACK
6
CONTINUOUS
10
6.0405407874015751
20
-4.2429270866141735
11
6.0405408267716538
21
-4.2429270866141735
0
LINE
8
BLACK
6
CONTINUOUS
10
6.0405408267716538
20
-4.2429270866141735
11
6.0378259842519686
21
-4.2425314960629921
0
LINE
8
BLACK
6
CONTINUOUS
10
6.0378259842519686
20
-4.2425314960629921
11
6.0109842519685035
21
-4.2425314960629921
0
LINE
8
BLACK
6
CONTINUOUS
10
6.0109842519685035
20
-4.2425314960629921
11
6.0109842519685035
21
-4.2565
0
LINE
8
BLACK
6
CONTINUOUS
10
5.9674591338582674
20
-4.2429270866141735
11
5.9632708661417322
21
-4.2449746062992126
0
LINE
8
BLACK
6
CONTINUOUS
10
5.9632708661417322
20
-4.2449746062992126
11
5.9599746062992125
21
-4.2482708661417323
0
LINE
8
BLACK
6
CONTINUOUS
10
5.9599746062992125
20
-4.2482708661417323
11
5.9579270866141734
21
-4.2524591338582676
0
LINE
8
BLACK
6
CONTINUOUS
10
5.9579270866141734
20
-4.2524591338582676
11
5.9575314960629919
21
-4.2551739763779528
0
LINE
8
BLACK
6
CONTINUOUS
10
5.9575314960629919
20
-4.2551739763779528
11
5.9575314960629919
21
-4.2820157480314958
0
LINE
8
BLACK
6
CONTINUOUS
10
5.9575314960629919
20
-4.2820157480314958
11
5.9714999999999998
21
-4.2820157480314958
0
LINE
8
BLACK
6
CONTINUOUS
10
5.9714999999999998
20
-4.2820157480314958
11
5.9714999999999998
21
-4.2565
0
LINE
8
BLACK
6
CONTINUOUS
10
5.9714999999999998
20
-4.2565
11
5.9970157480314956
21
-4.2565
0
LINE
8
BLACK
6
CONTINUOUS
10
5.9970157480314956
20
-4.2565
11
5.9970157480314956
21
-4.2425314960629921
0
LINE
8
BLACK
6
CONTINUOUS
10
5.9970157480314956
20
-4.2425314960629921
11
5.9701739763779527
21
-4.2425314960629921
0
LINE
8
BLACK
6
CONTINUOUS
10
5.9701739763779527
20
-4.2425314960629921
11
5.9674591338582674
21
-4.2429270866141735
0
LINE
8
BLACK
6
CONTINUOUS
10
5.5948031102362208
20
-4.1041552755905508
11
5.5944538582677161
21
-4.1023992913385827
0
LINE
8
BLACK
6
CONTINUOUS
10
5.5944538582677161
20
-4.1023992913385827
11
5.5931233858267717
21
-4.10040811023622
0
LINE
8
BLACK
6
CONTINUOUS
10
5.5931233858267717
20
-4.10040811023622
11
5.591132204724409
21
-4.0990776377952756
0
LINE
8
BLACK
6
CONTINUOUS
10
5.591132204724409
20
-4.0990776377952756
11
5.5911321259842515
21
-4.0990775984251968
0
LINE
8
BLACK
6
CONTINUOUS
10
5.5911321259842515
20
-4.0990775984251968
11
5.5893762598425196
21
-4.098728346456693
0
LINE
8
BLACK
6
CONTINUOUS
10
5.5893762598425196
20
-4.098728346456693
11
5.5488206299212601
21
-4.098728346456693
0
LINE
8
BLACK
6
CONTINUOUS
10
5.5488206299212601
20
-4.098728346456693
11
5.5488205511811026
21
-4.0987283858267718
0
LINE
8
BLACK
6
CONTINUOUS
10
5.5488205511811026
20
-4.0987283858267718
11
5.5470645669291336
21
-4.0990776377952756
0
LINE
8
BLACK
6
CONTINUOUS
10
5.5470645669291336
20
-4.0990776377952756
11
5.545073503937008
21
-4.1004080314960625
0
LINE
8
BLACK
6
CONTINUOUS
10
5.545073503937008
20
-4.1004080314960625
11
5.543742992125984
21
-4.1023992913385827
0
LINE
8
BLACK
6
CONTINUOUS
10
5.543742992125984
20
-4.1023992913385827
11
5.5437429527559052
21
-4.1023993307086615
0
LINE
8
BLACK
6
CONTINUOUS
10
5.5437429527559052
20
-4.1023993307086615
11
5.5433937007874015
21
-4.1041551968503933
0
LINE
8
BLACK
6
CONTINUOUS
10
5.5433937007874015
20
-4.1041551968503933
11
5.5433937007874015
21
-4.1604588582677167
0
LINE
8
BLACK
6
CONTINUOUS
10
5.5433937007874015
20
-4.1604588582677167
11
5.5433937401574802
21
-4.1604588976377954
0
LINE
8
BLACK
6
CONTINUOUS
10
5.5433937401574802
20
-4.1604588976377954
11
5.543742992125984
21
-4.1622148818897635
0
LINE
8
BLACK
6
CONTINUOUS
10
5.543742992125984
20
-4.1622148818897635
11
5.5449813385826774
21
-4.164068188976378
0
LINE
8
BLACK
6
CONTINUOUS
10
5.5449813385826774
20
-4.164068188976378
11
5.5454803149606295
21
-4.1657130314960629
0
LINE
8
BLACK
6
CONTINUOUS
10
5.5454803149606295
20
-4.1657130314960629
11
5.5454803149606295
21
-4.2192194094488187
0
LINE
8
BLACK
6
CONTINUOUS
10
5.5454803149606295
20
-4.2192194094488187
11
5.545405905511811
21
-4.2196754330708659
0
LINE
8
BLACK
6
CONTINUOUS
10
5.545405905511811
20
-4.2196754330708659
11
5.5454348031496066
21
-4.2196794881889765
0
LINE
8
BLACK
6
CONTINUOUS
10
5.5454348031496066
20
-4.2196794881889765
11
5.5453968897637793
21
-4.2199511023622049
0
LINE
8
BLACK
6
CONTINUOUS
10
5.5453968897637793
20
-4.2199511023622049
11
5.5454771653543302
21
-4.2216865748031491
0
LINE
8
BLACK
6
CONTINUOUS
10
5.5454771653543302
20
-4.2216865748031491
11
5.5454803149606295
21
-4.2218233070866145
0
LINE
8
BLACK
6
CONTINUOUS
10
5.5454803149606295
20
-4.2218233070866145
11
5.5454803149606295
21
-4.2225210629921257
0
LINE
8
BLACK
6
CONTINUOUS
10
5.5454803149606295
20
-4.2225210629921257
11
5.5454897244094488
21
-4.2225714960629919
0
LINE
8
BLACK
6
CONTINUOUS
10
5.5454897244094488
20
-4.2225714960629919
11
5.5455368110236218
21
-4.2229777952755905
0
LINE
8
BLACK
6
CONTINUOUS
10
5.5455368110236218
20
-4.2229777952755905
11
5.5455871653543305
21
-4.2240665354330709
0
LINE
8
BLACK
6
CONTINUOUS
10
5.5455871653543305
20
-4.2240665354330709
11
5.5455872047244092
21
-4.2240666929133859
0
LINE
8
BLACK
6
CONTINUOUS
10
5.5455872047244092
20
-4.2240666929133859
11
5.5457641338582677
21
-4.2244674015748034
0
LINE
8
BLACK
6
CONTINUOUS
10
5.5457641338582677
20
-4.2244674015748034
11
5.5459659055118111
21
-4.2251189763779529
0
LINE
8
BLACK
6
CONTINUOUS
10
5.5459659055118111
20
-4.2251189763779529
11
5.5460463779527558
21
-4.2255495275590551
0
LINE
8
BLACK
6
CONTINUOUS
10
5.5460463779527558
20
-4.2255495275590551
11
5.546046496062992
21
-4.2255498031496064
0
LINE
8
BLACK
6
CONTINUOUS
10
5.546046496062992
20
-4.2255498031496064
11
5.5466201181102361
21
-4.2264762204724411
0
LINE
8
BLACK
6
CONTINUOUS
10
5.5466201181102361
20
-4.2264762204724411
11
5.5468112204724411
21
-4.2268387795275588
0
LINE
8
BLACK
6
CONTINUOUS
10
5.5468112204724411
20
-4.2268387795275588
11
5.546888622047244
21
-4.2270140157480318
0
LINE
8
BLACK
6
CONTINUOUS
10
5.546888622047244
20
-4.2270140157480318
11
5.547251299212598
21
-4.2278354724409448
0
LINE
8
BLACK
6
CONTINUOUS
10
5.547251299212598
20
-4.2278354724409448
11
5.5472513385826767
21
-4.2278355118110236
0
LINE
8
BLACK
6
CONTINUOUS
10
5.5472513385826767
20
-4.2278355118110236
11
5.5475610236220474
21
-4.2281451968503934
0
LINE
8
BLACK
6
CONTINUOUS
10
5.5475610236220474
20
-4.2281451968503934
11
5.5479846062992122
21
-4.2286799212598423
0
LINE
8
BLACK
6
CONTINUOUS
10
5.5479846062992122
20
-4.2286799212598423
11
5.5482152362204724
21
-4.2290523622047242
0
LINE
8
BLACK
6
CONTINUOUS
10
5.5482152362204724
20
-4.2290523622047242
11
5.5482153149606299
21
-4.2290524803149605
0
LINE
8
BLACK
6
CONTINUOUS
10
5.5482153149606299
20
-4.2290524803149605
11
5.5482153543307087
21
-4.2290525196850393
0
LINE
8
BLACK
6
CONTINUOUS
10
5.5482153543307087
20
-4.2290525196850393
11
5.5482154330708662
21
-4.2290525984251968
0
LINE
8
BLACK
6
CONTINUOUS
10
5.5482154330708662
20
-4.2290525984251968
11
5.5490848031496061
21
-4.2297090944881885
0
LINE
8
BLACK
6
CONTINUOUS
10
5.5490848031496061
20
-4.2297090944881885
11
5.5493940944881892
21
-4.2299782677165352
0
LINE
8
BLACK
6
CONTINUOUS
10
5.5493940944881892
20
-4.2299782677165352
11
5.5595952755905511
21
-4.240179448818898
0
LINE
8
BLACK
6
CONTINUOUS
10
5.5595952755905511
20
-4.240179448818898
11
5.5601510236220468
21
-4.2409512204724411
0
LINE
8
BLACK
6
CONTINUOUS
10
5.5601510236220468
20
-4.2409512204724411
11
5.5601688976377952
21
-4.2409870472440945
0
LINE
8
BLACK
6
CONTINUOUS
10
5.5601688976377952
20
-4.2409870472440945
11
5.5604803149606301
21
-4.2423087401574806
0
LINE
8
BLACK
6
CONTINUOUS
10
5.5604803149606301
20
-4.2423087401574806
11
5.5604803149606301
21
-4.2670927165354327
0
LINE
8
BLACK
6
CONTINUOUS
10
5.5604803149606301
20
-4.2670927165354327
11
5.5604803543307089
21
-4.2670927952755902
0
LINE
8
BLACK
6
CONTINUOUS
10
5.5604803543307089
20
-4.2670927952755902
11
5.5608296062992126
21
-4.2688487795275591
0
LINE
8
BLACK
6
CONTINUOUS
10
5.5608296062992126
20
-4.2688487795275591
11
5.5621599999999995
21
-4.2708398425196847
0
LINE
8
BLACK
6
CONTINUOUS
10
5.5621599999999995
20
-4.2708398425196847
11
5.5621600393700783
21
-4.2708398425196847
0
LINE
8
BLACK
6
CONTINUOUS
10
5.5621600393700783
20
-4.2708398425196847
11
5.5621600787401571
21
-4.2708399212598422
0
LINE
8
BLACK
6
CONTINUOUS
10
5.5621600787401571
20
-4.2708399212598422
11
5.5641512598425198
21
-4.2721703937007875
0
LINE
8
BLACK
6
CONTINUOUS
10
5.5641512598425198
20
-4.2721703937007875
11
5.5659072047244091
21
-4.2725196850393701
0
LINE
8
BLACK
6
CONTINUOUS
10
5.5659072047244091
20
-4.2725196850393701
11
5.6320927559055116
21
-4.2725196456692913
0
LINE
8
BLACK
6
CONTINUOUS
10
5.6320927559055116
20
-4.2725196456692913
11
5.6338487401574806
21
-4.2721703937007875
0
LINE
8
BLACK
6
CONTINUOUS
10
5.6338487401574806
20
-4.2721703937007875
11
5.6355237401574803
21
-4.2710511811023624
0
LINE
8
BLACK
6
CONTINUOUS
10
5.6355237401574803
20
-4.2710511811023624
11
5.6358399212598425
21
-4.2708399212598422
0
LINE
8
BLACK
6
CONTINUOUS
10
5.6358399212598425
20
-4.2708399212598422
11
5.6371703937007869
21
-4.2688487401574804
0
LINE
8
BLACK
6
CONTINUOUS
10
5.6371703937007869
20
-4.2688487401574804
11
5.6375196850393703
21
-4.2670927952755902
0
LINE
8
BLACK
6
CONTINUOUS
10
5.6375196850393703
20
-4.2670927952755902
11
5.6375196456692915
21
-4.2009072440944877
0
LINE
8
BLACK
6
CONTINUOUS
10
5.6375196456692915
20
-4.2009072440944877
11
5.6371703937007869
21
-4.1991512598425196
0
LINE
8
BLACK
6
CONTINUOUS
10
5.6371703937007869
20
-4.1991512598425196
11
5.6358399212598425
21
-4.1971600787401577
0
LINE
8
BLACK
6
CONTINUOUS
10
5.6358399212598425
20
-4.1971600787401577
11
5.6338487401574806
21
-4.1958296062992124
0
LINE
8
BLACK
6
CONTINUOUS
10
5.6338487401574806
20
-4.1958296062992124
11
5.6338486614173231
21
-4.1958295669291337
0
LINE
8
BLACK
6
CONTINUOUS
10
5.6338486614173231
20
-4.1958295669291337
11
5.6320927952755904
21
-4.1954803149606299
0
LINE
8
BLACK
6
CONTINUOUS
10
5.6320927952755904
20
-4.1954803149606299
11
5.5704803149606299
21
-4.1954803149606299
0
LINE
8
BLACK
6
CONTINUOUS
10
5.5704803149606299
20
-4.1954803149606299
11
5.5685772440944881
21
-4.1947876771653538
0
LINE
8
BLACK
6
CONTINUOUS
10
5.5685772440944881
20
-4.1947876771653538
11
5.5675646456692913
21
-4.1930337795275587
0
LINE
8
BLACK
6
CONTINUOUS
10
5.5675646456692913
20
-4.1930337795275587
11
5.56751968503937
21
-4.19251968503937
0
LINE
8
BLACK
6
CONTINUOUS
10
5.56751968503937
20
-4.19251968503937
11
5.56751968503937
21
-4.1688464173228343
0
LINE
8
BLACK
6
CONTINUOUS
10
5.56751968503937
20
-4.1688464173228343
11
5.5682123228346452
21
-4.1669433464566925
0
LINE
8
BLACK
6
CONTINUOUS
10
5.5682123228346452
20
-4.1669433464566925
11
5.5699662204724412
21
-4.1659307480314958
0
LINE
8
BLACK
6
CONTINUOUS
10
5.5699662204724412
20
-4.1659307480314958
11
5.5704803149606299
21
-4.1658857874015744
0
LINE
8
BLACK
6
CONTINUOUS
10
5.5704803149606299
20
-4.1658857874015744
11
5.5893762204724409
21
-4.1658857874015744
0
LINE
8
BLACK
6
CONTINUOUS
10
5.5893762204724409
20
-4.1658857874015744
11
5.591132204724409
21
-4.1655365354330707
0
LINE
8
BLACK
6
CONTINUOUS
10
5.591132204724409
20
-4.1655365354330707
11
5.5931233858267717
21
-4.1642060629921263
0
LINE
8
BLACK
6
CONTINUOUS
10
5.5931233858267717
20
-4.1642060629921263
11
5.5944538582677161
21
-4.1622148818897635
0
LINE
8
BLACK
6
CONTINUOUS
10
5.5944538582677161
20
-4.1622148818897635
11
5.5948031496062987
21
-4.1604589370078742
0
LINE
8
BLACK
6
CONTINUOUS
10
5.5948031496062987
20
-4.1604589370078742
11
5.5948031102362208
21
-4.1392913385826775
0
LINE
8
BLACK
6
CONTINUOUS
10
5.5948031102362208
20
-4.1392913385826775
11
5.5948031102362208
21
-4.1253228346456696
0
LINE
8
BLACK
6
CONTINUOUS
10
5.5948031102362208
20
-4.1253228346456696
11
5.5948031102362208
21
-4.1041552755905508
0
LINE
8
BLACK
6
CONTINUOUS
10
5.695984251968504
20
-4.2583503937007876
11
5.7011775196850394
21
-4.2583503937007876
0
LINE
8
BLACK
6
CONTINUOUS
10
5.7011775196850394
20
-4.2583503937007876
11
5.7011576377952755
21
-4.2583305118110237
0
LINE
8
BLACK
6
CONTINUOUS
10
5.7011576377952755
20
-4.2583305118110237
11
5.6989029133858269
21
-4.2539053543307084
0
LINE
8
BLACK
6
CONTINUOUS
10
5.6989029133858269
20
-4.2539053543307084
11
5.698125984251968
21
-4.2489999999999997
0
LINE
8
BLACK
6
CONTINUOUS
10
5.698125984251968
20
-4.2489999999999997
11
5.698857401574803
21
-4.2443818897637797
0
LINE
8
BLACK
6
CONTINUOUS
10
5.698857401574803
20
-4.2443818897637797
11
5.695984251968504
21
-4.2443818897637797
0
LINE
8
BLACK
6
CONTINUOUS
10
5.695984251968504
20
-4.2443818897637797
11
5.695984251968504
21
-4.2583503937007876
0
LINE
8
BLACK
6
CONTINUOUS
10
5.610248031496063
20
-4.1611921259842521
11
5.6106436220472435
21
-4.1639069685039365
0
LINE
8
BLACK
6
CONTINUOUS
10
5.6106436220472435
20
-4.1639069685039365
11
5.6126911417322836
21
-4.1680952362204726
0
LINE
8
BLACK
6
CONTINUOUS
10
5.6126911417322836
20
-4.1680952362204726
11
5.6159874015748033
21
-4.1713914960629923
0
LINE
8
BLACK
6
CONTINUOUS
10
5.6159874015748033
20
-4.1713914960629923
11
5.6201757086614172
21
-4.1734390157480314
0
LINE
8
BLACK
6
CONTINUOUS
10
5.6201757086614172
20
-4.1734390157480314
11
5.6201756692913385
21
-4.1734390157480314
0
LINE
8
BLACK
6
CONTINUOUS
10
5.6201756692913385
20
-4.1734390157480314
11
5.6228905118110237
21
-4.1738346062992129
0
LINE
8
BLACK
6
CONTINUOUS
10
5.6228905118110237
20
-4.1738346062992129
11
5.62289094488189
21
-4.1738346456692916
0
LINE
8
BLACK
6
CONTINUOUS
10
5.62289094488189
20
-4.1738346456692916
11
5.6369173228346456
21
-4.1738346456692916
0
LINE
8
BLACK
6
CONTINUOUS
10
5.6369173228346456
20
-4.1738346456692916
11
5.6369173228346456
21
-4.1598661417322838
0
LINE
8
BLACK
6
CONTINUOUS
10
5.6369173228346456
20
-4.1598661417322838
11
5.6242165354330709
21
-4.1598661417322838
0
LINE
8
BLACK
6
CONTINUOUS
10
5.6242165354330709
20
-4.1598661417322838
11
5.6242165354330709
21
-4.1392913385826775
0
LINE
8
BLACK
6
CONTINUOUS
10
5.6242165354330709
20
-4.1392913385826775
11
5.610248031496063
21
-4.1392913385826775
0
LINE
8
BLACK
6
CONTINUOUS
10
5.610248031496063
20
-4.1392913385826775
11
5.610248031496063
21
-4.1611921259842521
0
LINE
8
BLACK
6
CONTINUOUS
10
5.9825314960629923
20
-4.1603259842519682
11
5.9829270866141728
21
-4.1630408267716534
0
LINE
8
BLACK
6
CONTINUOUS
10
5.9829270866141728
20
-4.1630408267716534
11
5.9849746062992129
21
-4.1672290944881887
0
LINE
8
BLACK
6
CONTINUOUS
10
5.9849746062992129
20
-4.1672290944881887
11
5.9882708661417325
21
-4.1705253543307084
0
LINE
8
BLACK
6
CONTINUOUS
10
5.9882708661417325
20
-4.1705253543307084
11
5.9924591732283465
21
-4.1725728740157475
0
LINE
8
BLACK
6
CONTINUOUS
10
5.9924591732283465
20
-4.1725728740157475
11
5.9924591338582678
21
-4.1725728740157475
0
LINE
8
BLACK
6
CONTINUOUS
10
5.9924591338582678
20
-4.1725728740157475
11
5.995173976377953
21
-4.1729684645669289
0
LINE
8
BLACK
6
CONTINUOUS
10
5.995173976377953
20
-4.1729684645669289
11
5.9951744094488184
21
-4.1729685039370077
0
LINE
8
BLACK
6
CONTINUOUS
10
5.9951744094488184
20
-4.1729685039370077
11
6.0145157480314957
21
-4.1729685039370077
0
LINE
8
BLACK
6
CONTINUOUS
10
6.0145157480314957
20
-4.1729685039370077
11
6.0145157480314957
21
-4.1589999999999998
0
LINE
8
BLACK
6
CONTINUOUS
10
6.0145157480314957
20
-4.1589999999999998
11
5.9965000000000002
21
-4.1589999999999998
0
LINE
8
BLACK
6
CONTINUOUS
10
5.9965000000000002
20
-4.1589999999999998
11
5.9965000000000002
21
-4.1159842519685039
0
LINE
8
BLACK
6
CONTINUOUS
10
5.9965000000000002
20
-4.1159842519685039
11
5.9825314960629923
21
-4.1159842519685039
0
LINE
8
BLACK
6
CONTINUOUS
10
5.9825314960629923
20
-4.1159842519685039
11
5.9825314960629923
21
-4.1603259842519682
0
LINE
8
BLACK
6
CONTINUOUS
10
6.0465
20
-4.1589999999999998
11
6.0284842519685036
21
-4.1589999999999998
0
LINE
8
BLACK
6
CONTINUOUS
10
6.0284842519685036
20
-4.1589999999999998
11
6.0284842519685036
21
-4.1729685039370077
0
LINE
8
BLACK
6
CONTINUOUS
10
6.0284842519685036
20
-4.1729685039370077
11
6.0478255905511809
21
-4.1729685039370077
0
LINE
8
BLACK
6
CONTINUOUS
10
6.0478255905511809
20
-4.1729685039370077
11
6.0478259842519684
21
-4.1729684645669289
0
LINE
8
BLACK
6
CONTINUOUS
10
6.0478259842519684
20
-4.1729684645669289
11
6.0505408267716536
21
-4.1725728740157475
0
LINE
8
BLACK
6
CONTINUOUS
10
6.0505408267716536
20
-4.1725728740157475
11
6.0547290944881889
21
-4.1705253543307084
0
LINE
8
BLACK
6
CONTINUOUS
10
6.0547290944881889
20
-4.1705253543307084
11
6.0580253543307085
21
-4.1672290944881887
0
LINE
8
BLACK
6
CONTINUOUS
10
6.0580253543307085
20
-4.1672290944881887
11
6.0600728740157477
21
-4.1630408267716534
0
LINE
8
BLACK
6
CONTINUOUS
10
6.0600728740157477
20
-4.1630408267716534
11
6.0604684645669291
21
-4.1603259842519682
0
LINE
8
BLACK
6
CONTINUOUS
10
6.0604684645669291
20
-4.1603259842519682
11
6.0604685039370079
21
-4.1603255905511807
0
LINE
8
BLACK
6
CONTINUOUS
10
6.0604685039370079
20
-4.1603255905511807
11
6.0604685039370079
21
-4.1159842519685039
0
LINE
8
BLACK
6
CONTINUOUS
10
6.0604685039370079
20
-4.1159842519685039
11
6.0465
21
-4.1159842519685039
0
LINE
8
BLACK
6
CONTINUOUS
10
6.0465
20
-4.1159842519685039
11
6.0465
21
-4.1589999999999998
0
LINE
8
BLACK
6
CONTINUOUS
10
5.6968423622047242
20
-4.0858305118110234
11
5.6933305118110233
21
-4.0893423622047242
0
LINE
8
BLACK
6
CONTINUOUS
10
5.6933305118110233
20
-4.0893423622047242
11
5.6889053543307089
21
-4.0915970866141729
0
LINE
8
BLACK
6
CONTINUOUS
10
5.6889053543307089
20
-4.0915970866141729
11
5.6840000000000002
21
-4.0923740157480317
0
LINE
8
BLACK
6
CONTINUOUS
10
5.6840000000000002
20
-4.0923740157480317
11
5.6790946456692915
21
-4.0915970866141729
0
LINE
8
BLACK
6
CONTINUOUS
10
5.6790946456692915
20
-4.0915970866141729
11
5.6746694881889761
21
-4.0893423622047242
0
LINE
8
BLACK
6
CONTINUOUS
10
5.6746694881889761
20
-4.0893423622047242
11
5.6742764566929136
21
-4.0889493307086617
0
LINE
8
BLACK
6
CONTINUOUS
10
5.6742764566929136
20
-4.0889493307086617
11
5.6720930708661417
21
-4.0911327559055115
0
LINE
8
BLACK
6
CONTINUOUS
10
5.6720930708661417
20
-4.0911327559055115
11
5.6702576377952756
21
-4.0919886614173224
0
LINE
8
BLACK
6
CONTINUOUS
10
5.6702576377952756
20
-4.0919886614173224
11
5.6686993700787403
21
-4.0916991338582678
0
LINE
8
BLACK
6
CONTINUOUS
10
5.6686993700787403
20
-4.0916991338582678
11
5.6676274015748032
21
-4.0911750787401573
0
LINE
8
BLACK
6
CONTINUOUS
10
5.6676274015748032
20
-4.0911750787401573
11
5.6649125984251967
21
-4.0907795275590546
0
LINE
8
BLACK
6
CONTINUOUS
10
5.6649125984251967
20
-4.0907795275590546
11
5.6508858267716535
21
-4.0907795275590546
0
LINE
8
BLACK
6
CONTINUOUS
10
5.6508858267716535
20
-4.0907795275590546
11
5.6508858267716535
21
-4.1047480314960625
0
LINE
8
BLACK
6
CONTINUOUS
10
5.6508858267716535
20
-4.1047480314960625
11
5.6635866141732283
21
-4.1047480314960625
0
LINE
8
BLACK
6
CONTINUOUS
10
5.6635866141732283
20
-4.1047480314960625
11
5.6635866141732283
21
-4.1253228346456696
0
LINE
8
BLACK
6
CONTINUOUS
10
5.6635866141732283
20
-4.1253228346456696
11
5.6678464566929136
21
-4.1253228346456696
0
LINE
8
BLACK
6
CONTINUOUS
10
5.6678464566929136
20
-4.1253228346456696
11
5.6678464566929136
21
-4.1249763779527555
0
LINE
8
BLACK
6
CONTINUOUS
10
5.6678464566929136
20
-4.1249763779527555
11
5.6685390944881888
21
-4.1230733070866137
0
LINE
8
BLACK
6
CONTINUOUS
10
5.6685390944881888
20
-4.1230733070866137
11
5.6702929921259839
21
-4.1220607086614169
0
LINE
8
BLACK
6
CONTINUOUS
10
5.6702929921259839
20
-4.1220607086614169
11
5.6708070866141735
21
-4.1220157480314956
0
LINE
8
BLACK
6
CONTINUOUS
10
5.6708070866141735
20
-4.1220157480314956
11
5.6835078740157483
21
-4.1220157480314956
0
LINE
8
BLACK
6
CONTINUOUS
10
5.6835078740157483
20
-4.1220157480314956
11
5.6835078740157483
21
-4.0994724409448819
0
LINE
8
BLACK
6
CONTINUOUS
10
5.6835078740157483
20
-4.0994724409448819
11
5.7021141732283462
21
-4.0994724409448819
0
LINE
8
BLACK
6
CONTINUOUS
10
5.7021141732283462
20
-4.0994724409448819
11
5.7021141732283462
21
-4.0855039370078741
0
LINE
8
BLACK
6
CONTINUOUS
10
5.7021141732283462
20
-4.0855039370078741
11
5.6970087795275592
21
-4.0855039370078741
0
LINE
8
BLACK
6
CONTINUOUS
10
5.6970087795275592
20
-4.0855039370078741
11
5.6968423622047242
21
-4.0858305118110234
0
LINE
8
BLACK
6
CONTINUOUS
10
6.0284842519685036
20
-4.0590000000000002
11
6.0465
21
-4.0590000000000002
0
LINE
8
BLACK
6
CONTINUOUS
10
6.0465
20
-4.0590000000000002
11
6.0465
21
-4.102015748031496
0
LINE
8
BLACK
6
CONTINUOUS
10
6.0465
20
-4.102015748031496
11
6.0604685039370079
21
-4.102015748031496
0
LINE
8
BLACK
6
CONTINUOUS
10
6.0604685039370079
20
-4.102015748031496
11
6.0604685039370079
21
-4.0576743700787397
0
LINE
8
BLACK
6
CONTINUOUS
10
6.0604685039370079
20
-4.0576743700787397
11
6.0604684645669291
21
-4.057673976377953
0
LINE
8
BLACK
6
CONTINUOUS
10
6.0604684645669291
20
-4.057673976377953
11
6.0600728740157477
21
-4.0549591338582678
0
LINE
8
BLACK
6
CONTINUOUS
10
6.0600728740157477
20
-4.0549591338582678
11
6.0580253543307085
21
-4.0507708661417325
0
LINE
8
BLACK
6
CONTINUOUS
10
6.0580253543307085
20
-4.0507708661417325
11
6.0547290944881889
21
-4.0474746062992129
0
LINE
8
BLACK
6
CONTINUOUS
10
6.0547290944881889
20
-4.0474746062992129
11
6.0505407874015749
21
-4.0454270866141728
0
LINE
8
BLACK
6
CONTINUOUS
10
6.0505407874015749
20
-4.0454270866141728
11
6.0505408267716536
21
-4.0454270866141728
0
LINE
8
BLACK
6
CONTINUOUS
10
6.0505408267716536
20
-4.0454270866141728
11
6.0478259842519684
21
-4.0450314960629923
0
LINE
8
BLACK
6
CONTINUOUS
10
6.0478259842519684
20
-4.0450314960629923
11
6.0284842519685036
21
-4.0450314960629923
0
LINE
8
BLACK
6
CONTINUOUS
10
6.0284842519685036
20
-4.0450314960629923
11
6.0284842519685036
21
-4.0590000000000002
0
LINE
8
BLACK
6
CONTINUOUS
10
6.1298909842519684
20
-4.0409696850393697
11
6.1321109842519688
21
-4.0492549212598421
0
LINE
8
BLACK
6
CONTINUOUS
10
6.1321109842519688
20
-4.0492549212598421
11
6.1321110629921263
21
-4.0492550787401571
0
LINE
8
BLACK
6
CONTINUOUS
10
6.1321110629921263
20
-4.0492550787401571
11
6.1357357874015745
21
-4.05702842519685
0
LINE
8
BLACK
6
CONTINUOUS
10
6.1357357874015745
20
-4.05702842519685
11
6.1357359055118108
21
-4.0570286220472438
0
LINE
8
BLACK
6
CONTINUOUS
10
6.1357359055118108
20
-4.0570286220472438
11
6.1357359448818896
21
-4.0570286614173225
0
LINE
8
BLACK
6
CONTINUOUS
10
6.1357359448818896
20
-4.0570286614173225
11
6.1371371259842515
21
-4.0590297637795274
0
LINE
8
BLACK
6
CONTINUOUS
10
6.1371371259842515
20
-4.0590297637795274
11
6.1406557874015748
21
-4.0640549212598422
0
LINE
8
BLACK
6
CONTINUOUS
10
6.1406557874015748
20
-4.0640549212598422
11
6.1467206299212593
21
-4.0701197637795277
0
LINE
8
BLACK
6
CONTINUOUS
10
6.1467206299212593
20
-4.0701197637795277
11
6.1467207480314956
21
-4.0701198425196852
0
LINE
8
BLACK
6
CONTINUOUS
10
6.1467207480314956
20
-4.0701198425196852
11
6.1467207874015743
21
-4.0701198818897639
0
LINE
8
BLACK
6
CONTINUOUS
10
6.1467207874015743
20
-4.0701198818897639
11
6.1537469291338578
21
-4.0750396456692917
0
LINE
8
BLACK
6
CONTINUOUS
10
6.1537469291338578
20
-4.0750396456692917
11
6.1537470078740153
21
-4.0750396456692917
0
LINE
8
BLACK
6
CONTINUOUS
10
6.1537470078740153
20
-4.0750396456692917
11
6.1537471259842516
21
-4.075039763779527
0
LINE
8
BLACK
6
CONTINUOUS
10
6.1537471259842516
20
-4.075039763779527
11
6.1602161811023617
21
-4.0780562598425192
0
LINE
8
BLACK
6
CONTINUOUS
10
6.1602161811023617
20
-4.0780562598425192
11
6.1615206299212595
21
-4.0786645669291337
0
LINE
8
BLACK
6
CONTINUOUS
10
6.1615206299212595
20
-4.0786645669291337
11
6.1698057086614169
21
-4.080884566929134
0
LINE
8
BLACK
6
CONTINUOUS
10
6.1698057086614169
20
-4.080884566929134
11
6.1783503937007875
21
-4.0816321259842523
0
LINE
8
BLACK
6
CONTINUOUS
10
6.1783503937007875
20
-4.0816321259842523
11
6.1868950787401573
21
-4.080884566929134
0
LINE
8
BLACK
6
CONTINUOUS
10
6.1868950787401573
20
-4.080884566929134
11
6.1951801574803147
21
-4.0786645669291337
0
LINE
8
BLACK
6
CONTINUOUS
10
6.1951801574803147
20
-4.0786645669291337
11
6.2009971653543303
21
-4.075952047244094
0
LINE
8
BLACK
6
CONTINUOUS
10
6.2009971653543303
20
-4.075952047244094
11
6.2029536220472439
21
-4.075039763779527
0
LINE
8
BLACK
6
CONTINUOUS
10
6.2029536220472439
20
-4.075039763779527
11
6.2029536220472439
21
-4.0750397244094483
0
LINE
8
BLACK
6
CONTINUOUS
10
6.2029536220472439
20
-4.0750397244094483
11
6.2029538582677164
21
-4.0750396456692917
0
LINE
8
BLACK
6
CONTINUOUS
10
6.2029538582677164
20
-4.0750396456692917
11
6.2099799999999998
21
-4.0701198818897639
0
LINE
8
BLACK
6
CONTINUOUS
10
6.2099799999999998
20
-4.0701198818897639
11
6.2160450787401578
21
-4.064054803149606
0
LINE
8
BLACK
6
CONTINUOUS
10
6.2160450787401578
20
-4.064054803149606
11
6.2209648425196846
21
-4.0570286614173225
0
LINE
8
BLACK
6
CONTINUOUS
10
6.2209648425196846
20
-4.0570286614173225
11
6.2245897637795276
21
-4.0492549606299209
0
LINE
8
BLACK
6
CONTINUOUS
10
6.2245897637795276
20
-4.0492549606299209
11
6.226809763779527
21
-4.0409698818897635
0
LINE
8
BLACK
6
CONTINUOUS
10
6.226809763779527
20
-4.0409698818897635
11
6.2275573228346452
21
-4.0324251968503937
0
LINE
8
BLACK
6
CONTINUOUS
10
6.2275573228346452
20
-4.0324251968503937
11
6.226809763779527
21
-4.0238805118110239
0
LINE
8
BLACK
6
CONTINUOUS
10
6.226809763779527
20
-4.0238805118110239
11
6.2245897637795276
21
-4.0155954330708656
0
LINE
8
BLACK
6
CONTINUOUS
10
6.2245897637795276
20
-4.0155954330708656
11
6.2236712598425195
21
-4.0136256692913381
0
LINE
8
BLACK
6
CONTINUOUS
10
6.2236712598425195
20
-4.0136256692913381
11
6.2209649606299209
21
-4.0078219291338586
0
LINE
8
BLACK
6
CONTINUOUS
10
6.2209649606299209
20
-4.0078219291338586
11
6.2209648425196846
21
-4.0078218110236223
0
LINE
8
BLACK
6
CONTINUOUS
10
6.2209648425196846
20
-4.0078218110236223
11
6.2209648425196846
21
-4.0078217322834648
0
LINE
8
BLACK
6
CONTINUOUS
10
6.2209648425196846
20
-4.0078217322834648
11
6.2160450787401578
21
-4.0007955905511814
0
LINE
8
BLACK
6
CONTINUOUS
10
6.2160450787401578
20
-4.0007955905511814
11
6.216045039370079
21
-4.0007955511811026
0
LINE
8
BLACK
6
CONTINUOUS
10
6.216045039370079
20
-4.0007955511811026
11
6.2160449606299215
21
-4.0007954330708664
0
LINE
8
BLACK
6
CONTINUOUS
10
6.2160449606299215
20
-4.0007954330708664
11
6.2099801181102361
21
-3.994730590551181
0
LINE
8
BLACK
6
CONTINUOUS
10
6.2099801181102361
20
-3.994730590551181
11
6.2029536220472439
21
-3.9898105905511811
0
LINE
8
BLACK
6
CONTINUOUS
10
6.2029536220472439
20
-3.9898105905511811
11
6.195180275590551
21
-3.986185866141732
0
LINE
8
BLACK
6
CONTINUOUS
10
6.195180275590551
20
-3.986185866141732
11
6.1951801181102359
21
-3.9861857874015749
0
LINE
8
BLACK
6
CONTINUOUS
10
6.1951801181102359
20
-3.9861857874015749
11
6.1895212598425191
21
-3.9846694881889761
0
LINE
8
BLACK
6
CONTINUOUS
10
6.1895212598425191
20
-3.9846694881889761
11
6.1868950787401573
21
-3.9839658267716533
0
LINE
8
BLACK
6
CONTINUOUS
10
6.1868950787401573
20
-3.9839658267716533
11
6.1868949999999998
21
-3.9839657874015746
0
LINE
8
BLACK
6
CONTINUOUS
10
6.1868949999999998
20
-3.9839657874015746
11
6.1868948818897636
21
-3.9839657874015746
0
LINE
8
BLACK
6
CONTINUOUS
10
6.1868948818897636
20
-3.9839657874015746
11
6.1783503937007875
21
-3.9832182677165355
0
LINE
8
BLACK
6
CONTINUOUS
10
6.1783503937007875
20
-3.9832182677165355
11
6.1698058661417319
21
-3.9839657874015746
0
LINE
8
BLACK
6
CONTINUOUS
10
6.1698058661417319
20
-3.9839657874015746
11
6.1615206299212595
21
-3.9861857874015749
0
LINE
8
BLACK
6
CONTINUOUS
10
6.1615206299212595
20
-3.9861857874015749
11
6.1615204724409445
21
-3.986185866141732
0
LINE
8
BLACK
6
CONTINUOUS
10
6.1615204724409445
20
-3.986185866141732
11
6.1537471259842516
21
-3.9898105905511811
0
LINE
8
BLACK
6
CONTINUOUS
10
6.1537471259842516
20
-3.9898105905511811
11
6.1467206299212593
21
-3.994730590551181
0
LINE
8
BLACK
6
CONTINUOUS
10
6.1467206299212593
20
-3.994730590551181
11
6.1406557874015748
21
-4.0007954330708664
0
LINE
8
BLACK
6
CONTINUOUS
10
6.1406557874015748
20
-4.0007954330708664
11
6.1357357874015745
21
-4.0078219291338586
0
LINE
8
BLACK
6
CONTINUOUS
10
6.1357357874015745
20
-4.0078219291338586
11
6.1321110629921263
21
-4.0155952755905515
0
LINE
8
BLACK
6
CONTINUOUS
10
6.1321110629921263
20
-4.0155952755905515
11
6.1321109842519688
21
-4.0155954330708656
0
LINE
8
BLACK
6
CONTINUOUS
10
6.1321109842519688
20
-4.0155954330708656
11
6.1298909842519684
21
-4.0238806692913389
0
LINE
8
BLACK
6
CONTINUOUS
10
6.1298909842519684
20
-4.0238806692913389
11
6.1291434645669289
21
-4.0324251968503937
0
LINE
8
BLACK
6
CONTINUOUS
10
6.1291434645669289
20
-4.0324251968503937
11
6.1298909842519684
21
-4.0409696850393697
0
LINE
8
BLACK
6
CONTINUOUS
10
5.5500314960629922
20
-3.965984251968504
11
5.5500314960629922
21
-3.9928259842519682
0
LINE
8
BLACK
6
CONTINUOUS
10
5.5500314960629922
20
-3.9928259842519682
11
5.5504270866141727
21
-3.9955408267716535
0
LINE
8
BLACK
6
CONTINUOUS
10
5.5504270866141727
20
-3.9955408267716535
11
5.5524746062992127
21
-3.9997290944881887
0
LINE
8
BLACK
6
CONTINUOUS
10
5.5524746062992127
20
-3.9997290944881887
11
5.5557708661417324
21
-4.0030253543307088
0
LINE
8
BLACK
6
CONTINUOUS
10
5.5557708661417324
20
-4.0030253543307088
11
5.5599591732283464
21
-4.005072874015748
0
LINE
8
BLACK
6
CONTINUOUS
10
5.5599591732283464
20
-4.005072874015748
11
5.5599591338582677
21
-4.005072874015748
0
LINE
8
BLACK
6
CONTINUOUS
10
5.5599591338582677
20
-4.005072874015748
11
5.5626739763779529
21
-4.0054684645669294
0
LINE
8
BLACK
6
CONTINUOUS
10
5.5626739763779529
20
-4.0054684645669294
11
5.5626744094488192
21
-4.0054685039370082
0
LINE
8
BLACK
6
CONTINUOUS
10
5.5626744094488192
20
-4.0054685039370082
11
5.5895157480314959
21
-4.0054685039370082
0
LINE
8
BLACK
6
CONTINUOUS
10
5.5895157480314959
20
-4.0054685039370082
11
5.5895157480314959
21
-3.9914999999999998
0
LINE
8
BLACK
6
CONTINUOUS
10
5.5895157480314959
20
-3.9914999999999998
11
5.5640000000000001
21
-3.9914999999999998
0
LINE
8
BLACK
6
CONTINUOUS
10
5.5640000000000001
20
-3.9914999999999998
11
5.5640000000000001
21
-3.965984251968504
0
LINE
8
BLACK
6
CONTINUOUS
10
5.5640000000000001
20
-3.965984251968504
11
5.5500314960629922
21
-3.965984251968504
0
LINE
8
BLACK
6
CONTINUOUS
10
5.6289999999999996
20
-3.9914999999999998
11
5.6034842519685037
21
-3.9914999999999998
0
LINE
8
BLACK
6
CONTINUOUS
10
5.6034842519685037
20
-3.9914999999999998
11
5.6034842519685037
21
-4.0054685039370082
0
LINE
8
BLACK
6
CONTINUOUS
10
5.6034842519685037
20
-4.0054685039370082
11
5.6303255905511813
21
-4.0054685039370082
0
LINE
8
BLACK
6
CONTINUOUS
10
5.6303255905511813
20
-4.0054685039370082
11
5.630325984251968
21
-4.0054684645669294
0
LINE
8
BLACK
6
CONTINUOUS
10
5.630325984251968
20
-4.0054684645669294
11
5.6330408267716532
21
-4.005072874015748
0
LINE
8
BLACK
6
CONTINUOUS
10
5.6330408267716532
20
-4.005072874015748
11
5.6372290944881884
21
-4.0030253543307088
0
LINE
8
BLACK
6
CONTINUOUS
10
5.6372290944881884
20
-4.0030253543307088
11
5.6405253543307081
21
-3.9997290944881887
0
LINE
8
BLACK
6
CONTINUOUS
10
5.6405253543307081
20
-3.9997290944881887
11
5.6425728740157481
21
-3.9955408267716535
0
LINE
8
BLACK
6
CONTINUOUS
10
5.6425728740157481
20
-3.9955408267716535
11
5.6429684645669287
21
-3.9928259842519682
0
LINE
8
BLACK
6
CONTINUOUS
10
5.6429684645669287
20
-3.9928259842519682
11
5.6429685039370074
21
-3.9928255905511811
0
LINE
8
BLACK
6
CONTINUOUS
10
5.6429685039370074
20
-3.9928255905511811
11
5.6429685039370074
21
-3.965984251968504
0
LINE
8
BLACK
6
CONTINUOUS
10
5.6429685039370074
20
-3.965984251968504
11
5.6289999999999996
21
-3.965984251968504
0
LINE
8
BLACK
6
CONTINUOUS
10
5.6289999999999996
20
-3.965984251968504
11
5.6289999999999996
21
-3.9914999999999998
0
LINE
8
BLACK
6
CONTINUOUS
10
5.6500314960629918
20
-3.965984251968504
11
5.6500314960629918
21
-3.9928259842519682
0
LINE
8
BLACK
6
CONTINUOUS
10
5.6500314960629918
20
-3.9928259842519682
11
5.6504270866141733
21
-3.9955408267716535
0
LINE
8
BLACK
6
CONTINUOUS
10
5.6504270866141733
20
-3.9955408267716535
11
5.6524746062992124
21
-3.9997290944881887
0
LINE
8
BLACK
6
CONTINUOUS
10
5.6524746062992124
20
-3.9997290944881887
11
5.6557708661417321
21
-4.0030253543307088
0
LINE
8
BLACK
6
CONTINUOUS
10
5.6557708661417321
20
-4.0030253543307088
11
5.6599591732283461
21
-4.005072874015748
0
LINE
8
BLACK
6
CONTINUOUS
10
5.6599591732283461
20
-4.005072874015748
11
5.6599591338582673
21
-4.005072874015748
0
LINE
8
BLACK
6
CONTINUOUS
10
5.6599591338582673
20
-4.005072874015748
11
5.6626739763779526
21
-4.0054684645669294
0
LINE
8
BLACK
6
CONTINUOUS
10
5.6626739763779526
20
-4.0054684645669294
11
5.6626744094488188
21
-4.0054685039370082
0
LINE
8
BLACK
6
CONTINUOUS
10
5.6626744094488188
20
-4.0054685039370082
11
5.6895157480314955
21
-4.0054685039370082
0
LINE
8
BLACK
6
CONTINUOUS
10
5.6895157480314955
20
-4.0054685039370082
11
5.6895157480314955
21
-3.9914999999999998
0
LINE
8
BLACK
6
CONTINUOUS
10
5.6895157480314955
20
-3.9914999999999998
11
5.6639999999999997
21
-3.9914999999999998
0
LINE
8
BLACK
6
CONTINUOUS
10
5.6639999999999997
20
-3.9914999999999998
11
5.6639999999999997
21
-3.965984251968504
0
LINE
8
BLACK
6
CONTINUOUS
10
5.6639999999999997
20
-3.965984251968504
11
5.6500314960629918
21
-3.965984251968504
0
LINE
8
BLACK
6
CONTINUOUS
10
5.5579803543307085
20
-3.8920927952755906
11
5.5583296062992122
21
-3.8938487795275591
0
LINE
8
BLACK
6
CONTINUOUS
10
5.5583296062992122
20
-3.8938487795275591
11
5.55966
21
-3.8958398425196847
0
LINE
8
BLACK
6
CONTINUOUS
10
5.55966
20
-3.8958398425196847
11
5.5596600393700788
21
-3.8958398425196847
0
LINE
8
BLACK
6
CONTINUOUS
10
5.5596600393700788
20
-3.8958398425196847
11
5.5596600787401576
21
-3.8958399212598422
0
LINE
8
BLACK
6
CONTINUOUS
10
5.5596600787401576
20
-3.8958399212598422
11
5.5616512598425194
21
-3.8971703937007871
0
LINE
8
BLACK
6
CONTINUOUS
10
5.5616512598425194
20
-3.8971703937007871
11
5.5634072047244096
21
-3.8975196850393701
0
LINE
8
BLACK
6
CONTINUOUS
10
5.5634072047244096
20
-3.8975196850393701
11
5.6295927559055121
21
-3.8975196456692913
0
LINE
8
BLACK
6
CONTINUOUS
10
5.6295927559055121
20
-3.8975196456692913
11
5.6313487401574802
21
-3.8971703937007871
0
LINE
8
BLACK
6
CONTINUOUS
10
5.6313487401574802
20
-3.8971703937007871
11
5.6333399212598421
21
-3.8958399212598422
0
LINE
8
BLACK
6
CONTINUOUS
10
5.6333399212598421
20
-3.8958399212598422
11
5.6346703937007874
21
-3.8938487401574804
0
LINE
8
BLACK
6
CONTINUOUS
10
5.6346703937007874
20
-3.8938487401574804
11
5.6349580314960628
21
-3.8924026771653542
0
LINE
8
BLACK
6
CONTINUOUS
10
5.6349580314960628
20
-3.8924026771653542
11
5.636008661417323
21
-3.8906713385826772
0
LINE
8
BLACK
6
CONTINUOUS
10
5.636008661417323
20
-3.8906713385826772
11
5.6378617716535429
21
-3.8900196850393698
0
LINE
8
BLACK
6
CONTINUOUS
10
5.6378617716535429
20
-3.8900196850393698
11
5.6551382677165352
21
-3.8900196850393698
0
LINE
8
BLACK
6
CONTINUOUS
10
5.6551382677165352
20
-3.8900196850393698
11
5.657041338582677
21
-3.8907123228346454
0
LINE
8
BLACK
6
CONTINUOUS
10
5.657041338582677
20
-3.8907123228346454
11
5.6580420078740152
21
-3.8924027559055117
0
LINE
8
BLACK
6
CONTINUOUS
10
5.6580420078740152
20
-3.8924027559055117
11
5.6583296062992128
21
-3.8938487795275591
0
LINE
8
BLACK
6
CONTINUOUS
10
5.6583296062992128
20
-3.8938487795275591
11
5.6596599999999997
21
-3.8958398425196847
0
LINE
8
BLACK
6
CONTINUOUS
10
5.6596599999999997
20
-3.8958398425196847
11
5.6596600393700784
21
-3.8958398425196847
0
LINE
8
BLACK
6
CONTINUOUS
10
5.6596600393700784
20
-3.8958398425196847
11
5.6596600787401572
21
-3.8958399212598422
0
LINE
8
BLACK
6
CONTINUOUS
10
5.6596600787401572
20
-3.8958399212598422
11
5.6616512598425199
21
-3.8971703937007871
0
LINE
8
BLACK
6
CONTINUOUS
10
5.6616512598425199
20
-3.8971703937007871
11
5.6634072047244093
21
-3.8975196850393701
0
LINE
8
BLACK
6
CONTINUOUS
10
5.6634072047244093
20
-3.8975196850393701
11
5.7295927559055118
21
-3.8975196456692913
0
LINE
8
BLACK
6
CONTINUOUS
10
5.7295927559055118
20
-3.8975196456692913
11
5.7313487401574799
21
-3.8971703937007871
0
LINE
8
BLACK
6
CONTINUOUS
10
5.7313487401574799
20
-3.8971703937007871
11
5.7333399212598426
21
-3.8958399212598422
0
LINE
8
BLACK
6
CONTINUOUS
10
5.7333399212598426
20
-3.8958399212598422
11
5.734670393700787
21
-3.8938487401574804
0
LINE
8
BLACK
6
CONTINUOUS
10
5.734670393700787
20
-3.8938487401574804
11
5.7349580314960624
21
-3.8924026771653542
0
LINE
8
BLACK
6
CONTINUOUS
10
5.7349580314960624
20
-3.8924026771653542
11
5.7360086614173227
21
-3.8906713385826772
0
LINE
8
BLACK
6
CONTINUOUS
10
5.7360086614173227
20
-3.8906713385826772
11
5.7378617716535434
21
-3.8900196850393698
0
LINE
8
BLACK
6
CONTINUOUS
10
5.7378617716535434
20
-3.8900196850393698
11
5.752606929133858
21
-3.8900196850393698
0
LINE
8
BLACK
6
CONTINUOUS
10
5.752606929133858
20
-3.8900196850393698
11
5.7545099999999998
21
-3.8907123228346454
0
LINE
8
BLACK
6
CONTINUOUS
10
5.7545099999999998
20
-3.8907123228346454
11
5.7555225984251965
21
-3.892466220472441
0
LINE
8
BLACK
6
CONTINUOUS
10
5.7555225984251965
20
-3.892466220472441
11
5.755170905511811
21
-3.8944606299212596
0
LINE
8
BLACK
6
CONTINUOUS
10
5.755170905511811
20
-3.8944606299212596
11
5.7543051968503933
21
-3.8954053543307086
0
LINE
8
BLACK
6
CONTINUOUS
10
5.7543051968503933
20
-3.8954053543307086
11
5.7530200000000002
21
-3.8963053149606299
0
LINE
8
BLACK
6
CONTINUOUS
10
5.7530200000000002
20
-3.8963053149606299
11
5.7530199212598427
21
-3.8963053543307087
0
LINE
8
BLACK
6
CONTINUOUS
10
5.7530199212598427
20
-3.8963053543307087
11
5.7530196850393702
21
-3.8963055511811024
0
LINE
8
BLACK
6
CONTINUOUS
10
5.7530196850393702
20
-3.8963055511811024
11
5.7469549999999998
21
-3.9023702362204724
0
LINE
8
BLACK
6
CONTINUOUS
10
5.7469549999999998
20
-3.9023702362204724
11
5.7420349999999996
21
-3.9093967322834646
0
LINE
8
BLACK
6
CONTINUOUS
10
5.7420349999999996
20
-3.9093967322834646
11
5.7402990944881891
21
-3.9131194094488189
0
LINE
8
BLACK
6
CONTINUOUS
10
5.7402990944881891
20
-3.9131194094488189
11
5.7388670472440948
21
-3.9145514566929132
0
LINE
8
BLACK
6
CONTINUOUS
10
5.7388670472440948
20
-3.9145514566929132
11
5.7368495669291342
21
-3.9147279133858266
0
LINE
8
BLACK
6
CONTINUOUS
10
5.7368495669291342
20
-3.9147279133858266
11
5.7363155905511807
21
-3.9145279921259841
0
LINE
8
BLACK
6
CONTINUOUS
10
5.7363155905511807
20
-3.9145279921259841
11
5.7330408661417325
21
-3.912927086614173
0
LINE
8
BLACK
6
CONTINUOUS
10
5.7330408661417325
20
-3.912927086614173
11
5.7303259842519685
21
-3.912531496062992
0
LINE
8
BLACK
6
CONTINUOUS
10
5.7303259842519685
20
-3.912531496062992
11
5.7034842519685034
21
-3.912531496062992
0
LINE
8
BLACK
6
CONTINUOUS
10
5.7034842519685034
20
-3.912531496062992
11
5.7034842519685034
21
-3.9264999999999999
0
LINE
8
BLACK
6
CONTINUOUS
10
5.7034842519685034
20
-3.9264999999999999
11
5.7290000000000001
21
-3.9264999999999999
0
LINE
8
BLACK
6
CONTINUOUS
10
5.7290000000000001
20
-3.9264999999999999
11
5.7290000000000001
21
-3.9914999999999998
0
LINE
8
BLACK
6
CONTINUOUS
10
5.7290000000000001
20
-3.9914999999999998
11
5.7034842519685034
21
-3.9914999999999998
0
LINE
8
BLACK
6
CONTINUOUS
10
5.7034842519685034
20
-3.9914999999999998
11
5.7034842519685034
21
-4.0054685039370082
0
LINE
8
BLACK
6
CONTINUOUS
10
5.7034842519685034
20
-4.0054685039370082
11
5.730325590551181
21
-4.0054685039370082
0
LINE
8
BLACK
6
CONTINUOUS
10
5.730325590551181
20
-4.0054685039370082
11
5.7303259842519685
21
-4.0054684645669294
0
LINE
8
BLACK
6
CONTINUOUS
10
5.7303259842519685
20
-4.0054684645669294
11
5.7330408267716537
21
-4.005072874015748
0
LINE
8
BLACK
6
CONTINUOUS
10
5.7330408267716537
20
-4.005072874015748
11
5.737229094488189
21
-4.0030253543307088
0
LINE
8
BLACK
6
CONTINUOUS
10
5.737229094488189
20
-4.0030253543307088
11
5.7405253543307087
21
-3.9997290944881887
0
LINE
8
BLACK
6
CONTINUOUS
10
5.7405253543307087
20
-3.9997290944881887
11
5.7425728740157478
21
-3.9955408267716535
0
LINE
8
BLACK
6
CONTINUOUS
10
5.7425728740157478
20
-3.9955408267716535
11
5.7429684645669292
21
-3.9928259842519682
0
LINE
8
BLACK
6
CONTINUOUS
10
5.7429684645669292
20
-3.9928259842519682
11
5.742968503937008
21
-3.9928255905511811
0
LINE
8
BLACK
6
CONTINUOUS
10
5.742968503937008
20
-3.9928255905511811
11
5.742968503937008
21
-3.9687907874015749
0
LINE
8
BLACK
6
CONTINUOUS
10
5.742968503937008
20
-3.9687907874015749
11
5.7436611417322831
21
-3.966887716535433
0
LINE
8
BLACK
6
CONTINUOUS
10
5.7436611417322831
20
-3.966887716535433
11
5.7454150393700782
21
-3.9658751181102363
0
LINE
8
BLACK
6
CONTINUOUS
10
5.7454150393700782
20
-3.9658751181102363
11
5.7474094488188978
21
-3.9662268110236218
0
LINE
8
BLACK
6
CONTINUOUS
10
5.7474094488188978
20
-3.9662268110236218
11
5.7480225984251971
21
-3.9666973228346456
0
LINE
8
BLACK
6
CONTINUOUS
10
5.7480225984251971
20
-3.9666973228346456
11
5.7530198425196852
21
-3.9716945669291337
0
LINE
8
BLACK
6
CONTINUOUS
10
5.7530198425196852
20
-3.9716945669291337
11
5.7530199606299215
21
-3.9716946456692912
0
LINE
8
BLACK
6
CONTINUOUS
10
5.7530199606299215
20
-3.9716946456692912
11
5.7530200000000002
21
-3.97169468503937
0
LINE
8
BLACK
6
CONTINUOUS
10
5.7530200000000002
20
-3.97169468503937
11
5.7600461417322837
21
-3.9766144488188977
0
LINE
8
BLACK
6
CONTINUOUS
10
5.7600461417322837
20
-3.9766144488188977
11
5.7600462204724412
21
-3.9766144488188977
0
LINE
8
BLACK
6
CONTINUOUS
10
5.7600462204724412
20
-3.9766144488188977
11
5.7600463385826774
21
-3.976614566929134
0
LINE
8
BLACK
6
CONTINUOUS
10
5.7600463385826774
20
-3.976614566929134
11
5.7665153937007876
21
-3.9796310629921261
0
LINE
8
BLACK
6
CONTINUOUS
10
5.7665153937007876
20
-3.9796310629921261
11
5.7678198425196845
21
-3.9802393700787402
0
LINE
8
BLACK
6
CONTINUOUS
10
5.7678198425196845
20
-3.9802393700787402
11
5.7761049212598428
21
-3.9824593700787401
0
LINE
8
BLACK
6
CONTINUOUS
10
5.7761049212598428
20
-3.9824593700787401
11
5.7846496062992125
21
-3.9832069291338583
0
LINE
8
BLACK
6
CONTINUOUS
10
5.7846496062992125
20
-3.9832069291338583
11
5.7931942913385823
21
-3.9824593700787401
0
LINE
8
BLACK
6
CONTINUOUS
10
5.7931942913385823
20
-3.9824593700787401
11
5.8014793700787397
21
-3.9802393700787402
0
LINE
8
BLACK
6
CONTINUOUS
10
5.8014793700787397
20
-3.9802393700787402
11
5.8092530708661414
21
-3.9766144488188977
0
LINE
8
BLACK
6
CONTINUOUS
10
5.8092530708661414
20
-3.9766144488188977
11
5.8162792125984248
21
-3.97169468503937
0
LINE
8
BLACK
6
CONTINUOUS
10
5.8162792125984248
20
-3.97169468503937
11
5.8223442913385828
21
-3.9656296062992125
0
LINE
8
BLACK
6
CONTINUOUS
10
5.8223442913385828
20
-3.9656296062992125
11
5.8272640551181105
21
-3.958603464566929
0
LINE
8
BLACK
6
CONTINUOUS
10
5.8272640551181105
20
-3.958603464566929
11
5.8308889763779526
21
-3.9508297637795273
0
LINE
8
BLACK
6
CONTINUOUS
10
5.8308889763779526
20
-3.9508297637795273
11
5.8310539370078738
21
-3.9502140157480312
0
LINE
8
BLACK
6
CONTINUOUS
10
5.8310539370078738
20
-3.9502140157480312
11
5.8322155511811022
21
-3.9485551181102361
0
LINE
8
BLACK
6
CONTINUOUS
10
5.8322155511811022
20
-3.9485551181102361
11
5.8339137007874013
21
-3.9480196850393701
0
LINE
8
BLACK
6
CONTINUOUS
10
5.8339137007874013
20
-3.9480196850393701
11
5.8423766141732285
21
-3.9480196850393701
0
LINE
8
BLACK
6
CONTINUOUS
10
5.8423766141732285
20
-3.9480196850393701
11
5.8429840944881892
21
-3.9480826771653543
0
LINE
8
BLACK
6
CONTINUOUS
10
5.8429840944881892
20
-3.9480826771653543
11
5.84306968503937
21
-3.948100590551181
0
LINE
8
BLACK
6
CONTINUOUS
10
5.84306968503937
20
-3.948100590551181
11
5.8435504330708659
21
-3.9482014173228346
0
LINE
8
BLACK
6
CONTINUOUS
10
5.8435504330708659
20
-3.9482014173228346
11
5.8448257874015743
21
-3.9480424015748032
0
LINE
8
BLACK
6
CONTINUOUS
10
5.8448257874015743
20
-3.9480424015748032
11
5.8451919685039373
21
-3.9480196850393701
0
LINE
8
BLACK
6
CONTINUOUS
10
5.8451919685039373
20
-3.9480196850393701
11
5.8452994094488187
21
-3.9480196850393701
0
LINE
8
BLACK
6
CONTINUOUS
10
5.8452994094488187
20
-3.9480196850393701
11
5.8452995275590549
21
-3.9480196850393701
0
LINE
8
BLACK
6
CONTINUOUS
10
5.8452995275590549
20
-3.9480196850393701
11
5.8461003149606299
21
-3.947886023622047
0
LINE
8
BLACK
6
CONTINUOUS
10
5.8461003149606299
20
-3.947886023622047
11
5.8462189763779522
21
-3.9478687007874016
0
LINE
8
BLACK
6
CONTINUOUS
10
5.8462189763779522
20
-3.9478687007874016
11
5.8481934251968504
21
-3.9476226377952757
0
LINE
8
BLACK
6
CONTINUOUS
10
5.8481934251968504
20
-3.9476226377952757
11
5.8481935039370079
21
-3.9476225590551182
0
LINE
8
BLACK
6
CONTINUOUS
10
5.8481935039370079
20
-3.9476225590551182
11
5.8484285826771654
21
-3.9475526377952757
0
LINE
8
BLACK
6
CONTINUOUS
10
5.8484285826771654
20
-3.9475526377952757
11
5.8484326771653539
21
-3.9475664566929134
0
LINE
8
BLACK
6
CONTINUOUS
10
5.8484326771653539
20
-3.9475664566929134
11
5.8485255511811021
21
-3.9475367322834645
0
LINE
8
BLACK
6
CONTINUOUS
10
5.8485255511811021
20
-3.9475367322834645
11
5.8485208661417323
21
-3.9475230708661417
0
LINE
8
BLACK
6
CONTINUOUS
10
5.8485208661417323
20
-3.9475230708661417
11
5.8487525984251967
21
-3.9474434645669292
0
LINE
8
BLACK
6
CONTINUOUS
10
5.8487525984251967
20
-3.9474434645669292
11
5.8487529133858267
21
-3.9474434251968504
0
LINE
8
BLACK
6
CONTINUOUS
10
5.8487529133858267
20
-3.9474434251968504
11
5.8505027952755908
21
-3.946496377952756
0
LINE
8
BLACK
6
CONTINUOUS
10
5.8505027952755908
20
-3.946496377952756
11
5.850609291338583
21
-3.9464415354330709
0
LINE
8
BLACK
6
CONTINUOUS
10
5.850609291338583
20
-3.9464415354330709
11
5.8523969291338584
21
-3.9455676771653541
0
LINE
8
BLACK
6
CONTINUOUS
10
5.8523969291338584
20
-3.9455676771653541
11
5.8523971259842522
21
-3.945567440944882
0
LINE
8
BLACK
6
CONTINUOUS
10
5.8523971259842522
20
-3.945567440944882
11
5.8525967322834642
21
-3.9454249999999997
0
LINE
8
BLACK
6
CONTINUOUS
10
5.8525967322834642
20
-3.9454249999999997
11
5.8526051574803146
21
-3.945436811023622
0
LINE
8
BLACK
6
CONTINUOUS
10
5.8526051574803146
20
-3.945436811023622
11
5.8526831496062988
21
-3.945378661417323
0
LINE
8
BLACK
6
CONTINUOUS
10
5.8526831496062988
20
-3.945378661417323
11
5.8526742519685042
21
-3.9453672440944882
0
LINE
8
BLACK
6
CONTINUOUS
10
5.8526742519685042
20
-3.9453672440944882
11
5.8528676771653538
21
-3.9452166141732281
0
LINE
8
BLACK
6
CONTINUOUS
10
5.8528676771653538
20
-3.9452166141732281
11
5.8528679527559051
21
-3.9452164960629919
0
LINE
8
BLACK
6
CONTINUOUS
10
5.8528679527559051
20
-3.9452164960629919
11
5.8542158267716538
21
-3.9437522047244093
0
LINE
8
BLACK
6
CONTINUOUS
10
5.8542158267716538
20
-3.9437522047244093
11
5.8542987401574802
21
-3.9436657874015748
0
LINE
8
BLACK
6
CONTINUOUS
10
5.8542987401574802
20
-3.9436657874015748
11
5.8648258661417323
21
-3.933138779527559
0
LINE
8
BLACK
6
CONTINUOUS
10
5.8648258661417323
20
-3.933138779527559
11
5.8666612992125984
21
-3.9322829133858268
0
LINE
8
BLACK
6
CONTINUOUS
10
5.8666612992125984
20
-3.9322829133858268
11
5.8669193307086616
21
-3.9322716535433071
0
LINE
8
BLACK
6
CONTINUOUS
10
5.8669193307086616
20
-3.9322716535433071
11
6.0939120472440944
21
-3.9322716535433071
0
LINE
8
BLACK
6
CONTINUOUS
10
6.0939120472440944
20
-3.9322716535433071
11
6.0945195275590551
21
-3.9323346456692914
0
LINE
8
BLACK
6
CONTINUOUS
10
6.0945195275590551
20
-3.9323346456692914
11
6.0946051181102359
21
-3.932352559055118
0
LINE
8
BLACK
6
CONTINUOUS
10
6.0946051181102359
20
-3.932352559055118
11
6.0950858661417318
21
-3.9324533858267716
0
LINE
8
BLACK
6
CONTINUOUS
10
6.0950858661417318
20
-3.9324533858267716
11
6.0963612204724411
21
-3.9322943700787403
0
LINE
8
BLACK
6
CONTINUOUS
10
6.0963612204724411
20
-3.9322943700787403
11
6.0967274015748032
21
-3.9322716535433071
0
LINE
8
BLACK
6
CONTINUOUS
10
6.0967274015748032
20
-3.9322716535433071
11
6.0968348425196845
21
-3.9322716535433071
0
LINE
8
BLACK
6
CONTINUOUS
10
6.0968348425196845
20
-3.9322716535433071
11
6.0968349606299208
21
-3.9322716535433071
0
LINE
8
BLACK
6
CONTINUOUS
10
6.0968349606299208
20
-3.9322716535433071
11
6.0976357480314958
21
-3.932137992125984
0
LINE
8
BLACK
6
CONTINUOUS
10
6.0976357480314958
20
-3.932137992125984
11
6.097754409448819
21
-3.9321206692913386
0
LINE
8
BLACK
6
CONTINUOUS
10
6.097754409448819
20
-3.9321206692913386
11
6.0997288582677163
21
-3.9318746062992127
0
LINE
8
BLACK
6
CONTINUOUS
10
6.0997288582677163
20
-3.9318746062992127
11
6.0997289370078738
21
-3.9318745275590552
0
LINE
8
BLACK
6
CONTINUOUS
10
6.0997289370078738
20
-3.9318745275590552
11
6.0999640157480313
21
-3.9318046062992127
0
LINE
8
BLACK
6
CONTINUOUS
10
6.0999640157480313
20
-3.9318046062992127
11
6.0999681102362207
21
-3.9318184251968504
0
LINE
8
BLACK
6
CONTINUOUS
10
6.0999681102362207
20
-3.9318184251968504
11
6.100060984251968
21
-3.9317887007874015
0
LINE
8
BLACK
6
CONTINUOUS
10
6.100060984251968
20
-3.9317887007874015
11
6.1000562992125982
21
-3.9317750393700788
0
LINE
8
BLACK
6
CONTINUOUS
10
6.1000562992125982
20
-3.9317750393700788
11
6.1002880314960626
21
-3.9316954330708662
0
LINE
8
BLACK
6
CONTINUOUS
10
6.1002880314960626
20
-3.9316954330708662
11
6.1002883464566926
21
-3.9316953937007875
0
LINE
8
BLACK
6
CONTINUOUS
10
6.1002883464566926
20
-3.9316953937007875
11
6.1020382283464567
21
-3.930748346456693
0
LINE
8
BLACK
6
CONTINUOUS
10
6.1020382283464567
20
-3.930748346456693
11
6.1021447244094489
21
-3.9306935039370079
0
LINE
8
BLACK
6
CONTINUOUS
10
6.1021447244094489
20
-3.9306935039370079
11
6.1039323622047243
21
-3.9298196456692911
0
LINE
8
BLACK
6
CONTINUOUS
10
6.1039323622047243
20
-3.9298196456692911
11
6.1039325590551181
21
-3.929819409448819
0
LINE
8
BLACK
6
CONTINUOUS
10
6.1039325590551181
20
-3.929819409448819
11
6.104132165354331
21
-3.9296769685039368
0
LINE
8
BLACK
6
CONTINUOUS
10
6.104132165354331
20
-3.9296769685039368
11
6.1041405905511805
21
-3.929688779527559
0
LINE
8
BLACK
6
CONTINUOUS
10
6.1041405905511805
20
-3.929688779527559
11
6.1042185826771655
21
-3.9296306299212596
0
LINE
8
BLACK
6
CONTINUOUS
10
6.1042185826771655
20
-3.9296306299212596
11
6.1042096850393701
21
-3.9296192125984253
0
LINE
8
BLACK
6
CONTINUOUS
10
6.1042096850393701
20
-3.9296192125984253
11
6.1044032283464569
21
-3.9294685039370076
0
LINE
8
BLACK
6
CONTINUOUS
10
6.1044032283464569
20
-3.9294685039370076
11
6.1044033858267719
21
-3.9294684645669289
0
LINE
8
BLACK
6
CONTINUOUS
10
6.1044033858267719
20
-3.9294684645669289
11
6.1057517322834647
21
-3.9280036614173226
0
LINE
8
BLACK
6
CONTINUOUS
10
6.1057517322834647
20
-3.9280036614173226
11
6.1058346850393699
21
-3.9279172440944881
0
LINE
8
BLACK
6
CONTINUOUS
10
6.1058346850393699
20
-3.9279172440944881
11
6.153519409448819
21
-3.8802325196850393
0
LINE
8
BLACK
6
CONTINUOUS
10
6.153519409448819
20
-3.8802325196850393
11
6.1553548031496064
21
-3.8793766535433072
0
LINE
8
BLACK
6
CONTINUOUS
10
6.1553548031496064
20
-3.8793766535433072
11
6.1568640551181097
21
-3.8796427952755903
0
LINE
8
BLACK
6
CONTINUOUS
10
6.1568640551181097
20
-3.8796427952755903
11
6.1602823622047245
21
-3.8812367322834644
0
LINE
8
BLACK
6
CONTINUOUS
10
6.1602823622047245
20
-3.8812367322834644
11
6.1615206299212595
21
-3.8818141732283462
0
LINE
8
BLACK
6
CONTINUOUS
10
6.1615206299212595
20
-3.8818141732283462
11
6.1698057086614169
21
-3.8840341732283465
0
LINE
8
BLACK
6
CONTINUOUS
10
6.1698057086614169
20
-3.8840341732283465
11
6.1783503937007875
21
-3.8847817322834644
0
LINE
8
BLACK
6
CONTINUOUS
10
6.1783503937007875
20
-3.8847817322834644
11
6.1868950787401573
21
-3.8840341732283465
0
LINE
8
BLACK
6
CONTINUOUS
10
6.1868950787401573
20
-3.8840341732283465
11
6.1951801574803147
21
-3.8818141732283462
0
LINE
8
BLACK
6
CONTINUOUS
10
6.1951801574803147
20
-3.8818141732283462
11
6.2009971653543303
21
-3.8791016535433069
0
LINE
8
BLACK
6
CONTINUOUS
10
6.2009971653543303
20
-3.8791016535433069
11
6.2029536220472439
21
-3.87818937007874
0
LINE
8
BLACK
6
CONTINUOUS
10
6.2029536220472439
20
-3.87818937007874
11
6.2029536220472439
21
-3.8781893307086612
0
LINE
8
BLACK
6
CONTINUOUS
10
6.2029536220472439
20
-3.8781893307086612
11
6.2029538582677164
21
-3.8781892519685037
0
LINE
8
BLACK
6
CONTINUOUS
10
6.2029538582677164
20
-3.8781892519685037
11
6.2099799999999998
21
-3.8732694881889764
0
LINE
8
BLACK
6
CONTINUOUS
10
6.2099799999999998
20
-3.8732694881889764
11
6.2160450787401578
21
-3.8672044094488189
0
LINE
8
BLACK
6
CONTINUOUS
10
6.2160450787401578
20
-3.8672044094488189
11
6.2209648425196846
21
-3.8601782677165355
0
LINE
8
BLACK
6
CONTINUOUS
10
6.2209648425196846
20
-3.8601782677165355
11
6.2245897637795276
21
-3.8524045669291338
0
LINE
8
BLACK
6
CONTINUOUS
10
6.2245897637795276
20
-3.8524045669291338
11
6.226809763779527
21
-3.8441194881889764
0
LINE
8
BLACK
6
CONTINUOUS
10
6.226809763779527
20
-3.8441194881889764
11
6.2275573228346452
21
-3.8355748031496062
0
LINE
8
BLACK
6
CONTINUOUS
10
6.2275573228346452
20
-3.8355748031496062
11
6.226809763779527
21
-3.827030118110236
0
LINE
8
BLACK
6
CONTINUOUS
10
6.226809763779527
20
-3.827030118110236
11
6.2245897637795276
21
-3.8187450393700786
0
LINE
8
BLACK
6
CONTINUOUS
10
6.2245897637795276
20
-3.8187450393700786
11
6.223981456692913
21
-3.8174405905511812
0
LINE
8
BLACK
6
CONTINUOUS
10
6.223981456692913
20
-3.8174405905511812
11
6.2209649606299209
21
-3.8109715354330707
0
LINE
8
BLACK
6
CONTINUOUS
10
6.2209649606299209
20
-3.8109715354330707
11
6.2209648425196846
21
-3.8109714173228344
0
LINE
8
BLACK
6
CONTINUOUS
10
6.2209648425196846
20
-3.8109714173228344
11
6.2209648425196846
21
-3.8109713385826769
0
LINE
8
BLACK
6
CONTINUOUS
10
6.2209648425196846
20
-3.8109713385826769
11
6.2160450787401578
21
-3.8039451968503935
0
LINE
8
BLACK
6
CONTINUOUS
10
6.2160450787401578
20
-3.8039451968503935
11
6.216045039370079
21
-3.8039451574803147
0
LINE
8
BLACK
6
CONTINUOUS
10
6.216045039370079
20
-3.8039451574803147
11
6.2160449606299215
21
-3.8039450393700784
0
LINE
8
BLACK
6
CONTINUOUS
10
6.2160449606299215
20
-3.8039450393700784
11
6.2099801181102361
21
-3.7978801968503935
0
LINE
8
BLACK
6
CONTINUOUS
10
6.2099801181102361
20
-3.7978801968503935
11
6.2047728346456692
21
-3.7942340157480312
0
LINE
8
BLACK
6
CONTINUOUS
10
6.2047728346456692
20
-3.7942340157480312
11
6.2029538582677164
21
-3.7929603543307087
0
LINE
8
BLACK
6
CONTINUOUS
10
6.2029538582677164
20
-3.7929603543307087
11
6.2029538188976376
21
-3.7929603149606299
0
LINE
8
BLACK
6
CONTINUOUS
10
6.2029538188976376
20
-3.7929603149606299
11
6.2029536220472439
21
-3.7929601968503937
0
LINE
8
BLACK
6
CONTINUOUS
10
6.2029536220472439
20
-3.7929601968503937
11
6.195180275590551
21
-3.7893354724409449
0
LINE
8
BLACK
6
CONTINUOUS
10
6.195180275590551
20
-3.7893354724409449
11
6.1951801181102359
21
-3.7893353937007874
0
LINE
8
BLACK
6
CONTINUOUS
10
6.1951801181102359
20
-3.7893353937007874
11
6.1895212598425191
21
-3.7878190944881891
0
LINE
8
BLACK
6
CONTINUOUS
10
6.1895212598425191
20
-3.7878190944881891
11
6.1868950787401573
21
-3.7871154330708658
0
LINE
8
BLACK
6
CONTINUOUS
10
6.1868950787401573
20
-3.7871154330708658
11
6.1868949999999998
21
-3.7871153937007875
0
LINE
8
BLACK
6
CONTINUOUS
10
6.1868949999999998
20
-3.7871153937007875
11
6.1868948818897636
21
-3.7871153937007875
0
LINE
8
BLACK
6
CONTINUOUS
10
6.1868948818897636
20
-3.7871153937007875
11
6.1783503937007875
21
-3.786367874015748
0
LINE
8
BLACK
6
CONTINUOUS
10
6.1783503937007875
20
-3.786367874015748
11
6.1698058661417319
21
-3.7871153937007875
0
LINE
8
BLACK
6
CONTINUOUS
10
6.1698058661417319
20
-3.7871153937007875
11
6.1615206299212595
21
-3.7893353937007874
0
LINE
8
BLACK
6
CONTINUOUS
10
6.1615206299212595
20
-3.7893353937007874
11
6.1615204724409445
21
-3.7893354724409449
0
LINE
8
BLACK
6
CONTINUOUS
10
6.1615204724409445
20
-3.7893354724409449
11
6.1537471259842516
21
-3.7929601968503937
0
LINE
8
BLACK
6
CONTINUOUS
10
6.1537471259842516
20
-3.7929601968503937
11
6.1467206299212593
21
-3.7978801968503935
0
LINE
8
BLACK
6
CONTINUOUS
10
6.1467206299212593
20
-3.7978801968503935
11
6.1406557874015748
21
-3.8039450393700784
0
LINE
8
BLACK
6
CONTINUOUS
10
6.1406557874015748
20
-3.8039450393700784
11
6.1368188976377951
21
-3.8094247244094488
0
LINE
8
BLACK
6
CONTINUOUS
10
6.1368188976377951
20
-3.8094247244094488
11
6.1351599606299212
21
-3.8105863385826773
0
LINE
8
BLACK
6
CONTINUOUS
10
6.1351599606299212
20
-3.8105863385826773
11
6.1331424803149606
21
-3.8104098031496063
0
LINE
8
BLACK
6
CONTINUOUS
10
6.1331424803149606
20
-3.8104098031496063
11
6.131710472440945
21
-3.8089777952755903
0
LINE
8
BLACK
6
CONTINUOUS
10
6.131710472440945
20
-3.8089777952755903
11
6.1314330708661418
21
-3.8077265748031497
0
LINE
8
BLACK
6
CONTINUOUS
10
6.1314330708661418
20
-3.8077265748031497
11
6.1314330708661418
21
-3.7915326377952754
0
LINE
8
BLACK
6
CONTINUOUS
10
6.1314330708661418
20
-3.7915326377952754
11
6.131433031496063
21
-3.7915322440944883
0
LINE
8
BLACK
6
CONTINUOUS
10
6.131433031496063
20
-3.7915322440944883
11
6.1310374409448816
21
-3.7888174015748031
0
LINE
8
BLACK
6
CONTINUOUS
10
6.1310374409448816
20
-3.7888174015748031
11
6.1289899212598424
21
-3.7846291338582678
0
LINE
8
BLACK
6
CONTINUOUS
10
6.1289899212598424
20
-3.7846291338582678
11
6.1256936614173227
21
-3.7813328740157481
0
LINE
8
BLACK
6
CONTINUOUS
10
6.1256936614173227
20
-3.7813328740157481
11
6.1215053543307087
21
-3.7792853543307086
0
LINE
8
BLACK
6
CONTINUOUS
10
6.1215053543307087
20
-3.7792853543307086
11
6.1215053937007875
21
-3.7792853543307086
0
LINE
8
BLACK
6
CONTINUOUS
10
6.1215053937007875
20
-3.7792853543307086
11
6.1187905511811023
21
-3.7788897637795276
0
LINE
8
BLACK
6
CONTINUOUS
10
6.1187905511811023
20
-3.7788897637795276
11
6.0909842519685036
21
-3.7788897637795276
0
LINE
8
BLACK
6
CONTINUOUS
10
6.0909842519685036
20
-3.7788897637795276
11
6.0909842519685036
21
-3.7928582677165354
0
LINE
8
BLACK
6
CONTINUOUS
10
6.0909842519685036
20
-3.7928582677165354
11
6.1174645669291339
21
-3.7928582677165354
0
LINE
8
BLACK
6
CONTINUOUS
10
6.1174645669291339
20
-3.7928582677165354
11
6.1174645669291339
21
-3.8637244094488188
0
LINE
8
BLACK
6
CONTINUOUS
10
6.1174645669291339
20
-3.8637244094488188
11
6.0909842519685036
21
-3.8637244094488188
0
LINE
8
BLACK
6
CONTINUOUS
10
6.0909842519685036
20
-3.8637244094488188
11
6.0909842519685036
21
-3.8776929133858267
0
LINE
8
BLACK
6
CONTINUOUS
10
6.0909842519685036
20
-3.8776929133858267
11
6.1092578740157482
21
-3.8776929133858267
0
LINE
8
BLACK
6
CONTINUOUS
10
6.1092578740157482
20
-3.8776929133858267
11
6.11116094488189
21
-3.8783855511811023
0
LINE
8
BLACK
6
CONTINUOUS
10
6.11116094488189
20
-3.8783855511811023
11
6.1121735433070867
21
-3.8801394488188974
0
LINE
8
BLACK
6
CONTINUOUS
10
6.1121735433070867
20
-3.8801394488188974
11
6.1118218503937003
21
-3.8821338582677165
0
LINE
8
BLACK
6
CONTINUOUS
10
6.1118218503937003
20
-3.8821338582677165
11
6.1113513385826774
21
-3.8827470078740158
0
LINE
8
BLACK
6
CONTINUOUS
10
6.1113513385826774
20
-3.8827470078740158
11
6.0907332677165353
21
-3.9033651181102362
0
LINE
8
BLACK
6
CONTINUOUS
10
6.0907332677165353
20
-3.9033651181102362
11
6.0888978346456692
21
-3.9042210236220471
0
LINE
8
BLACK
6
CONTINUOUS
10
6.0888978346456692
20
-3.9042210236220471
11
6.0886398031496061
21
-3.9042322834645669
0
LINE
8
BLACK
6
CONTINUOUS
10
6.0886398031496061
20
-3.9042322834645669
11
5.861646811023622
21
-3.9042322834645669
0
LINE
8
BLACK
6
CONTINUOUS
10
5.861646811023622
20
-3.9042322834645669
11
5.8610393307086612
21
-3.9041692913385826
0
LINE
8
BLACK
6
CONTINUOUS
10
5.8610393307086612
20
-3.9041692913385826
11
5.8604731889763775
21
-3.9040505905511811
0
LINE
8
BLACK
6
CONTINUOUS
10
5.8604731889763775
20
-3.9040505905511811
11
5.8591977559055115
21
-3.9042095669291337
0
LINE
8
BLACK
6
CONTINUOUS
10
5.8591977559055115
20
-3.9042095669291337
11
5.8588316141732282
21
-3.9042322834645669
0
LINE
8
BLACK
6
CONTINUOUS
10
5.8588316141732282
20
-3.9042322834645669
11
5.858723818897638
21
-3.9042322834645669
0
LINE
8
BLACK
6
CONTINUOUS
10
5.858723818897638
20
-3.9042322834645669
11
5.8579234251968506
21
-3.9043658267716537
0
LINE
8
BLACK
6
CONTINUOUS
10
5.8579234251968506
20
-3.9043658267716537
11
5.8578025196850394
21
-3.9043834251968503
0
LINE
8
BLACK
6
CONTINUOUS
10
5.8578025196850394
20
-3.9043834251968503
11
5.8558302362204726
21
-3.9046292913385825
0
LINE
8
BLACK
6
CONTINUOUS
10
5.8558302362204726
20
-3.9046292913385825
11
5.8555951181102364
21
-3.9046992913385825
0
LINE
8
BLACK
6
CONTINUOUS
10
5.8555951181102364
20
-3.9046992913385825
11
5.8555910629921257
21
-3.9046857086614173
0
LINE
8
BLACK
6
CONTINUOUS
10
5.8555910629921257
20
-3.9046857086614173
11
5.8554981889763775
21
-3.904715472440945
0
LINE
8
BLACK
6
CONTINUOUS
10
5.8554981889763775
20
-3.904715472440945
11
5.8555027952755907
21
-3.9047288582677164
0
LINE
8
BLACK
6
CONTINUOUS
10
5.8555027952755907
20
-3.9047288582677164
11
5.8552705511811025
21
-3.9048085826771652
0
LINE
8
BLACK
6
CONTINUOUS
10
5.8552705511811025
20
-3.9048085826771652
11
5.8535218897637797
21
-3.9057548818897638
0
LINE
8
BLACK
6
CONTINUOUS
10
5.8535218897637797
20
-3.9057548818897638
11
5.8534131889763774
21
-3.9058108661417323
0
LINE
8
BLACK
6
CONTINUOUS
10
5.8534131889763774
20
-3.9058108661417323
11
5.8516267322834645
21
-3.9066842125984249
0
LINE
8
BLACK
6
CONTINUOUS
10
5.8516267322834645
20
-3.9066842125984249
11
5.8514271653543304
21
-3.9068267322834647
0
LINE
8
BLACK
6
CONTINUOUS
10
5.8514271653543304
20
-3.9068267322834647
11
5.851418897637795
21
-3.9068151181102362
0
LINE
8
BLACK
6
CONTINUOUS
10
5.851418897637795
20
-3.9068151181102362
11
5.8513403937007871
21
-3.9068736614173227
0
LINE
8
BLACK
6
CONTINUOUS
10
5.8513403937007871
20
-3.9068736614173227
11
5.8513491338582675
21
-3.9068849212598424
0
LINE
8
BLACK
6
CONTINUOUS
10
5.8513491338582675
20
-3.9068849212598424
11
5.8511555118110232
21
-3.9070355905511809
0
LINE
8
BLACK
6
CONTINUOUS
10
5.8511555118110232
20
-3.9070355905511809
11
5.8498089763779531
21
-3.9084983070866142
0
LINE
8
BLACK
6
CONTINUOUS
10
5.8498089763779531
20
-3.9084983070866142
11
5.8497243307086615
21
-3.9085865354330709
0
LINE
8
BLACK
6
CONTINUOUS
10
5.8497243307086615
20
-3.9085865354330709
11
5.8391978346456694
21
-3.9191131496062992
0
LINE
8
BLACK
6
CONTINUOUS
10
5.8391978346456694
20
-3.9191131496062992
11
5.8373624015748034
21
-3.9199690551181101
0
LINE
8
BLACK
6
CONTINUOUS
10
5.8373624015748034
20
-3.9199690551181101
11
5.8371043307086614
21
-3.9199803149606298
0
LINE
8
BLACK
6
CONTINUOUS
10
5.8371043307086614
20
-3.9199803149606298
11
5.8339137007874013
21
-3.9199803149606298
0
LINE
8
BLACK
6
CONTINUOUS
10
5.8339137007874013
20
-3.9199803149606298
11
5.8320106299212595
21
-3.9192876771653542
0
LINE
8
BLACK
6
CONTINUOUS
10
5.8320106299212595
20
-3.9192876771653542
11
5.8310539370078738
21
-3.9177859448818895
0
LINE
8
BLACK
6
CONTINUOUS
10
5.8310539370078738
20
-3.9177859448818895
11
5.8308889763779526
21
-3.9171702362204726
0
LINE
8
BLACK
6
CONTINUOUS
10
5.8308889763779526
20
-3.9171702362204726
11
5.829656889763779
21
-3.9145279921259841
0
LINE
8
BLACK
6
CONTINUOUS
10
5.829656889763779
20
-3.9145279921259841
11
5.8272641732283459
21
-3.9093967322834646
0
LINE
8
BLACK
6
CONTINUOUS
10
5.8272641732283459
20
-3.9093967322834646
11
5.8272640551181105
21
-3.9093966141732284
0
LINE
8
BLACK
6
CONTINUOUS
10
5.8272640551181105
20
-3.9093966141732284
11
5.8272640551181105
21
-3.9093965354330709
0
LINE
8
BLACK
6
CONTINUOUS
10
5.8272640551181105
20
-3.9093965354330709
11
5.8223442913385828
21
-3.9023703937007874
0
LINE
8
BLACK
6
CONTINUOUS
10
5.8223442913385828
20
-3.9023703937007874
11
5.822344251968504
21
-3.9023703543307087
0
LINE
8
BLACK
6
CONTINUOUS
10
5.822344251968504
20
-3.9023703543307087
11
5.8223441732283465
21
-3.9023702362204724
0
LINE
8
BLACK
6
CONTINUOUS
10
5.8223441732283465
20
-3.9023702362204724
11
5.8162794881889761
21
-3.8963055511811024
0
LINE
8
BLACK
6
CONTINUOUS
10
5.8162794881889761
20
-3.8963055511811024
11
5.8162793307086611
21
-3.8963054330708662
0
LINE
8
BLACK
6
CONTINUOUS
10
5.8162793307086611
20
-3.8963054330708662
11
5.8162792125984248
21
-3.8963053149606299
0
LINE
8
BLACK
6
CONTINUOUS
10
5.8162792125984248
20
-3.8963053149606299
11
5.8149940157480318
21
-3.8954054330708661
0
LINE
8
BLACK
6
CONTINUOUS
10
5.8149940157480318
20
-3.8954054330708661
11
5.8138325590551183
21
-3.8937466141732284
0
LINE
8
BLACK
6
CONTINUOUS
10
5.8138325590551183
20
-3.8937466141732284
11
5.8140090157480318
21
-3.8917291338582678
0
LINE
8
BLACK
6
CONTINUOUS
10
5.8140090157480318
20
-3.8917291338582678
11
5.815441062992126
21
-3.8902970866141731
0
LINE
8
BLACK
6
CONTINUOUS
10
5.815441062992126
20
-3.8902970866141731
11
5.8166922834645671
21
-3.8900196850393698
0
LINE
8
BLACK
6
CONTINUOUS
10
5.8166922834645671
20
-3.8900196850393698
11
5.9090514566929135
21
-3.8900196850393698
0
LINE
8
BLACK
6
CONTINUOUS
10
5.9090514566929135
20
-3.8900196850393698
11
5.9090528740157477
21
-3.890019645669291
0
LINE
8
BLACK
6
CONTINUOUS
10
5.9090528740157477
20
-3.890019645669291
11
5.9107232283464564
21
-3.890019645669291
0
LINE
8
BLACK
6
CONTINUOUS
10
5.9107232283464564
20
-3.890019645669291
11
5.9107233858267714
21
-3.890019645669291
0
LINE
8
BLACK
6
CONTINUOUS
10
5.9107233858267714
20
-3.890019645669291
11
5.9122705905511808
21
-3.8896664960629921
0
LINE
8
BLACK
6
CONTINUOUS
10
5.9122705905511808
20
-3.8896664960629921
11
5.9125973622047239
21
-3.8896109842519686
0
LINE
8
BLACK
6
CONTINUOUS
10
5.9125973622047239
20
-3.8896109842519686
11
5.9141745669291339
21
-3.8894333070866143
0
LINE
8
BLACK
6
CONTINUOUS
10
5.9141745669291339
20
-3.8894333070866143
11
5.9156730314960626
21
-3.888908897637795
0
LINE
8
BLACK
6
CONTINUOUS
10
5.9156730314960626
20
-3.888908897637795
11
5.9159911811023624
21
-3.8888172834645669
0
LINE
8
BLACK
6
CONTINUOUS
10
5.9159911811023624
20
-3.8888172834645669
11
5.9175383070866143
21
-3.888464212598425
0
LINE
8
BLACK
6
CONTINUOUS
10
5.9175383070866143
20
-3.888464212598425
11
5.9189677559055118
21
-3.8877757480314958
0
LINE
8
BLACK
6
CONTINUOUS
10
5.9189677559055118
20
-3.8877757480314958
11
5.9192744488188973
21
-3.8876487401574802
0
LINE
8
BLACK
6
CONTINUOUS
10
5.9192744488188973
20
-3.8876487401574802
11
5.9207724409448819
21
-3.8871246062992126
0
LINE
8
BLACK
6
CONTINUOUS
10
5.9207724409448819
20
-3.8871246062992126
11
5.922116889763779
21
-3.8862797637795277
0
LINE
8
BLACK
6
CONTINUOUS
10
5.922116889763779
20
-3.8862797637795277
11
5.9224061023622045
21
-3.8861199212598425
0
LINE
8
BLACK
6
CONTINUOUS
10
5.9224061023622045
20
-3.8861199212598425
11
5.9238362204724408
21
-3.8854312992125983
0
LINE
8
BLACK
6
CONTINUOUS
10
5.9238362204724408
20
-3.8854312992125983
11
5.9250774803149602
21
-3.884441377952756
0
LINE
8
BLACK
6
CONTINUOUS
10
5.9250774803149602
20
-3.884441377952756
11
5.9253469291338581
21
-3.8842501968503935
0
LINE
8
BLACK
6
CONTINUOUS
10
5.9253469291338581
20
-3.8842501968503935
11
5.9266911811023624
21
-3.8834055905511811
0
LINE
8
BLACK
6
CONTINUOUS
10
5.9266911811023624
20
-3.8834055905511811
11
5.9278024015748034
21
-3.8822942913385825
0
LINE
8
BLACK
6
CONTINUOUS
10
5.9278024015748034
20
-3.8822942913385825
11
5.9278027165354326
21
-3.88229405511811
0
LINE
8
BLACK
6
CONTINUOUS
10
5.9278027165354326
20
-3.88229405511811
11
5.9279307480314962
21
-3.8821659842519685
0
LINE
8
BLACK
6
CONTINUOUS
10
5.9279307480314962
20
-3.8821659842519685
11
5.9279308661417325
21
-3.8821659448818897
0
LINE
8
BLACK
6
CONTINUOUS
10
5.9279308661417325
20
-3.8821659448818897
11
5.9335800393700788
21
-3.8765166929133859
0
LINE
8
BLACK
6
CONTINUOUS
10
5.9335800393700788
20
-3.8765166929133859
11
5.9354155118110237
21
-3.8756608267716532
0
LINE
8
BLACK
6
CONTINUOUS
10
5.9354155118110237
20
-3.8756608267716532
11
5.9356735433070869
21
-3.875649566929134
0
LINE
8
BLACK
6
CONTINUOUS
10
5.9356735433070869
20
-3.875649566929134
11
6.0015218897637794
21
-3.875649566929134
0
LINE
8
BLACK
6
CONTINUOUS
10
6.0015218897637794
20
-3.875649566929134
11
6.0032778740157475
21
-3.8753003149606298
0
LINE
8
BLACK
6
CONTINUOUS
10
6.0032778740157475
20
-3.8753003149606298
11
6.0052690551181103
21
-3.8739698425196849
0
LINE
8
BLACK
6
CONTINUOUS
10
6.0052690551181103
20
-3.8739698425196849
11
6.0065995275590547
21
-3.8719786614173226
0
LINE
8
BLACK
6
CONTINUOUS
10
6.0065995275590547
20
-3.8719786614173226
11
6.0069488188976381
21
-3.8702227165354328
0
LINE
8
BLACK
6
CONTINUOUS
10
6.0069488188976381
20
-3.8702227165354328
11
6.0069487795275593
21
-3.8352755905511811
0
LINE
8
BLACK
6
CONTINUOUS
10
6.0069487795275593
20
-3.8352755905511811
11
6.0069487795275593
21
-3.8213070866141732
0
LINE
8
BLACK
6
CONTINUOUS
10
6.0069487795275593
20
-3.8213070866141732
11
6.0069487795275593
21
-3.7942340157480312
0
LINE
8
BLACK
6
CONTINUOUS
10
6.0069487795275593
20
-3.7942340157480312
11
6.0065995275590547
21
-3.7924780314960631
0
LINE
8
BLACK
6
CONTINUOUS
10
6.0065995275590547
20
-3.7924780314960631
11
6.0059675590551178
21
-3.7915322440944883
0
LINE
8
BLACK
6
CONTINUOUS
10
6.0059675590551178
20
-3.7915322440944883
11
6.005269094488189
21
-3.7904868897637796
0
LINE
8
BLACK
6
CONTINUOUS
10
6.005269094488189
20
-3.7904868897637796
11
6.005268937007874
21
-3.7904867716535433
0
LINE
8
BLACK
6
CONTINUOUS
10
6.005268937007874
20
-3.7904867716535433
11
6.0032778740157475
21
-3.7891563779527559
0
LINE
8
BLACK
6
CONTINUOUS
10
6.0032778740157475
20
-3.7891563779527559
11
6.00327779527559
21
-3.7891563385826772
0
LINE
8
BLACK
6
CONTINUOUS
10
6.00327779527559
20
-3.7891563385826772
11
6.0015219291338582
21
-3.788807086614173
0
LINE
8
BLACK
6
CONTINUOUS
10
6.0015219291338582
20
-3.788807086614173
11
5.86647811023622
21
-3.788807086614173
0
LINE
8
BLACK
6
CONTINUOUS
10
5.86647811023622
20
-3.788807086614173
11
5.8664780314960625
21
-3.7888071259842517
0
LINE
8
BLACK
6
CONTINUOUS
10
5.8664780314960625
20
-3.7888071259842517
11
5.8647220472440944
21
-3.7891563779527559
0
LINE
8
BLACK
6
CONTINUOUS
10
5.8647220472440944
20
-3.7891563779527559
11
5.8627309842519688
21
-3.7904867716535433
0
LINE
8
BLACK
6
CONTINUOUS
10
5.8627309842519688
20
-3.7904867716535433
11
5.8614004724409448
21
-3.7924780314960631
0
LINE
8
BLACK
6
CONTINUOUS
10
5.8614004724409448
20
-3.7924780314960631
11
5.861400433070866
21
-3.7924780708661419
0
LINE
8
BLACK
6
CONTINUOUS
10
5.861400433070866
20
-3.7924780708661419
11
5.8610511811023622
21
-3.7942339370078741
0
LINE
8
BLACK
6
CONTINUOUS
10
5.8610511811023622
20
-3.7942339370078741
11
5.8610511811023622
21
-3.8250196850393698
0
LINE
8
BLACK
6
CONTINUOUS
10
5.8610511811023622
20
-3.8250196850393698
11
5.8603585433070862
21
-3.8269227559055117
0
LINE
8
BLACK
6
CONTINUOUS
10
5.8603585433070862
20
-3.8269227559055117
11
5.8586046456692911
21
-3.8279353543307084
0
LINE
8
BLACK
6
CONTINUOUS
10
5.8586046456692911
20
-3.8279353543307084
11
5.8580905511811023
21
-3.8279803149606297
0
LINE
8
BLACK
6
CONTINUOUS
10
5.8580905511811023
20
-3.8279803149606297
11
5.7378617322834646
21
-3.8279803149606297
0
LINE
8
BLACK
6
CONTINUOUS
10
5.7378617322834646
20
-3.8279803149606297
11
5.7359586614173228
21
-3.8272876771653541
0
LINE
8
BLACK
6
CONTINUOUS
10
5.7359586614173228
20
-3.8272876771653541
11
5.7349579921259846
21
-3.8255972440944883
0
LINE
8
BLACK
6
CONTINUOUS
10
5.7349579921259846
20
-3.8255972440944883
11
5.734670393700787
21
-3.8241512992125983
0
LINE
8
BLACK
6
CONTINUOUS
10
5.734670393700787
20
-3.8241512992125983
11
5.734670393700787
21
-3.8241512598425196
0
LINE
8
BLACK
6
CONTINUOUS
10
5.734670393700787
20
-3.8241512598425196
11
5.7333399212598426
21
-3.8221600787401573
0
LINE
8
BLACK
6
CONTINUOUS
10
5.7333399212598426
20
-3.8221600787401573
11
5.7313487401574799
21
-3.8208296062992124
0
LINE
8
BLACK
6
CONTINUOUS
10
5.7313487401574799
20
-3.8208296062992124
11
5.7313486614173224
21
-3.8208295669291337
0
LINE
8
BLACK
6
CONTINUOUS
10
5.7313486614173224
20
-3.8208295669291337
11
5.7295927952755905
21
-3.8204803149606299
0
LINE
8
BLACK
6
CONTINUOUS
10
5.7295927952755905
20
-3.8204803149606299
11
5.663407244094488
21
-3.8204803149606299
0
LINE
8
BLACK
6
CONTINUOUS
10
5.663407244094488
20
-3.8204803149606299
11
5.6634071653543305
21
-3.8204803543307086
0
LINE
8
BLACK
6
CONTINUOUS
10
5.6634071653543305
20
-3.8204803543307086
11
5.6616511811023624
21
-3.8208296062992124
0
LINE
8
BLACK
6
CONTINUOUS
10
5.6616511811023624
20
-3.8208296062992124
11
5.6596601181102359
21
-3.8221599999999998
0
LINE
8
BLACK
6
CONTINUOUS
10
5.6596601181102359
20
-3.8221599999999998
11
5.6583296062992128
21
-3.8241512598425196
0
LINE
8
BLACK
6
CONTINUOUS
10
5.6583296062992128
20
-3.8241512598425196
11
5.658329566929134
21
-3.8241513385826771
0
LINE
8
BLACK
6
CONTINUOUS
10
5.658329566929134
20
-3.8241513385826771
11
5.6580419685039365
21
-3.8255972834645666
0
LINE
8
BLACK
6
CONTINUOUS
10
5.6580419685039365
20
-3.8255972834645666
11
5.6569913385826771
21
-3.8273286614173228
0
LINE
8
BLACK
6
CONTINUOUS
10
5.6569913385826771
20
-3.8273286614173228
11
5.6551382283464564
21
-3.8279803149606297
0
LINE
8
BLACK
6
CONTINUOUS
10
5.6551382283464564
20
-3.8279803149606297
11
5.6378617322834641
21
-3.8279803149606297
0
LINE
8
BLACK
6
CONTINUOUS
10
5.6378617322834641
20
-3.8279803149606297
11
5.6359586614173223
21
-3.8272876771653541
0
LINE
8
BLACK
6
CONTINUOUS
10
5.6359586614173223
20
-3.8272876771653541
11
5.634957992125984
21
-3.8255972440944883
0
LINE
8
BLACK
6
CONTINUOUS
10
5.634957992125984
20
-3.8255972440944883
11
5.6346703937007874
21
-3.8241512992125983
0
LINE
8
BLACK
6
CONTINUOUS
10
5.6346703937007874
20
-3.8241512992125983
11
5.6346703937007874
21
-3.8241512598425196
0
LINE
8
BLACK
6
CONTINUOUS
10
5.6346703937007874
20
-3.8241512598425196
11
5.6333399212598421
21
-3.8221600787401573
0
LINE
8
BLACK
6
CONTINUOUS
10
5.6333399212598421
20
-3.8221600787401573
11
5.6313487401574802
21
-3.8208296062992124
0
LINE
8
BLACK
6
CONTINUOUS
10
5.6313487401574802
20
-3.8208296062992124
11
5.6313486614173227
21
-3.8208295669291337
0
LINE
8
BLACK
6
CONTINUOUS
10
5.6313486614173227
20
-3.8208295669291337
11
5.6295927952755909
21
-3.8204803149606299
0
LINE
8
BLACK
6
CONTINUOUS
10
5.6295927952755909
20
-3.8204803149606299
11
5.5634072440944884
21
-3.8204803149606299
0
LINE
8
BLACK
6
CONTINUOUS
10
5.5634072440944884
20
-3.8204803149606299
11
5.5634071653543309
21
-3.8204803543307086
0
LINE
8
BLACK
6
CONTINUOUS
10
5.5634071653543309
20
-3.8204803543307086
11
5.5616511811023619
21
-3.8208296062992124
0
LINE
8
BLACK
6
CONTINUOUS
10
5.5616511811023619
20
-3.8208296062992124
11
5.5596601181102363
21
-3.8221599999999998
0
LINE
8
BLACK
6
CONTINUOUS
10
5.5596601181102363
20
-3.8221599999999998
11
5.5583296062992122
21
-3.8241512598425196
0
LINE
8
BLACK
6
CONTINUOUS
10
5.5583296062992122
20
-3.8241512598425196
11
5.5583295669291335
21
-3.8241512992125983
0
LINE
8
BLACK
6
CONTINUOUS
10
5.5583295669291335
20
-3.8241512992125983
11
5.5579803149606297
21
-3.8259071653543306
0
LINE
8
BLACK
6
CONTINUOUS
10
5.5579803149606297
20
-3.8259071653543306
11
5.5579803149606297
21
-3.8920927165354331
0
LINE
8
BLACK
6
CONTINUOUS
10
5.5579803149606297
20
-3.8920927165354331
11
5.5579803543307085
21
-3.8920927952755906
0
LINE
8
BLACK
6
CONTINUOUS
10
5.6599591338582673
20
-3.912927086614173
11
5.6557708661417321
21
-3.9149746062992126
0
LINE
8
BLACK
6
CONTINUOUS
10
5.6557708661417321
20
-3.9149746062992126
11
5.6524746062992124
21
-3.9182708661417323
0
LINE
8
BLACK
6
CONTINUOUS
10
5.6524746062992124
20
-3.9182708661417323
11
5.6504270866141733
21
-3.9224591338582675
0
LINE
8
BLACK
6
CONTINUOUS
10
5.6504270866141733
20
-3.9224591338582675
11
5.6500314960629918
21
-3.9251739763779527
0
LINE
8
BLACK
6
CONTINUOUS
10
5.6500314960629918
20
-3.9251739763779527
11
5.6500314960629918
21
-3.9520157480314961
0
LINE
8
BLACK
6
CONTINUOUS
10
5.6500314960629918
20
-3.9520157480314961
11
5.6639999999999997
21
-3.9520157480314961
0
LINE
8
BLACK
6
CONTINUOUS
10
5.6639999999999997
20
-3.9520157480314961
11
5.6639999999999997
21
-3.9264999999999999
0
LINE
8
BLACK
6
CONTINUOUS
10
5.6639999999999997
20
-3.9264999999999999
11
5.6895157480314955
21
-3.9264999999999999
0
LINE
8
BLACK
6
CONTINUOUS
10
5.6895157480314955
20
-3.9264999999999999
11
5.6895157480314955
21
-3.912531496062992
0
LINE
8
BLACK
6
CONTINUOUS
10
5.6895157480314955
20
-3.912531496062992
11
5.6626739763779526
21
-3.912531496062992
0
LINE
8
BLACK
6
CONTINUOUS
10
5.6626739763779526
20
-3.912531496062992
11
5.6599591338582673
21
-3.912927086614173
0
LINE
8
BLACK
6
CONTINUOUS
10
5.6034842519685037
20
-3.9264999999999999
11
5.6289999999999996
21
-3.9264999999999999
0
LINE
8
BLACK
6
CONTINUOUS
10
5.6289999999999996
20
-3.9264999999999999
11
5.6289999999999996
21
-3.9520157480314961
0
LINE
8
BLACK
6
CONTINUOUS
10
5.6289999999999996
20
-3.9520157480314961
11
5.6429685039370074
21
-3.9520157480314961
0
LINE
8
BLACK
6
CONTINUOUS
10
5.6429685039370074
20
-3.9520157480314961
11
5.6429685039370074
21
-3.9251743700787403
0
LINE
8
BLACK
6
CONTINUOUS
10
5.6429685039370074
20
-3.9251743700787403
11
5.6429684645669287
21
-3.9251739763779527
0
LINE
8
BLACK
6
CONTINUOUS
10
5.6429684645669287
20
-3.9251739763779527
11
5.6425728740157481
21
-3.9224591338582675
0
LINE
8
BLACK
6
CONTINUOUS
10
5.6425728740157481
20
-3.9224591338582675
11
5.6405253543307081
21
-3.9182708661417323
0
LINE
8
BLACK
6
CONTINUOUS
10
5.6405253543307081
20
-3.9182708661417323
11
5.6372290944881884
21
-3.9149746062992126
0
LINE
8
BLACK
6
CONTINUOUS
10
5.6372290944881884
20
-3.9149746062992126
11
5.6330407874015744
21
-3.912927086614173
0
LINE
8
BLACK
6
CONTINUOUS
10
5.6330407874015744
20
-3.912927086614173
11
5.6330408267716532
21
-3.912927086614173
0
LINE
8
BLACK
6
CONTINUOUS
10
5.6330408267716532
20
-3.912927086614173
11
5.630325984251968
21
-3.912531496062992
0
LINE
8
BLACK
6
CONTINUOUS
10
5.630325984251968
20
-3.912531496062992
11
5.6034842519685037
21
-3.912531496062992
0
LINE
8
BLACK
6
CONTINUOUS
10
5.6034842519685037
20
-3.912531496062992
11
5.6034842519685037
21
-3.9264999999999999
0
LINE
8
BLACK
6
CONTINUOUS
10
5.5599591338582677
20
-3.912927086614173
11
5.5557708661417324
21
-3.9149746062992126
0
LINE
8
BLACK
6
CONTINUOUS
10
5.5557708661417324
20
-3.9149746062992126
11
5.5524746062992127
21
-3.9182708661417323
0
LINE
8
BLACK
6
CONTINUOUS
10
5.5524746062992127
20
-3.9182708661417323
11
5.5504270866141727
21
-3.9224591338582675
0
LINE
8
BLACK
6
CONTINUOUS
10
5.5504270866141727
20
-3.9224591338582675
11
5.5500314960629922
21
-3.9251739763779527
0
LINE
8
BLACK
6
CONTINUOUS
10
5.5500314960629922
20
-3.9251739763779527
11
5.5500314960629922
21
-3.9520157480314961
0
LINE
8
BLACK
6
CONTINUOUS
10
5.5500314960629922
20
-3.9520157480314961
11
5.5640000000000001
21
-3.9520157480314961
0
LINE
8
BLACK
6
CONTINUOUS
10
5.5640000000000001
20
-3.9520157480314961
11
5.5640000000000001
21
-3.9264999999999999
0
LINE
8
BLACK
6
CONTINUOUS
10
5.5640000000000001
20
-3.9264999999999999
11
5.5895157480314959
21
-3.9264999999999999
0
LINE
8
BLACK
6
CONTINUOUS
10
5.5895157480314959
20
-3.9264999999999999
11
5.5895157480314959
21
-3.912531496062992
0
LINE
8
BLACK
6
CONTINUOUS
10
5.5895157480314959
20
-3.912531496062992
11
5.5626739763779529
21
-3.912531496062992
0
LINE
8
BLACK
6
CONTINUOUS
10
5.5626739763779529
20
-3.912531496062992
11
5.5599591338582677
21
-3.912927086614173
0
LINE
8
BLACK
6
CONTINUOUS
10
6.0365669291338584
20
-3.8650503937007872
11
6.0369625196850389
21
-3.8677652362204724
0
LINE
8
BLACK
6
CONTINUOUS
10
6.0369625196850389
20
-3.8677652362204724
11
6.039010039370079
21
-3.8719535039370077
0
LINE
8
BLACK
6
CONTINUOUS
10
6.039010039370079
20
-3.8719535039370077
11
6.0423062992125987
21
-3.8752497637795273
0
LINE
8
BLACK
6
CONTINUOUS
10
6.0423062992125987
20
-3.8752497637795273
11
6.0464946062992126
21
-3.8772972834645669
0
LINE
8
BLACK
6
CONTINUOUS
10
6.0464946062992126
20
-3.8772972834645669
11
6.0464945669291339
21
-3.8772972834645669
0
LINE
8
BLACK
6
CONTINUOUS
10
6.0464945669291339
20
-3.8772972834645669
11
6.0492094094488191
21
-3.8776928740157479
0
LINE
8
BLACK
6
CONTINUOUS
10
6.0492094094488191
20
-3.8776928740157479
11
6.0492098425196845
21
-3.8776929133858267
0
LINE
8
BLACK
6
CONTINUOUS
10
6.0492098425196845
20
-3.8776929133858267
11
6.0770157480314957
21
-3.8776929133858267
0
LINE
8
BLACK
6
CONTINUOUS
10
6.0770157480314957
20
-3.8776929133858267
11
6.0770157480314957
21
-3.8637244094488188
0
LINE
8
BLACK
6
CONTINUOUS
10
6.0770157480314957
20
-3.8637244094488188
11
6.0505354330708663
21
-3.8637244094488188
0
LINE
8
BLACK
6
CONTINUOUS
10
6.0505354330708663
20
-3.8637244094488188
11
6.0505354330708663
21
-3.8352755905511811
0
LINE
8
BLACK
6
CONTINUOUS
10
6.0505354330708663
20
-3.8352755905511811
11
6.0365669291338584
21
-3.8352755905511811
0
LINE
8
BLACK
6
CONTINUOUS
10
6.0365669291338584
20
-3.8352755905511811
11
6.0365669291338584
21
-3.8650503937007872
0
LINE
8
BLACK
6
CONTINUOUS
10
5.5500314960629922
20
-3.7659842519685038
11
5.5500314960629922
21
-3.7928259842519685
0
LINE
8
BLACK
6
CONTINUOUS
10
5.5500314960629922
20
-3.7928259842519685
11
5.5504270866141727
21
-3.7955408267716533
0
LINE
8
BLACK
6
CONTINUOUS
10
5.5504270866141727
20
-3.7955408267716533
11
5.5524746062992127
21
-3.799729094488189
0
LINE
8
BLACK
6
CONTINUOUS
10
5.5524746062992127
20
-3.799729094488189
11
5.5557708661417324
21
-3.8030253543307087
0
LINE
8
BLACK
6
CONTINUOUS
10
5.5557708661417324
20
-3.8030253543307087
11
5.5599591732283464
21
-3.8050728740157478
0
LINE
8
BLACK
6
CONTINUOUS
10
5.5599591732283464
20
-3.8050728740157478
11
5.5599591338582677
21
-3.8050728740157478
0
LINE
8
BLACK
6
CONTINUOUS
10
5.5599591338582677
20
-3.8050728740157478
11
5.5626739763779529
21
-3.8054684645669292
0
LINE
8
BLACK
6
CONTINUOUS
10
5.5626739763779529
20
-3.8054684645669292
11
5.5626744094488192
21
-3.805468503937008
0
LINE
8
BLACK
6
CONTINUOUS
10
5.5626744094488192
20
-3.805468503937008
11
5.5895157480314959
21
-3.805468503937008
0
LINE
8
BLACK
6
CONTINUOUS
10
5.5895157480314959
20
-3.805468503937008
11
5.5895157480314959
21
-3.7915000000000001
0
LINE
8
BLACK
6
CONTINUOUS
10
5.5895157480314959
20
-3.7915000000000001
11
5.5640000000000001
21
-3.7915000000000001
0
LINE
8
BLACK
6
CONTINUOUS
10
5.5640000000000001
20
-3.7915000000000001
11
5.5640000000000001
21
-3.7659842519685038
0
LINE
8
BLACK
6
CONTINUOUS
10
5.5640000000000001
20
-3.7659842519685038
11
5.5500314960629922
21
-3.7659842519685038
0
LINE
8
BLACK
6
CONTINUOUS
10
5.6289999999999996
20
-3.7915000000000001
11
5.6034842519685037
21
-3.7915000000000001
0
LINE
8
BLACK
6
CONTINUOUS
10
5.6034842519685037
20
-3.7915000000000001
11
5.6034842519685037
21
-3.805468503937008
0
LINE
8
BLACK
6
CONTINUOUS
10
5.6034842519685037
20
-3.805468503937008
11
5.6303255905511813
21
-3.805468503937008
0
LINE
8
BLACK
6
CONTINUOUS
10
5.6303255905511813
20
-3.805468503937008
11
5.630325984251968
21
-3.8054684645669292
0
LINE
8
BLACK
6
CONTINUOUS
10
5.630325984251968
20
-3.8054684645669292
11
5.6330408267716532
21
-3.8050728740157478
0
LINE
8
BLACK
6
CONTINUOUS
10
5.6330408267716532
20
-3.8050728740157478
11
5.6372290944881884
21
-3.8030253543307087
0
LINE
8
BLACK
6
CONTINUOUS
10
5.6372290944881884
20
-3.8030253543307087
11
5.6405253543307081
21
-3.799729094488189
0
LINE
8
BLACK
6
CONTINUOUS
10
5.6405253543307081
20
-3.799729094488189
11
5.6425728740157481
21
-3.7955408267716533
0
LINE
8
BLACK
6
CONTINUOUS
10
5.6425728740157481
20
-3.7955408267716533
11
5.6429684645669287
21
-3.7928259842519685
0
LINE
8
BLACK
6
CONTINUOUS
10
5.6429684645669287
20
-3.7928259842519685
11
5.6429685039370074
21
-3.792825590551181
0
LINE
8
BLACK
6
CONTINUOUS
10
5.6429685039370074
20
-3.792825590551181
11
5.6429685039370074
21
-3.7659842519685038
0
LINE
8
BLACK
6
CONTINUOUS
10
5.6429685039370074
20
-3.7659842519685038
11
5.6289999999999996
21
-3.7659842519685038
0
LINE
8
BLACK
6
CONTINUOUS
10
5.6289999999999996
20
-3.7659842519685038
11
5.6289999999999996
21
-3.7915000000000001
0
LINE
8
BLACK
6
CONTINUOUS
10
5.7290000000000001
20
-3.7915000000000001
11
5.7034842519685034
21
-3.7915000000000001
0
LINE
8
BLACK
6
CONTINUOUS
10
5.7034842519685034
20
-3.7915000000000001
11
5.7034842519685034
21
-3.805468503937008
0
LINE
8
BLACK
6
CONTINUOUS
10
5.7034842519685034
20
-3.805468503937008
11
5.730325590551181
21
-3.805468503937008
0
LINE
8
BLACK
6
CONTINUOUS
10
5.730325590551181
20
-3.805468503937008
11
5.7303259842519685
21
-3.8054684645669292
0
LINE
8
BLACK
6
CONTINUOUS
10
5.7303259842519685
20
-3.8054684645669292
11
5.7330408267716537
21
-3.8050728740157478
0
LINE
8
BLACK
6
CONTINUOUS
10
5.7330408267716537
20
-3.8050728740157478
11
5.737229094488189
21
-3.8030253543307087
0
LINE
8
BLACK
6
CONTINUOUS
10
5.737229094488189
20
-3.8030253543307087
11
5.7405253543307087
21
-3.799729094488189
0
LINE
8
BLACK
6
CONTINUOUS
10
5.7405253543307087
20
-3.799729094488189
11
5.7425728740157478
21
-3.7955408267716533
0
LINE
8
BLACK
6
CONTINUOUS
10
5.7425728740157478
20
-3.7955408267716533
11
5.7429684645669292
21
-3.7928259842519685
0
LINE
8
BLACK
6
CONTINUOUS
10
5.7429684645669292
20
-3.7928259842519685
11
5.742968503937008
21
-3.792825590551181
0
LINE
8
BLACK
6
CONTINUOUS
10
5.742968503937008
20
-3.792825590551181
11
5.742968503937008
21
-3.7659842519685038
0
LINE
8
BLACK
6
CONTINUOUS
10
5.742968503937008
20
-3.7659842519685038
11
5.7290000000000001
21
-3.7659842519685038
0
LINE
8
BLACK
6
CONTINUOUS
10
5.7290000000000001
20
-3.7659842519685038
11
5.7290000000000001
21
-3.7915000000000001
0
LINE
8
BLACK
6
CONTINUOUS
10
5.7034842519685034
20
-3.7264999999999997
11
5.7290000000000001
21
-3.7264999999999997
0
LINE
8
BLACK
6
CONTINUOUS
10
5.7290000000000001
20
-3.7264999999999997
11
5.7290000000000001
21
-3.752015748031496
0
LINE
8
BLACK
6
CONTINUOUS
10
5.7290000000000001
20
-3.752015748031496
11
5.742968503937008
21
-3.752015748031496
0
LINE
8
BLACK
6
CONTINUOUS
10
5.742968503937008
20
-3.752015748031496
11
5.742968503937008
21
-3.7251743700787401
0
LINE
8
BLACK
6
CONTINUOUS
10
5.742968503937008
20
-3.7251743700787401
11
5.7429684645669292
21
-3.7251739763779526
0
LINE
8
BLACK
6
CONTINUOUS
10
5.7429684645669292
20
-3.7251739763779526
11
5.7425728740157478
21
-3.7224591338582678
0
LINE
8
BLACK
6
CONTINUOUS
10
5.7425728740157478
20
-3.7224591338582678
11
5.7405253543307087
21
-3.7182708661417321
0
LINE
8
BLACK
6
CONTINUOUS
10
5.7405253543307087
20
-3.7182708661417321
11
5.737229094488189
21
-3.7149746062992124
0
LINE
8
BLACK
6
CONTINUOUS
10
5.737229094488189
20
-3.7149746062992124
11
5.733040787401575
21
-3.7129270866141733
0
LINE
8
BLACK
6
CONTINUOUS
10
5.733040787401575
20
-3.7129270866141733
11
5.7330408267716537
21
-3.7129270866141733
0
LINE
8
BLACK
6
CONTINUOUS
10
5.7330408267716537
20
-3.7129270866141733
11
5.7303259842519685
21
-3.7125314960629918
0
LINE
8
BLACK
6
CONTINUOUS
10
5.7303259842519685
20
-3.7125314960629918
11
5.7034842519685034
21
-3.7125314960629918
0
LINE
8
BLACK
6
CONTINUOUS
10
5.7034842519685034
20
-3.7125314960629918
11
5.7034842519685034
21
-3.7264999999999997
0
LINE
8
BLACK
6
CONTINUOUS
10
5.6599591338582673
20
-3.7129270866141733
11
5.6557708661417321
21
-3.7149746062992124
0
LINE
8
BLACK
6
CONTINUOUS
10
5.6557708661417321
20
-3.7149746062992124
11
5.6524746062992124
21
-3.7182708661417321
0
LINE
8
BLACK
6
CONTINUOUS
10
5.6524746062992124
20
-3.7182708661417321
11
5.6504270866141733
21
-3.7224591338582678
0
LINE
8
BLACK
6
CONTINUOUS
10
5.6504270866141733
20
-3.7224591338582678
11
5.6500314960629918
21
-3.7251739763779526
0
LINE
8
BLACK
6
CONTINUOUS
10
5.6500314960629918
20
-3.7251739763779526
11
5.6500314960629918
21
-3.752015748031496
0
LINE
8
BLACK
6
CONTINUOUS
10
5.6500314960629918
20
-3.752015748031496
11
5.6639999999999997
21
-3.752015748031496
0
LINE
8
BLACK
6
CONTINUOUS
10
5.6639999999999997
20
-3.752015748031496
11
5.6639999999999997
21
-3.7264999999999997
0
LINE
8
BLACK
6
CONTINUOUS
10
5.6639999999999997
20
-3.7264999999999997
11
5.6895157480314955
21
-3.7264999999999997
0
LINE
8
BLACK
6
CONTINUOUS
10
5.6895157480314955
20
-3.7264999999999997
11
5.6895157480314955
21
-3.7125314960629918
0
LINE
8
BLACK
6
CONTINUOUS
10
5.6895157480314955
20
-3.7125314960629918
11
5.6626739763779526
21
-3.7125314960629918
0
LINE
8
BLACK
6
CONTINUOUS
10
5.6626739763779526
20
-3.7125314960629918
11
5.6599591338582673
21
-3.7129270866141733
0
LINE
8
BLACK
6
CONTINUOUS
10
5.6034842519685037
20
-3.7264999999999997
11
5.6289999999999996
21
-3.7264999999999997
0
LINE
8
BLACK
6
CONTINUOUS
10
5.6289999999999996
20
-3.7264999999999997
11
5.6289999999999996
21
-3.752015748031496
0
LINE
8
BLACK
6
CONTINUOUS
10
5.6289999999999996
20
-3.752015748031496
11
5.6429685039370074
21
-3.752015748031496
0
LINE
8
BLACK
6
CONTINUOUS
10
5.6429685039370074
20
-3.752015748031496
11
5.6429685039370074
21
-3.7251743700787401
0
LINE
8
BLACK
6
CONTINUOUS
10
5.6429685039370074
20
-3.7251743700787401
11
5.6429684645669287
21
-3.7251739763779526
0
LINE
8
BLACK
6
CONTINUOUS
10
5.6429684645669287
20
-3.7251739763779526
11
5.6425728740157481
21
-3.7224591338582678
0
LINE
8
BLACK
6
CONTINUOUS
10
5.6425728740157481
20
-3.7224591338582678
11
5.6405253543307081
21
-3.7182708661417321
0
LINE
8
BLACK
6
CONTINUOUS
10
5.6405253543307081
20
-3.7182708661417321
11
5.6372290944881884
21
-3.7149746062992124
0
LINE
8
BLACK
6
CONTINUOUS
10
5.6372290944881884
20
-3.7149746062992124
11
5.6330407874015744
21
-3.7129270866141733
0
LINE
8
BLACK
6
CONTINUOUS
10
5.6330407874015744
20
-3.7129270866141733
11
5.6330408267716532
21
-3.7129270866141733
0
LINE
8
BLACK
6
CONTINUOUS
10
5.6330408267716532
20
-3.7129270866141733
11
5.630325984251968
21
-3.7125314960629918
0
LINE
8
BLACK
6
CONTINUOUS
10
5.630325984251968
20
-3.7125314960629918
11
5.6034842519685037
21
-3.7125314960629918
0
LINE
8
BLACK
6
CONTINUOUS
10
5.6034842519685037
20
-3.7125314960629918
11
5.6034842519685037
21
-3.7264999999999997
0
LINE
8
BLACK
6
CONTINUOUS
10
5.5599591338582677
20
-3.7129270866141733
11
5.5557708661417324
21
-3.7149746062992124
0
LINE
8
BLACK
6
CONTINUOUS
10
5.5557708661417324
20
-3.7149746062992124
11
5.5524746062992127
21
-3.7182708661417321
0
LINE
8
BLACK
6
CONTINUOUS
10
5.5524746062992127
20
-3.7182708661417321
11
5.5504270866141727
21
-3.7224591338582678
0
LINE
8
BLACK
6
CONTINUOUS
10
5.5504270866141727
20
-3.7224591338582678
11
5.5500314960629922
21
-3.7251739763779526
0
LINE
8
BLACK
6
CONTINUOUS
10
5.5500314960629922
20
-3.7251739763779526
11
5.5500314960629922
21
-3.752015748031496
0
LINE
8
BLACK
6
CONTINUOUS
10
5.5500314960629922
20
-3.752015748031496
11
5.5640000000000001
21
-3.752015748031496
0
LINE
8
BLACK
6
CONTINUOUS
10
5.5640000000000001
20
-3.752015748031496
11
5.5640000000000001
21
-3.7264999999999997
0
LINE
8
BLACK
6
CONTINUOUS
10
5.5640000000000001
20
-3.7264999999999997
11
5.5895157480314959
21
-3.7264999999999997
0
LINE
8
BLACK
6
CONTINUOUS
10
5.5895157480314959
20
-3.7264999999999997
11
5.5895157480314959
21
-3.7125314960629918
0
LINE
8
BLACK
6
CONTINUOUS
10
5.5895157480314959
20
-3.7125314960629918
11
5.5626739763779529
21
-3.7125314960629918
0
LINE
8
BLACK
6
CONTINUOUS
10
5.5626739763779529
20
-3.7125314960629918
11
5.5599591338582677
21
-3.7129270866141733
0
LINE
8
BLACK
6
CONTINUOUS
10
6.0171510629921254
20
-3.3959226771653541
11
6.0171509842519679
21
-3.3959227165354329
0
LINE
8
BLACK
6
CONTINUOUS
10
6.0171509842519679
20
-3.3959227165354329
11
6.009431141732283
21
-3.397991220472441
0
LINE
8
BLACK
6
CONTINUOUS
10
6.009431141732283
20
-3.397991220472441
11
6.0079644094488192
21
-3.4008698818897636
0
LINE
8
BLACK
6
CONTINUOUS
10
6.0079644094488192
20
-3.4008698818897636
11
6.0044525590551183
21
-3.4043817322834644
0
LINE
8
BLACK
6
CONTINUOUS
10
6.0044525590551183
20
-3.4043817322834644
11
6.000027401574803
21
-3.4066364566929135
0
LINE
8
BLACK
6
CONTINUOUS
10
6.000027401574803
20
-3.4066364566929135
11
5.9951220472440943
21
-3.4074133858267714
0
LINE
8
BLACK
6
CONTINUOUS
10
5.9951220472440943
20
-3.4074133858267714
11
5.9902166929133855
21
-3.4066364566929135
0
LINE
8
BLACK
6
CONTINUOUS
10
5.9902166929133855
20
-3.4066364566929135
11
5.9880859055118112
21
-3.4055507480314962
0
LINE
8
BLACK
6
CONTINUOUS
10
5.9880859055118112
20
-3.4055507480314962
11
5.9759190157480315
21
-3.4117501181102363
0
LINE
8
BLACK
6
CONTINUOUS
10
5.9759190157480315
20
-3.4117501181102363
11
5.963527047244094
21
-3.4197975590551182
0
LINE
8
BLACK
6
CONTINUOUS
10
5.963527047244094
20
-3.4197975590551182
11
5.9635266929133861
21
-3.4197977952755907
0
LINE
8
BLACK
6
CONTINUOUS
10
5.9635266929133861
20
-3.4197977952755907
11
5.95204437007874
21
-3.4290960629921261
0
LINE
8
BLACK
6
CONTINUOUS
10
5.95204437007874
20
-3.4290960629921261
11
5.9520436220472437
21
-3.4290967322834645
0
LINE
8
BLACK
6
CONTINUOUS
10
5.9520436220472437
20
-3.4290967322834645
11
5.9415967322834646
21
-3.439543622047244
0
LINE
8
BLACK
6
CONTINUOUS
10
5.9415967322834646
20
-3.439543622047244
11
5.9415960629921258
21
-3.4395443700787403
0
LINE
8
BLACK
6
CONTINUOUS
10
5.9415960629921258
20
-3.4395443700787403
11
5.9322977952755904
21
-3.4510266929133859
0
LINE
8
BLACK
6
CONTINUOUS
10
5.9322977952755904
20
-3.4510266929133859
11
5.9322975590551179
21
-3.4510270472440943
0
LINE
8
BLACK
6
CONTINUOUS
10
5.9322975590551179
20
-3.4510270472440943
11
5.9256456299212594
21
-3.4612701574803149
0
LINE
8
BLACK
6
CONTINUOUS
10
5.9256456299212594
20
-3.4612701574803149
11
5.9240282283464563
21
-3.462488937007874
0
LINE
8
BLACK
6
CONTINUOUS
10
5.9240282283464563
20
-3.462488937007874
11
5.9220058267716533
21
-3.4623829527559056
0
LINE
8
BLACK
6
CONTINUOUS
10
5.9220058267716533
20
-3.4623829527559056
11
5.9205246850393696
21
-3.4610017716535433
0
LINE
8
BLACK
6
CONTINUOUS
10
5.9205246850393696
20
-3.4610017716535433
11
5.9202020078740158
21
-3.4596576771653544
0
LINE
8
BLACK
6
CONTINUOUS
10
5.9202020078740158
20
-3.4596576771653544
11
5.9202020078740158
21
-3.4273370078740157
0
LINE
8
BLACK
6
CONTINUOUS
10
5.9202020078740158
20
-3.4273370078740157
11
5.8578330314960629
21
-3.4273370078740157
0
LINE
8
BLACK
6
CONTINUOUS
10
5.8578330314960629
20
-3.4273370078740157
11
5.8578330314960629
21
-3.4442483464566926
0
LINE
8
BLACK
6
CONTINUOUS
10
5.8578330314960629
20
-3.4442483464566926
11
5.8571403937007869
21
-3.4461514173228345
0
LINE
8
BLACK
6
CONTINUOUS
10
5.8571403937007869
20
-3.4461514173228345
11
5.8553864960629918
21
-3.4471640157480312
0
LINE
8
BLACK
6
CONTINUOUS
10
5.8553864960629918
20
-3.4471640157480312
11
5.854872401574803
21
-3.4472089763779525
0
LINE
8
BLACK
6
CONTINUOUS
10
5.854872401574803
20
-3.4472089763779525
11
5.7928330314960625
21
-3.4472089763779525
0
LINE
8
BLACK
6
CONTINUOUS
10
5.7928330314960625
20
-3.4472089763779525
11
5.7928330314960625
21
-3.5196079133858267
0
LINE
8
BLACK
6
CONTINUOUS
10
5.7928330314960625
20
-3.5196079133858267
11
5.7921403937007874
21
-3.5215109842519685
0
LINE
8
BLACK
6
CONTINUOUS
10
5.7921403937007874
20
-3.5215109842519685
11
5.7903864960629923
21
-3.5225235826771653
0
LINE
8
BLACK
6
CONTINUOUS
10
5.7903864960629923
20
-3.5225235826771653
11
5.7883920866141727
21
-3.5221718897637793
0
LINE
8
BLACK
6
CONTINUOUS
10
5.7883920866141727
20
-3.5221718897637793
11
5.7870903149606301
21
-3.5206205118110234
0
LINE
8
BLACK
6
CONTINUOUS
10
5.7870903149606301
20
-3.5206205118110234
11
5.7869158267716534
21
-3.5197628740157478
0
LINE
8
BLACK
6
CONTINUOUS
10
5.7869158267716534
20
-3.5197628740157478
11
5.7868886614173229
21
-3.5192445669291339
0
LINE
8
BLACK
6
CONTINUOUS
10
5.7868886614173229
20
-3.5192445669291339
11
5.784577283464567
21
-3.5046510629921257
0
LINE
8
BLACK
6
CONTINUOUS
10
5.784577283464567
20
-3.5046510629921257
11
5.7845772440944883
21
-3.5046509842519686
0
LINE
8
BLACK
6
CONTINUOUS
10
5.7845772440944883
20
-3.5046509842519686
11
5.7807528740157483
21
-3.4903782283464566
0
LINE
8
BLACK
6
CONTINUOUS
10
5.7807528740157483
20
-3.4903782283464566
11
5.7754579921259843
21
-3.4765844488188975
0
LINE
8
BLACK
6
CONTINUOUS
10
5.7754579921259843
20
-3.4765844488188975
11
5.7754579527559056
21
-3.4765844094488187
0
LINE
8
BLACK
6
CONTINUOUS
10
5.7754579527559056
20
-3.4765844094488187
11
5.7687498425196848
21
-3.4634190157480313
0
LINE
8
BLACK
6
CONTINUOUS
10
5.7687498425196848
20
-3.4634190157480313
11
5.760702401574803
21
-3.4510270472440943
0
LINE
8
BLACK
6
CONTINUOUS
10
5.760702401574803
20
-3.4510270472440943
11
5.7607021653543304
21
-3.4510266929133859
0
LINE
8
BLACK
6
CONTINUOUS
10
5.7607021653543304
20
-3.4510266929133859
11
5.751403897637795
21
-3.4395443700787403
0
LINE
8
BLACK
6
CONTINUOUS
10
5.751403897637795
20
-3.4395443700787403
11
5.7514032283464562
21
-3.439543622047244
0
LINE
8
BLACK
6
CONTINUOUS
10
5.7514032283464562
20
-3.439543622047244
11
5.7409563385826772
21
-3.4290967322834645
0
LINE
8
BLACK
6
CONTINUOUS
10
5.7409563385826772
20
-3.4290967322834645
11
5.7409555905511809
21
-3.4290960629921261
0
LINE
8
BLACK
6
CONTINUOUS
10
5.7409555905511809
20
-3.4290960629921261
11
5.7294732677165356
21
-3.4197977952755907
0
LINE
8
BLACK
6
CONTINUOUS
10
5.7294732677165356
20
-3.4197977952755907
11
5.7294729133858269
21
-3.4197975590551182
0
LINE
8
BLACK
6
CONTINUOUS
10
5.7294729133858269
20
-3.4197975590551182
11
5.7170809448818893
21
-3.4117501181102363
0
LINE
8
BLACK
6
CONTINUOUS
10
5.7170809448818893
20
-3.4117501181102363
11
5.7071768503937008
21
-3.4067037007874017
0
LINE
8
BLACK
6
CONTINUOUS
10
5.7071768503937008
20
-3.4067037007874017
11
5.7067521259842522
21
-3.4066364566929135
0
LINE
8
BLACK
6
CONTINUOUS
10
5.7067521259842522
20
-3.4066364566929135
11
5.7027284645669294
21
-3.4045862992125984
0
LINE
8
BLACK
6
CONTINUOUS
10
5.7027284645669294
20
-3.4045862992125984
11
5.6901217322834645
21
-3.3997470866141732
0
LINE
8
BLACK
6
CONTINUOUS
10
5.6901217322834645
20
-3.3997470866141732
11
5.6793046456692915
21
-3.3968486614173226
0
LINE
8
BLACK
6
CONTINUOUS
10
5.6793046456692915
20
-3.3968486614173226
11
5.677255748031496
21
-3.4008698818897636
0
LINE
8
BLACK
6
CONTINUOUS
10
5.677255748031496
20
-3.4008698818897636
11
5.6737438976377952
21
-3.4043817322834644
0
LINE
8
BLACK
6
CONTINUOUS
10
5.6737438976377952
20
-3.4043817322834644
11
5.6693187401574798
21
-3.4066364566929135
0
LINE
8
BLACK
6
CONTINUOUS
10
5.6693187401574798
20
-3.4066364566929135
11
5.6644133858267711
21
-3.4074133858267714
0
LINE
8
BLACK
6
CONTINUOUS
10
5.6644133858267711
20
-3.4074133858267714
11
5.6595080314960633
21
-3.4066364566929135
0
LINE
8
BLACK
6
CONTINUOUS
10
5.6595080314960633
20
-3.4066364566929135
11
5.6550828740157479
21
-3.4043817322834644
0
LINE
8
BLACK
6
CONTINUOUS
10
5.6550828740157479
20
-3.4043817322834644
11
5.6534842519685036
21
-3.4027831102362205
0
LINE
8
BLACK
6
CONTINUOUS
10
5.6534842519685036
20
-3.4027831102362205
11
5.6534842519685036
21
-3.4073922047244092
0
LINE
8
BLACK
6
CONTINUOUS
10
5.6534842519685036
20
-3.4073922047244092
11
5.6607194881889766
21
-3.4077985433070865
0
LINE
8
BLACK
6
CONTINUOUS
10
5.6607194881889766
20
-3.4077985433070865
11
5.674760157480315
21
-3.4101841732283464
0
LINE
8
BLACK
6
CONTINUOUS
10
5.674760157480315
20
-3.4101841732283464
11
5.688445433070866
21
-3.414126811023622
0
LINE
8
BLACK
6
CONTINUOUS
10
5.688445433070866
20
-3.414126811023622
11
5.7016032283464568
21
-3.4195769685039368
0
LINE
8
BLACK
6
CONTINUOUS
10
5.7016032283464568
20
-3.4195769685039368
11
5.7140680708661415
21
-3.426466023622047
0
LINE
8
BLACK
6
CONTINUOUS
10
5.7140680708661415
20
-3.426466023622047
11
5.7256831889763777
21
-3.4347074015748031
0
LINE
8
BLACK
6
CONTINUOUS
10
5.7256831889763777
20
-3.4347074015748031
11
5.736302559055118
21
-3.4441974409448819
0
LINE
8
BLACK
6
CONTINUOUS
10
5.736302559055118
20
-3.4441974409448819
11
5.7457925984251963
21
-3.4548168110236221
0
LINE
8
BLACK
6
CONTINUOUS
10
5.7457925984251963
20
-3.4548168110236221
11
5.7540339763779524
21
-3.4664319291338583
0
LINE
8
BLACK
6
CONTINUOUS
10
5.7540339763779524
20
-3.4664319291338583
11
5.7609230314960627
21
-3.4788967716535431
0
LINE
8
BLACK
6
CONTINUOUS
10
5.7609230314960627
20
-3.4788967716535431
11
5.7663731889763774
21
-3.4920545669291339
0
LINE
8
BLACK
6
CONTINUOUS
10
5.7663731889763774
20
-3.4920545669291339
11
5.770315826771653
21
-3.5057398425196848
0
LINE
8
BLACK
6
CONTINUOUS
10
5.770315826771653
20
-3.5057398425196848
11
5.7727014566929133
21
-3.5197805118110237
0
LINE
8
BLACK
6
CONTINUOUS
10
5.7727014566929133
20
-3.5197805118110237
11
5.7735000000000003
21
-3.5339999999999998
0
LINE
8
BLACK
6
CONTINUOUS
10
5.7735000000000003
20
-3.5339999999999998
11
5.7727014566929133
21
-3.5482194881889764
0
LINE
8
BLACK
6
CONTINUOUS
10
5.7727014566929133
20
-3.5482194881889764
11
5.770315826771653
21
-3.5622601574803148
0
LINE
8
BLACK
6
CONTINUOUS
10
5.770315826771653
20
-3.5622601574803148
11
5.7663731889763774
21
-3.5759454330708662
0
LINE
8
BLACK
6
CONTINUOUS
10
5.7663731889763774
20
-3.5759454330708662
11
5.7609230314960627
21
-3.5891032283464566
0
LINE
8
BLACK
6
CONTINUOUS
10
5.7609230314960627
20
-3.5891032283464566
11
5.7540339763779524
21
-3.6015680708661417
0
LINE
8
BLACK
6
CONTINUOUS
10
5.7540339763779524
20
-3.6015680708661417
11
5.7457925984251963
21
-3.6131831889763779
0
LINE
8
BLACK
6
CONTINUOUS
10
5.7457925984251963
20
-3.6131831889763779
11
5.736302559055118
21
-3.6238025590551182
0
LINE
8
BLACK
6
CONTINUOUS
10
5.736302559055118
20
-3.6238025590551182
11
5.7256831889763777
21
-3.6332925984251969
0
LINE
8
BLACK
6
CONTINUOUS
10
5.7256831889763777
20
-3.6332925984251969
11
5.7140680708661415
21
-3.6415339763779526
0
LINE
8
BLACK
6
CONTINUOUS
10
5.7140680708661415
20
-3.6415339763779526
11
5.7016032283464568
21
-3.6484230314960628
0
LINE
8
BLACK
6
CONTINUOUS
10
5.7016032283464568
20
-3.6484230314960628
11
5.688445433070866
21
-3.653873188976378
0
LINE
8
BLACK
6
CONTINUOUS
10
5.688445433070866
20
-3.653873188976378
11
5.674760157480315
21
-3.6578158267716536
0
LINE
8
BLACK
6
CONTINUOUS
10
5.674760157480315
20
-3.6578158267716536
11
5.6607194881889766
21
-3.6602014566929135
0
LINE
8
BLACK
6
CONTINUOUS
10
5.6607194881889766
20
-3.6602014566929135
11
5.6534842519685036
21
-3.6606077559055117
0
LINE
8
BLACK
6
CONTINUOUS
10
5.6534842519685036
20
-3.6606077559055117
11
5.6534842519685036
21
-3.6747959055118109
0
LINE
8
BLACK
6
CONTINUOUS
10
5.6534842519685036
20
-3.6747959055118109
11
5.6612553543307085
21
-3.6743886614173227
0
LINE
8
BLACK
6
CONTINUOUS
10
5.6612553543307085
20
-3.6743886614173227
11
5.6758488976377954
21
-3.6720772834645667
0
LINE
8
BLACK
6
CONTINUOUS
10
5.6758488976377954
20
-3.6720772834645667
11
5.6758489763779529
21
-3.672077244094488
0
LINE
8
BLACK
6
CONTINUOUS
10
5.6758489763779529
20
-3.672077244094488
11
5.6901217322834645
21
-3.6682528740157481
0
LINE
8
BLACK
6
CONTINUOUS
10
5.6901217322834645
20
-3.6682528740157481
11
5.7039155118110232
21
-3.6629579921259841
0
LINE
8
BLACK
6
CONTINUOUS
10
5.7039155118110232
20
-3.6629579921259841
11
5.7039155511811019
21
-3.6629579527559053
0
LINE
8
BLACK
6
CONTINUOUS
10
5.7039155511811019
20
-3.6629579527559053
11
5.7170809448818893
21
-3.656249842519685
0
LINE
8
BLACK
6
CONTINUOUS
10
5.7170809448818893
20
-3.656249842519685
11
5.7294729133858269
21
-3.6482024015748031
0
LINE
8
BLACK
6
CONTINUOUS
10
5.7294729133858269
20
-3.6482024015748031
11
5.7294732677165356
21
-3.6482021653543306
0
LINE
8
BLACK
6
CONTINUOUS
10
5.7294732677165356
20
-3.6482021653543306
11
5.7409555905511809
21
-3.6389038976377952
0
LINE
8
BLACK
6
CONTINUOUS
10
5.7409555905511809
20
-3.6389038976377952
11
5.7409563385826772
21
-3.6389032283464564
0
LINE
8
BLACK
6
CONTINUOUS
10
5.7409563385826772
20
-3.6389032283464564
11
5.7514032283464562
21
-3.6284563385826769
0
LINE
8
BLACK
6
CONTINUOUS
10
5.7514032283464562
20
-3.6284563385826769
11
5.751403897637795
21
-3.6284555905511811
0
LINE
8
BLACK
6
CONTINUOUS
10
5.751403897637795
20
-3.6284555905511811
11
5.7607021653543304
21
-3.6169732677165354
0
LINE
8
BLACK
6
CONTINUOUS
10
5.7607021653543304
20
-3.6169732677165354
11
5.760702401574803
21
-3.6169729133858266
0
LINE
8
BLACK
6
CONTINUOUS
10
5.760702401574803
20
-3.6169729133858266
11
5.7687498425196848
21
-3.6045809448818895
0
LINE
8
BLACK
6
CONTINUOUS
10
5.7687498425196848
20
-3.6045809448818895
11
5.7754579527559056
21
-3.5914155511811021
0
LINE
8
BLACK
6
CONTINUOUS
10
5.7754579527559056
20
-3.5914155511811021
11
5.7754579921259843
21
-3.5914155118110234
0
LINE
8
BLACK
6
CONTINUOUS
10
5.7754579921259843
20
-3.5914155118110234
11
5.7807528740157483
21
-3.5776217322834647
0
LINE
8
BLACK
6
CONTINUOUS
10
5.7807528740157483
20
-3.5776217322834647
11
5.7845772440944883
21
-3.5633489763779527
0
LINE
8
BLACK
6
CONTINUOUS
10
5.7845772440944883
20
-3.5633489763779527
11
5.784577283464567
21
-3.5633488976377952
0
LINE
8
BLACK
6
CONTINUOUS
10
5.784577283464567
20
-3.5633488976377952
11
5.7868886614173229
21
-3.5487553543307087
0
LINE
8
BLACK
6
CONTINUOUS
10
5.7868886614173229
20
-3.5487553543307087
11
5.7869158267716534
21
-3.5482371259842518
0
LINE
8
BLACK
6
CONTINUOUS
10
5.7869158267716534
20
-3.5482371259842518
11
5.7877071259842516
21
-3.5463729133858268
0
LINE
8
BLACK
6
CONTINUOUS
10
5.7877071259842516
20
-3.5463729133858268
11
5.7895115748031492
21
-3.5454535039370079
0
LINE
8
BLACK
6
CONTINUOUS
10
5.7895115748031492
20
-3.5454535039370079
11
5.7914848818897635
21
-3.5459090551181101
0
LINE
8
BLACK
6
CONTINUOUS
10
5.7914848818897635
20
-3.5459090551181101
11
5.7927036614173231
21
-3.5475264173228345
0
LINE
8
BLACK
6
CONTINUOUS
10
5.7927036614173231
20
-3.5475264173228345
11
5.7928330314960625
21
-3.5483920472440946
0
LINE
8
BLACK
6
CONTINUOUS
10
5.7928330314960625
20
-3.5483920472440946
11
5.7928330314960625
21
-3.6234827165354329
0
LINE
8
BLACK
6
CONTINUOUS
10
5.7928330314960625
20
-3.6234827165354329
11
5.854872401574803
21
-3.6234827165354329
0
LINE
8
BLACK
6
CONTINUOUS
10
5.854872401574803
20
-3.6234827165354329
11
5.8567754724409449
21
-3.6241753543307085
0
LINE
8
BLACK
6
CONTINUOUS
10
5.8567754724409449
20
-3.6241753543307085
11
5.8577880708661416
21
-3.625929251968504
0
LINE
8
BLACK
6
CONTINUOUS
10
5.8577880708661416
20
-3.625929251968504
11
5.8578330314960629
21
-3.6264433464566928
0
LINE
8
BLACK
6
CONTINUOUS
10
5.8578330314960629
20
-3.6264433464566928
11
5.8578330314960629
21
-3.6451017716535432
0
LINE
8
BLACK
6
CONTINUOUS
10
5.8578330314960629
20
-3.6451017716535432
11
5.9202020078740158
21
-3.6451017716535432
0
LINE
8
BLACK
6
CONTINUOUS
10
5.9202020078740158
20
-3.6451017716535432
11
5.9202020078740158
21
-3.6083422834645669
0
LINE
8
BLACK
6
CONTINUOUS
10
5.9202020078740158
20
-3.6083422834645669
11
5.920894645669291
21
-3.606439212598425
0
LINE
8
BLACK
6
CONTINUOUS
10
5.920894645669291
20
-3.606439212598425
11
5.9226485433070861
21
-3.6054266141732283
0
LINE
8
BLACK
6
CONTINUOUS
10
5.9226485433070861
20
-3.6054266141732283
11
5.9246429527559057
21
-3.6057783070866143
0
LINE
8
BLACK
6
CONTINUOUS
10
5.9246429527559057
20
-3.6057783070866143
11
5.9256456299212594
21
-3.606729803149606
0
LINE
8
BLACK
6
CONTINUOUS
10
5.9256456299212594
20
-3.606729803149606
11
5.9322975590551179
21
-3.6169729133858266
0
LINE
8
BLACK
6
CONTINUOUS
10
5.9322975590551179
20
-3.6169729133858266
11
5.9322977952755904
21
-3.6169732677165354
0
LINE
8
BLACK
6
CONTINUOUS
10
5.9322977952755904
20
-3.6169732677165354
11
5.9415960629921258
21
-3.6284555905511811
0
LINE
8
BLACK
6
CONTINUOUS
10
5.9415960629921258
20
-3.6284555905511811
11
5.9415967322834646
21
-3.6284563385826769
0
LINE
8
BLACK
6
CONTINUOUS
10
5.9415967322834646
20
-3.6284563385826769
11
5.9520436220472437
21
-3.6389032283464564
0
LINE
8
BLACK
6
CONTINUOUS
10
5.9520436220472437
20
-3.6389032283464564
11
5.95204437007874
21
-3.6389038976377952
0
LINE
8
BLACK
6
CONTINUOUS
10
5.95204437007874
20
-3.6389038976377952
11
5.9635266929133861
21
-3.6482021653543306
0
LINE
8
BLACK
6
CONTINUOUS
10
5.9635266929133861
20
-3.6482021653543306
11
5.963527047244094
21
-3.6482024015748031
0
LINE
8
BLACK
6
CONTINUOUS
10
5.963527047244094
20
-3.6482024015748031
11
5.9759190157480315
21
-3.656249842519685
0
LINE
8
BLACK
6
CONTINUOUS
10
5.9759190157480315
20
-3.656249842519685
11
5.9890844094488189
21
-3.6629579527559053
0
LINE
8
BLACK
6
CONTINUOUS
10
5.9890844094488189
20
-3.6629579527559053
11
5.9890844488188977
21
-3.6629579921259841
0
LINE
8
BLACK
6
CONTINUOUS
10
5.9890844488188977
20
-3.6629579921259841
11
6.0028782283464563
21
-3.6682528740157481
0
LINE
8
BLACK
6
CONTINUOUS
10
6.0028782283464563
20
-3.6682528740157481
11
6.0171509842519679
21
-3.672077244094488
0
LINE
8
BLACK
6
CONTINUOUS
10
6.0171509842519679
20
-3.672077244094488
11
6.0171510629921254
21
-3.6720772834645667
0
LINE
8
BLACK
6
CONTINUOUS
10
6.0171510629921254
20
-3.6720772834645667
11
6.0317446062992124
21
-3.6743886614173227
0
LINE
8
BLACK
6
CONTINUOUS
10
6.0317446062992124
20
-3.6743886614173227
11
6.0395157086614173
21
-3.6747959055118109
0
LINE
8
BLACK
6
CONTINUOUS
10
6.0395157086614173
20
-3.6747959055118109
11
6.039515748031496
21
-3.6747958661417321
0
LINE
8
BLACK
6
CONTINUOUS
10
6.039515748031496
20
-3.6747958661417321
11
6.039515748031496
21
-3.6606077559055117
0
LINE
8
BLACK
6
CONTINUOUS
10
6.039515748031496
20
-3.6606077559055117
11
6.0322805118110239
21
-3.6602014566929135
0
LINE
8
BLACK
6
CONTINUOUS
10
6.0322805118110239
20
-3.6602014566929135
11
6.0182398425196846
21
-3.6578158267716536
0
LINE
8
BLACK
6
CONTINUOUS
10
6.0182398425196846
20
-3.6578158267716536
11
6.0045545669291336
21
-3.653873188976378
0
LINE
8
BLACK
6
CONTINUOUS
10
6.0045545669291336
20
-3.653873188976378
11
5.9913967716535428
21
-3.6484230314960628
0
LINE
8
BLACK
6
CONTINUOUS
10
5.9913967716535428
20
-3.6484230314960628
11
5.9789319291338581
21
-3.6415339763779526
0
LINE
8
BLACK
6
CONTINUOUS
10
5.9789319291338581
20
-3.6415339763779526
11
5.9673168110236219
21
-3.6332925984251969
0
LINE
8
BLACK
6
CONTINUOUS
10
5.9673168110236219
20
-3.6332925984251969
11
5.9566974409448816
21
-3.6238025590551182
0
LINE
8
BLACK
6
CONTINUOUS
10
5.9566974409448816
20
-3.6238025590551182
11
5.9472074015748033
21
-3.6131831889763779
0
LINE
8
BLACK
6
CONTINUOUS
10
5.9472074015748033
20
-3.6131831889763779
11
5.9389660236220472
21
-3.6015680708661417
0
LINE
8
BLACK
6
CONTINUOUS
10
5.9389660236220472
20
-3.6015680708661417
11
5.932076968503937
21
-3.5891032283464566
0
LINE
8
BLACK
6
CONTINUOUS
10
5.932076968503937
20
-3.5891032283464566
11
5.9266268110236222
21
-3.5759454330708662
0
LINE
8
BLACK
6
CONTINUOUS
10
5.9266268110236222
20
-3.5759454330708662
11
5.9226841732283466
21
-3.5622601574803148
0
LINE
8
BLACK
6
CONTINUOUS
10
5.9226841732283466
20
-3.5622601574803148
11
5.9202985433070863
21
-3.5482194881889764
0
LINE
8
BLACK
6
CONTINUOUS
10
5.9202985433070863
20
-3.5482194881889764
11
5.9195000000000002
21
-3.5339999999999998
0
LINE
8
BLACK
6
CONTINUOUS
10
5.9195000000000002
20
-3.5339999999999998
11
5.9202985433070863
21
-3.5197805118110237
0
LINE
8
BLACK
6
CONTINUOUS
10
5.9202985433070863
20
-3.5197805118110237
11
5.9226841732283466
21
-3.5057398425196848
0
LINE
8
BLACK
6
CONTINUOUS
10
5.9226841732283466
20
-3.5057398425196848
11
5.9266268110236222
21
-3.4920545669291339
0
LINE
8
BLACK
6
CONTINUOUS
10
5.9266268110236222
20
-3.4920545669291339
11
5.932076968503937
21
-3.4788967716535431
0
LINE
8
BLACK
6
CONTINUOUS
10
5.932076968503937
20
-3.4788967716535431
11
5.9389660236220472
21
-3.4664319291338583
0
LINE
8
BLACK
6
CONTINUOUS
10
5.9389660236220472
20
-3.4664319291338583
11
5.9472074015748033
21
-3.4548168110236221
0
LINE
8
BLACK
6
CONTINUOUS
10
5.9472074015748033
20
-3.4548168110236221
11
5.9566974409448816
21
-3.4441974409448819
0
LINE
8
BLACK
6
CONTINUOUS
10
5.9566974409448816
20
-3.4441974409448819
11
5.9673168110236219
21
-3.4347074015748031
0
LINE
8
BLACK
6
CONTINUOUS
10
5.9673168110236219
20
-3.4347074015748031
11
5.9789319291338581
21
-3.426466023622047
0
LINE
8
BLACK
6
CONTINUOUS
10
5.9789319291338581
20
-3.426466023622047
11
5.9913967716535428
21
-3.4195769685039368
0
LINE
8
BLACK
6
CONTINUOUS
10
5.9913967716535428
20
-3.4195769685039368
11
6.0045545669291336
21
-3.414126811023622
0
LINE
8
BLACK
6
CONTINUOUS
10
6.0045545669291336
20
-3.414126811023622
11
6.0182398425196846
21
-3.4101841732283464
0
LINE
8
BLACK
6
CONTINUOUS
10
6.0182398425196846
20
-3.4101841732283464
11
6.0322805118110239
21
-3.4077985433070865
0
LINE
8
BLACK
6
CONTINUOUS
10
6.0322805118110239
20
-3.4077985433070865
11
6.039515748031496
21
-3.4073922047244092
0
LINE
8
BLACK
6
CONTINUOUS
10
6.039515748031496
20
-3.4073922047244092
11
6.039515748031496
21
-3.4069619291338582
0
LINE
8
BLACK
6
CONTINUOUS
10
6.039515748031496
20
-3.4069619291338582
11
6.0374607874015744
21
-3.4066364566929135
0
LINE
8
BLACK
6
CONTINUOUS
10
6.0374607874015744
20
-3.4066364566929135
11
6.03303562992126
21
-3.4043817322834644
0
LINE
8
BLACK
6
CONTINUOUS
10
6.03303562992126
20
-3.4043817322834644
11
6.0295237795275591
21
-3.4008698818897636
0
LINE
8
BLACK
6
CONTINUOUS
10
6.0295237795275591
20
-3.4008698818897636
11
6.0272690551181105
21
-3.3964447244094487
0
LINE
8
BLACK
6
CONTINUOUS
10
6.0272690551181105
20
-3.3964447244094487
11
6.0269407874015748
21
-3.3943721259842521
0
LINE
8
BLACK
6
CONTINUOUS
10
6.0269407874015748
20
-3.3943721259842521
11
6.0171510629921254
21
-3.3959226771653541
0
LINE
8
BLACK
6
CONTINUOUS
10
6.1727014566929128
20
-3.5482194881889764
11
6.1703158267716534
21
-3.5622601574803148
0
LINE
8
BLACK
6
CONTINUOUS
10
6.1703158267716534
20
-3.5622601574803148
11
6.1663731889763778
21
-3.5759454330708662
0
LINE
8
BLACK
6
CONTINUOUS
10
6.1663731889763778
20
-3.5759454330708662
11
6.160923031496063
21
-3.5891032283464566
0
LINE
8
BLACK
6
CONTINUOUS
10
6.160923031496063
20
-3.5891032283464566
11
6.1540339763779528
21
-3.6015680708661417
0
LINE
8
BLACK
6
CONTINUOUS
10
6.1540339763779528
20
-3.6015680708661417
11
6.1457925984251967
21
-3.6131831889763779
0
LINE
8
BLACK
6
CONTINUOUS
10
6.1457925984251967
20
-3.6131831889763779
11
6.1363025590551183
21
-3.6238025590551182
0
LINE
8
BLACK
6
CONTINUOUS
10
6.1363025590551183
20
-3.6238025590551182
11
6.1256831889763781
21
-3.6332925984251969
0
LINE
8
BLACK
6
CONTINUOUS
10
6.1256831889763781
20
-3.6332925984251969
11
6.1140680708661419
21
-3.6415339763779526
0
LINE
8
BLACK
6
CONTINUOUS
10
6.1140680708661419
20
-3.6415339763779526
11
6.1016032283464563
21
-3.6484230314960628
0
LINE
8
BLACK
6
CONTINUOUS
10
6.1016032283464563
20
-3.6484230314960628
11
6.0884454330708664
21
-3.653873188976378
0
LINE
8
BLACK
6
CONTINUOUS
10
6.0884454330708664
20
-3.653873188976378
11
6.0747601574803145
21
-3.6578158267716536
0
LINE
8
BLACK
6
CONTINUOUS
10
6.0747601574803145
20
-3.6578158267716536
11
6.0607194881889761
21
-3.6602014566929135
0
LINE
8
BLACK
6
CONTINUOUS
10
6.0607194881889761
20
-3.6602014566929135
11
6.0534842519685039
21
-3.6606077559055117
0
LINE
8
BLACK
6
CONTINUOUS
10
6.0534842519685039
20
-3.6606077559055117
11
6.0534842519685039
21
-3.6747959055118109
0
LINE
8
BLACK
6
CONTINUOUS
10
6.0534842519685039
20
-3.6747959055118109
11
6.0612553543307088
21
-3.6743886614173227
0
LINE
8
BLACK
6
CONTINUOUS
10
6.0612553543307088
20
-3.6743886614173227
11
6.0758488976377949
21
-3.6720772834645667
0
LINE
8
BLACK
6
CONTINUOUS
10
6.0758488976377949
20
-3.6720772834645667
11
6.0758489763779524
21
-3.672077244094488
0
LINE
8
BLACK
6
CONTINUOUS
10
6.0758489763779524
20
-3.672077244094488
11
6.090121732283464
21
-3.6682528740157481
0
LINE
8
BLACK
6
CONTINUOUS
10
6.090121732283464
20
-3.6682528740157481
11
6.1039155118110235
21
-3.6629579921259841
0
LINE
8
BLACK
6
CONTINUOUS
10
6.1039155118110235
20
-3.6629579921259841
11
6.1039155511811023
21
-3.6629579527559053
0
LINE
8
BLACK
6
CONTINUOUS
10
6.1039155511811023
20
-3.6629579527559053
11
6.1170809448818897
21
-3.656249842519685
0
LINE
8
BLACK
6
CONTINUOUS
10
6.1170809448818897
20
-3.656249842519685
11
6.1294729133858263
21
-3.6482024015748031
0
LINE
8
BLACK
6
CONTINUOUS
10
6.1294729133858263
20
-3.6482024015748031
11
6.1294732677165351
21
-3.6482021653543306
0
LINE
8
BLACK
6
CONTINUOUS
10
6.1294732677165351
20
-3.6482021653543306
11
6.1409555905511812
21
-3.6389038976377952
0
LINE
8
BLACK
6
CONTINUOUS
10
6.1409555905511812
20
-3.6389038976377952
11
6.1409563385826766
21
-3.6389032283464564
0
LINE
8
BLACK
6
CONTINUOUS
10
6.1409563385826766
20
-3.6389032283464564
11
6.1514032283464566
21
-3.6284563385826769
0
LINE
8
BLACK
6
CONTINUOUS
10
6.1514032283464566
20
-3.6284563385826769
11
6.1514038976377954
21
-3.6284555905511811
0
LINE
8
BLACK
6
CONTINUOUS
10
6.1514038976377954
20
-3.6284555905511811
11
6.1607021653543308
21
-3.6169732677165354
0
LINE
8
BLACK
6
CONTINUOUS
10
6.1607021653543308
20
-3.6169732677165354
11
6.1607024015748033
21
-3.6169729133858266
0
LINE
8
BLACK
6
CONTINUOUS
10
6.1607024015748033
20
-3.6169729133858266
11
6.1687498425196852
21
-3.6045809448818895
0
LINE
8
BLACK
6
CONTINUOUS
10
6.1687498425196852
20
-3.6045809448818895
11
6.175457952755905
21
-3.5914155511811021
0
LINE
8
BLACK
6
CONTINUOUS
10
6.175457952755905
20
-3.5914155511811021
11
6.1754579921259838
21
-3.5914155118110234
0
LINE
8
BLACK
6
CONTINUOUS
10
6.1754579921259838
20
-3.5914155118110234
11
6.1807528740157478
21
-3.5776217322834647
0
LINE
8
BLACK
6
CONTINUOUS
10
6.1807528740157478
20
-3.5776217322834647
11
6.1814777952755904
21
-3.5749161417322832
0
LINE
8
BLACK
6
CONTINUOUS
10
6.1814777952755904
20
-3.5749161417322832
11
6.1808123622047244
21
-3.5736100787401575
0
LINE
8
BLACK
6
CONTINUOUS
10
6.1808123622047244
20
-3.5736100787401575
11
6.1800354330708656
21
-3.5687047244094487
0
LINE
8
BLACK
6
CONTINUOUS
10
6.1800354330708656
20
-3.5687047244094487
11
6.1808123622047244
21
-3.56379937007874
0
LINE
8
BLACK
6
CONTINUOUS
10
6.1808123622047244
20
-3.56379937007874
11
6.183067086614173
21
-3.5593742125984251
0
LINE
8
BLACK
6
CONTINUOUS
10
6.183067086614173
20
-3.5593742125984251
11
6.1856094488188971
21
-3.5568318110236219
0
LINE
8
BLACK
6
CONTINUOUS
10
6.1856094488188971
20
-3.5568318110236219
11
6.1868886614173224
21
-3.5487553937007874
0
LINE
8
BLACK
6
CONTINUOUS
10
6.1868886614173224
20
-3.5487553937007874
11
6.1872959448818898
21
-3.5409842519685037
0
LINE
8
BLACK
6
CONTINUOUS
10
6.1872959448818898
20
-3.5409842519685037
11
6.1731077952755902
21
-3.5409842519685037
0
LINE
8
BLACK
6
CONTINUOUS
10
6.1731077952755902
20
-3.5409842519685037
11
6.1727014566929128
21
-3.5482194881889764
0
LINE
8
BLACK
6
CONTINUOUS
10
6.0574632283464567
20
-3.3964447244094487
11
6.055208503937008
21
-3.4008698818897636
0
LINE
8
BLACK
6
CONTINUOUS
10
6.055208503937008
20
-3.4008698818897636
11
6.0534842519685039
21
-3.4025941338582677
0
LINE
8
BLACK
6
CONTINUOUS
10
6.0534842519685039
20
-3.4025941338582677
11
6.0534842519685039
21
-3.4073922047244092
0
LINE
8
BLACK
6
CONTINUOUS
10
6.0534842519685039
20
-3.4073922047244092
11
6.0607194881889761
21
-3.4077985433070865
0
LINE
8
BLACK
6
CONTINUOUS
10
6.0607194881889761
20
-3.4077985433070865
11
6.0747601574803145
21
-3.4101841732283464
0
LINE
8
BLACK
6
CONTINUOUS
10
6.0747601574803145
20
-3.4101841732283464
11
6.0884454330708664
21
-3.414126811023622
0
LINE
8
BLACK
6
CONTINUOUS
10
6.0884454330708664
20
-3.414126811023622
11
6.1016032283464563
21
-3.4195769685039368
0
LINE
8
BLACK
6
CONTINUOUS
10
6.1016032283464563
20
-3.4195769685039368
11
6.1140680708661419
21
-3.426466023622047
0
LINE
8
BLACK
6
CONTINUOUS
10
6.1140680708661419
20
-3.426466023622047
11
6.1256831889763781
21
-3.4347074015748031
0
LINE
8
BLACK
6
CONTINUOUS
10
6.1256831889763781
20
-3.4347074015748031
11
6.1363025590551183
21
-3.4441974409448819
0
LINE
8
BLACK
6
CONTINUOUS
10
6.1363025590551183
20
-3.4441974409448819
11
6.1457925984251967
21
-3.4548168110236221
0
LINE
8
BLACK
6
CONTINUOUS
10
6.1457925984251967
20
-3.4548168110236221
11
6.1540339763779528
21
-3.4664319291338583
0
LINE
8
BLACK
6
CONTINUOUS
10
6.1540339763779528
20
-3.4664319291338583
11
6.160923031496063
21
-3.4788967716535431
0
LINE
8
BLACK
6
CONTINUOUS
10
6.160923031496063
20
-3.4788967716535431
11
6.1663731889763778
21
-3.4920545669291339
0
LINE
8
BLACK
6
CONTINUOUS
10
6.1663731889763778
20
-3.4920545669291339
11
6.1703158267716534
21
-3.5057398425196848
0
LINE
8
BLACK
6
CONTINUOUS
10
6.1703158267716534
20
-3.5057398425196848
11
6.1727014566929128
21
-3.5197805118110237
0
LINE
8
BLACK
6
CONTINUOUS
10
6.1727014566929128
20
-3.5197805118110237
11
6.1731077952755902
21
-3.5270157480314959
0
LINE
8
BLACK
6
CONTINUOUS
10
6.1731077952755902
20
-3.5270157480314959
11
6.1811434251968507
21
-3.5270157480314959
0
LINE
8
BLACK
6
CONTINUOUS
10
6.1811434251968507
20
-3.5270157480314959
11
6.1808123622047244
21
-3.5263659842519686
0
LINE
8
BLACK
6
CONTINUOUS
10
6.1808123622047244
20
-3.5263659842519686
11
6.1800354330708656
21
-3.5214606299212599
0
LINE
8
BLACK
6
CONTINUOUS
10
6.1800354330708656
20
-3.5214606299212599
11
6.1808123622047244
21
-3.5165552755905511
0
LINE
8
BLACK
6
CONTINUOUS
10
6.1808123622047244
20
-3.5165552755905511
11
6.183067086614173
21
-3.5121301181102362
0
LINE
8
BLACK
6
CONTINUOUS
10
6.183067086614173
20
-3.5121301181102362
11
6.1853933858267718
21
-3.5098037795275592
0
LINE
8
BLACK
6
CONTINUOUS
10
6.1853933858267718
20
-3.5098037795275592
11
6.1845772834645665
21
-3.5046510629921257
0
LINE
8
BLACK
6
CONTINUOUS
10
6.1845772834645665
20
-3.5046510629921257
11
6.1845772440944877
21
-3.5046509842519686
0
LINE
8
BLACK
6
CONTINUOUS
10
6.1845772440944877
20
-3.5046509842519686
11
6.1807528740157478
21
-3.4903782283464566
0
LINE
8
BLACK
6
CONTINUOUS
10
6.1807528740157478
20
-3.4903782283464566
11
6.1754579921259838
21
-3.4765844488188975
0
LINE
8
BLACK
6
CONTINUOUS
10
6.1754579921259838
20
-3.4765844488188975
11
6.175457952755905
21
-3.4765844094488187
0
LINE
8
BLACK
6
CONTINUOUS
10
6.175457952755905
20
-3.4765844094488187
11
6.1687498425196852
21
-3.4634190157480313
0
LINE
8
BLACK
6
CONTINUOUS
10
6.1687498425196852
20
-3.4634190157480313
11
6.1607024015748033
21
-3.4510270472440943
0
LINE
8
BLACK
6
CONTINUOUS
10
6.1607024015748033
20
-3.4510270472440943
11
6.1607021653543308
21
-3.4510266929133859
0
LINE
8
BLACK
6
CONTINUOUS
10
6.1607021653543308
20
-3.4510266929133859
11
6.1514038976377954
21
-3.4395443700787403
0
LINE
8
BLACK
6
CONTINUOUS
10
6.1514038976377954
20
-3.4395443700787403
11
6.1514032283464566
21
-3.439543622047244
0
LINE
8
BLACK
6
CONTINUOUS
10
6.1514032283464566
20
-3.439543622047244
11
6.1409563385826766
21
-3.4290967322834645
0
LINE
8
BLACK
6
CONTINUOUS
10
6.1409563385826766
20
-3.4290967322834645
11
6.1409555905511812
21
-3.4290960629921261
0
LINE
8
BLACK
6
CONTINUOUS
10
6.1409555905511812
20
-3.4290960629921261
11
6.1294732677165351
21
-3.4197977952755907
0
LINE
8
BLACK
6
CONTINUOUS
10
6.1294732677165351
20
-3.4197977952755907
11
6.1294729133858263
21
-3.4197975590551182
0
LINE
8
BLACK
6
CONTINUOUS
10
6.1294729133858263
20
-3.4197975590551182
11
6.1170809448818897
21
-3.4117501181102363
0
LINE
8
BLACK
6
CONTINUOUS
10
6.1170809448818897
20
-3.4117501181102363
11
6.1039155511811023
21
-3.4050420078740156
0
LINE
8
BLACK
6
CONTINUOUS
10
6.1039155511811023
20
-3.4050420078740156
11
6.1039155118110235
21
-3.4050419685039368
0
LINE
8
BLACK
6
CONTINUOUS
10
6.1039155118110235
20
-3.4050419685039368
11
6.0998435433070863
21
-3.403478897637795
0
LINE
8
BLACK
6
CONTINUOUS
10
6.0998435433070863
20
-3.403478897637795
11
6.0989407480314961
21
-3.4043817322834644
0
LINE
8
BLACK
6
CONTINUOUS
10
6.0989407480314961
20
-3.4043817322834644
11
6.0945155905511808
21
-3.4066364566929135
0
LINE
8
BLACK
6
CONTINUOUS
10
6.0945155905511808
20
-3.4066364566929135
11
6.089610236220472
21
-3.4074133858267714
0
LINE
8
BLACK
6
CONTINUOUS
10
6.089610236220472
20
-3.4074133858267714
11
6.0847048818897633
21
-3.4066364566929135
0
LINE
8
BLACK
6
CONTINUOUS
10
6.0847048818897633
20
-3.4066364566929135
11
6.0802797244094489
21
-3.4043817322834644
0
LINE
8
BLACK
6
CONTINUOUS
10
6.0802797244094489
20
-3.4043817322834644
11
6.076767874015748
21
-3.4008698818897636
0
LINE
8
BLACK
6
CONTINUOUS
10
6.076767874015748
20
-3.4008698818897636
11
6.0745131496062994
21
-3.3964447244094487
0
LINE
8
BLACK
6
CONTINUOUS
10
6.0745131496062994
20
-3.3964447244094487
11
6.0743939370078737
21
-3.3956922047244094
0
LINE
8
BLACK
6
CONTINUOUS
10
6.0743939370078737
20
-3.3956922047244094
11
6.0612553937007876
21
-3.3936112992125982
0
LINE
8
BLACK
6
CONTINUOUS
10
6.0612553937007876
20
-3.3936112992125982
11
6.0579394881889765
21
-3.3934374803149607
0
LINE
8
BLACK
6
CONTINUOUS
10
6.0579394881889765
20
-3.3934374803149607
11
6.0574632283464567
21
-3.3964447244094487
0
LINE
8
BLACK
6
CONTINUOUS
10
5.6327232677165355
20
-3.3935599999999999
11
5.6322663779527558
21
-3.3964447244094487
0
LINE
8
BLACK
6
CONTINUOUS
10
5.6322663779527558
20
-3.3964447244094487
11
5.6300116535433071
21
-3.4008698818897636
0
LINE
8
BLACK
6
CONTINUOUS
10
5.6300116535433071
20
-3.4008698818897636
11
5.6264998031496063
21
-3.4043817322834644
0
LINE
8
BLACK
6
CONTINUOUS
10
5.6264998031496063
20
-3.4043817322834644
11
5.6220746456692909
21
-3.4066364566929135
0
LINE
8
BLACK
6
CONTINUOUS
10
5.6220746456692909
20
-3.4066364566929135
11
5.6171692913385822
21
-3.4074133858267714
0
LINE
8
BLACK
6
CONTINUOUS
10
5.6171692913385822
20
-3.4074133858267714
11
5.6122639370078735
21
-3.4066364566929135
0
LINE
8
BLACK
6
CONTINUOUS
10
5.6122639370078735
20
-3.4066364566929135
11
5.607838779527559
21
-3.4043817322834644
0
LINE
8
BLACK
6
CONTINUOUS
10
5.607838779527559
20
-3.4043817322834644
11
5.6043269291338582
21
-3.4008698818897636
0
LINE
8
BLACK
6
CONTINUOUS
10
5.6043269291338582
20
-3.4008698818897636
11
5.603649527559055
21
-3.3995403937007875
0
LINE
8
BLACK
6
CONTINUOUS
10
5.603649527559055
20
-3.3995403937007875
11
5.6028782283464569
21
-3.3997470866141732
0
LINE
8
BLACK
6
CONTINUOUS
10
5.6028782283464569
20
-3.3997470866141732
11
5.5890844488188973
21
-3.4050419685039368
0
LINE
8
BLACK
6
CONTINUOUS
10
5.5890844488188973
20
-3.4050419685039368
11
5.5890844094488186
21
-3.4050420078740156
0
LINE
8
BLACK
6
CONTINUOUS
10
5.5890844094488186
20
-3.4050420078740156
11
5.5759190157480312
21
-3.4117501181102363
0
LINE
8
BLACK
6
CONTINUOUS
10
5.5759190157480312
20
-3.4117501181102363
11
5.5635270472440945
21
-3.4197975590551182
0
LINE
8
BLACK
6
CONTINUOUS
10
5.5635270472440945
20
-3.4197975590551182
11
5.5635266929133858
21
-3.4197977952755907
0
LINE
8
BLACK
6
CONTINUOUS
10
5.5635266929133858
20
-3.4197977952755907
11
5.5520443700787396
21
-3.4290960629921261
0
LINE
8
BLACK
6
CONTINUOUS
10
5.5520443700787396
20
-3.4290960629921261
11
5.5520436220472442
21
-3.4290967322834645
0
LINE
8
BLACK
6
CONTINUOUS
10
5.5520436220472442
20
-3.4290967322834645
11
5.5415967322834643
21
-3.439543622047244
0
LINE
8
BLACK
6
CONTINUOUS
10
5.5415967322834643
20
-3.439543622047244
11
5.5415960629921255
21
-3.4395443700787403
0
LINE
8
BLACK
6
CONTINUOUS
10
5.5415960629921255
20
-3.4395443700787403
11
5.5322977952755901
21
-3.4510266929133859
0
LINE
8
BLACK
6
CONTINUOUS
10
5.5322977952755901
20
-3.4510266929133859
11
5.5322975590551176
21
-3.4510270472440943
0
LINE
8
BLACK
6
CONTINUOUS
10
5.5322975590551176
20
-3.4510270472440943
11
5.5242501181102357
21
-3.4634190157480313
0
LINE
8
BLACK
6
CONTINUOUS
10
5.5242501181102357
20
-3.4634190157480313
11
5.5175420078740158
21
-3.4765844094488187
0
LINE
8
BLACK
6
CONTINUOUS
10
5.5175420078740158
20
-3.4765844094488187
11
5.5175419685039371
21
-3.4765844488188975
0
LINE
8
BLACK
6
CONTINUOUS
10
5.5175419685039371
20
-3.4765844488188975
11
5.5122470866141731
21
-3.4903782283464566
0
LINE
8
BLACK
6
CONTINUOUS
10
5.5122470866141731
20
-3.4903782283464566
11
5.5084227165354331
21
-3.5046509842519686
0
LINE
8
BLACK
6
CONTINUOUS
10
5.5084227165354331
20
-3.5046509842519686
11
5.5084226771653544
21
-3.5046510629921257
0
LINE
8
BLACK
6
CONTINUOUS
10
5.5084226771653544
20
-3.5046510629921257
11
5.5078387795275585
21
-3.508337598425197
0
LINE
8
BLACK
6
CONTINUOUS
10
5.5078387795275585
20
-3.508337598425197
11
5.5083895669291341
21
-3.5086182677165354
0
LINE
8
BLACK
6
CONTINUOUS
10
5.5083895669291341
20
-3.5086182677165354
11
5.5119014173228349
21
-3.5121301181102362
0
LINE
8
BLACK
6
CONTINUOUS
10
5.5119014173228349
20
-3.5121301181102362
11
5.5141561417322835
21
-3.5165552755905511
0
LINE
8
BLACK
6
CONTINUOUS
10
5.5141561417322835
20
-3.5165552755905511
11
5.5149330708661415
21
-3.5214606299212599
0
LINE
8
BLACK
6
CONTINUOUS
10
5.5149330708661415
20
-3.5214606299212599
11
5.5141561417322835
21
-3.5263659842519686
0
LINE
8
BLACK
6
CONTINUOUS
10
5.5141561417322835
20
-3.5263659842519686
11
5.5138250787401573
21
-3.5270157480314959
0
LINE
8
BLACK
6
CONTINUOUS
10
5.5138250787401573
20
-3.5270157480314959
11
5.5198922047244094
21
-3.5270157480314959
0
LINE
8
BLACK
6
CONTINUOUS
10
5.5198922047244094
20
-3.5270157480314959
11
5.5202985433070868
21
-3.5197805118110237
0
LINE
8
BLACK
6
CONTINUOUS
10
5.5202985433070868
20
-3.5197805118110237
11
5.5226841732283463
21
-3.5057398425196848
0
LINE
8
BLACK
6
CONTINUOUS
10
5.5226841732283463
20
-3.5057398425196848
11
5.5266268110236219
21
-3.4920545669291339
0
LINE
8
BLACK
6
CONTINUOUS
10
5.5266268110236219
20
-3.4920545669291339
11
5.5320769685039366
21
-3.4788967716535431
0
LINE
8
BLACK
6
CONTINUOUS
10
5.5320769685039366
20
-3.4788967716535431
11
5.5389660236220468
21
-3.4664319291338583
0
LINE
8
BLACK
6
CONTINUOUS
10
5.5389660236220468
20
-3.4664319291338583
11
5.547207401574803
21
-3.4548168110236221
0
LINE
8
BLACK
6
CONTINUOUS
10
5.547207401574803
20
-3.4548168110236221
11
5.5566974409448822
21
-3.4441974409448819
0
LINE
8
BLACK
6
CONTINUOUS
10
5.5566974409448822
20
-3.4441974409448819
11
5.5673168110236215
21
-3.4347074015748031
0
LINE
8
BLACK
6
CONTINUOUS
10
5.5673168110236215
20
-3.4347074015748031
11
5.5789319291338577
21
-3.426466023622047
0
LINE
8
BLACK
6
CONTINUOUS
10
5.5789319291338577
20
-3.426466023622047
11
5.5913967716535433
21
-3.4195769685039368
0
LINE
8
BLACK
6
CONTINUOUS
10
5.5913967716535433
20
-3.4195769685039368
11
5.6045545669291341
21
-3.414126811023622
0
LINE
8
BLACK
6
CONTINUOUS
10
5.6045545669291341
20
-3.414126811023622
11
5.6182398425196851
21
-3.4101841732283464
0
LINE
8
BLACK
6
CONTINUOUS
10
5.6182398425196851
20
-3.4101841732283464
11
5.6322805118110235
21
-3.4077985433070865
0
LINE
8
BLACK
6
CONTINUOUS
10
5.6322805118110235
20
-3.4077985433070865
11
5.6395157480314957
21
-3.4073922047244092
0
LINE
8
BLACK
6
CONTINUOUS
10
5.6395157480314957
20
-3.4073922047244092
11
5.6395157480314957
21
-3.39320405511811
0
LINE
8
BLACK
6
CONTINUOUS
10
5.6395157480314957
20
-3.39320405511811
11
5.6395157086614169
21
-3.3932040157480312
0
LINE
8
BLACK
6
CONTINUOUS
10
5.6395157086614169
20
-3.3932040157480312
11
5.6327232677165355
21
-3.3935599999999999
0
LINE
8
BLACK
6
CONTINUOUS
10
5.9061112992125979
20
-4.7487553937007876
11
5.9084226771653539
21
-4.7633488976377949
0
LINE
8
BLACK
6
CONTINUOUS
10
5.9084226771653539
20
-4.7633488976377949
11
5.9084227165354326
21
-4.7633489763779524
0
LINE
8
BLACK
6
CONTINUOUS
10
5.9084227165354326
20
-4.7633489763779524
11
5.9122470866141734
21
-4.7776217322834649
0
LINE
8
BLACK
6
CONTINUOUS
10
5.9122470866141734
20
-4.7776217322834649
11
5.9175419685039365
21
-4.7914155118110235
0
LINE
8
BLACK
6
CONTINUOUS
10
5.9175419685039365
20
-4.7914155118110235
11
5.9175420078740153
21
-4.7914155511811023
0
LINE
8
BLACK
6
CONTINUOUS
10
5.9175420078740153
20
-4.7914155511811023
11
5.9242501181102361
21
-4.8045809448818897
0
LINE
8
BLACK
6
CONTINUOUS
10
5.9242501181102361
20
-4.8045809448818897
11
5.9322975590551179
21
-4.8169729133858263
0
LINE
8
BLACK
6
CONTINUOUS
10
5.9322975590551179
20
-4.8169729133858263
11
5.9322977952755904
21
-4.8169732677165351
0
LINE
8
BLACK
6
CONTINUOUS
10
5.9322977952755904
20
-4.8169732677165351
11
5.9415960629921258
21
-4.8284555905511812
0
LINE
8
BLACK
6
CONTINUOUS
10
5.9415960629921258
20
-4.8284555905511812
11
5.9415967322834646
21
-4.8284563385826766
0
LINE
8
BLACK
6
CONTINUOUS
10
5.9415967322834646
20
-4.8284563385826766
11
5.9520436220472437
21
-4.8389032283464566
0
LINE
8
BLACK
6
CONTINUOUS
10
5.9520436220472437
20
-4.8389032283464566
11
5.95204437007874
21
-4.8389038976377954
0
LINE
8
BLACK
6
CONTINUOUS
10
5.95204437007874
20
-4.8389038976377954
11
5.9635266929133861
21
-4.8482021653543308
0
LINE
8
BLACK
6
CONTINUOUS
10
5.9635266929133861
20
-4.8482021653543308
11
5.963527047244094
21
-4.8482024015748033
0
LINE
8
BLACK
6
CONTINUOUS
10
5.963527047244094
20
-4.8482024015748033
11
5.9698451181102357
21
-4.852305393700787
0
LINE
8
BLACK
6
CONTINUOUS
10
5.9698451181102357
20
-4.852305393700787
11
5.9714999999999998
21
-4.852043307086614
0
LINE
8
BLACK
6
CONTINUOUS
10
5.9714999999999998
20
-4.852043307086614
11
5.9764053543307085
21
-4.852820236220472
0
LINE
8
BLACK
6
CONTINUOUS
10
5.9764053543307085
20
-4.852820236220472
11
5.9808305118110239
21
-4.8550749606299215
0
LINE
8
BLACK
6
CONTINUOUS
10
5.9808305118110239
20
-4.8550749606299215
11
5.9843423622047247
21
-4.8585868110236223
0
LINE
8
BLACK
6
CONTINUOUS
10
5.9843423622047247
20
-4.8585868110236223
11
5.9856877165354332
21
-4.8612272440944881
0
LINE
8
BLACK
6
CONTINUOUS
10
5.9856877165354332
20
-4.8612272440944881
11
5.9890844094488189
21
-4.862957952755905
0
LINE
8
BLACK
6
CONTINUOUS
10
5.9890844094488189
20
-4.862957952755905
11
5.9890844488188977
21
-4.8629579921259838
0
LINE
8
BLACK
6
CONTINUOUS
10
5.9890844488188977
20
-4.8629579921259838
11
6.0028782283464563
21
-4.8682528740157478
0
LINE
8
BLACK
6
CONTINUOUS
10
6.0028782283464563
20
-4.8682528740157478
11
6.0171509842519679
21
-4.8720772440944877
0
LINE
8
BLACK
6
CONTINUOUS
10
6.0171509842519679
20
-4.8720772440944877
11
6.0171510629921254
21
-4.8720772834645665
0
LINE
8
BLACK
6
CONTINUOUS
10
6.0171510629921254
20
-4.8720772834645665
11
6.0317446062992124
21
-4.8743886614173224
0
LINE
8
BLACK
6
CONTINUOUS
10
6.0317446062992124
20
-4.8743886614173224
11
6.0395157086614173
21
-4.8747959055118111
0
LINE
8
BLACK
6
CONTINUOUS
10
6.0395157086614173
20
-4.8747959055118111
11
6.039515748031496
21
-4.8747958661417323
0
LINE
8
BLACK
6
CONTINUOUS
10
6.039515748031496
20
-4.8747958661417323
11
6.039515748031496
21
-4.8606077559055114
0
LINE
8
BLACK
6
CONTINUOUS
10
6.039515748031496
20
-4.8606077559055114
11
6.0322805118110239
21
-4.8602014566929137
0
LINE
8
BLACK
6
CONTINUOUS
10
6.0322805118110239
20
-4.8602014566929137
11
6.0182398425196846
21
-4.8578158267716534
0
LINE
8
BLACK
6
CONTINUOUS
10
6.0182398425196846
20
-4.8578158267716534
11
6.0045545669291336
21
-4.8538731889763778
0
LINE
8
BLACK
6
CONTINUOUS
10
6.0045545669291336
20
-4.8538731889763778
11
5.9913967716535428
21
-4.848423031496063
0
LINE
8
BLACK
6
CONTINUOUS
10
5.9913967716535428
20
-4.848423031496063
11
5.9789319291338581
21
-4.8415339763779528
0
LINE
8
BLACK
6
CONTINUOUS
10
5.9789319291338581
20
-4.8415339763779528
11
5.9673168110236219
21
-4.8332925984251967
0
LINE
8
BLACK
6
CONTINUOUS
10
5.9673168110236219
20
-4.8332925984251967
11
5.9566974409448816
21
-4.8238025590551183
0
LINE
8
BLACK
6
CONTINUOUS
10
5.9566974409448816
20
-4.8238025590551183
11
5.9472074015748033
21
-4.8131831889763781
0
LINE
8
BLACK
6
CONTINUOUS
10
5.9472074015748033
20
-4.8131831889763781
11
5.9389660236220472
21
-4.8015680708661419
0
LINE
8
BLACK
6
CONTINUOUS
10
5.9389660236220472
20
-4.8015680708661419
11
5.932076968503937
21
-4.7891032283464563
0
LINE
8
BLACK
6
CONTINUOUS
10
5.932076968503937
20
-4.7891032283464563
11
5.9266268110236222
21
-4.7759454330708664
0
LINE
8
BLACK
6
CONTINUOUS
10
5.9266268110236222
20
-4.7759454330708664
11
5.9226841732283466
21
-4.7622601574803145
0
LINE
8
BLACK
6
CONTINUOUS
10
5.9226841732283466
20
-4.7622601574803145
11
5.9202985433070863
21
-4.7482194881889761
0
LINE
8
BLACK
6
CONTINUOUS
10
5.9202985433070863
20
-4.7482194881889761
11
5.9198922047244089
21
-4.7409842519685039
0
LINE
8
BLACK
6
CONTINUOUS
10
5.9198922047244089
20
-4.7409842519685039
11
5.9057040157480314
21
-4.7409842519685039
0
LINE
8
BLACK
6
CONTINUOUS
10
5.9057040157480314
20
-4.7409842519685039
11
5.9061112992125979
21
-4.7487553937007876
0
LINE
8
BLACK
6
CONTINUOUS
10
6.057927086614173
20
-4.3255408267716531
11
6.0599746062992121
21
-4.3297290944881892
0
LINE
8
BLACK
6
CONTINUOUS
10
6.0599746062992121
20
-4.3297290944881892
11
6.0632708661417318
21
-4.3330253543307089
0
LINE
8
BLACK
6
CONTINUOUS
10
6.0632708661417318
20
-4.3330253543307089
11
6.0674591732283467
21
-4.335072874015748
0
LINE
8
BLACK
6
CONTINUOUS
10
6.0674591732283467
20
-4.335072874015748
11
6.067459133858268
21
-4.335072874015748
0
LINE
8
BLACK
6
CONTINUOUS
10
6.067459133858268
20
-4.335072874015748
11
6.0701739763779523
21
-4.3354684645669295
0
LINE
8
BLACK
6
CONTINUOUS
10
6.0701739763779523
20
-4.3354684645669295
11
6.0701744094488186
21
-4.3354685039370073
0
LINE
8
BLACK
6
CONTINUOUS
10
6.0701744094488186
20
-4.3354685039370073
11
6.0970157480314962
21
-4.3354685039370073
0
LINE
8
BLACK
6
CONTINUOUS
10
6.0970157480314962
20
-4.3354685039370073
11
6.0970157480314962
21
-4.3215000000000003
0
LINE
8
BLACK
6
CONTINUOUS
10
6.0970157480314962
20
-4.3215000000000003
11
6.0714999999999995
21
-4.3215000000000003
0
LINE
8
BLACK
6
CONTINUOUS
10
6.0714999999999995
20
-4.3215000000000003
11
6.0714999999999995
21
-4.2959842519685036
0
LINE
8
BLACK
6
CONTINUOUS
10
6.0714999999999995
20
-4.2959842519685036
11
6.0575314960629916
21
-4.2959842519685036
0
LINE
8
BLACK
6
CONTINUOUS
10
6.0575314960629916
20
-4.2959842519685036
11
6.0575314960629916
21
-4.3228259842519687
0
LINE
8
BLACK
6
CONTINUOUS
10
6.0575314960629916
20
-4.3228259842519687
11
6.057927086614173
21
-4.3255408267716531
0
LINE
8
BLACK
6
CONTINUOUS
10
5.667346456692913
20
-4.2710511811023624
11
5.667346456692913
21
-4.2583503937007876
0
LINE
8
BLACK
6
CONTINUOUS
10
5.667346456692913
20
-4.2583503937007876
11
5.6820157480314961
21
-4.2583503937007876
0
LINE
8
BLACK
6
CONTINUOUS
10
5.6820157480314961
20
-4.2583503937007876
11
5.6820157480314961
21
-4.2550122440944884
0
LINE
8
BLACK
6
CONTINUOUS
10
5.6820157480314961
20
-4.2550122440944884
11
5.6789053543307082
21
-4.2565970866141729
0
LINE
8
BLACK
6
CONTINUOUS
10
5.6789053543307082
20
-4.2565970866141729
11
5.6739999999999995
21
-4.2573740157480318
0
LINE
8
BLACK
6
CONTINUOUS
10
5.6739999999999995
20
-4.2573740157480318
11
5.6690946456692908
21
-4.2565970866141729
0
LINE
8
BLACK
6
CONTINUOUS
10
5.6690946456692908
20
-4.2565970866141729
11
5.6646694881889763
21
-4.2543423622047243
0
LINE
8
BLACK
6
CONTINUOUS
10
5.6646694881889763
20
-4.2543423622047243
11
5.6611576377952755
21
-4.2508305118110234
0
LINE
8
BLACK
6
CONTINUOUS
10
5.6611576377952755
20
-4.2508305118110234
11
5.6591169291338579
21
-4.2468253543307082
0
LINE
8
BLACK
6
CONTINUOUS
10
5.6591169291338579
20
-4.2468253543307082
11
5.6558210629921257
21
-4.25012125984252
0
LINE
8
BLACK
6
CONTINUOUS
10
5.6558210629921257
20
-4.25012125984252
11
5.6537735433070866
21
-4.2543095275590552
0
LINE
8
BLACK
6
CONTINUOUS
10
5.6537735433070866
20
-4.2543095275590552
11
5.6533779527559052
21
-4.2570243700787405
0
LINE
8
BLACK
6
CONTINUOUS
10
5.6533779527559052
20
-4.2570243700787405
11
5.6533779527559052
21
-4.2710511811023624
0
LINE
8
BLACK
6
CONTINUOUS
10
5.6533779527559052
20
-4.2710511811023624
11
5.667346456692913
21
-4.2710511811023624
0
LINE
8
BLACK
6
CONTINUOUS
10
5.6242165354330709
20
-4.1253228346456696
11
5.6242165354330709
21
-4.1047480314960625
0
LINE
8
BLACK
6
CONTINUOUS
10
5.6242165354330709
20
-4.1047480314960625
11
5.6369173228346456
21
-4.1047480314960625
0
LINE
8
BLACK
6
CONTINUOUS
10
5.6369173228346456
20
-4.1047480314960625
11
5.6369173228346456
21
-4.0907795275590546
0
LINE
8
BLACK
6
CONTINUOUS
10
5.6369173228346456
20
-4.0907795275590546
11
5.6228905118110237
21
-4.0907795275590546
0
LINE
8
BLACK
6
CONTINUOUS
10
5.6228905118110237
20
-4.0907795275590546
11
5.6201756692913385
21
-4.091175118110236
0
LINE
8
BLACK
6
CONTINUOUS
10
5.6201756692913385
20
-4.091175118110236
11
5.6159874015748033
21
-4.0932226377952752
0
LINE
8
BLACK
6
CONTINUOUS
10
5.6159874015748033
20
-4.0932226377952752
11
5.6126911417322836
21
-4.0965188976377949
0
LINE
8
BLACK
6
CONTINUOUS
10
5.6126911417322836
20
-4.0965188976377949
11
5.6106436220472435
21
-4.100707165354331
0
LINE
8
BLACK
6
CONTINUOUS
10
5.6106436220472435
20
-4.100707165354331
11
5.610248031496063
21
-4.1034220078740153
0
LINE
8
BLACK
6
CONTINUOUS
10
5.610248031496063
20
-4.1034220078740153
11
5.610248031496063
21
-4.1253228346456696
0
LINE
8
BLACK
6
CONTINUOUS
10
5.610248031496063
20
-4.1253228346456696
11
5.6242165354330709
21
-4.1253228346456696
0
LINE
8
BLACK
6
CONTINUOUS
10
5.9965000000000002
20
-4.102015748031496
11
5.9965000000000002
21
-4.0590000000000002
0
LINE
8
BLACK
6
CONTINUOUS
10
5.9965000000000002
20
-4.0590000000000002
11
6.0145157480314957
21
-4.0590000000000002
0
LINE
8
BLACK
6
CONTINUOUS
10
6.0145157480314957
20
-4.0590000000000002
11
6.0145157480314957
21
-4.0450314960629923
0
LINE
8
BLACK
6
CONTINUOUS
10
6.0145157480314957
20
-4.0450314960629923
11
5.995173976377953
21
-4.0450314960629923
0
LINE
8
BLACK
6
CONTINUOUS
10
5.995173976377953
20
-4.0450314960629923
11
5.9924591338582678
21
-4.0454270866141728
0
LINE
8
BLACK
6
CONTINUOUS
10
5.9924591338582678
20
-4.0454270866141728
11
5.9882708661417325
21
-4.0474746062992129
0
LINE
8
BLACK
6
CONTINUOUS
10
5.9882708661417325
20
-4.0474746062992129
11
5.9849746062992129
21
-4.0507708661417325
0
LINE
8
BLACK
6
CONTINUOUS
10
5.9849746062992129
20
-4.0507708661417325
11
5.9829270866141728
21
-4.0549591338582678
0
LINE
8
BLACK
6
CONTINUOUS
10
5.9829270866141728
20
-4.0549591338582678
11
5.9825314960629923
21
-4.057673976377953
0
LINE
8
BLACK
6
CONTINUOUS
10
5.9825314960629923
20
-4.057673976377953
11
5.9825314960629923
21
-4.102015748031496
0
LINE
8
BLACK
6
CONTINUOUS
10
5.9825314960629923
20
-4.102015748031496
11
5.9965000000000002
21
-4.102015748031496
0
LINE
8
BLACK
6
CONTINUOUS
10
6.0505354330708663
20
-3.8213070866141732
11
6.0505354330708663
21
-3.7928582677165354
0
LINE
8
BLACK
6
CONTINUOUS
10
6.0505354330708663
20
-3.7928582677165354
11
6.0770157480314957
21
-3.7928582677165354
0
LINE
8
BLACK
6
CONTINUOUS
10
6.0770157480314957
20
-3.7928582677165354
11
6.0770157480314957
21
-3.7788897637795276
0
LINE
8
BLACK
6
CONTINUOUS
10
6.0770157480314957
20
-3.7788897637795276
11
6.0492094094488191
21
-3.7788897637795276
0
LINE
8
BLACK
6
CONTINUOUS
10
6.0492094094488191
20
-3.7788897637795276
11
6.0464945669291339
21
-3.7792853543307086
0
LINE
8
BLACK
6
CONTINUOUS
10
6.0464945669291339
20
-3.7792853543307086
11
6.0423062992125987
21
-3.7813328740157481
0
LINE
8
BLACK
6
CONTINUOUS
10
6.0423062992125987
20
-3.7813328740157481
11
6.039010039370079
21
-3.7846291338582678
0
LINE
8
BLACK
6
CONTINUOUS
10
6.039010039370079
20
-3.7846291338582678
11
6.0369625196850389
21
-3.7888174015748031
0
LINE
8
BLACK
6
CONTINUOUS
10
6.0369625196850389
20
-3.7888174015748031
11
6.0365669291338584
21
-3.7915322440944883
0
LINE
8
BLACK
6
CONTINUOUS
10
6.0365669291338584
20
-3.7915322440944883
11
6.0365669291338584
21
-3.8213070866141732
0
LINE
8
BLACK
6
CONTINUOUS
10
6.0365669291338584
20
-3.8213070866141732
11
6.0505354330708663
21
-3.8213070866141732
0
LINE
8
BLACK
6
CONTINUOUS
10
5.6504270866141733
20
-3.7955408267716533
11
5.6524746062992124
21
-3.799729094488189
0
LINE
8
BLACK
6
CONTINUOUS
10
5.6524746062992124
20
-3.799729094488189
11
5.6557708661417321
21
-3.8030253543307087
0
LINE
8
BLACK
6
CONTINUOUS
10
5.6557708661417321
20
-3.8030253543307087
11
5.6599591732283461
21
-3.8050728740157478
0
LINE
8
BLACK
6
CONTINUOUS
10
5.6599591732283461
20
-3.8050728740157478
11
5.6599591338582673
21
-3.8050728740157478
0
LINE
8
BLACK
6
CONTINUOUS
10
5.6599591338582673
20
-3.8050728740157478
11
5.6626739763779526
21
-3.8054684645669292
0
LINE
8
BLACK
6
CONTINUOUS
10
5.6626739763779526
20
-3.8054684645669292
11
5.6626744094488188
21
-3.805468503937008
0
LINE
8
BLACK
6
CONTINUOUS
10
5.6626744094488188
20
-3.805468503937008
11
5.6895157480314955
21
-3.805468503937008
0
LINE
8
BLACK
6
CONTINUOUS
10
5.6895157480314955
20
-3.805468503937008
11
5.6895157480314955
21
-3.7915000000000001
0
LINE
8
BLACK
6
CONTINUOUS
10
5.6895157480314955
20
-3.7915000000000001
11
5.6639999999999997
21
-3.7915000000000001
0
LINE
8
BLACK
6
CONTINUOUS
10
5.6639999999999997
20
-3.7915000000000001
11
5.6639999999999997
21
-3.7659842519685038
0
LINE
8
BLACK
6
CONTINUOUS
10
5.6639999999999997
20
-3.7659842519685038
11
5.6500314960629918
21
-3.7659842519685038
0
LINE
8
BLACK
6
CONTINUOUS
10
5.6500314960629918
20
-3.7659842519685038
11
5.6500314960629918
21
-3.7928259842519685
0
LINE
8
BLACK
6
CONTINUOUS
10
5.6500314960629918
20
-3.7928259842519685
11
5.6504270866141733
21
-3.7955408267716533
0
LINE
8
BLACK
6
CONTINUOUS
10
5.5061112992125985
20
-3.5487553937007874
11
5.5071357086614174
21
-3.5552235039370079
0
LINE
8
BLACK
6
CONTINUOUS
10
5.5071357086614174
20
-3.5552235039370079
11
5.5083895669291341
21
-3.5558623622047243
0
LINE
8
BLACK
6
CONTINUOUS
10
5.5083895669291341
20
-3.5558623622047243
11
5.5119014173228349
21
-3.5593742125984251
0
LINE
8
BLACK
6
CONTINUOUS
10
5.5119014173228349
20
-3.5593742125984251
11
5.5141561417322835
21
-3.56379937007874
0
LINE
8
BLACK
6
CONTINUOUS
10
5.5141561417322835
20
-3.56379937007874
11
5.5149330708661415
21
-3.5687047244094487
0
LINE
8
BLACK
6
CONTINUOUS
10
5.5149330708661415
20
-3.5687047244094487
11
5.5141561417322835
21
-3.5736100787401575
0
LINE
8
BLACK
6
CONTINUOUS
10
5.5141561417322835
20
-3.5736100787401575
11
5.5122005511811025
21
-3.5774481102362206
0
LINE
8
BLACK
6
CONTINUOUS
10
5.5122005511811025
20
-3.5774481102362206
11
5.5122470866141731
21
-3.5776217322834647
0
LINE
8
BLACK
6
CONTINUOUS
10
5.5122470866141731
20
-3.5776217322834647
11
5.5175419685039371
21
-3.5914155118110234
0
LINE
8
BLACK
6
CONTINUOUS
10
5.5175419685039371
20
-3.5914155118110234
11
5.5175420078740158
21
-3.5914155511811021
0
LINE
8
BLACK
6
CONTINUOUS
10
5.5175420078740158
20
-3.5914155511811021
11
5.5242501181102357
21
-3.6045809448818895
0
LINE
8
BLACK
6
CONTINUOUS
10
5.5242501181102357
20
-3.6045809448818895
11
5.5322975590551176
21
-3.6169729133858266
0
LINE
8
BLACK
6
CONTINUOUS
10
5.5322975590551176
20
-3.6169729133858266
11
5.5322977952755901
21
-3.6169732677165354
0
LINE
8
BLACK
6
CONTINUOUS
10
5.5322977952755901
20
-3.6169732677165354
11
5.5415960629921255
21
-3.6284555905511811
0
LINE
8
BLACK
6
CONTINUOUS
10
5.5415960629921255
20
-3.6284555905511811
11
5.5415967322834643
21
-3.6284563385826769
0
LINE
8
BLACK
6
CONTINUOUS
10
5.5415967322834643
20
-3.6284563385826769
11
5.5520436220472442
21
-3.6389032283464564
0
LINE
8
BLACK
6
CONTINUOUS
10
5.5520436220472442
20
-3.6389032283464564
11
5.5520443700787396
21
-3.6389038976377952
0
LINE
8
BLACK
6
CONTINUOUS
10
5.5520443700787396
20
-3.6389038976377952
11
5.5635266929133858
21
-3.6482021653543306
0
LINE
8
BLACK
6
CONTINUOUS
10
5.5635266929133858
20
-3.6482021653543306
11
5.5635270472440945
21
-3.6482024015748031
0
LINE
8
BLACK
6
CONTINUOUS
10
5.5635270472440945
20
-3.6482024015748031
11
5.5759190157480312
21
-3.656249842519685
0
LINE
8
BLACK
6
CONTINUOUS
10
5.5759190157480312
20
-3.656249842519685
11
5.5890844094488186
21
-3.6629579527559053
0
LINE
8
BLACK
6
CONTINUOUS
10
5.5890844094488186
20
-3.6629579527559053
11
5.5890844488188973
21
-3.6629579921259841
0
LINE
8
BLACK
6
CONTINUOUS
10
5.5890844488188973
20
-3.6629579921259841
11
5.6028782283464569
21
-3.6682528740157481
0
LINE
8
BLACK
6
CONTINUOUS
10
5.6028782283464569
20
-3.6682528740157481
11
5.6171509842519685
21
-3.672077244094488
0
LINE
8
BLACK
6
CONTINUOUS
10
5.6171509842519685
20
-3.672077244094488
11
5.617151062992126
21
-3.6720772834645667
0
LINE
8
BLACK
6
CONTINUOUS
10
5.617151062992126
20
-3.6720772834645667
11
5.631744606299212
21
-3.6743886614173227
0
LINE
8
BLACK
6
CONTINUOUS
10
5.631744606299212
20
-3.6743886614173227
11
5.6395157086614169
21
-3.6747959055118109
0
LINE
8
BLACK
6
CONTINUOUS
10
5.6395157086614169
20
-3.6747959055118109
11
5.6395157480314957
21
-3.6747958661417321
0
LINE
8
BLACK
6
CONTINUOUS
10
5.6395157480314957
20
-3.6747958661417321
11
5.6395157480314957
21
-3.6606077559055117
0
LINE
8
BLACK
6
CONTINUOUS
10
5.6395157480314957
20
-3.6606077559055117
11
5.6322805118110235
21
-3.6602014566929135
0
LINE
8
BLACK
6
CONTINUOUS
10
5.6322805118110235
20
-3.6602014566929135
11
5.6182398425196851
21
-3.6578158267716536
0
LINE
8
BLACK
6
CONTINUOUS
10
5.6182398425196851
20
-3.6578158267716536
11
5.6045545669291341
21
-3.653873188976378
0
LINE
8
BLACK
6
CONTINUOUS
10
5.6045545669291341
20
-3.653873188976378
11
5.5913967716535433
21
-3.6484230314960628
0
LINE
8
BLACK
6
CONTINUOUS
10
5.5913967716535433
20
-3.6484230314960628
11
5.5789319291338577
21
-3.6415339763779526
0
LINE
8
BLACK
6
CONTINUOUS
10
5.5789319291338577
20
-3.6415339763779526
11
5.5673168110236215
21
-3.6332925984251969
0
LINE
8
BLACK
6
CONTINUOUS
10
5.5673168110236215
20
-3.6332925984251969
11
5.5566974409448822
21
-3.6238025590551182
0
LINE
8
BLACK
6
CONTINUOUS
10
5.5566974409448822
20
-3.6238025590551182
11
5.547207401574803
21
-3.6131831889763779
0
LINE
8
BLACK
6
CONTINUOUS
10
5.547207401574803
20
-3.6131831889763779
11
5.5389660236220468
21
-3.6015680708661417
0
LINE
8
BLACK
6
CONTINUOUS
10
5.5389660236220468
20
-3.6015680708661417
11
5.5320769685039366
21
-3.5891032283464566
0
LINE
8
BLACK
6
CONTINUOUS
10
5.5320769685039366
20
-3.5891032283464566
11
5.5266268110236219
21
-3.5759454330708662
0
LINE
8
BLACK
6
CONTINUOUS
10
5.5266268110236219
20
-3.5759454330708662
11
5.5226841732283463
21
-3.5622601574803148
0
LINE
8
BLACK
6
CONTINUOUS
10
5.5226841732283463
20
-3.5622601574803148
11
5.5202985433070868
21
-3.5482194881889764
0
LINE
8
BLACK
6
CONTINUOUS
10
5.5202985433070868
20
-3.5482194881889764
11
5.5198922047244094
21
-3.5409842519685037
0
LINE
8
BLACK
6
CONTINUOUS
10
5.5198922047244094
20
-3.5409842519685037
11
5.505704015748031
21
-3.5409842519685037
0
LINE
8
BLACK
6
CONTINUOUS
10
5.505704015748031
20
-3.5409842519685037
11
5.5061112992125985
21
-3.5487553937007874
0
CIRCLE
8
BLACK
10
5.6964999999999995
20
-3.9590000000000001
40
0.0068897637795276
0
CIRCLE
8
BLACK
10
5.5964999999999998
20
-3.9590000000000001
40
0.0068897637795276
0
CIRCLE
8
BLACK
10
5.6964999999999995
20
-3.859
40
0.0068897637795276
0
CIRCLE
8
BLACK
10
5.5964999999999998
20
-3.859
40
0.0068897637795276
0
CIRCLE
8
BLACK
10
5.6964999999999995
20
-3.7589999999999999
40
0.0068897637795276
0
CIRCLE
8
BLACK
10
5.5964999999999998
20
-3.7589999999999999
40
0.0068897637795276
0
CIRCLE
8
BLACK
10
5.5990000000000002
20
-4.4340000000000002
40
0.0068897637795276
0
CIRCLE
8
BLACK
10
5.5990000000000002
20
-4.5339999999999998
40
0.0068897637795276
0
CIRCLE
8
BLACK
10
5.6464999999999996
20
-4.734
40
0.0068897637795276
0
CIRCLE
8
BLACK
10
5.5990000000000002
20
-4.234
40
0.0068897637795276
0
CIRCLE
8
BLACK
10
5.5990000000000002
20
-4.3339999999999996
40
0.0068897637795276
0
CIRCLE
8
BLACK
10
5.6464999999999996
20
-3.5339999999999998
40
0.0068897637795276
0
CIRCLE
8
BLACK
10
6.1783503937007875
20
-4.0324251968503937
40
0.0068897637795276
0
CIRCLE
8
BLACK
10
5.7846496062992125
20
-3.9339999999999997
40
0.0068897637795276
0
CIRCLE
8
BLACK
10
6.1783503937007875
20
-3.8355748031496062
40
0.0068897637795276
0
CIRCLE
8
BLACK
10
6.0465
20
-3.5339999999999998
40
0.0068897637795276
0
CIRCLE
8
BLACK
10
6.1040000000000001
20
-4.4889999999999999
40
0.0068897637795276
0
CIRCLE
8
BLACK
10
6.0039999999999996
20
-4.4889999999999999
40
0.0068897637795276
0
CIRCLE
8
BLACK
10
6.1040000000000001
20
-4.3890000000000002
40
0.0068897637795276
0
CIRCLE
8
BLACK
10
6.0039999999999996
20
-4.3890000000000002
40
0.0068897637795276
0
CIRCLE
8
BLACK
10
6.1040000000000001
20
-4.2889999999999997
40
0.0068897637795276
0
CIRCLE
8
BLACK
10
6.0039999999999996
20
-4.2889999999999997
40
0.0068897637795276
0
CIRCLE
8
BLACK
10
6.0465
20
-4.734
40
0.0068897637795276
0
CIRCLE
8
BLACK
10
6.1959094488188979
20
-3.6631929133858265
40
0.0078740157480315
0
CIRCLE
8
BLACK
10
5.9714999999999998
20
-4.8679173228346455
40
0.0078740157480315
0
CIRCLE
8
BLACK
10
5.6739999999999995
20
-4.2415000000000003
40
0.0078740157480315
0
CIRCLE
8
BLACK
10
6.1959094488188979
20
-4.253744094488189
40
0.0078740157480315
0
CIRCLE
8
BLACK
10
5.49905905511811
20
-4.4309094488188974
40
0.0078740157480315
0
CIRCLE
8
BLACK
10
5.5817362204724406
20
-4.8679173228346455
40
0.0078740157480315
0
CIRCLE
8
BLACK
10
6.1959094488188979
20
-4.3954763779527557
40
0.0078740157480315
0
CIRCLE
8
BLACK
10
5.49905905511811
20
-4.0529566929133853
40
0.0078740157480315
0
CIRCLE
8
BLACK
10
6.1959094488188979
20
-4.4899645669291335
40
0.0078740157480315
0
CIRCLE
8
BLACK
10
6.0777992125984248
20
-4.0529566929133853
40
0.0078740157480315
0
CIRCLE
8
BLACK
10
5.8533897637795276
20
-3.39153937007874
40
0.0078740157480315
0
CIRCLE
8
BLACK
10
5.49905905511811
20
-4.1946889763779529
40
0.0078740157480315
0
CIRCLE
8
BLACK
10
6.1486653543307082
20
-4.8679173228346455
40
0.0078740157480315
0
CIRCLE
8
BLACK
10
5.6171692913385822
20
-3.39153937007874
40
0.0078740157480315
0
CIRCLE
8
BLACK
10
5.5344921259842517
20
-4.8679173228346455
40
0.0078740157480315
0
CIRCLE
8
BLACK
10
6.1959094488188979
20
-4.8206732283464566
40
0.0078740157480315
0
CIRCLE
8
BLACK
10
6.0423661417322831
20
-3.39153937007874
40
0.0078740157480315
0
CIRCLE
8
BLACK
10
6.1959094488188979
20
-4.1120118110236223
40
0.0078740157480315
0
CIRCLE
8
BLACK
10
5.7139999999999995
20
-4.2489999999999997
40
0.0078740157480315
0
CIRCLE
8
BLACK
10
5.8179566929133859
20
-4.0175236220472437
40
0.0078740157480315
0
CIRCLE
8
BLACK
10
5.9360669291338581
20
-4.5017755905511807
40
0.0078740157480315
0
CIRCLE
8
BLACK
10
6.1959094488188979
20
-4.3009881889763779
40
0.0078740157480315
0
CIRCLE
8
BLACK
10
6.1959094488188979
20
-4.3482322834645668
40
0.0078740157480315
0
CIRCLE
8
BLACK
10
5.49905905511811
20
-3.6159488188976376
40
0.0078740157480315
0
CIRCLE
8
BLACK
10
5.8415787401574804
20
-3.9820905511811024
40
0.0078740157480315
0
CIRCLE
8
BLACK
10
5.49905905511811
20
-3.5214606299212599
40
0.0078740157480315
0
CIRCLE
8
BLACK
10
5.5226811023622044
20
-3.39153937007874
40
0.0078740157480315
0
CIRCLE
8
BLACK
10
6.0777992125984248
20
-4.0883897637795279
40
0.0078740157480315
0
CIRCLE
8
BLACK
10
5.49905905511811
20
-3.9112244094488187
40
0.0078740157480315
0
CIRCLE
8
BLACK
10
5.49905905511811
20
-4.1002007874015751
40
0.0078740157480315
0
CIRCLE
8
BLACK
10
5.7234685039370081
20
-4.8679173228346455
40
0.0078740157480315
0
CIRCLE
8
BLACK
10
5.7943346456692915
20
-4.4899645669291335
40
0.0078740157480315
0
CIRCLE
8
BLACK
10
6.1959094488188979
20
-4.2065000000000001
40
0.0078740157480315
0
CIRCLE
8
BLACK
10
5.7164999999999999
20
-4.0765000000000002
40
0.0078740157480315
0
CIRCLE
8
BLACK
10
6.1368543307086609
20
-3.39153937007874
40
0.0078740157480315
0
CIRCLE
8
BLACK
10
5.49905905511811
20
-4.8206732283464566
40
0.0078740157480315
0
CIRCLE
8
BLACK
10
5.9124448818897637
20
-4.147444881889764
40
0.0078740157480315
0
CIRCLE
8
BLACK
10
6.1959094488188979
20
-4.4427204724409446
40
0.0078740157480315
0
CIRCLE
8
BLACK
10
6.1959094488188979
20
-4.1592559055118112
40
0.0078740157480315
0
CIRCLE
8
BLACK
10
5.770712598425197
20
-4.8679173228346455
40
0.0078740157480315
0
CIRCLE
8
BLACK
10
5.6644133858267711
20
-3.39153937007874
40
0.0078740157480315
0
CIRCLE
8
BLACK
10
6.089610236220472
20
-3.39153937007874
40
0.0078740157480315
0
CIRCLE
8
BLACK
10
5.49905905511811
20
-4.8679173228346455
40
0.0078740157480315
0
CIRCLE
8
BLACK
10
6.1959094488188979
20
-3.4269724409448816
40
0.0078740157480315
0
CIRCLE
8
BLACK
10
6.0777992125984248
20
-4.1238228346456696
40
0.0078740157480315
0
CIRCLE
8
BLACK
10
5.49905905511811
20
-4.147444881889764
40
0.0078740157480315
0
CIRCLE
8
BLACK
10
6.1959094488188979
20
-4.631696850393701
40
0.0078740157480315
0
CIRCLE
8
BLACK
10
6.1959094488188979
20
-3.5214606299212599
40
0.0078740157480315
0
CIRCLE
8
BLACK
10
5.49905905511811
20
-3.7576811023622048
40
0.0078740157480315
0
CIRCLE
8
BLACK
10
5.9242559055118109
20
-4.8679173228346455
40
0.0078740157480315
0
CIRCLE
8
BLACK
10
5.9478779527559054
20
-3.39153937007874
40
0.0078740157480315
0
CIRCLE
8
BLACK
10
5.49905905511811
20
-4.5844527559055113
40
0.0078740157480315
0
CIRCLE
8
BLACK
10
6.1959094488188979
20
-4.6789409448818899
40
0.0078740157480315
0
CIRCLE
8
BLACK
10
6.1959094488188979
20
-4.8679173228346455
40
0.0078740157480315
0
CIRCLE
8
BLACK
10
5.49905905511811
20
-3.5687047244094487
40
0.0078740157480315
0
CIRCLE
8
BLACK
10
5.49905905511811
20
-3.8049251968503937
40
0.0078740157480315
0
CIRCLE
8
BLACK
10
5.49905905511811
20
-3.958468503937008
40
0.0078740157480315
0
CIRCLE
8
BLACK
10
6.1840984251968498
20
-3.39153937007874
40
0.0078740157480315
0
CIRCLE
8
BLACK
10
5.49905905511811
20
-3.6631929133858265
40
0.0078740157480315
0
CIRCLE
8
BLACK
10
5.49905905511811
20
-4.2419330708661418
40
0.0078740157480315
0
CIRCLE
8
BLACK
10
6.1959094488188979
20
-4.5372086614173224
40
0.0078740157480315
0
CIRCLE
8
BLACK
10
5.8061456692913387
20
-3.39153937007874
40
0.0078740157480315
0
CIRCLE
8
BLACK
10
5.49905905511811
20
-4.7261850393700788
40
0.0078740157480315
0
CIRCLE
8
BLACK
10
6.0659881889763776
20
-4.2065000000000001
40
0.0078740157480315
0
CIRCLE
8
BLACK
10
6.0187440944881887
20
-4.2065000000000001
40
0.0078740157480315
0
CIRCLE
8
BLACK
10
6.1959094488188979
20
-4.5844527559055113
40
0.0078740157480315
0
CIRCLE
8
BLACK
10
5.49905905511811
20
-4.3836653543307085
40
0.0078740157480315
0
CIRCLE
8
BLACK
10
5.8297677165354331
20
-4.4899645669291335
40
0.0078740157480315
0
CIRCLE
8
BLACK
10
5.49905905511811
20
-4.3364212598425196
40
0.0078740157480315
0
CIRCLE
8
BLACK
10
5.7589015748031498
20
-3.39153937007874
40
0.0078740157480315
0
CIRCLE
8
BLACK
10
6.1959094488188979
20
-3.5687047244094487
40
0.0078740157480315
0
CIRCLE
8
BLACK
10
6.1959094488188979
20
-4.7261850393700788
40
0.0078740157480315
0
CIRCLE
8
BLACK
10
6.1959094488188979
20
-3.474216535433071
40
0.0078740157480315
0
CIRCLE
8
BLACK
10
5.49905905511811
20
-3.4269724409448816
40
0.0078740157480315
0
CIRCLE
8
BLACK
10
5.9006338582677165
20
-4.5017755905511807
40
0.0078740157480315
0
CIRCLE
8
BLACK
10
5.9951220472440943
20
-3.39153937007874
40
0.0078740157480315
0
CIRCLE
8
BLACK
10
6.1959094488188979
20
-3.7104370078740159
40
0.0078740157480315
0
CIRCLE
8
BLACK
10
5.9478779527559054
20
-4.147444881889764
40
0.0078740157480315
0
CIRCLE
8
BLACK
10
5.8652007874015748
20
-4.4899645669291335
40
0.0078740157480315
0
CIRCLE
8
BLACK
10
5.49905905511811
20
-4.6789409448818899
40
0.0078740157480315
0
CIRCLE
8
BLACK
10
6.0777992125984248
20
-4.1592559055118112
40
0.0078740157480315
0
CIRCLE
8
BLACK
10
5.6840000000000002
20
-4.0765000000000002
40
0.0078740157480315
0
CIRCLE
8
BLACK
10
5.49905905511811
20
-4.631696850393701
40
0.0078740157480315
0
CIRCLE
8
BLACK
10
5.49905905511811
20
-4.5372086614173224
40
0.0078740157480315
0
CIRCLE
8
BLACK
10
5.49905905511811
20
-3.7104370078740159
40
0.0078740157480315
0
CIRCLE
8
BLACK
10
5.49905905511811
20
-4.0057125984251964
40
0.0078740157480315
0
CIRCLE
8
BLACK
10
5.49905905511811
20
-4.7734291338582677
40
0.0078740157480315
0
CIRCLE
8
BLACK
10
5.7515000000000001
20
-4.0765000000000002
40
0.0078740157480315
0
CIRCLE
8
BLACK
10
5.877011811023622
20
-4.8679173228346455
40
0.0078740157480315
0
CIRCLE
8
BLACK
10
6.1959094488188979
20
-3.6159488188976376
40
0.0078740157480315
0
CIRCLE
8
BLACK
10
5.49905905511811
20
-4.2891771653543307
40
0.0078740157480315
0
CIRCLE
8
BLACK
10
5.9006338582677165
20
-3.39153937007874
40
0.0078740157480315
0
CIRCLE
8
BLACK
10
5.7116574803149609
20
-3.39153937007874
40
0.0078740157480315
0
CIRCLE
8
BLACK
10
5.49905905511811
20
-3.474216535433071
40
0.0078740157480315
0
CIRCLE
8
BLACK
10
6.1959094488188979
20
-4.7734291338582677
40
0.0078740157480315
0
CIRCLE
8
BLACK
10
5.9714999999999998
20
-4.2065000000000001
40
0.0078740157480315
0
CIRCLE
8
BLACK
10
5.5699251968503933
20
-3.39153937007874
40
0.0078740157480315
0
CIRCLE
8
BLACK
10
5.5339999999999998
20
-4.484
40
0.0078740157480315
0
CIRCLE
8
BLACK
10
5.6989999999999998
20
-4.2115
40
0.0078740157480315
0
CIRCLE
8
BLACK
10
5.7264999999999997
20
-4.1840000000000002
40
0.0078740157480315
  0
ENDSEC
  0
EOF
