  0
SECTION
  2
HEADER
  9
$ANGBASE
  50
0.0
  9
$ANGDIR
  70
1
  9
$MEASUREMENT
  70
0
  0
ENDSEC
  0
SECTION
  2
TABLES
  0
TABLE
  2
LTYPE
  70
4
  0
LTYPE
  5
40F
  2
CONTINUOUS
  70
0
  3
Solid line
  72
65
  73
0
  40
0.0
  0
LTYPE
  5
410
  2
DASHDOT
 70
0
  3
Dash Dot ____ _ ____ _
 72
65
 73
4
 40
2.0
 49
1.25
 49
-0.25
 49
0.25
 49
-0.25
  0
LTYPE
  5
411
  2
DASHED
 70
0
  3
Dashed __ __ __ __ __
 72
65
 73
2
 40
0.75
 49
0.5
 49
-0.25
  0
LTYPE
  5
43B
  2
DOTTED
 70
0
  3
Dotted .  .  .  .
 72
65
 73
2
 40
0.2
 49
0.0
 49
-0.2
  0
ENDTAB
  0
TABLE
  2
STYLE
  70
4
  0
STYLE
  2
KICAD
  70
0
  40
0
  41
1
  42
1
  50
0
  71
0
  3
isocp.shx
  0
STYLE
  2
KICADB
  70
0
  40
0
  41
1
  42
1
  50
0
  71
0
  3
isocp.shx
  0
STYLE
  2
KICADI
  70
0
  40
0
  41
1
  42
1
  50
15
  71
0
  3
isocp.shx
  0
STYLE
  2
KICADBI
  70
0
  40
0
  41
1
  42
1
  50
15
  71
0
  3
isocp.shx
  0
ENDTAB
  0
TABLE
  2
LAYER
  70
1
  0
LAYER
  2
BLACK
  70
0
  62
7
  6
CONTINUOUS
  0
ENDTAB
  0
ENDSEC
  0
SECTION
  2
ENTITIES
0
LINE
8
BLACK
6
CONTINUOUS
10
5.7964171259842514
20
-3.8926414960629923
11
5.8038163385826769
21
-3.8955079921259843
0
LINE
8
BLACK
6
CONTINUOUS
10
5.8038163385826769
20
-3.8955079921259843
11
5.8105629133858265
21
-3.8996852755905511
0
LINE
8
BLACK
6
CONTINUOUS
10
5.8105629133858265
20
-3.8996852755905511
11
5.8164270078740152
21
-3.9050311023622046
0
LINE
8
BLACK
6
CONTINUOUS
10
5.8164270078740152
20
-3.9050311023622046
11
5.8212089370078735
21
-3.9113634251968503
0
LINE
8
BLACK
6
CONTINUOUS
10
5.8212089370078735
20
-3.9113634251968503
11
5.8247459055118105
21
-3.9184666141732283
0
LINE
8
BLACK
6
CONTINUOUS
10
5.8247459055118105
20
-3.9184666141732283
11
5.8269174409448814
21
-3.926098779527559
0
LINE
8
BLACK
6
CONTINUOUS
10
5.8269174409448814
20
-3.926098779527559
11
5.8276496062992127
21
-3.9339999999999997
0
LINE
8
BLACK
6
CONTINUOUS
10
5.8276496062992127
20
-3.9339999999999997
11
5.8269174409448814
21
-3.9419012204724408
0
LINE
8
BLACK
6
CONTINUOUS
10
5.8269174409448814
20
-3.9419012204724408
11
5.8247459055118105
21
-3.9495333858267716
0
LINE
8
BLACK
6
CONTINUOUS
10
5.8247459055118105
20
-3.9495333858267716
11
5.8212089370078735
21
-3.9566365748031496
0
LINE
8
BLACK
6
CONTINUOUS
10
5.8212089370078735
20
-3.9566365748031496
11
5.8164270078740152
21
-3.9629688976377953
0
LINE
8
BLACK
6
CONTINUOUS
10
5.8164270078740152
20
-3.9629688976377953
11
5.8105629133858265
21
-3.9683147244094488
0
LINE
8
BLACK
6
CONTINUOUS
10
5.8105629133858265
20
-3.9683147244094488
11
5.8038163385826769
21
-3.9724920078740156
0
LINE
8
BLACK
6
CONTINUOUS
10
5.8038163385826769
20
-3.9724920078740156
11
5.7964171259842514
21
-3.9753585039370076
0
LINE
8
BLACK
6
CONTINUOUS
10
5.7964171259842514
20
-3.9753585039370076
11
5.7906496062992128
21
-3.9764366141732284
0
LINE
8
BLACK
6
CONTINUOUS
10
5.7906496062992128
20
-3.9764366141732284
11
5.7906496062992128
21
-4.0008503937007873
0
LINE
8
BLACK
6
CONTINUOUS
10
5.7906496062992128
20
-4.0008503937007873
11
5.7904451574803151
21
-4.0016133858267713
0
LINE
8
BLACK
6
CONTINUOUS
10
5.7904451574803151
20
-4.0016133858267713
11
5.7904451574803151
21
-4.0024033070866141
0
LINE
8
BLACK
6
CONTINUOUS
10
5.7904451574803151
20
-4.0024033070866141
11
5.7900501574803149
21
-4.0030874015748035
0
LINE
8
BLACK
6
CONTINUOUS
10
5.7900501574803149
20
-4.0030874015748035
11
5.789845748031496
21
-4.0038503937007874
0
LINE
8
BLACK
6
CONTINUOUS
10
5.789845748031496
20
-4.0038503937007874
11
5.7892872047244097
21
-4.004408897637795
0
LINE
8
BLACK
6
CONTINUOUS
10
5.7892872047244097
20
-4.004408897637795
11
5.7888922440944883
21
-4.0050930314960631
0
LINE
8
BLACK
6
CONTINUOUS
10
5.7888922440944883
20
-4.0050930314960631
11
5.7557426377952758
21
-4.0382426377952756
0
LINE
8
BLACK
6
CONTINUOUS
10
5.7557426377952758
20
-4.0382426377952756
11
5.7550585039370077
21
-4.038637598425197
0
LINE
8
BLACK
6
CONTINUOUS
10
5.7550585039370077
20
-4.038637598425197
11
5.7545000000000002
21
-4.0391961417322833
0
LINE
8
BLACK
6
CONTINUOUS
10
5.7545000000000002
20
-4.0391961417322833
11
5.7537370078740153
21
-4.0394005511811022
0
LINE
8
BLACK
6
CONTINUOUS
10
5.7537370078740153
20
-4.0394005511811022
11
5.7530529133858268
21
-4.0397955511811023
0
LINE
8
BLACK
6
CONTINUOUS
10
5.7530529133858268
20
-4.0397955511811023
11
5.752262992125984
21
-4.0397955511811023
0
LINE
8
BLACK
6
CONTINUOUS
10
5.752262992125984
20
-4.0397955511811023
11
5.7515000000000001
21
-4.04
0
LINE
8
BLACK
6
CONTINUOUS
10
5.7515000000000001
20
-4.04
11
5.5789852755905507
21
-4.04
0
LINE
8
BLACK
6
CONTINUOUS
10
5.5789852755905507
20
-4.04
11
5.54
21
-4.0789852755905507
0
LINE
8
BLACK
6
CONTINUOUS
10
5.54
20
-4.0789852755905507
11
5.54
21
-4.4694606299212598
0
LINE
8
BLACK
6
CONTINUOUS
10
5.54
20
-4.4694606299212598
11
5.5433305118110239
21
-4.4711576377952751
0
LINE
8
BLACK
6
CONTINUOUS
10
5.5433305118110239
20
-4.4711576377952751
11
5.5468423622047247
21
-4.4746694881889759
0
LINE
8
BLACK
6
CONTINUOUS
10
5.5468423622047247
20
-4.4746694881889759
11
5.5490970866141733
21
-4.4790946456692913
0
LINE
8
BLACK
6
CONTINUOUS
10
5.5490970866141733
20
-4.4790946456692913
11
5.5498740157480313
21
-4.484
0
LINE
8
BLACK
6
CONTINUOUS
10
5.5498740157480313
20
-4.484
11
5.5490970866141733
21
-4.4889053543307087
0
LINE
8
BLACK
6
CONTINUOUS
10
5.5490970866141733
20
-4.4889053543307087
11
5.5468423622047247
21
-4.4933305118110232
0
LINE
8
BLACK
6
CONTINUOUS
10
5.5468423622047247
20
-4.4933305118110232
11
5.5433305118110239
21
-4.496842362204724
0
LINE
8
BLACK
6
CONTINUOUS
10
5.5433305118110239
20
-4.496842362204724
11
5.5389053543307085
21
-4.4990970866141735
0
LINE
8
BLACK
6
CONTINUOUS
10
5.5389053543307085
20
-4.4990970866141735
11
5.5339999999999998
21
-4.4998740157480315
0
LINE
8
BLACK
6
CONTINUOUS
10
5.5339999999999998
20
-4.4998740157480315
11
5.5290946456692911
21
-4.4990970866141735
0
LINE
8
BLACK
6
CONTINUOUS
10
5.5290946456692911
20
-4.4990970866141735
11
5.5246694881889766
21
-4.496842362204724
0
LINE
8
BLACK
6
CONTINUOUS
10
5.5246694881889766
20
-4.496842362204724
11
5.5211576377952758
21
-4.4933305118110232
0
LINE
8
BLACK
6
CONTINUOUS
10
5.5211576377952758
20
-4.4933305118110232
11
5.5189029133858263
21
-4.4889053543307087
0
LINE
8
BLACK
6
CONTINUOUS
10
5.5189029133858263
20
-4.4889053543307087
11
5.5181259842519683
21
-4.484
0
LINE
8
BLACK
6
CONTINUOUS
10
5.5181259842519683
20
-4.484
11
5.5189029133858263
21
-4.4790946456692913
0
LINE
8
BLACK
6
CONTINUOUS
10
5.5189029133858263
20
-4.4790946456692913
11
5.5211576377952758
21
-4.4746694881889759
0
LINE
8
BLACK
6
CONTINUOUS
10
5.5211576377952758
20
-4.4746694881889759
11
5.5246694881889766
21
-4.4711576377952751
0
LINE
8
BLACK
6
CONTINUOUS
10
5.5246694881889766
20
-4.4711576377952751
11
5.5279999999999996
21
-4.4694606299212598
0
LINE
8
BLACK
6
CONTINUOUS
10
5.5279999999999996
20
-4.4694606299212598
11
5.5279999999999996
21
-4.0765000000000002
0
LINE
8
BLACK
6
CONTINUOUS
10
5.5279999999999996
20
-4.0765000000000002
11
5.5282044488188973
21
-4.0757369685039366
0
LINE
8
BLACK
6
CONTINUOUS
10
5.5282044488188973
20
-4.0757369685039366
11
5.5282044488188973
21
-4.0749470866141735
0
LINE
8
BLACK
6
CONTINUOUS
10
5.5282044488188973
20
-4.0749470866141735
11
5.5285994094488187
21
-4.0742629527559053
0
LINE
8
BLACK
6
CONTINUOUS
10
5.5285994094488187
20
-4.0742629527559053
11
5.5288038582677164
21
-4.0735000000000001
0
LINE
8
BLACK
6
CONTINUOUS
10
5.5288038582677164
20
-4.0735000000000001
11
5.5293623622047239
21
-4.072941456692913
0
LINE
8
BLACK
6
CONTINUOUS
10
5.5293623622047239
20
-4.072941456692913
11
5.529757362204724
21
-4.0722573622047245
0
LINE
8
BLACK
6
CONTINUOUS
10
5.529757362204724
20
-4.0722573622047245
11
5.5722573622047245
21
-4.029757362204724
0
LINE
8
BLACK
6
CONTINUOUS
10
5.5722573622047245
20
-4.029757362204724
11
5.572941456692913
21
-4.0293623622047239
0
LINE
8
BLACK
6
CONTINUOUS
10
5.572941456692913
20
-4.0293623622047239
11
5.5735000000000001
21
-4.0288038582677164
0
LINE
8
BLACK
6
CONTINUOUS
10
5.5735000000000001
20
-4.0288038582677164
11
5.5742629527559053
21
-4.0285994094488187
0
LINE
8
BLACK
6
CONTINUOUS
10
5.5742629527559053
20
-4.0285994094488187
11
5.5749470866141735
21
-4.0282044488188973
0
LINE
8
BLACK
6
CONTINUOUS
10
5.5749470866141735
20
-4.0282044488188973
11
5.5757370078740154
21
-4.0282044488188973
0
LINE
8
BLACK
6
CONTINUOUS
10
5.5757370078740154
20
-4.0282044488188973
11
5.5765000000000002
21
-4.0279999999999996
0
LINE
8
BLACK
6
CONTINUOUS
10
5.5765000000000002
20
-4.0279999999999996
11
5.7490147244094487
21
-4.0279999999999996
0
LINE
8
BLACK
6
CONTINUOUS
10
5.7490147244094487
20
-4.0279999999999996
11
5.7786496062992123
21
-3.998365118110236
0
LINE
8
BLACK
6
CONTINUOUS
10
5.7786496062992123
20
-3.998365118110236
11
5.7786496062992123
21
-3.9764366141732284
0
LINE
8
BLACK
6
CONTINUOUS
10
5.7786496062992123
20
-3.9764366141732284
11
5.7728820866141728
21
-3.9753585039370076
0
LINE
8
BLACK
6
CONTINUOUS
10
5.7728820866141728
20
-3.9753585039370076
11
5.7654828740157482
21
-3.9724920078740156
0
LINE
8
BLACK
6
CONTINUOUS
10
5.7654828740157482
20
-3.9724920078740156
11
5.7587362992125986
21
-3.9683147244094488
0
LINE
8
BLACK
6
CONTINUOUS
10
5.7587362992125986
20
-3.9683147244094488
11
5.752872204724409
21
-3.9629688976377953
0
LINE
8
BLACK
6
CONTINUOUS
10
5.752872204724409
20
-3.9629688976377953
11
5.7480902755905507
21
-3.9566365748031496
0
LINE
8
BLACK
6
CONTINUOUS
10
5.7480902755905507
20
-3.9566365748031496
11
5.7445533070866137
21
-3.9495333858267716
0
LINE
8
BLACK
6
CONTINUOUS
10
5.7445533070866137
20
-3.9495333858267716
11
5.7423817716535428
21
-3.9419012204724408
0
LINE
8
BLACK
6
CONTINUOUS
10
5.7423817716535428
20
-3.9419012204724408
11
5.7416496062992124
21
-3.9339999999999997
0
LINE
8
BLACK
6
CONTINUOUS
10
5.7416496062992124
20
-3.9339999999999997
11
5.7423817716535428
21
-3.926098779527559
0
LINE
8
BLACK
6
CONTINUOUS
10
5.7423817716535428
20
-3.926098779527559
11
5.7445533070866137
21
-3.9184666141732283
0
LINE
8
BLACK
6
CONTINUOUS
10
5.7445533070866137
20
-3.9184666141732283
11
5.7480902755905507
21
-3.9113634251968503
0
LINE
8
BLACK
6
CONTINUOUS
10
5.7480902755905507
20
-3.9113634251968503
11
5.752872204724409
21
-3.9050311023622046
0
LINE
8
BLACK
6
CONTINUOUS
10
5.752872204724409
20
-3.9050311023622046
11
5.7587362992125986
21
-3.8996852755905511
0
LINE
8
BLACK
6
CONTINUOUS
10
5.7587362992125986
20
-3.8996852755905511
11
5.7654828740157482
21
-3.8955079921259843
0
LINE
8
BLACK
6
CONTINUOUS
10
5.7654828740157482
20
-3.8955079921259843
11
5.7728820866141728
21
-3.8926414960629923
0
LINE
8
BLACK
6
CONTINUOUS
10
5.7728820866141728
20
-3.8926414960629923
11
5.7806820472440945
21
-3.8911834251968505
0
LINE
8
BLACK
6
CONTINUOUS
10
5.7806820472440945
20
-3.8911834251968505
11
5.7886171653543306
21
-3.8911834251968505
0
LINE
8
BLACK
6
CONTINUOUS
10
5.7886171653543306
20
-3.8911834251968505
11
5.7964171259842514
21
-3.8926414960629923
0
LINE
8
BLACK
6
CONTINUOUS
10
5.7039053543307086
20
-4.1964029133858265
11
5.7083305118110239
21
-4.1986576377952751
0
LINE
8
BLACK
6
CONTINUOUS
10
5.7083305118110239
20
-4.1986576377952751
11
5.7118423622047239
21
-4.202169488188976
0
LINE
8
BLACK
6
CONTINUOUS
10
5.7118423622047239
20
-4.202169488188976
11
5.7140970866141734
21
-4.2065946456692913
0
LINE
8
BLACK
6
CONTINUOUS
10
5.7140970866141734
20
-4.2065946456692913
11
5.7148740157480313
21
-4.2115
0
LINE
8
BLACK
6
CONTINUOUS
10
5.7148740157480313
20
-4.2115
11
5.7140970866141734
21
-4.2164053543307087
0
LINE
8
BLACK
6
CONTINUOUS
10
5.7140970866141734
20
-4.2164053543307087
11
5.7118423622047239
21
-4.2208305118110232
0
LINE
8
BLACK
6
CONTINUOUS
10
5.7118423622047239
20
-4.2208305118110232
11
5.7083305118110239
21
-4.224342362204724
0
LINE
8
BLACK
6
CONTINUOUS
10
5.7083305118110239
20
-4.224342362204724
11
5.7039053543307086
21
-4.2265970866141735
0
LINE
8
BLACK
6
CONTINUOUS
10
5.7039053543307086
20
-4.2265970866141735
11
5.6989999999999998
21
-4.2273740157480315
0
LINE
8
BLACK
6
CONTINUOUS
10
5.6989999999999998
20
-4.2273740157480315
11
5.6940946456692911
21
-4.2265970866141735
0
LINE
8
BLACK
6
CONTINUOUS
10
5.6940946456692911
20
-4.2265970866141735
11
5.6896694881889767
21
-4.224342362204724
0
LINE
8
BLACK
6
CONTINUOUS
10
5.6896694881889767
20
-4.224342362204724
11
5.6861576377952758
21
-4.2208305118110232
0
LINE
8
BLACK
6
CONTINUOUS
10
5.6861576377952758
20
-4.2208305118110232
11
5.6839511417322832
21
-4.2164999999999999
0
LINE
8
BLACK
6
CONTINUOUS
10
5.6839511417322832
20
-4.2164999999999999
11
5.6535710629921256
21
-4.2164999999999999
0
LINE
8
BLACK
6
CONTINUOUS
10
5.6535710629921256
20
-4.2164999999999999
11
5.649
21
-4.2210710629921255
0
LINE
8
BLACK
6
CONTINUOUS
10
5.649
20
-4.2210710629921255
11
5.649
21
-4.4115000000000002
0
LINE
8
BLACK
6
CONTINUOUS
10
5.649
20
-4.4115000000000002
11
5.6488729133858264
21
-4.4123839370078741
0
LINE
8
BLACK
6
CONTINUOUS
10
5.6488729133858264
20
-4.4123839370078741
11
5.6488857086614175
21
-4.4125628346456693
0
LINE
8
BLACK
6
CONTINUOUS
10
5.6488857086614175
20
-4.4125628346456693
11
5.6488334251968499
21
-4.4126585433070868
0
LINE
8
BLACK
6
CONTINUOUS
10
5.6488334251968499
20
-4.4126585433070868
11
5.6487974803149603
21
-4.4129086614173225
0
LINE
8
BLACK
6
CONTINUOUS
10
5.6487974803149603
20
-4.4129086614173225
11
5.6481283858267712
21
-4.4139497244094485
0
LINE
8
BLACK
6
CONTINUOUS
10
5.6481283858267712
20
-4.4139497244094485
11
5.6475355118110233
21
-4.4150355511811021
0
LINE
8
BLACK
6
CONTINUOUS
10
5.6475355118110233
20
-4.4150355511811021
11
5.6315
21
-4.4310710629921255
0
LINE
8
BLACK
6
CONTINUOUS
10
5.6315
20
-4.4310710629921255
11
5.6315
21
-4.4664999999999999
0
LINE
8
BLACK
6
CONTINUOUS
10
5.6315
20
-4.4664999999999999
11
5.5664999999999996
21
-4.4664999999999999
0
LINE
8
BLACK
6
CONTINUOUS
10
5.5664999999999996
20
-4.4664999999999999
11
5.5664999999999996
21
-4.4014999999999995
0
LINE
8
BLACK
6
CONTINUOUS
10
5.5664999999999996
20
-4.4014999999999995
11
5.6315
21
-4.4014999999999995
0
LINE
8
BLACK
6
CONTINUOUS
10
5.6315
20
-4.4014999999999995
11
5.6315
21
-4.4169288976377956
0
LINE
8
BLACK
6
CONTINUOUS
10
5.6315
20
-4.4169288976377956
11
5.6390000000000002
21
-4.4094288976377953
0
LINE
8
BLACK
6
CONTINUOUS
10
5.6390000000000002
20
-4.4094288976377953
11
5.6390000000000002
21
-4.2190000000000003
0
LINE
8
BLACK
6
CONTINUOUS
10
5.6390000000000002
20
-4.2190000000000003
11
5.6391270472440942
21
-4.2181160236220467
0
LINE
8
BLACK
6
CONTINUOUS
10
5.6391270472440942
20
-4.2181160236220467
11
5.6391142913385828
21
-4.2179371653543303
0
LINE
8
BLACK
6
CONTINUOUS
10
5.6391142913385828
20
-4.2179371653543303
11
5.6391665354330707
21
-4.2178414173228349
0
LINE
8
BLACK
6
CONTINUOUS
10
5.6391665354330707
20
-4.2178414173228349
11
5.6392025196850391
21
-4.2175913385826771
0
LINE
8
BLACK
6
CONTINUOUS
10
5.6392025196850391
20
-4.2175913385826771
11
5.6398714173228344
21
-4.2165504724409448
0
LINE
8
BLACK
6
CONTINUOUS
10
5.6398714173228344
20
-4.2165504724409448
11
5.6404644488188973
21
-4.2154644488188975
0
LINE
8
BLACK
6
CONTINUOUS
10
5.6404644488188973
20
-4.2154644488188975
11
5.6479644881889763
21
-4.2079644488188972
0
LINE
8
BLACK
6
CONTINUOUS
10
5.6479644881889763
20
-4.2079644488188972
11
5.6486793700787397
21
-4.2074292519685041
0
LINE
8
BLACK
6
CONTINUOUS
10
5.6486793700787397
20
-4.2074292519685041
11
5.6487968110236215
21
-4.2072937401574801
0
LINE
8
BLACK
6
CONTINUOUS
10
5.6487968110236215
20
-4.2072937401574801
11
5.6489014173228345
21
-4.2072629921259841
0
LINE
8
BLACK
6
CONTINUOUS
10
5.6489014173228345
20
-4.2072629921259841
11
5.6491037401574804
21
-4.2071115748031493
0
LINE
8
BLACK
6
CONTINUOUS
10
5.6491037401574804
20
-4.2071115748031493
11
5.6503129921259845
21
-4.2068485039370076
0
LINE
8
BLACK
6
CONTINUOUS
10
5.6503129921259845
20
-4.2068485039370076
11
5.6514999999999995
21
-4.2065000000000001
0
LINE
8
BLACK
6
CONTINUOUS
10
5.6514999999999995
20
-4.2065000000000001
11
5.6839511417322832
21
-4.2065000000000001
0
LINE
8
BLACK
6
CONTINUOUS
10
5.6839511417322832
20
-4.2065000000000001
11
5.6861576377952758
21
-4.202169488188976
0
LINE
8
BLACK
6
CONTINUOUS
10
5.6861576377952758
20
-4.202169488188976
11
5.6896694881889767
21
-4.1986576377952751
0
LINE
8
BLACK
6
CONTINUOUS
10
5.6896694881889767
20
-4.1986576377952751
11
5.6940946456692911
21
-4.1964029133858265
0
LINE
8
BLACK
6
CONTINUOUS
10
5.6940946456692911
20
-4.1964029133858265
11
5.6989999999999998
21
-4.1956259842519685
0
LINE
8
BLACK
6
CONTINUOUS
10
5.6989999999999998
20
-4.1956259842519685
11
5.7039053543307086
21
-4.1964029133858265
0
LINE
8
BLACK
6
CONTINUOUS
10
5.7314053543307084
20
-4.1689029133858266
11
5.7358305118110238
21
-4.1711576377952753
0
LINE
8
BLACK
6
CONTINUOUS
10
5.7358305118110238
20
-4.1711576377952753
11
5.7393423622047246
21
-4.1746694881889761
0
LINE
8
BLACK
6
CONTINUOUS
10
5.7393423622047246
20
-4.1746694881889761
11
5.7415970866141732
21
-4.1790946456692915
0
LINE
8
BLACK
6
CONTINUOUS
10
5.7415970866141732
20
-4.1790946456692915
11
5.7423740157480312
21
-4.1840000000000002
0
LINE
8
BLACK
6
CONTINUOUS
10
5.7423740157480312
20
-4.1840000000000002
11
5.7415970866141732
21
-4.1889053543307089
0
LINE
8
BLACK
6
CONTINUOUS
10
5.7415970866141732
20
-4.1889053543307089
11
5.7393423622047246
21
-4.1933305118110233
0
LINE
8
BLACK
6
CONTINUOUS
10
5.7393423622047246
20
-4.1933305118110233
11
5.7358305118110238
21
-4.1968423622047242
0
LINE
8
BLACK
6
CONTINUOUS
10
5.7358305118110238
20
-4.1968423622047242
11
5.7314053543307084
21
-4.1990970866141728
0
LINE
8
BLACK
6
CONTINUOUS
10
5.7314053543307084
20
-4.1990970866141728
11
5.7264999999999997
21
-4.1998740157480317
0
LINE
8
BLACK
6
CONTINUOUS
10
5.7264999999999997
20
-4.1998740157480317
11
5.721594645669291
21
-4.1990970866141728
0
LINE
8
BLACK
6
CONTINUOUS
10
5.721594645669291
20
-4.1990970866141728
11
5.7171694881889765
21
-4.1968423622047242
0
LINE
8
BLACK
6
CONTINUOUS
10
5.7171694881889765
20
-4.1968423622047242
11
5.7136576377952757
21
-4.1933305118110233
0
LINE
8
BLACK
6
CONTINUOUS
10
5.7136576377952757
20
-4.1933305118110233
11
5.7114511417322831
21
-4.1890000000000001
0
LINE
8
BLACK
6
CONTINUOUS
10
5.7114511417322831
20
-4.1890000000000001
11
5.5610710629921263
21
-4.1890000000000001
0
LINE
8
BLACK
6
CONTINUOUS
10
5.5610710629921263
20
-4.1890000000000001
11
5.5564999999999998
21
-4.1935710629921257
0
LINE
8
BLACK
6
CONTINUOUS
10
5.5564999999999998
20
-4.1935710629921257
11
5.5564999999999998
21
-4.299428897637795
0
LINE
8
BLACK
6
CONTINUOUS
10
5.5564999999999998
20
-4.299428897637795
11
5.5664999999999996
21
-4.3094288976377948
0
LINE
8
BLACK
6
CONTINUOUS
10
5.5664999999999996
20
-4.3094288976377948
11
5.5664999999999996
21
-4.3014999999999999
0
LINE
8
BLACK
6
CONTINUOUS
10
5.5664999999999996
20
-4.3014999999999999
11
5.6315
21
-4.3014999999999999
0
LINE
8
BLACK
6
CONTINUOUS
10
5.6315
20
-4.3014999999999999
11
5.6315
21
-4.3665000000000003
0
LINE
8
BLACK
6
CONTINUOUS
10
5.6315
20
-4.3665000000000003
11
5.5664999999999996
21
-4.3665000000000003
0
LINE
8
BLACK
6
CONTINUOUS
10
5.5664999999999996
20
-4.3665000000000003
11
5.5664999999999996
21
-4.3235710629921256
0
LINE
8
BLACK
6
CONTINUOUS
10
5.5664999999999996
20
-4.3235710629921256
11
5.5479644488188979
21
-4.3050355511811027
0
LINE
8
BLACK
6
CONTINUOUS
10
5.5479644488188979
20
-4.3050355511811027
11
5.5474292913385828
21
-4.3043206299212597
0
LINE
8
BLACK
6
CONTINUOUS
10
5.5474292913385828
20
-4.3043206299212597
11
5.54729374015748
21
-4.3042031889763779
0
LINE
8
BLACK
6
CONTINUOUS
10
5.54729374015748
20
-4.3042031889763779
11
5.5472629921259839
21
-4.3040984645669287
0
LINE
8
BLACK
6
CONTINUOUS
10
5.5472629921259839
20
-4.3040984645669287
11
5.547111614173228
21
-4.3038962598425199
0
LINE
8
BLACK
6
CONTINUOUS
10
5.547111614173228
20
-4.3038962598425199
11
5.546848582677165
21
-4.3026872440944883
0
LINE
8
BLACK
6
CONTINUOUS
10
5.546848582677165
20
-4.3026872440944883
11
5.5465
21
-4.3014999999999999
0
LINE
8
BLACK
6
CONTINUOUS
10
5.5465
20
-4.3014999999999999
11
5.5465
21
-4.1914999999999996
0
LINE
8
BLACK
6
CONTINUOUS
10
5.5465
20
-4.1914999999999996
11
5.5466270472440939
21
-4.1906160236220469
0
LINE
8
BLACK
6
CONTINUOUS
10
5.5466270472440939
20
-4.1906160236220469
11
5.5466142913385825
21
-4.1904371653543304
0
LINE
8
BLACK
6
CONTINUOUS
10
5.5466142913385825
20
-4.1904371653543304
11
5.5466665354330704
21
-4.1903414173228342
0
LINE
8
BLACK
6
CONTINUOUS
10
5.5466665354330704
20
-4.1903414173228342
11
5.5467025196850388
21
-4.1900913385826772
0
LINE
8
BLACK
6
CONTINUOUS
10
5.5467025196850388
20
-4.1900913385826772
11
5.5473714173228341
21
-4.189050472440945
0
LINE
8
BLACK
6
CONTINUOUS
10
5.5473714173228341
20
-4.189050472440945
11
5.5479644488188979
21
-4.1879644488188976
0
LINE
8
BLACK
6
CONTINUOUS
10
5.5479644488188979
20
-4.1879644488188976
11
5.5554644881889761
21
-4.1804644488188973
0
LINE
8
BLACK
6
CONTINUOUS
10
5.5554644881889761
20
-4.1804644488188973
11
5.5561793700787403
21
-4.1799292519685034
0
LINE
8
BLACK
6
CONTINUOUS
10
5.5561793700787403
20
-4.1799292519685034
11
5.5562968110236222
21
-4.1797937401574803
0
LINE
8
BLACK
6
CONTINUOUS
10
5.5562968110236222
20
-4.1797937401574803
11
5.5564014173228342
21
-4.1797629921259842
0
LINE
8
BLACK
6
CONTINUOUS
10
5.5564014173228342
20
-4.1797629921259842
11
5.5566037401574802
21
-4.1796115748031495
0
LINE
8
BLACK
6
CONTINUOUS
10
5.5566037401574802
20
-4.1796115748031495
11
5.5578129921259842
21
-4.1793485039370077
0
LINE
8
BLACK
6
CONTINUOUS
10
5.5578129921259842
20
-4.1793485039370077
11
5.5590000000000002
21
-4.1790000000000003
0
LINE
8
BLACK
6
CONTINUOUS
10
5.5590000000000002
20
-4.1790000000000003
11
5.7114511417322831
21
-4.1790000000000003
0
LINE
8
BLACK
6
CONTINUOUS
10
5.7114511417322831
20
-4.1790000000000003
11
5.7136576377952757
21
-4.1746694881889761
0
LINE
8
BLACK
6
CONTINUOUS
10
5.7136576377952757
20
-4.1746694881889761
11
5.7171694881889765
21
-4.1711576377952753
0
LINE
8
BLACK
6
CONTINUOUS
10
5.7171694881889765
20
-4.1711576377952753
11
5.721594645669291
21
-4.1689029133858266
0
LINE
8
BLACK
6
CONTINUOUS
10
5.721594645669291
20
-4.1689029133858266
11
5.7264999999999997
21
-4.1681259842519687
0
LINE
8
BLACK
6
CONTINUOUS
10
5.7264999999999997
20
-4.1681259842519687
11
5.7314053543307084
21
-4.1689029133858266
0
LINE
8
BLACK
6
CONTINUOUS
10
5.6315
20
-4.2664999999999997
11
5.5664999999999996
21
-4.2664999999999997
0
LINE
8
BLACK
6
CONTINUOUS
10
5.5664999999999996
20
-4.2664999999999997
11
5.5664999999999996
21
-4.2015000000000002
0
LINE
8
BLACK
6
CONTINUOUS
10
5.5664999999999996
20
-4.2015000000000002
11
5.6315
21
-4.2015000000000002
0
LINE
8
BLACK
6
CONTINUOUS
10
5.6315
20
-4.2015000000000002
11
5.6315
21
-4.2664999999999997
0
LINE
8
BLACK
6
CONTINUOUS
10
6.1901179133858264
20
-3.9910666929133858
11
6.1975171259842519
21
-3.9939331889763778
0
LINE
8
BLACK
6
CONTINUOUS
10
6.1975171259842519
20
-3.9939331889763778
11
6.2042637007874015
21
-3.9981104724409446
0
LINE
8
BLACK
6
CONTINUOUS
10
6.2042637007874015
20
-3.9981104724409446
11
6.2101277952755902
21
-4.0034562992125986
0
LINE
8
BLACK
6
CONTINUOUS
10
6.2101277952755902
20
-4.0034562992125986
11
6.2149097244094484
21
-4.0097886220472443
0
LINE
8
BLACK
6
CONTINUOUS
10
6.2149097244094484
20
-4.0097886220472443
11
6.2184466929133855
21
-4.0168918110236218
0
LINE
8
BLACK
6
CONTINUOUS
10
6.2184466929133855
20
-4.0168918110236218
11
6.2206182283464564
21
-4.024523976377953
0
LINE
8
BLACK
6
CONTINUOUS
10
6.2206182283464564
20
-4.024523976377953
11
6.2213503937007877
21
-4.0324251968503937
0
LINE
8
BLACK
6
CONTINUOUS
10
6.2213503937007877
20
-4.0324251968503937
11
6.2206182283464564
21
-4.0403264173228344
0
LINE
8
BLACK
6
CONTINUOUS
10
6.2206182283464564
20
-4.0403264173228344
11
6.2184466929133855
21
-4.0479585826771656
0
LINE
8
BLACK
6
CONTINUOUS
10
6.2184466929133855
20
-4.0479585826771656
11
6.2149097244094484
21
-4.0550617716535431
0
LINE
8
BLACK
6
CONTINUOUS
10
6.2149097244094484
20
-4.0550617716535431
11
6.2101277952755902
21
-4.0613940944881888
0
LINE
8
BLACK
6
CONTINUOUS
10
6.2101277952755902
20
-4.0613940944881888
11
6.2042637007874015
21
-4.0667399212598427
0
LINE
8
BLACK
6
CONTINUOUS
10
6.2042637007874015
20
-4.0667399212598427
11
6.1975171259842519
21
-4.0709172047244095
0
LINE
8
BLACK
6
CONTINUOUS
10
6.1975171259842519
20
-4.0709172047244095
11
6.1901179133858264
21
-4.0737837007874012
0
LINE
8
BLACK
6
CONTINUOUS
10
6.1901179133858264
20
-4.0737837007874012
11
6.1823179527559056
21
-4.075241771653543
0
LINE
8
BLACK
6
CONTINUOUS
10
6.1823179527559056
20
-4.075241771653543
11
6.1743828346456695
21
-4.075241771653543
0
LINE
8
BLACK
6
CONTINUOUS
10
6.1743828346456695
20
-4.075241771653543
11
6.1665828740157478
21
-4.0737837007874012
0
LINE
8
BLACK
6
CONTINUOUS
10
6.1665828740157478
20
-4.0737837007874012
11
6.1631614173228346
21
-4.0724581889763778
0
LINE
8
BLACK
6
CONTINUOUS
10
6.1631614173228346
20
-4.0724581889763778
11
6.1631614173228346
21
-4.3788818897637798
0
LINE
8
BLACK
6
CONTINUOUS
10
6.1631614173228346
20
-4.3788818897637798
11
6.1628627165354333
21
-4.3801904330708661
0
LINE
8
BLACK
6
CONTINUOUS
10
6.1628627165354333
20
-4.3801904330708661
11
6.1627124803149602
21
-4.3815241338582673
0
LINE
8
BLACK
6
CONTINUOUS
10
6.1627124803149602
20
-4.3815241338582673
11
6.1624703937007874
21
-4.3819093700787404
0
LINE
8
BLACK
6
CONTINUOUS
10
6.1624703937007874
20
-4.3819093700787404
11
6.1623691732283463
21
-4.3823529527559053
0
LINE
8
BLACK
6
CONTINUOUS
10
6.1623691732283463
20
-4.3823529527559053
11
6.1615323228346455
21
-4.3834022834645667
0
LINE
8
BLACK
6
CONTINUOUS
10
6.1615323228346455
20
-4.3834022834645667
11
6.1608182677165351
21
-4.3845387401574802
0
LINE
8
BLACK
6
CONTINUOUS
10
6.1608182677165351
20
-4.3845387401574802
11
6.1507001574803146
21
-4.3946568503937007
0
LINE
8
BLACK
6
CONTINUOUS
10
6.1507001574803146
20
-4.3946568503937007
11
6.1495637007874011
21
-4.3953709055118111
0
LINE
8
BLACK
6
CONTINUOUS
10
6.1495637007874011
20
-4.3953709055118111
11
6.1485143700787397
21
-4.3962077559055119
0
LINE
8
BLACK
6
CONTINUOUS
10
6.1485143700787397
20
-4.3962077559055119
11
6.1480707874015748
21
-4.396308976377953
0
LINE
8
BLACK
6
CONTINUOUS
10
6.1480707874015748
20
-4.396308976377953
11
6.1476855511811026
21
-4.3965510629921258
0
LINE
8
BLACK
6
CONTINUOUS
10
6.1476855511811026
20
-4.3965510629921258
11
6.1463518503937005
21
-4.396701299212598
0
LINE
8
BLACK
6
CONTINUOUS
10
6.1463518503937005
20
-4.396701299212598
11
6.1450433070866142
21
-4.3970000000000002
0
LINE
8
BLACK
6
CONTINUOUS
10
6.1450433070866142
20
-4.3970000000000002
11
6.1364999999999998
21
-4.3970000000000002
0
LINE
8
BLACK
6
CONTINUOUS
10
6.1364999999999998
20
-4.3970000000000002
11
6.1364999999999998
21
-4.4215
0
LINE
8
BLACK
6
CONTINUOUS
10
6.1364999999999998
20
-4.4215
11
6.0714999999999995
21
-4.4215
0
LINE
8
BLACK
6
CONTINUOUS
10
6.0714999999999995
20
-4.4215
11
6.0714999999999995
21
-4.3564999999999996
0
LINE
8
BLACK
6
CONTINUOUS
10
6.0714999999999995
20
-4.3564999999999996
11
6.1364999999999998
21
-4.3564999999999996
0
LINE
8
BLACK
6
CONTINUOUS
10
6.1364999999999998
20
-4.3564999999999996
11
6.1364999999999998
21
-4.3810000000000002
0
LINE
8
BLACK
6
CONTINUOUS
10
6.1364999999999998
20
-4.3810000000000002
11
6.1417296062992124
21
-4.3810000000000002
0
LINE
8
BLACK
6
CONTINUOUS
10
6.1417296062992124
20
-4.3810000000000002
11
6.1471614173228346
21
-4.375568188976378
0
LINE
8
BLACK
6
CONTINUOUS
10
6.1471614173228346
20
-4.375568188976378
11
6.1471614173228346
21
-4.0619305118110232
0
LINE
8
BLACK
6
CONTINUOUS
10
6.1471614173228346
20
-4.0619305118110232
11
6.146572992125984
21
-4.0613940944881888
0
LINE
8
BLACK
6
CONTINUOUS
10
6.146572992125984
20
-4.0613940944881888
11
6.1417910629921257
21
-4.0550617716535431
0
LINE
8
BLACK
6
CONTINUOUS
10
6.1417910629921257
20
-4.0550617716535431
11
6.1382540944881887
21
-4.0479585826771656
0
LINE
8
BLACK
6
CONTINUOUS
10
6.1382540944881887
20
-4.0479585826771656
11
6.1360825590551178
21
-4.0403264173228344
0
LINE
8
BLACK
6
CONTINUOUS
10
6.1360825590551178
20
-4.0403264173228344
11
6.1353503937007874
21
-4.0324251968503937
0
LINE
8
BLACK
6
CONTINUOUS
10
6.1353503937007874
20
-4.0324251968503937
11
6.1360825590551178
21
-4.024523976377953
0
LINE
8
BLACK
6
CONTINUOUS
10
6.1360825590551178
20
-4.024523976377953
11
6.1382540944881887
21
-4.0168918110236218
0
LINE
8
BLACK
6
CONTINUOUS
10
6.1382540944881887
20
-4.0168918110236218
11
6.1417910629921257
21
-4.0097886220472443
0
LINE
8
BLACK
6
CONTINUOUS
10
6.1417910629921257
20
-4.0097886220472443
11
6.146572992125984
21
-4.0034562992125986
0
LINE
8
BLACK
6
CONTINUOUS
10
6.146572992125984
20
-4.0034562992125986
11
6.1524370866141727
21
-3.9981104724409446
0
LINE
8
BLACK
6
CONTINUOUS
10
6.1524370866141727
20
-3.9981104724409446
11
6.1591836614173223
21
-3.9939331889763778
0
LINE
8
BLACK
6
CONTINUOUS
10
6.1591836614173223
20
-3.9939331889763778
11
6.1665828740157478
21
-3.9910666929133858
0
LINE
8
BLACK
6
CONTINUOUS
10
6.1665828740157478
20
-3.9910666929133858
11
6.1743828346456695
21
-3.989608622047244
0
LINE
8
BLACK
6
CONTINUOUS
10
6.1743828346456695
20
-3.989608622047244
11
6.1823179527559056
21
-3.989608622047244
0
LINE
8
BLACK
6
CONTINUOUS
10
6.1823179527559056
20
-3.989608622047244
11
6.1901179133858264
21
-3.9910666929133858
0
LINE
8
BLACK
6
CONTINUOUS
10
6.0365000000000002
20
-4.4215
11
5.9714999999999998
21
-4.4215
0
LINE
8
BLACK
6
CONTINUOUS
10
5.9714999999999998
20
-4.4215
11
5.9714999999999998
21
-4.3564999999999996
0
LINE
8
BLACK
6
CONTINUOUS
10
5.9714999999999998
20
-4.3564999999999996
11
6.0365000000000002
21
-4.3564999999999996
0
LINE
8
BLACK
6
CONTINUOUS
10
6.0365000000000002
20
-4.3564999999999996
11
6.0365000000000002
21
-4.4215
0
LINE
8
BLACK
6
CONTINUOUS
10
5.6289999999999996
20
-3.8914999999999997
11
5.5640000000000001
21
-3.8914999999999997
0
LINE
8
BLACK
6
CONTINUOUS
10
5.5640000000000001
20
-3.8914999999999997
11
5.5640000000000001
21
-3.8264999999999998
0
LINE
8
BLACK
6
CONTINUOUS
10
5.5640000000000001
20
-3.8264999999999998
11
5.6289999999999996
21
-3.8264999999999998
0
LINE
8
BLACK
6
CONTINUOUS
10
5.6289999999999996
20
-3.8264999999999998
11
5.6289999999999996
21
-3.8914999999999997
0
LINE
8
BLACK
6
CONTINUOUS
10
5.7290000000000001
20
-3.8914999999999997
11
5.6639999999999997
21
-3.8914999999999997
0
LINE
8
BLACK
6
CONTINUOUS
10
5.6639999999999997
20
-3.8914999999999997
11
5.6639999999999997
21
-3.8264999999999998
0
LINE
8
BLACK
6
CONTINUOUS
10
5.6639999999999997
20
-3.8264999999999998
11
5.7290000000000001
21
-3.8264999999999998
0
LINE
8
BLACK
6
CONTINUOUS
10
5.7290000000000001
20
-3.8264999999999998
11
5.7290000000000001
21
-3.8914999999999997
0
LINE
8
BLACK
6
CONTINUOUS
10
6.1901179133858264
20
-3.7942162992125983
11
6.1975171259842519
21
-3.7970827952755903
0
LINE
8
BLACK
6
CONTINUOUS
10
6.1975171259842519
20
-3.7970827952755903
11
6.2042637007874015
21
-3.8012600787401576
0
LINE
8
BLACK
6
CONTINUOUS
10
6.2042637007874015
20
-3.8012600787401576
11
6.2101277952755902
21
-3.8066059055118111
0
LINE
8
BLACK
6
CONTINUOUS
10
6.2101277952755902
20
-3.8066059055118111
11
6.2149097244094484
21
-3.8129382283464568
0
LINE
8
BLACK
6
CONTINUOUS
10
6.2149097244094484
20
-3.8129382283464568
11
6.2184466929133855
21
-3.8200414173228348
0
LINE
8
BLACK
6
CONTINUOUS
10
6.2184466929133855
20
-3.8200414173228348
11
6.2206182283464564
21
-3.8276735826771651
0
LINE
8
BLACK
6
CONTINUOUS
10
6.2206182283464564
20
-3.8276735826771651
11
6.2213503937007877
21
-3.8355748031496062
0
LINE
8
BLACK
6
CONTINUOUS
10
6.2213503937007877
20
-3.8355748031496062
11
6.2206182283464564
21
-3.8434760236220473
0
LINE
8
BLACK
6
CONTINUOUS
10
6.2206182283464564
20
-3.8434760236220473
11
6.2184466929133855
21
-3.8511081889763781
0
LINE
8
BLACK
6
CONTINUOUS
10
6.2184466929133855
20
-3.8511081889763781
11
6.2149097244094484
21
-3.858211377952756
0
LINE
8
BLACK
6
CONTINUOUS
10
6.2149097244094484
20
-3.858211377952756
11
6.2101277952755902
21
-3.8645437007874013
0
LINE
8
BLACK
6
CONTINUOUS
10
6.2101277952755902
20
-3.8645437007874013
11
6.2042637007874015
21
-3.8698895275590552
0
LINE
8
BLACK
6
CONTINUOUS
10
6.2042637007874015
20
-3.8698895275590552
11
6.1975171259842519
21
-3.874066811023622
0
LINE
8
BLACK
6
CONTINUOUS
10
6.1975171259842519
20
-3.874066811023622
11
6.1901179133858264
21
-3.8769333070866141
0
LINE
8
BLACK
6
CONTINUOUS
10
6.1901179133858264
20
-3.8769333070866141
11
6.1823179527559056
21
-3.8783913779527559
0
LINE
8
BLACK
6
CONTINUOUS
10
6.1823179527559056
20
-3.8783913779527559
11
6.1743828346456695
21
-3.8783913779527559
0
LINE
8
BLACK
6
CONTINUOUS
10
6.1743828346456695
20
-3.8783913779527559
11
6.1665828740157478
21
-3.8769333070866141
0
LINE
8
BLACK
6
CONTINUOUS
10
6.1665828740157478
20
-3.8769333070866141
11
6.1591836614173223
21
-3.874066811023622
0
LINE
8
BLACK
6
CONTINUOUS
10
6.1591836614173223
20
-3.874066811023622
11
6.1524370866141727
21
-3.8698895275590552
0
LINE
8
BLACK
6
CONTINUOUS
10
6.1524370866141727
20
-3.8698895275590552
11
6.146572992125984
21
-3.8645437007874013
0
LINE
8
BLACK
6
CONTINUOUS
10
6.146572992125984
20
-3.8645437007874013
11
6.1417910629921257
21
-3.858211377952756
0
LINE
8
BLACK
6
CONTINUOUS
10
6.1417910629921257
20
-3.858211377952756
11
6.1382540944881887
21
-3.8511081889763781
0
LINE
8
BLACK
6
CONTINUOUS
10
6.1382540944881887
20
-3.8511081889763781
11
6.1360825590551178
21
-3.8434760236220473
0
LINE
8
BLACK
6
CONTINUOUS
10
6.1360825590551178
20
-3.8434760236220473
11
6.1353503937007874
21
-3.8355748031496062
0
LINE
8
BLACK
6
CONTINUOUS
10
6.1353503937007874
20
-3.8355748031496062
11
6.1360825590551178
21
-3.8276735826771651
0
LINE
8
BLACK
6
CONTINUOUS
10
6.1360825590551178
20
-3.8276735826771651
11
6.1382540944881887
21
-3.8200414173228348
0
LINE
8
BLACK
6
CONTINUOUS
10
6.1382540944881887
20
-3.8200414173228348
11
6.1417910629921257
21
-3.8129382283464568
0
LINE
8
BLACK
6
CONTINUOUS
10
6.1417910629921257
20
-3.8129382283464568
11
6.146572992125984
21
-3.8066059055118111
0
LINE
8
BLACK
6
CONTINUOUS
10
6.146572992125984
20
-3.8066059055118111
11
6.1524370866141727
21
-3.8012600787401576
0
LINE
8
BLACK
6
CONTINUOUS
10
6.1524370866141727
20
-3.8012600787401576
11
6.1591836614173223
21
-3.7970827952755903
0
LINE
8
BLACK
6
CONTINUOUS
10
6.1591836614173223
20
-3.7970827952755903
11
6.1665828740157478
21
-3.7942162992125983
0
LINE
8
BLACK
6
CONTINUOUS
10
6.1665828740157478
20
-3.7942162992125983
11
6.1743828346456695
21
-3.7927582283464565
0
LINE
8
BLACK
6
CONTINUOUS
10
6.1743828346456695
20
-3.7927582283464565
11
6.1823179527559056
21
-3.7927582283464565
0
LINE
8
BLACK
6
CONTINUOUS
10
6.1823179527559056
20
-3.7927582283464565
11
6.1901179133858264
21
-3.7942162992125983
0
LINE
8
BLACK
6
CONTINUOUS
10
6.2347753543307087
20
-3.3457246456692911
11
6.2354960629921257
21
-3.3474645669291339
0
LINE
8
BLACK
6
CONTINUOUS
10
6.2354960629921257
20
-3.3474645669291339
11
6.2354960629921257
21
-4.9205354330708664
0
LINE
8
BLACK
6
CONTINUOUS
10
6.2354960629921257
20
-4.9205354330708664
11
6.2347753543307087
21
-4.9222753543307087
0
LINE
8
BLACK
6
CONTINUOUS
10
6.2347753543307087
20
-4.9222753543307087
11
6.2330354330708664
21
-4.9229960629921257
0
LINE
8
BLACK
6
CONTINUOUS
10
6.2330354330708664
20
-4.9229960629921257
11
5.4599645669291341
21
-4.9229960629921257
0
LINE
8
BLACK
6
CONTINUOUS
10
5.4599645669291341
20
-4.9229960629921257
11
5.4582246456692909
21
-4.9222753543307087
0
LINE
8
BLACK
6
CONTINUOUS
10
5.4582246456692909
20
-4.9222753543307087
11
5.457503937007874
21
-4.9205354330708664
0
LINE
8
BLACK
6
CONTINUOUS
10
5.457503937007874
20
-4.9205354330708664
11
5.457503937007874
21
-4.7399842519685036
0
LINE
8
BLACK
6
CONTINUOUS
10
5.457503937007874
20
-4.7399842519685036
11
5.457503937007874
21
-4.4840000393700787
0
LINE
8
BLACK
6
CONTINUOUS
10
5.457503937007874
20
-4.4840000393700787
11
5.457503937007874
21
-3.953015748031496
0
LINE
8
BLACK
6
CONTINUOUS
10
5.457503937007874
20
-3.953015748031496
11
5.457503937007874
21
-3.8920926771653543
0
LINE
8
BLACK
6
CONTINUOUS
10
5.457503937007874
20
-3.8920926771653543
11
5.457503937007874
21
-3.7530157480314958
0
LINE
8
BLACK
6
CONTINUOUS
10
5.457503937007874
20
-3.7530157480314958
11
5.457503937007874
21
-3.5399842519685039
0
LINE
8
BLACK
6
CONTINUOUS
10
5.457503937007874
20
-3.5399842519685039
11
5.457503937007874
21
-3.3474645669291339
0
LINE
8
BLACK
6
CONTINUOUS
10
5.457503937007874
20
-3.3474645669291339
11
5.4582246456692909
21
-3.3457246456692911
0
LINE
8
BLACK
6
CONTINUOUS
10
5.4582246456692909
20
-3.3457246456692911
11
5.4599645669291341
21
-3.3450039370078741
0
LINE
8
BLACK
6
CONTINUOUS
10
5.4599645669291341
20
-3.3450039370078741
11
6.2330354330708664
21
-3.3450039370078741
0
LINE
8
BLACK
6
CONTINUOUS
10
6.2330354330708664
20
-3.3450039370078741
11
6.2347753543307087
21
-3.3457246456692911
0
LINE
8
BLACK
6
CONTINUOUS
10
5.5076543700787397
20
-4.7399842519685036
11
5.5081030708661416
21
-4.7485458661417326
0
LINE
8
BLACK
6
CONTINUOUS
10
5.5081030708661416
20
-4.7485458661417326
11
5.5103150787401569
21
-4.7625122834645666
0
LINE
8
BLACK
6
CONTINUOUS
10
5.5103150787401569
20
-4.7625122834645666
11
5.5119014173228349
21
-4.7640986220472437
0
LINE
8
BLACK
6
CONTINUOUS
10
5.5119014173228349
20
-4.7640986220472437
11
5.5141561417322835
21
-4.768523779527559
0
LINE
8
BLACK
6
CONTINUOUS
10
5.5141561417322835
20
-4.768523779527559
11
5.5149330708661415
21
-4.7734291338582677
0
LINE
8
BLACK
6
CONTINUOUS
10
5.5149330708661415
20
-4.7734291338582677
11
5.5143041732283464
21
-4.7773997244094488
0
LINE
8
BLACK
6
CONTINUOUS
10
5.5143041732283464
20
-4.7773997244094488
11
5.5193718110236221
21
-4.7906012992125984
0
LINE
8
BLACK
6
CONTINUOUS
10
5.5193718110236221
20
-4.7906012992125984
11
5.5259844094488191
21
-4.8035792913385826
0
LINE
8
BLACK
6
CONTINUOUS
10
5.5259844094488191
20
-4.8035792913385826
11
5.533917952755905
21
-4.8157959842519684
0
LINE
8
BLACK
6
CONTINUOUS
10
5.533917952755905
20
-4.8157959842519684
11
5.5430842125984254
21
-4.8271152755905513
0
LINE
8
BLACK
6
CONTINUOUS
10
5.5430842125984254
20
-4.8271152755905513
11
5.5430848031496058
21
-4.8271159055118114
0
LINE
8
BLACK
6
CONTINUOUS
10
5.5430848031496058
20
-4.8271159055118114
11
5.5533840551181104
21
-4.837415157480315
0
LINE
8
BLACK
6
CONTINUOUS
10
5.5533840551181104
20
-4.837415157480315
11
5.5533846850393696
21
-4.8374157480314963
0
LINE
8
BLACK
6
CONTINUOUS
10
5.5533846850393696
20
-4.8374157480314963
11
5.5647040157480312
21
-4.8465820078740158
0
LINE
8
BLACK
6
CONTINUOUS
10
5.5647040157480312
20
-4.8465820078740158
11
5.5647039763779524
21
-4.8465820078740158
0
LINE
8
BLACK
6
CONTINUOUS
10
5.5647039763779524
20
-4.8465820078740158
11
5.5754183464566927
21
-4.8535399212598422
0
LINE
8
BLACK
6
CONTINUOUS
10
5.5754183464566927
20
-4.8535399212598422
11
5.5768308661417318
21
-4.852820236220472
0
LINE
8
BLACK
6
CONTINUOUS
10
5.5768308661417318
20
-4.852820236220472
11
5.5817362204724406
21
-4.852043307086614
0
LINE
8
BLACK
6
CONTINUOUS
10
5.5817362204724406
20
-4.852043307086614
11
5.5866415748031493
21
-4.852820236220472
0
LINE
8
BLACK
6
CONTINUOUS
10
5.5866415748031493
20
-4.852820236220472
11
5.5910667322834646
21
-4.8550749606299215
0
LINE
8
BLACK
6
CONTINUOUS
10
5.5910667322834646
20
-4.8550749606299215
11
5.5945785826771655
21
-4.8585868110236223
0
LINE
8
BLACK
6
CONTINUOUS
10
5.5945785826771655
20
-4.8585868110236223
11
5.5968333070866141
21
-4.8630119685039368
0
LINE
8
BLACK
6
CONTINUOUS
10
5.5968333070866141
20
-4.8630119685039368
11
5.5969645275590549
21
-4.8638404724409448
0
LINE
8
BLACK
6
CONTINUOUS
10
5.5969645275590549
20
-4.8638404724409448
11
5.6034977165354327
21
-4.866348346456693
0
LINE
8
BLACK
6
CONTINUOUS
10
5.6034977165354327
20
-4.866348346456693
11
5.6034979133858265
21
-4.8663483858267718
0
LINE
8
BLACK
6
CONTINUOUS
10
5.6034979133858265
20
-4.8663483858267718
11
5.6175669291338579
21
-4.8701181889763783
0
LINE
8
BLACK
6
CONTINUOUS
10
5.6175669291338579
20
-4.8701181889763783
11
5.6175671653543304
21
-4.8701182677165349
0
LINE
8
BLACK
6
CONTINUOUS
10
5.6175671653543304
20
-4.8701182677165349
11
5.6319540944881892
21
-4.8723968897637793
0
LINE
8
BLACK
6
CONTINUOUS
10
5.6319540944881892
20
-4.8723968897637793
11
5.6405157086614173
21
-4.8728455905511812
0
LINE
8
BLACK
6
CONTINUOUS
10
5.6405157086614173
20
-4.8728455905511812
11
5.640515748031496
21
-4.8728455905511812
0
LINE
8
BLACK
6
CONTINUOUS
10
5.640515748031496
20
-4.8728455905511812
11
5.640515748031496
21
-4.8606638976377949
0
LINE
8
BLACK
6
CONTINUOUS
10
5.640515748031496
20
-4.8606638976377949
11
5.6322805118110235
21
-4.8602014566929137
0
LINE
8
BLACK
6
CONTINUOUS
10
5.6322805118110235
20
-4.8602014566929137
11
5.6182398425196851
21
-4.8578158267716534
0
LINE
8
BLACK
6
CONTINUOUS
10
5.6182398425196851
20
-4.8578158267716534
11
5.6045545669291341
21
-4.8538731889763778
0
LINE
8
BLACK
6
CONTINUOUS
10
5.6045545669291341
20
-4.8538731889763778
11
5.5913967716535433
21
-4.848423031496063
0
LINE
8
BLACK
6
CONTINUOUS
10
5.5913967716535433
20
-4.848423031496063
11
5.5789319291338577
21
-4.8415339763779528
0
LINE
8
BLACK
6
CONTINUOUS
10
5.5789319291338577
20
-4.8415339763779528
11
5.5673168110236215
21
-4.8332925984251967
0
LINE
8
BLACK
6
CONTINUOUS
10
5.5673168110236215
20
-4.8332925984251967
11
5.5566974409448822
21
-4.8238025590551183
0
LINE
8
BLACK
6
CONTINUOUS
10
5.5566974409448822
20
-4.8238025590551183
11
5.547207401574803
21
-4.8131831889763781
0
LINE
8
BLACK
6
CONTINUOUS
10
5.547207401574803
20
-4.8131831889763781
11
5.5389660236220468
21
-4.8015680708661419
0
LINE
8
BLACK
6
CONTINUOUS
10
5.5389660236220468
20
-4.8015680708661419
11
5.5320769685039366
21
-4.7891032283464563
0
LINE
8
BLACK
6
CONTINUOUS
10
5.5320769685039366
20
-4.7891032283464563
11
5.5266268110236219
21
-4.7759454330708664
0
LINE
8
BLACK
6
CONTINUOUS
10
5.5266268110236219
20
-4.7759454330708664
11
5.5226841732283463
21
-4.7622601574803145
0
LINE
8
BLACK
6
CONTINUOUS
10
5.5226841732283463
20
-4.7622601574803145
11
5.5202985433070868
21
-4.7482194881889761
0
LINE
8
BLACK
6
CONTINUOUS
10
5.5202985433070868
20
-4.7482194881889761
11
5.5198360629921259
21
-4.7399842519685036
0
LINE
8
BLACK
6
CONTINUOUS
10
5.5198360629921259
20
-4.7399842519685036
11
5.5076543700787397
21
-4.7399842519685036
0
LINE
8
BLACK
6
CONTINUOUS
10
5.7731639370078742
20
-4.7399842519685036
11
5.7727014566929133
21
-4.7482194881889761
0
LINE
8
BLACK
6
CONTINUOUS
10
5.7727014566929133
20
-4.7482194881889761
11
5.770315826771653
21
-4.7622601574803145
0
LINE
8
BLACK
6
CONTINUOUS
10
5.770315826771653
20
-4.7622601574803145
11
5.7663731889763774
21
-4.7759454330708664
0
LINE
8
BLACK
6
CONTINUOUS
10
5.7663731889763774
20
-4.7759454330708664
11
5.7609230314960627
21
-4.7891032283464563
0
LINE
8
BLACK
6
CONTINUOUS
10
5.7609230314960627
20
-4.7891032283464563
11
5.7540339763779524
21
-4.8015680708661419
0
LINE
8
BLACK
6
CONTINUOUS
10
5.7540339763779524
20
-4.8015680708661419
11
5.7457925984251963
21
-4.8131831889763781
0
LINE
8
BLACK
6
CONTINUOUS
10
5.7457925984251963
20
-4.8131831889763781
11
5.736302559055118
21
-4.8238025590551183
0
LINE
8
BLACK
6
CONTINUOUS
10
5.736302559055118
20
-4.8238025590551183
11
5.7256831889763777
21
-4.8332925984251967
0
LINE
8
BLACK
6
CONTINUOUS
10
5.7256831889763777
20
-4.8332925984251967
11
5.7140680708661415
21
-4.8415339763779528
0
LINE
8
BLACK
6
CONTINUOUS
10
5.7140680708661415
20
-4.8415339763779528
11
5.7016032283464568
21
-4.848423031496063
0
LINE
8
BLACK
6
CONTINUOUS
10
5.7016032283464568
20
-4.848423031496063
11
5.688445433070866
21
-4.8538731889763778
0
LINE
8
BLACK
6
CONTINUOUS
10
5.688445433070866
20
-4.8538731889763778
11
5.674760157480315
21
-4.8578158267716534
0
LINE
8
BLACK
6
CONTINUOUS
10
5.674760157480315
20
-4.8578158267716534
11
5.6607194881889766
21
-4.8602014566929137
0
LINE
8
BLACK
6
CONTINUOUS
10
5.6607194881889766
20
-4.8602014566929137
11
5.6524842519685041
21
-4.8606638976377949
0
LINE
8
BLACK
6
CONTINUOUS
10
5.6524842519685041
20
-4.8606638976377949
11
5.6524842519685041
21
-4.8728455905511812
0
LINE
8
BLACK
6
CONTINUOUS
10
5.6524842519685041
20
-4.8728455905511812
11
5.6610458661417322
21
-4.8723968897637793
0
LINE
8
BLACK
6
CONTINUOUS
10
5.6610458661417322
20
-4.8723968897637793
11
5.6754327952755901
21
-4.8701182677165349
0
LINE
8
BLACK
6
CONTINUOUS
10
5.6754327952755901
20
-4.8701182677165349
11
5.6754330314960626
21
-4.8701181889763783
0
LINE
8
BLACK
6
CONTINUOUS
10
5.6754330314960626
20
-4.8701181889763783
11
5.689502047244094
21
-4.8663483858267718
0
LINE
8
BLACK
6
CONTINUOUS
10
5.689502047244094
20
-4.8663483858267718
11
5.6895022440944878
21
-4.866348346456693
0
LINE
8
BLACK
6
CONTINUOUS
10
5.6895022440944878
20
-4.866348346456693
11
5.703101299212598
21
-4.8611281496062988
0
LINE
8
BLACK
6
CONTINUOUS
10
5.703101299212598
20
-4.8611281496062988
11
5.7132618110236217
21
-4.8559511023622042
0
LINE
8
BLACK
6
CONTINUOUS
10
5.7132618110236217
20
-4.8559511023622042
11
5.7141379921259841
21
-4.8550749606299215
0
LINE
8
BLACK
6
CONTINUOUS
10
5.7141379921259841
20
-4.8550749606299215
11
5.7185631496062994
21
-4.852820236220472
0
LINE
8
BLACK
6
CONTINUOUS
10
5.7185631496062994
20
-4.852820236220472
11
5.7187307086614174
21
-4.8527936614173228
0
LINE
8
BLACK
6
CONTINUOUS
10
5.7187307086614174
20
-4.8527936614173228
11
5.7282959842519681
21
-4.8465820078740158
0
LINE
8
BLACK
6
CONTINUOUS
10
5.7282959842519681
20
-4.8465820078740158
11
5.739615275590551
21
-4.8374157480314963
0
LINE
8
BLACK
6
CONTINUOUS
10
5.739615275590551
20
-4.8374157480314963
11
5.739615905511811
21
-4.837415157480315
0
LINE
8
BLACK
6
CONTINUOUS
10
5.739615905511811
20
-4.837415157480315
11
5.7499151574803147
21
-4.8271159055118114
0
LINE
8
BLACK
6
CONTINUOUS
10
5.7499151574803147
20
-4.8271159055118114
11
5.749915748031496
21
-4.8271152755905513
0
LINE
8
BLACK
6
CONTINUOUS
10
5.749915748031496
20
-4.8271152755905513
11
5.7590820078740155
21
-4.8157959842519684
0
LINE
8
BLACK
6
CONTINUOUS
10
5.7590820078740155
20
-4.8157959842519684
11
5.7670155511811023
21
-4.8035792913385826
0
LINE
8
BLACK
6
CONTINUOUS
10
5.7670155511811023
20
-4.8035792913385826
11
5.7736281496062993
21
-4.7906012992125984
0
LINE
8
BLACK
6
CONTINUOUS
10
5.7736281496062993
20
-4.7906012992125984
11
5.7788483464566927
21
-4.7770022440944881
0
LINE
8
BLACK
6
CONTINUOUS
10
5.7788483464566927
20
-4.7770022440944881
11
5.7788483858267714
21
-4.7770020472440944
0
LINE
8
BLACK
6
CONTINUOUS
10
5.7788483858267714
20
-4.7770020472440944
11
5.7826181889763779
21
-4.762933031496063
0
LINE
8
BLACK
6
CONTINUOUS
10
5.7826181889763779
20
-4.762933031496063
11
5.7826182677165354
21
-4.7629327952755904
0
LINE
8
BLACK
6
CONTINUOUS
10
5.7826182677165354
20
-4.7629327952755904
11
5.7848968897637798
21
-4.7485458661417326
0
LINE
8
BLACK
6
CONTINUOUS
10
5.7848968897637798
20
-4.7485458661417326
11
5.7853455905511808
21
-4.7399842519685036
0
LINE
8
BLACK
6
CONTINUOUS
10
5.7853455905511808
20
-4.7399842519685036
11
5.7731639370078742
21
-4.7399842519685036
0
LINE
8
BLACK
6
CONTINUOUS
10
6.1727014566929128
20
-4.7482194881889761
11
6.1703158267716534
21
-4.7622601574803145
0
LINE
8
BLACK
6
CONTINUOUS
10
6.1703158267716534
20
-4.7622601574803145
11
6.1663731889763778
21
-4.7759454330708664
0
LINE
8
BLACK
6
CONTINUOUS
10
6.1663731889763778
20
-4.7759454330708664
11
6.160923031496063
21
-4.7891032283464563
0
LINE
8
BLACK
6
CONTINUOUS
10
6.160923031496063
20
-4.7891032283464563
11
6.1540339763779528
21
-4.8015680708661419
0
LINE
8
BLACK
6
CONTINUOUS
10
6.1540339763779528
20
-4.8015680708661419
11
6.1457925984251967
21
-4.8131831889763781
0
LINE
8
BLACK
6
CONTINUOUS
10
6.1457925984251967
20
-4.8131831889763781
11
6.1363025590551183
21
-4.8238025590551183
0
LINE
8
BLACK
6
CONTINUOUS
10
6.1363025590551183
20
-4.8238025590551183
11
6.1256831889763781
21
-4.8332925984251967
0
LINE
8
BLACK
6
CONTINUOUS
10
6.1256831889763781
20
-4.8332925984251967
11
6.1140680708661419
21
-4.8415339763779528
0
LINE
8
BLACK
6
CONTINUOUS
10
6.1140680708661419
20
-4.8415339763779528
11
6.1016032283464563
21
-4.848423031496063
0
LINE
8
BLACK
6
CONTINUOUS
10
6.1016032283464563
20
-4.848423031496063
11
6.0884454330708664
21
-4.8538731889763778
0
LINE
8
BLACK
6
CONTINUOUS
10
6.0884454330708664
20
-4.8538731889763778
11
6.0747601574803145
21
-4.8578158267716534
0
LINE
8
BLACK
6
CONTINUOUS
10
6.0747601574803145
20
-4.8578158267716534
11
6.0607194881889761
21
-4.8602014566929137
0
LINE
8
BLACK
6
CONTINUOUS
10
6.0607194881889761
20
-4.8602014566929137
11
6.0524842519685036
21
-4.8606638976377949
0
LINE
8
BLACK
6
CONTINUOUS
10
6.0524842519685036
20
-4.8606638976377949
11
6.0524842519685036
21
-4.8728455905511812
0
LINE
8
BLACK
6
CONTINUOUS
10
6.0524842519685036
20
-4.8728455905511812
11
6.0610458661417326
21
-4.8723968897637793
0
LINE
8
BLACK
6
CONTINUOUS
10
6.0610458661417326
20
-4.8723968897637793
11
6.0754327952755904
21
-4.8701182677165349
0
LINE
8
BLACK
6
CONTINUOUS
10
6.0754327952755904
20
-4.8701182677165349
11
6.075433031496063
21
-4.8701181889763783
0
LINE
8
BLACK
6
CONTINUOUS
10
6.075433031496063
20
-4.8701181889763783
11
6.0895020472440944
21
-4.8663483858267718
0
LINE
8
BLACK
6
CONTINUOUS
10
6.0895020472440944
20
-4.8663483858267718
11
6.0895022440944881
21
-4.866348346456693
0
LINE
8
BLACK
6
CONTINUOUS
10
6.0895022440944881
20
-4.866348346456693
11
6.1031012992125984
21
-4.8611281496062988
0
LINE
8
BLACK
6
CONTINUOUS
10
6.1031012992125984
20
-4.8611281496062988
11
6.1160792913385826
21
-4.8545155511811027
0
LINE
8
BLACK
6
CONTINUOUS
10
6.1160792913385826
20
-4.8545155511811027
11
6.1282959842519684
21
-4.8465820078740158
0
LINE
8
BLACK
6
CONTINUOUS
10
6.1282959842519684
20
-4.8465820078740158
11
6.1396152755905513
21
-4.8374157480314963
0
LINE
8
BLACK
6
CONTINUOUS
10
6.1396152755905513
20
-4.8374157480314963
11
6.1396159055118105
21
-4.837415157480315
0
LINE
8
BLACK
6
CONTINUOUS
10
6.1396159055118105
20
-4.837415157480315
11
6.149915157480315
21
-4.8271159055118114
0
LINE
8
BLACK
6
CONTINUOUS
10
6.149915157480315
20
-4.8271159055118114
11
6.1499157480314963
21
-4.8271152755905513
0
LINE
8
BLACK
6
CONTINUOUS
10
6.1499157480314963
20
-4.8271152755905513
11
6.1590820078740158
21
-4.8157959842519684
0
LINE
8
BLACK
6
CONTINUOUS
10
6.1590820078740158
20
-4.8157959842519684
11
6.1670155511811018
21
-4.8035792913385826
0
LINE
8
BLACK
6
CONTINUOUS
10
6.1670155511811018
20
-4.8035792913385826
11
6.1736281496062988
21
-4.7906012992125984
0
LINE
8
BLACK
6
CONTINUOUS
10
6.1736281496062988
20
-4.7906012992125984
11
6.178848346456693
21
-4.7770022440944881
0
LINE
8
BLACK
6
CONTINUOUS
10
6.178848346456693
20
-4.7770022440944881
11
6.1788483858267718
21
-4.7770020472440944
0
LINE
8
BLACK
6
CONTINUOUS
10
6.1788483858267718
20
-4.7770020472440944
11
6.1803674409448819
21
-4.7713328346456692
0
LINE
8
BLACK
6
CONTINUOUS
10
6.1803674409448819
20
-4.7713328346456692
11
6.1808123622047244
21
-4.768523779527559
0
LINE
8
BLACK
6
CONTINUOUS
10
6.1808123622047244
20
-4.768523779527559
11
6.1814614960629921
21
-4.7672496850393697
0
LINE
8
BLACK
6
CONTINUOUS
10
6.1814614960629921
20
-4.7672496850393697
11
6.1826181889763774
21
-4.762933031496063
0
LINE
8
BLACK
6
CONTINUOUS
10
6.1826181889763774
20
-4.762933031496063
11
6.1826182677165349
21
-4.7629327952755904
0
LINE
8
BLACK
6
CONTINUOUS
10
6.1826182677165349
20
-4.7629327952755904
11
6.1848968897637793
21
-4.7485458661417326
0
LINE
8
BLACK
6
CONTINUOUS
10
6.1848968897637793
20
-4.7485458661417326
11
6.1853455905511812
21
-4.7399842519685036
0
LINE
8
BLACK
6
CONTINUOUS
10
6.1853455905511812
20
-4.7399842519685036
11
6.1731639370078737
21
-4.7399842519685036
0
LINE
8
BLACK
6
CONTINUOUS
10
6.1731639370078737
20
-4.7399842519685036
11
6.1727014566929128
21
-4.7482194881889761
0
LINE
8
BLACK
6
CONTINUOUS
10
6.0524842519685036
20
-4.6073360629921263
11
6.0607194881889761
21
-4.6077985433070863
0
LINE
8
BLACK
6
CONTINUOUS
10
6.0607194881889761
20
-4.6077985433070863
11
6.0747601574803145
21
-4.6101841732283466
0
LINE
8
BLACK
6
CONTINUOUS
10
6.0747601574803145
20
-4.6101841732283466
11
6.0884454330708664
21
-4.6141268110236222
0
LINE
8
BLACK
6
CONTINUOUS
10
6.0884454330708664
20
-4.6141268110236222
11
6.1016032283464563
21
-4.619576968503937
0
LINE
8
BLACK
6
CONTINUOUS
10
6.1016032283464563
20
-4.619576968503937
11
6.1140680708661419
21
-4.6264660236220472
0
LINE
8
BLACK
6
CONTINUOUS
10
6.1140680708661419
20
-4.6264660236220472
11
6.1256831889763781
21
-4.6347074015748033
0
LINE
8
BLACK
6
CONTINUOUS
10
6.1256831889763781
20
-4.6347074015748033
11
6.1363025590551183
21
-4.6441974409448816
0
LINE
8
BLACK
6
CONTINUOUS
10
6.1363025590551183
20
-4.6441974409448816
11
6.1457925984251967
21
-4.6548168110236219
0
LINE
8
BLACK
6
CONTINUOUS
10
6.1457925984251967
20
-4.6548168110236219
11
6.1540339763779528
21
-4.6664319291338581
0
LINE
8
BLACK
6
CONTINUOUS
10
6.1540339763779528
20
-4.6664319291338581
11
6.160923031496063
21
-4.6788967716535428
0
LINE
8
BLACK
6
CONTINUOUS
10
6.160923031496063
20
-4.6788967716535428
11
6.1663731889763778
21
-4.6920545669291336
0
LINE
8
BLACK
6
CONTINUOUS
10
6.1663731889763778
20
-4.6920545669291336
11
6.1703158267716534
21
-4.7057398425196846
0
LINE
8
BLACK
6
CONTINUOUS
10
6.1703158267716534
20
-4.7057398425196846
11
6.1727014566929128
21
-4.7197805118110239
0
LINE
8
BLACK
6
CONTINUOUS
10
6.1727014566929128
20
-4.7197805118110239
11
6.1731639370078737
21
-4.7280157480314964
0
LINE
8
BLACK
6
CONTINUOUS
10
6.1731639370078737
20
-4.7280157480314964
11
6.1803253937007874
21
-4.7280157480314964
0
LINE
8
BLACK
6
CONTINUOUS
10
6.1803253937007874
20
-4.7280157480314964
11
6.1800354330708656
21
-4.7261850393700788
0
LINE
8
BLACK
6
CONTINUOUS
10
6.1800354330708656
20
-4.7261850393700788
11
6.1808123622047244
21
-4.7212796850393701
0
LINE
8
BLACK
6
CONTINUOUS
10
6.1808123622047244
20
-4.7212796850393701
11
6.183067086614173
21
-4.7168545275590548
0
LINE
8
BLACK
6
CONTINUOUS
10
6.183067086614173
20
-4.7168545275590548
11
6.1842912598425199
21
-4.71563031496063
0
LINE
8
BLACK
6
CONTINUOUS
10
6.1842912598425199
20
-4.71563031496063
11
6.1826182677165349
21
-4.7050671653543308
0
LINE
8
BLACK
6
CONTINUOUS
10
6.1826182677165349
20
-4.7050671653543308
11
6.1826181889763774
21
-4.7050669291338583
0
LINE
8
BLACK
6
CONTINUOUS
10
6.1826181889763774
20
-4.7050669291338583
11
6.1788483858267718
21
-4.6909979133858268
0
LINE
8
BLACK
6
CONTINUOUS
10
6.1788483858267718
20
-4.6909979133858268
11
6.178848346456693
21
-4.6909977165354331
0
LINE
8
BLACK
6
CONTINUOUS
10
6.178848346456693
20
-4.6909977165354331
11
6.1736281496062988
21
-4.6773986614173229
0
LINE
8
BLACK
6
CONTINUOUS
10
6.1736281496062988
20
-4.6773986614173229
11
6.1670155511811018
21
-4.6644206692913386
0
LINE
8
BLACK
6
CONTINUOUS
10
6.1670155511811018
20
-4.6644206692913386
11
6.1590820078740158
21
-4.6522039763779528
0
LINE
8
BLACK
6
CONTINUOUS
10
6.1590820078740158
20
-4.6522039763779528
11
6.1499157480314963
21
-4.6408846850393699
0
LINE
8
BLACK
6
CONTINUOUS
10
6.1499157480314963
20
-4.6408846850393699
11
6.149915157480315
21
-4.6408840551181099
0
LINE
8
BLACK
6
CONTINUOUS
10
6.149915157480315
20
-4.6408840551181099
11
6.1396159055118105
21
-4.6305848031496062
0
LINE
8
BLACK
6
CONTINUOUS
10
6.1396159055118105
20
-4.6305848031496062
11
6.1396152755905513
21
-4.6305842125984249
0
LINE
8
BLACK
6
CONTINUOUS
10
6.1396152755905513
20
-4.6305842125984249
11
6.1282959448818897
21
-4.6214179527559054
0
LINE
8
BLACK
6
CONTINUOUS
10
6.1282959448818897
20
-4.6214179527559054
11
6.1282959842519684
21
-4.6214179527559054
0
LINE
8
BLACK
6
CONTINUOUS
10
6.1282959842519684
20
-4.6214179527559054
11
6.1160792913385826
21
-4.6134844094488185
0
LINE
8
BLACK
6
CONTINUOUS
10
6.1160792913385826
20
-4.6134844094488185
11
6.1031012992125984
21
-4.6068718110236215
0
LINE
8
BLACK
6
CONTINUOUS
10
6.1031012992125984
20
-4.6068718110236215
11
6.0895022440944881
21
-4.6016516141732282
0
LINE
8
BLACK
6
CONTINUOUS
10
6.0895022440944881
20
-4.6016516141732282
11
6.0895020472440944
21
-4.6016515748031495
0
LINE
8
BLACK
6
CONTINUOUS
10
6.0895020472440944
20
-4.6016515748031495
11
6.075433031496063
21
-4.5978817716535429
0
LINE
8
BLACK
6
CONTINUOUS
10
6.075433031496063
20
-4.5978817716535429
11
6.0754327952755904
21
-4.5978816929133854
0
LINE
8
BLACK
6
CONTINUOUS
10
6.0754327952755904
20
-4.5978816929133854
11
6.0610459448818892
21
-4.5956030708661419
0
LINE
8
BLACK
6
CONTINUOUS
10
6.0610459448818892
20
-4.5956030708661419
11
6.0610457480314963
21
-4.5956030314960632
0
LINE
8
BLACK
6
CONTINUOUS
10
6.0610457480314963
20
-4.5956030314960632
11
6.0524842519685036
21
-4.5951543307086613
0
LINE
8
BLACK
6
CONTINUOUS
10
6.0524842519685036
20
-4.5951543307086613
11
6.0524842519685036
21
-4.6073360629921263
0
LINE
8
BLACK
6
CONTINUOUS
10
6.0319542125984249
20
-4.5956030314960632
11
6.0319540157480311
21
-4.5956030708661419
0
LINE
8
BLACK
6
CONTINUOUS
10
6.0319540157480311
20
-4.5956030708661419
11
6.0175671653543308
21
-4.5978816929133854
0
LINE
8
BLACK
6
CONTINUOUS
10
6.0175671653543308
20
-4.5978816929133854
11
6.0175669291338583
21
-4.5978817716535429
0
LINE
8
BLACK
6
CONTINUOUS
10
6.0175669291338583
20
-4.5978817716535429
11
6.0034979133858268
21
-4.6016515748031495
0
LINE
8
BLACK
6
CONTINUOUS
10
6.0034979133858268
20
-4.6016515748031495
11
6.0034977165354331
21
-4.6016516141732282
0
LINE
8
BLACK
6
CONTINUOUS
10
6.0034977165354331
20
-4.6016516141732282
11
5.9898986614173229
21
-4.6068718110236215
0
LINE
8
BLACK
6
CONTINUOUS
10
5.9898986614173229
20
-4.6068718110236215
11
5.9769206692913386
21
-4.6134844094488185
0
LINE
8
BLACK
6
CONTINUOUS
10
5.9769206692913386
20
-4.6134844094488185
11
5.9647039763779528
21
-4.6214179527559054
0
LINE
8
BLACK
6
CONTINUOUS
10
5.9647039763779528
20
-4.6214179527559054
11
5.9533846850393699
21
-4.6305842125984249
0
LINE
8
BLACK
6
CONTINUOUS
10
5.9533846850393699
20
-4.6305842125984249
11
5.9533840551181099
21
-4.6305848031496062
0
LINE
8
BLACK
6
CONTINUOUS
10
5.9533840551181099
20
-4.6305848031496062
11
5.9430848031496062
21
-4.6408840551181099
0
LINE
8
BLACK
6
CONTINUOUS
10
5.9430848031496062
20
-4.6408840551181099
11
5.9430842125984249
21
-4.6408846850393699
0
LINE
8
BLACK
6
CONTINUOUS
10
5.9430842125984249
20
-4.6408846850393699
11
5.9339179527559054
21
-4.6522039763779528
0
LINE
8
BLACK
6
CONTINUOUS
10
5.9339179527559054
20
-4.6522039763779528
11
5.9259844094488185
21
-4.6644206692913386
0
LINE
8
BLACK
6
CONTINUOUS
10
5.9259844094488185
20
-4.6644206692913386
11
5.9193718110236215
21
-4.6773986614173229
0
LINE
8
BLACK
6
CONTINUOUS
10
5.9193718110236215
20
-4.6773986614173229
11
5.9141516141732282
21
-4.6909977165354331
0
LINE
8
BLACK
6
CONTINUOUS
10
5.9141516141732282
20
-4.6909977165354331
11
5.9141515748031495
21
-4.6909979133858268
0
LINE
8
BLACK
6
CONTINUOUS
10
5.9141515748031495
20
-4.6909979133858268
11
5.9103817716535429
21
-4.7050669291338583
0
LINE
8
BLACK
6
CONTINUOUS
10
5.9103817716535429
20
-4.7050669291338583
11
5.9103816929133854
21
-4.7050671653543308
0
LINE
8
BLACK
6
CONTINUOUS
10
5.9103816929133854
20
-4.7050671653543308
11
5.9081030708661419
21
-4.7194540944881886
0
LINE
8
BLACK
6
CONTINUOUS
10
5.9081030708661419
20
-4.7194540944881886
11
5.9076543700787401
21
-4.7280157086614176
0
LINE
8
BLACK
6
CONTINUOUS
10
5.9076543700787401
20
-4.7280157086614176
11
5.9076544094488188
21
-4.7280157480314964
0
LINE
8
BLACK
6
CONTINUOUS
10
5.9076544094488188
20
-4.7280157480314964
11
5.9198360629921263
21
-4.7280157480314964
0
LINE
8
BLACK
6
CONTINUOUS
10
5.9198360629921263
20
-4.7280157480314964
11
5.9202985433070863
21
-4.7197805118110239
0
LINE
8
BLACK
6
CONTINUOUS
10
5.9202985433070863
20
-4.7197805118110239
11
5.9226841732283466
21
-4.7057398425196846
0
LINE
8
BLACK
6
CONTINUOUS
10
5.9226841732283466
20
-4.7057398425196846
11
5.9266268110236222
21
-4.6920545669291336
0
LINE
8
BLACK
6
CONTINUOUS
10
5.9266268110236222
20
-4.6920545669291336
11
5.932076968503937
21
-4.6788967716535428
0
LINE
8
BLACK
6
CONTINUOUS
10
5.932076968503937
20
-4.6788967716535428
11
5.9389660236220472
21
-4.6664319291338581
0
LINE
8
BLACK
6
CONTINUOUS
10
5.9389660236220472
20
-4.6664319291338581
11
5.9472074015748033
21
-4.6548168110236219
0
LINE
8
BLACK
6
CONTINUOUS
10
5.9472074015748033
20
-4.6548168110236219
11
5.9566974409448816
21
-4.6441974409448816
0
LINE
8
BLACK
6
CONTINUOUS
10
5.9566974409448816
20
-4.6441974409448816
11
5.9673168110236219
21
-4.6347074015748033
0
LINE
8
BLACK
6
CONTINUOUS
10
5.9673168110236219
20
-4.6347074015748033
11
5.9789319291338581
21
-4.6264660236220472
0
LINE
8
BLACK
6
CONTINUOUS
10
5.9789319291338581
20
-4.6264660236220472
11
5.9913967716535428
21
-4.619576968503937
0
LINE
8
BLACK
6
CONTINUOUS
10
5.9913967716535428
20
-4.619576968503937
11
6.0045545669291336
21
-4.6141268110236222
0
LINE
8
BLACK
6
CONTINUOUS
10
6.0045545669291336
20
-4.6141268110236222
11
6.0182398425196846
21
-4.6101841732283466
0
LINE
8
BLACK
6
CONTINUOUS
10
6.0182398425196846
20
-4.6101841732283466
11
6.0322805118110239
21
-4.6077985433070863
0
LINE
8
BLACK
6
CONTINUOUS
10
6.0322805118110239
20
-4.6077985433070863
11
6.0405157480314955
21
-4.6073360629921263
0
LINE
8
BLACK
6
CONTINUOUS
10
6.0405157480314955
20
-4.6073360629921263
11
6.0405157480314955
21
-4.5951543700787401
0
LINE
8
BLACK
6
CONTINUOUS
10
6.0405157480314955
20
-4.5951543700787401
11
6.0405157086614176
21
-4.5951543307086613
0
LINE
8
BLACK
6
CONTINUOUS
10
6.0405157086614176
20
-4.5951543307086613
11
6.0319542125984249
21
-4.5956030314960632
0
LINE
8
BLACK
6
CONTINUOUS
10
5.6524842519685041
20
-4.6073360629921263
11
5.6607194881889766
21
-4.6077985433070863
0
LINE
8
BLACK
6
CONTINUOUS
10
5.6607194881889766
20
-4.6077985433070863
11
5.674760157480315
21
-4.6101841732283466
0
LINE
8
BLACK
6
CONTINUOUS
10
5.674760157480315
20
-4.6101841732283466
11
5.688445433070866
21
-4.6141268110236222
0
LINE
8
BLACK
6
CONTINUOUS
10
5.688445433070866
20
-4.6141268110236222
11
5.7016032283464568
21
-4.619576968503937
0
LINE
8
BLACK
6
CONTINUOUS
10
5.7016032283464568
20
-4.619576968503937
11
5.7140680708661415
21
-4.6264660236220472
0
LINE
8
BLACK
6
CONTINUOUS
10
5.7140680708661415
20
-4.6264660236220472
11
5.7256831889763777
21
-4.6347074015748033
0
LINE
8
BLACK
6
CONTINUOUS
10
5.7256831889763777
20
-4.6347074015748033
11
5.736302559055118
21
-4.6441974409448816
0
LINE
8
BLACK
6
CONTINUOUS
10
5.736302559055118
20
-4.6441974409448816
11
5.7457925984251963
21
-4.6548168110236219
0
LINE
8
BLACK
6
CONTINUOUS
10
5.7457925984251963
20
-4.6548168110236219
11
5.7540339763779524
21
-4.6664319291338581
0
LINE
8
BLACK
6
CONTINUOUS
10
5.7540339763779524
20
-4.6664319291338581
11
5.7609230314960627
21
-4.6788967716535428
0
LINE
8
BLACK
6
CONTINUOUS
10
5.7609230314960627
20
-4.6788967716535428
11
5.7663731889763774
21
-4.6920545669291336
0
LINE
8
BLACK
6
CONTINUOUS
10
5.7663731889763774
20
-4.6920545669291336
11
5.770315826771653
21
-4.7057398425196846
0
LINE
8
BLACK
6
CONTINUOUS
10
5.770315826771653
20
-4.7057398425196846
11
5.7727014566929133
21
-4.7197805118110239
0
LINE
8
BLACK
6
CONTINUOUS
10
5.7727014566929133
20
-4.7197805118110239
11
5.7731639370078742
21
-4.7280157480314964
0
LINE
8
BLACK
6
CONTINUOUS
10
5.7731639370078742
20
-4.7280157480314964
11
5.7853455905511808
21
-4.7280157480314964
0
LINE
8
BLACK
6
CONTINUOUS
10
5.7853455905511808
20
-4.7280157480314964
11
5.7853455905511808
21
-4.7280157086614176
0
LINE
8
BLACK
6
CONTINUOUS
10
5.7853455905511808
20
-4.7280157086614176
11
5.7848968897637798
21
-4.7194540944881886
0
LINE
8
BLACK
6
CONTINUOUS
10
5.7848968897637798
20
-4.7194540944881886
11
5.7826182677165354
21
-4.7050671653543308
0
LINE
8
BLACK
6
CONTINUOUS
10
5.7826182677165354
20
-4.7050671653543308
11
5.7826181889763779
21
-4.7050669291338583
0
LINE
8
BLACK
6
CONTINUOUS
10
5.7826181889763779
20
-4.7050669291338583
11
5.7788483858267714
21
-4.6909979133858268
0
LINE
8
BLACK
6
CONTINUOUS
10
5.7788483858267714
20
-4.6909979133858268
11
5.7788483464566927
21
-4.6909977165354331
0
LINE
8
BLACK
6
CONTINUOUS
10
5.7788483464566927
20
-4.6909977165354331
11
5.7736281496062993
21
-4.6773986614173229
0
LINE
8
BLACK
6
CONTINUOUS
10
5.7736281496062993
20
-4.6773986614173229
11
5.7670155511811023
21
-4.6644206692913386
0
LINE
8
BLACK
6
CONTINUOUS
10
5.7670155511811023
20
-4.6644206692913386
11
5.7590820078740155
21
-4.6522039763779528
0
LINE
8
BLACK
6
CONTINUOUS
10
5.7590820078740155
20
-4.6522039763779528
11
5.749915748031496
21
-4.6408846850393699
0
LINE
8
BLACK
6
CONTINUOUS
10
5.749915748031496
20
-4.6408846850393699
11
5.7499151574803147
21
-4.6408840551181099
0
LINE
8
BLACK
6
CONTINUOUS
10
5.7499151574803147
20
-4.6408840551181099
11
5.739615905511811
21
-4.6305848031496062
0
LINE
8
BLACK
6
CONTINUOUS
10
5.739615905511811
20
-4.6305848031496062
11
5.739615275590551
21
-4.6305842125984249
0
LINE
8
BLACK
6
CONTINUOUS
10
5.739615275590551
20
-4.6305842125984249
11
5.7282959448818893
21
-4.6214179527559054
0
LINE
8
BLACK
6
CONTINUOUS
10
5.7282959448818893
20
-4.6214179527559054
11
5.7282959842519681
21
-4.6214179527559054
0
LINE
8
BLACK
6
CONTINUOUS
10
5.7282959842519681
20
-4.6214179527559054
11
5.7160792913385823
21
-4.6134844094488185
0
LINE
8
BLACK
6
CONTINUOUS
10
5.7160792913385823
20
-4.6134844094488185
11
5.703101299212598
21
-4.6068718110236215
0
LINE
8
BLACK
6
CONTINUOUS
10
5.703101299212598
20
-4.6068718110236215
11
5.6895022440944878
21
-4.6016516141732282
0
LINE
8
BLACK
6
CONTINUOUS
10
5.6895022440944878
20
-4.6016516141732282
11
5.689502047244094
21
-4.6016515748031495
0
LINE
8
BLACK
6
CONTINUOUS
10
5.689502047244094
20
-4.6016515748031495
11
5.6754330314960626
21
-4.5978817716535429
0
LINE
8
BLACK
6
CONTINUOUS
10
5.6754330314960626
20
-4.5978817716535429
11
5.6754327952755901
21
-4.5978816929133854
0
LINE
8
BLACK
6
CONTINUOUS
10
5.6754327952755901
20
-4.5978816929133854
11
5.6610459448818897
21
-4.5956030708661419
0
LINE
8
BLACK
6
CONTINUOUS
10
5.6610459448818897
20
-4.5956030708661419
11
5.661045748031496
21
-4.5956030314960632
0
LINE
8
BLACK
6
CONTINUOUS
10
5.661045748031496
20
-4.5956030314960632
11
5.6524842519685041
21
-4.5951543307086613
0
LINE
8
BLACK
6
CONTINUOUS
10
5.6524842519685041
20
-4.5951543307086613
11
5.6524842519685041
21
-4.6073360629921263
0
LINE
8
BLACK
6
CONTINUOUS
10
5.6319542125984254
20
-4.5956030314960632
11
5.6319540157480317
21
-4.5956030708661419
0
LINE
8
BLACK
6
CONTINUOUS
10
5.6319540157480317
20
-4.5956030708661419
11
5.6175671653543304
21
-4.5978816929133854
0
LINE
8
BLACK
6
CONTINUOUS
10
5.6175671653543304
20
-4.5978816929133854
11
5.6175669291338579
21
-4.5978817716535429
0
LINE
8
BLACK
6
CONTINUOUS
10
5.6175669291338579
20
-4.5978817716535429
11
5.6034979133858265
21
-4.6016515748031495
0
LINE
8
BLACK
6
CONTINUOUS
10
5.6034979133858265
20
-4.6016515748031495
11
5.6034977165354327
21
-4.6016516141732282
0
LINE
8
BLACK
6
CONTINUOUS
10
5.6034977165354327
20
-4.6016516141732282
11
5.5898986614173225
21
-4.6068718110236215
0
LINE
8
BLACK
6
CONTINUOUS
10
5.5898986614173225
20
-4.6068718110236215
11
5.5769206692913382
21
-4.6134844094488185
0
LINE
8
BLACK
6
CONTINUOUS
10
5.5769206692913382
20
-4.6134844094488185
11
5.5647039763779524
21
-4.6214179527559054
0
LINE
8
BLACK
6
CONTINUOUS
10
5.5647039763779524
20
-4.6214179527559054
11
5.5533846850393696
21
-4.6305842125984249
0
LINE
8
BLACK
6
CONTINUOUS
10
5.5533846850393696
20
-4.6305842125984249
11
5.5533840551181104
21
-4.6305848031496062
0
LINE
8
BLACK
6
CONTINUOUS
10
5.5533840551181104
20
-4.6305848031496062
11
5.5430848031496058
21
-4.6408840551181099
0
LINE
8
BLACK
6
CONTINUOUS
10
5.5430848031496058
20
-4.6408840551181099
11
5.5430842125984254
21
-4.6408846850393699
0
LINE
8
BLACK
6
CONTINUOUS
10
5.5430842125984254
20
-4.6408846850393699
11
5.533917952755905
21
-4.6522039763779528
0
LINE
8
BLACK
6
CONTINUOUS
10
5.533917952755905
20
-4.6522039763779528
11
5.5259844094488191
21
-4.6644206692913386
0
LINE
8
BLACK
6
CONTINUOUS
10
5.5259844094488191
20
-4.6644206692913386
11
5.5193718110236221
21
-4.6773986614173229
0
LINE
8
BLACK
6
CONTINUOUS
10
5.5193718110236221
20
-4.6773986614173229
11
5.5141516141732279
21
-4.6909977165354331
0
LINE
8
BLACK
6
CONTINUOUS
10
5.5141516141732279
20
-4.6909977165354331
11
5.5141515748031491
21
-4.6909979133858268
0
LINE
8
BLACK
6
CONTINUOUS
10
5.5141515748031491
20
-4.6909979133858268
11
5.5103817716535435
21
-4.7050669291338583
0
LINE
8
BLACK
6
CONTINUOUS
10
5.5103817716535435
20
-4.7050669291338583
11
5.510381692913386
21
-4.7050671653543308
0
LINE
8
BLACK
6
CONTINUOUS
10
5.510381692913386
20
-4.7050671653543308
11
5.5089778346456688
21
-4.7139309448818896
0
LINE
8
BLACK
6
CONTINUOUS
10
5.5089778346456688
20
-4.7139309448818896
11
5.5119014173228349
21
-4.7168545275590548
0
LINE
8
BLACK
6
CONTINUOUS
10
5.5119014173228349
20
-4.7168545275590548
11
5.5141561417322835
21
-4.7212796850393701
0
LINE
8
BLACK
6
CONTINUOUS
10
5.5141561417322835
20
-4.7212796850393701
11
5.5149330708661415
21
-4.7261850393700788
0
LINE
8
BLACK
6
CONTINUOUS
10
5.5149330708661415
20
-4.7261850393700788
11
5.5146431102362206
21
-4.7280157480314964
0
LINE
8
BLACK
6
CONTINUOUS
10
5.5146431102362206
20
-4.7280157480314964
11
5.5198360629921259
21
-4.7280157480314964
0
LINE
8
BLACK
6
CONTINUOUS
10
5.5198360629921259
20
-4.7280157480314964
11
5.5202985433070868
21
-4.7197805118110239
0
LINE
8
BLACK
6
CONTINUOUS
10
5.5202985433070868
20
-4.7197805118110239
11
5.5226841732283463
21
-4.7057398425196846
0
LINE
8
BLACK
6
CONTINUOUS
10
5.5226841732283463
20
-4.7057398425196846
11
5.5266268110236219
21
-4.6920545669291336
0
LINE
8
BLACK
6
CONTINUOUS
10
5.5266268110236219
20
-4.6920545669291336
11
5.5320769685039366
21
-4.6788967716535428
0
LINE
8
BLACK
6
CONTINUOUS
10
5.5320769685039366
20
-4.6788967716535428
11
5.5389660236220468
21
-4.6664319291338581
0
LINE
8
BLACK
6
CONTINUOUS
10
5.5389660236220468
20
-4.6664319291338581
11
5.547207401574803
21
-4.6548168110236219
0
LINE
8
BLACK
6
CONTINUOUS
10
5.547207401574803
20
-4.6548168110236219
11
5.5566974409448822
21
-4.6441974409448816
0
LINE
8
BLACK
6
CONTINUOUS
10
5.5566974409448822
20
-4.6441974409448816
11
5.5673168110236215
21
-4.6347074015748033
0
LINE
8
BLACK
6
CONTINUOUS
10
5.5673168110236215
20
-4.6347074015748033
11
5.5789319291338577
21
-4.6264660236220472
0
LINE
8
BLACK
6
CONTINUOUS
10
5.5789319291338577
20
-4.6264660236220472
11
5.5913967716535433
21
-4.619576968503937
0
LINE
8
BLACK
6
CONTINUOUS
10
5.5913967716535433
20
-4.619576968503937
11
5.6045545669291341
21
-4.6141268110236222
0
LINE
8
BLACK
6
CONTINUOUS
10
5.6045545669291341
20
-4.6141268110236222
11
5.6182398425196851
21
-4.6101841732283466
0
LINE
8
BLACK
6
CONTINUOUS
10
5.6182398425196851
20
-4.6101841732283466
11
5.6322805118110235
21
-4.6077985433070863
0
LINE
8
BLACK
6
CONTINUOUS
10
5.6322805118110235
20
-4.6077985433070863
11
5.640515748031496
21
-4.6073360629921263
0
LINE
8
BLACK
6
CONTINUOUS
10
5.640515748031496
20
-4.6073360629921263
11
5.640515748031496
21
-4.5951543700787401
0
LINE
8
BLACK
6
CONTINUOUS
10
5.640515748031496
20
-4.5951543700787401
11
5.6405157086614173
21
-4.5951543307086613
0
LINE
8
BLACK
6
CONTINUOUS
10
5.6405157086614173
20
-4.5951543307086613
11
5.6319542125984254
21
-4.5956030314960632
0
LINE
8
BLACK
6
CONTINUOUS
10
5.5545315354330711
20
-4.5399842519685034
11
5.5545315354330711
21
-4.5682869291338584
0
LINE
8
BLACK
6
CONTINUOUS
10
5.5545315354330711
20
-4.5682869291338584
11
5.5546475984251966
21
-4.5692876771653541
0
LINE
8
BLACK
6
CONTINUOUS
10
5.5546475984251966
20
-4.5692876771653541
11
5.5546475984251966
21
-4.5692877165354329
0
LINE
8
BLACK
6
CONTINUOUS
10
5.5546475984251966
20
-4.5692877165354329
11
5.5564549999999997
21
-4.5733810236220469
0
LINE
8
BLACK
6
CONTINUOUS
10
5.5564549999999997
20
-4.5733810236220469
11
5.5596189370078735
21
-4.5765449606299216
0
LINE
8
BLACK
6
CONTINUOUS
10
5.5596189370078735
20
-4.5765449606299216
11
5.5637123622047246
21
-4.5783524015748034
0
LINE
8
BLACK
6
CONTINUOUS
10
5.5637123622047246
20
-4.5783524015748034
11
5.5647130314960629
21
-4.5784684645669289
0
LINE
8
BLACK
6
CONTINUOUS
10
5.5647130314960629
20
-4.5784684645669289
11
5.5930157480314957
21
-4.5784684645669289
0
LINE
8
BLACK
6
CONTINUOUS
10
5.5930157480314957
20
-4.5784684645669289
11
5.5930157480314957
21
-4.5664999999999996
0
LINE
8
BLACK
6
CONTINUOUS
10
5.5930157480314957
20
-4.5664999999999996
11
5.5664999999999996
21
-4.5664999999999996
0
LINE
8
BLACK
6
CONTINUOUS
10
5.5664999999999996
20
-4.5664999999999996
11
5.5664999999999996
21
-4.5399842519685034
0
LINE
8
BLACK
6
CONTINUOUS
10
5.5664999999999996
20
-4.5399842519685034
11
5.5545315354330711
21
-4.5399842519685034
0
LINE
8
BLACK
6
CONTINUOUS
10
5.6315
20
-4.5664999999999996
11
5.6049842519685038
21
-4.5664999999999996
0
LINE
8
BLACK
6
CONTINUOUS
10
5.6049842519685038
20
-4.5664999999999996
11
5.6049842519685038
21
-4.5784684645669289
0
LINE
8
BLACK
6
CONTINUOUS
10
5.6049842519685038
20
-4.5784684645669289
11
5.6332869291338579
21
-4.5784684645669289
0
LINE
8
BLACK
6
CONTINUOUS
10
5.6332869291338579
20
-4.5784684645669289
11
5.6342876771653545
21
-4.5783523622047246
0
LINE
8
BLACK
6
CONTINUOUS
10
5.6342876771653545
20
-4.5783523622047246
11
5.6342877165354333
21
-4.5783523622047246
0
LINE
8
BLACK
6
CONTINUOUS
10
5.6342877165354333
20
-4.5783523622047246
11
5.6383810236220473
21
-4.5765449606299216
0
LINE
8
BLACK
6
CONTINUOUS
10
5.6383810236220473
20
-4.5765449606299216
11
5.6415449606299211
21
-4.5733810236220469
0
LINE
8
BLACK
6
CONTINUOUS
10
5.6415449606299211
20
-4.5733810236220469
11
5.6433524015748029
21
-4.5692875984251966
0
LINE
8
BLACK
6
CONTINUOUS
10
5.6433524015748029
20
-4.5692875984251966
11
5.6434685039370081
21
-4.5682869291338584
0
LINE
8
BLACK
6
CONTINUOUS
10
5.6434685039370081
20
-4.5682869291338584
11
5.6434685039370081
21
-4.5399842519685034
0
LINE
8
BLACK
6
CONTINUOUS
10
5.6434685039370081
20
-4.5399842519685034
11
5.6315
21
-4.5399842519685034
0
LINE
8
BLACK
6
CONTINUOUS
10
5.6315
20
-4.5399842519685034
11
5.6315
21
-4.5664999999999996
0
LINE
8
BLACK
6
CONTINUOUS
10
5.9595315354330705
20
-4.4949842519685035
11
5.9595315354330705
21
-4.5232869291338584
0
LINE
8
BLACK
6
CONTINUOUS
10
5.9595315354330705
20
-4.5232869291338584
11
5.9596475984251969
21
-4.5242876771653542
0
LINE
8
BLACK
6
CONTINUOUS
10
5.9596475984251969
20
-4.5242876771653542
11
5.9596475984251969
21
-4.5242877165354329
0
LINE
8
BLACK
6
CONTINUOUS
10
5.9596475984251969
20
-4.5242877165354329
11
5.9614549999999999
21
-4.528381023622047
0
LINE
8
BLACK
6
CONTINUOUS
10
5.9614549999999999
20
-4.528381023622047
11
5.9646189370078737
21
-4.5315449606299207
0
LINE
8
BLACK
6
CONTINUOUS
10
5.9646189370078737
20
-4.5315449606299207
11
5.968712362204724
21
-4.5333524015748035
0
LINE
8
BLACK
6
CONTINUOUS
10
5.968712362204724
20
-4.5333524015748035
11
5.9697130314960631
21
-4.533468464566929
0
LINE
8
BLACK
6
CONTINUOUS
10
5.9697130314960631
20
-4.533468464566929
11
5.998015748031496
21
-4.533468464566929
0
LINE
8
BLACK
6
CONTINUOUS
10
5.998015748031496
20
-4.533468464566929
11
5.998015748031496
21
-4.5214999999999996
0
LINE
8
BLACK
6
CONTINUOUS
10
5.998015748031496
20
-4.5214999999999996
11
5.9714999999999998
21
-4.5214999999999996
0
LINE
8
BLACK
6
CONTINUOUS
10
5.9714999999999998
20
-4.5214999999999996
11
5.9714999999999998
21
-4.4949842519685035
0
LINE
8
BLACK
6
CONTINUOUS
10
5.9714999999999998
20
-4.4949842519685035
11
5.9595315354330705
21
-4.4949842519685035
0
LINE
8
BLACK
6
CONTINUOUS
10
6.0365000000000002
20
-4.5214999999999996
11
6.0099842519685041
21
-4.5214999999999996
0
LINE
8
BLACK
6
CONTINUOUS
10
6.0099842519685041
20
-4.5214999999999996
11
6.0099842519685041
21
-4.533468464566929
0
LINE
8
BLACK
6
CONTINUOUS
10
6.0099842519685041
20
-4.533468464566929
11
6.0382869291338581
21
-4.533468464566929
0
LINE
8
BLACK
6
CONTINUOUS
10
6.0382869291338581
20
-4.533468464566929
11
6.0392876771653539
21
-4.5333523622047247
0
LINE
8
BLACK
6
CONTINUOUS
10
6.0392876771653539
20
-4.5333523622047247
11
6.0392877165354326
21
-4.5333523622047247
0
LINE
8
BLACK
6
CONTINUOUS
10
6.0392877165354326
20
-4.5333523622047247
11
6.0433810236220475
21
-4.5315449606299207
0
LINE
8
BLACK
6
CONTINUOUS
10
6.0433810236220475
20
-4.5315449606299207
11
6.0465449606299213
21
-4.528381023622047
0
LINE
8
BLACK
6
CONTINUOUS
10
6.0465449606299213
20
-4.528381023622047
11
6.0483524015748031
21
-4.5242875984251967
0
LINE
8
BLACK
6
CONTINUOUS
10
6.0483524015748031
20
-4.5242875984251967
11
6.0484685039370074
21
-4.5232869291338584
0
LINE
8
BLACK
6
CONTINUOUS
10
6.0484685039370074
20
-4.5232869291338584
11
6.0484685039370074
21
-4.4949842519685035
0
LINE
8
BLACK
6
CONTINUOUS
10
6.0484685039370074
20
-4.4949842519685035
11
6.0365000000000002
21
-4.4949842519685035
0
LINE
8
BLACK
6
CONTINUOUS
10
6.0365000000000002
20
-4.4949842519685035
11
6.0365000000000002
21
-4.5214999999999996
0
LINE
8
BLACK
6
CONTINUOUS
10
6.059531535433071
20
-4.4949842519685035
11
6.059531535433071
21
-4.5232869291338584
0
LINE
8
BLACK
6
CONTINUOUS
10
6.059531535433071
20
-4.5232869291338584
11
6.0596475984251965
21
-4.5242876771653542
0
LINE
8
BLACK
6
CONTINUOUS
10
6.0596475984251965
20
-4.5242876771653542
11
6.0596475984251965
21
-4.5242877165354329
0
LINE
8
BLACK
6
CONTINUOUS
10
6.0596475984251965
20
-4.5242877165354329
11
6.0614549999999996
21
-4.528381023622047
0
LINE
8
BLACK
6
CONTINUOUS
10
6.0614549999999996
20
-4.528381023622047
11
6.0646189370078742
21
-4.5315449606299207
0
LINE
8
BLACK
6
CONTINUOUS
10
6.0646189370078742
20
-4.5315449606299207
11
6.0687123622047245
21
-4.5333524015748035
0
LINE
8
BLACK
6
CONTINUOUS
10
6.0687123622047245
20
-4.5333524015748035
11
6.0697130314960628
21
-4.533468464566929
0
LINE
8
BLACK
6
CONTINUOUS
10
6.0697130314960628
20
-4.533468464566929
11
6.0980157480314956
21
-4.533468464566929
0
LINE
8
BLACK
6
CONTINUOUS
10
6.0980157480314956
20
-4.533468464566929
11
6.0980157480314956
21
-4.5214999999999996
0
LINE
8
BLACK
6
CONTINUOUS
10
6.0980157480314956
20
-4.5214999999999996
11
6.0714999999999995
21
-4.5214999999999996
0
LINE
8
BLACK
6
CONTINUOUS
10
6.0714999999999995
20
-4.5214999999999996
11
6.0714999999999995
21
-4.4949842519685035
0
LINE
8
BLACK
6
CONTINUOUS
10
6.0714999999999995
20
-4.4949842519685035
11
6.059531535433071
21
-4.4949842519685035
0
LINE
8
BLACK
6
CONTINUOUS
10
6.1364999999999998
20
-4.5214999999999996
11
6.1099842519685037
21
-4.5214999999999996
0
LINE
8
BLACK
6
CONTINUOUS
10
6.1099842519685037
20
-4.5214999999999996
11
6.1099842519685037
21
-4.533468464566929
0
LINE
8
BLACK
6
CONTINUOUS
10
6.1099842519685037
20
-4.533468464566929
11
6.1382869291338578
21
-4.533468464566929
0
LINE
8
BLACK
6
CONTINUOUS
10
6.1382869291338578
20
-4.533468464566929
11
6.1392876771653544
21
-4.5333523622047247
0
LINE
8
BLACK
6
CONTINUOUS
10
6.1392876771653544
20
-4.5333523622047247
11
6.1392877165354331
21
-4.5333523622047247
0
LINE
8
BLACK
6
CONTINUOUS
10
6.1392877165354331
20
-4.5333523622047247
11
6.1433810236220472
21
-4.5315449606299207
0
LINE
8
BLACK
6
CONTINUOUS
10
6.1433810236220472
20
-4.5315449606299207
11
6.146544960629921
21
-4.528381023622047
0
LINE
8
BLACK
6
CONTINUOUS
10
6.146544960629921
20
-4.528381023622047
11
6.1483524015748028
21
-4.5242875984251967
0
LINE
8
BLACK
6
CONTINUOUS
10
6.1483524015748028
20
-4.5242875984251967
11
6.1484685039370079
21
-4.5232869291338584
0
LINE
8
BLACK
6
CONTINUOUS
10
6.1484685039370079
20
-4.5232869291338584
11
6.1484685039370079
21
-4.4949842519685035
0
LINE
8
BLACK
6
CONTINUOUS
10
6.1484685039370079
20
-4.4949842519685035
11
6.1364999999999998
21
-4.4949842519685035
0
LINE
8
BLACK
6
CONTINUOUS
10
6.1364999999999998
20
-4.4949842519685035
11
6.1364999999999998
21
-4.5214999999999996
0
LINE
8
BLACK
6
CONTINUOUS
10
5.6049842519685038
20
-4.5015000000000001
11
5.6315
21
-4.5015000000000001
0
LINE
8
BLACK
6
CONTINUOUS
10
5.6315
20
-4.5015000000000001
11
5.6315
21
-4.5280157480314962
0
LINE
8
BLACK
6
CONTINUOUS
10
5.6315
20
-4.5280157480314962
11
5.6434684645669293
21
-4.5280157480314962
0
LINE
8
BLACK
6
CONTINUOUS
10
5.6434684645669293
20
-4.5280157480314962
11
5.6434684645669293
21
-4.4997130314960625
0
LINE
8
BLACK
6
CONTINUOUS
10
5.6434684645669293
20
-4.4997130314960625
11
5.6433523622047241
21
-4.4987122834645668
0
LINE
8
BLACK
6
CONTINUOUS
10
5.6433523622047241
20
-4.4987122834645668
11
5.6433523622047241
21
-4.498712244094488
0
LINE
8
BLACK
6
CONTINUOUS
10
5.6433523622047241
20
-4.498712244094488
11
5.6415449606299211
21
-4.494618937007874
0
LINE
8
BLACK
6
CONTINUOUS
10
5.6415449606299211
20
-4.494618937007874
11
5.6383810236220473
21
-4.4914550000000002
0
LINE
8
BLACK
6
CONTINUOUS
10
5.6383810236220473
20
-4.4914550000000002
11
5.634287598425197
21
-4.4896475590551184
0
LINE
8
BLACK
6
CONTINUOUS
10
5.634287598425197
20
-4.4896475590551184
11
5.6332869685039366
21
-4.489531496062992
0
LINE
8
BLACK
6
CONTINUOUS
10
5.6332869685039366
20
-4.489531496062992
11
5.6049842519685038
21
-4.489531496062992
0
LINE
8
BLACK
6
CONTINUOUS
10
5.6049842519685038
20
-4.489531496062992
11
5.6049842519685038
21
-4.5015000000000001
0
LINE
8
BLACK
6
CONTINUOUS
10
5.5126697244094487
20
-4.4897151181102357
11
5.5126697637795274
21
-4.489715236220472
0
LINE
8
BLACK
6
CONTINUOUS
10
5.5126697637795274
20
-4.489715236220472
11
5.5126698031496062
21
-4.489715393700787
0
LINE
8
BLACK
6
CONTINUOUS
10
5.5126698031496062
20
-4.489715393700787
11
5.5148758661417325
21
-4.4950413385826771
0
LINE
8
BLACK
6
CONTINUOUS
10
5.5148758661417325
20
-4.4950413385826771
11
5.5148759055118113
21
-4.4950414173228346
0
LINE
8
BLACK
6
CONTINUOUS
10
5.5148759055118113
20
-4.4950414173228346
11
5.5183851968503932
21
-4.4996147637795278
0
LINE
8
BLACK
6
CONTINUOUS
10
5.5183851968503932
20
-4.4996147637795278
11
5.5229585433070865
21
-4.5031240551181098
0
LINE
8
BLACK
6
CONTINUOUS
10
5.5229585433070865
20
-4.5031240551181098
11
5.5229586614173227
21
-4.5031241338582673
0
LINE
8
BLACK
6
CONTINUOUS
10
5.5229586614173227
20
-4.5031241338582673
11
5.5282846062992128
21
-4.5053301968503936
0
LINE
8
BLACK
6
CONTINUOUS
10
5.5282846062992128
20
-4.5053301968503936
11
5.5282847637795278
21
-4.5053301968503936
0
LINE
8
BLACK
6
CONTINUOUS
10
5.5282847637795278
20
-4.5053301968503936
11
5.5282848425196853
21
-4.5053302362204724
0
LINE
8
BLACK
6
CONTINUOUS
10
5.5282848425196853
20
-4.5053302362204724
11
5.5339999212598423
21
-4.5060826377952754
0
LINE
8
BLACK
6
CONTINUOUS
10
5.5339999212598423
20
-4.5060826377952754
11
5.5339999999999998
21
-4.5060826377952754
0
LINE
8
BLACK
6
CONTINUOUS
10
5.5339999999999998
20
-4.5060826377952754
11
5.5340000787401573
21
-4.5060826377952754
0
LINE
8
BLACK
6
CONTINUOUS
10
5.5340000787401573
20
-4.5060826377952754
11
5.5397151181102364
21
-4.5053302362204724
0
LINE
8
BLACK
6
CONTINUOUS
10
5.5397151181102364
20
-4.5053302362204724
11
5.5397151181102364
21
-4.5053301968503936
0
LINE
8
BLACK
6
CONTINUOUS
10
5.5397151181102364
20
-4.5053301968503936
11
5.5397153937007877
21
-4.5053301968503936
0
LINE
8
BLACK
6
CONTINUOUS
10
5.5397153937007877
20
-4.5053301968503936
11
5.5450413385826769
21
-4.5031241338582673
0
LINE
8
BLACK
6
CONTINUOUS
10
5.5450413385826769
20
-4.5031241338582673
11
5.5496147637795277
21
-4.4996147637795278
0
LINE
8
BLACK
6
CONTINUOUS
10
5.5496147637795277
20
-4.4996147637795278
11
5.5501187007874018
21
-4.4989580314960627
0
LINE
8
BLACK
6
CONTINUOUS
10
5.5501187007874018
20
-4.4989580314960627
11
5.5517496456692914
21
-4.498016377952756
0
LINE
8
BLACK
6
CONTINUOUS
10
5.5517496456692914
20
-4.498016377952756
11
5.5535687795275592
21
-4.4985037795275593
0
LINE
8
BLACK
6
CONTINUOUS
10
5.5535687795275592
20
-4.4985037795275593
11
5.5545104330708659
21
-4.5001347244094489
0
LINE
8
BLACK
6
CONTINUOUS
10
5.5545104330708659
20
-4.5001347244094489
11
5.5545314960629923
21
-4.5004559448818897
0
LINE
8
BLACK
6
CONTINUOUS
10
5.5545314960629923
20
-4.5004559448818897
11
5.5545314960629923
21
-4.5280157480314962
0
LINE
8
BLACK
6
CONTINUOUS
10
5.5545314960629923
20
-4.5280157480314962
11
5.5664999999999996
21
-4.5280157480314962
0
LINE
8
BLACK
6
CONTINUOUS
10
5.5664999999999996
20
-4.5280157480314962
11
5.5664999999999996
21
-4.5015000000000001
0
LINE
8
BLACK
6
CONTINUOUS
10
5.5664999999999996
20
-4.5015000000000001
11
5.5930157480314957
21
-4.5015000000000001
0
LINE
8
BLACK
6
CONTINUOUS
10
5.5930157480314957
20
-4.5015000000000001
11
5.5930157480314957
21
-4.489531496062992
0
LINE
8
BLACK
6
CONTINUOUS
10
5.5930157480314957
20
-4.489531496062992
11
5.5647130314960629
21
-4.489531496062992
0
LINE
8
BLACK
6
CONTINUOUS
10
5.5647130314960629
20
-4.489531496062992
11
5.5637122834645671
21
-4.4896475984251971
0
LINE
8
BLACK
6
CONTINUOUS
10
5.5637122834645671
20
-4.4896475984251971
11
5.5637122440944884
21
-4.4896475984251971
0
LINE
8
BLACK
6
CONTINUOUS
10
5.5637122440944884
20
-4.4896475984251971
11
5.5596189763779522
21
-4.4914549606299214
0
LINE
8
BLACK
6
CONTINUOUS
10
5.5596189763779522
20
-4.4914549606299214
11
5.5595417322834644
21
-4.491532244094488
0
LINE
8
BLACK
6
CONTINUOUS
10
5.5595417322834644
20
-4.491532244094488
11
5.5594518503937005
21
-4.4915694488188977
0
LINE
8
BLACK
6
CONTINUOUS
10
5.5594518503937005
20
-4.4915694488188977
11
5.5594309055118112
21
-4.491583818897638
0
LINE
8
BLACK
6
CONTINUOUS
10
5.5594309055118112
20
-4.491583818897638
11
5.5594278740157481
21
-4.4915793700787399
0
LINE
8
BLACK
6
CONTINUOUS
10
5.5594278740157481
20
-4.4915793700787399
11
5.5578017322834645
21
-4.4922527952755908
0
LINE
8
BLACK
6
CONTINUOUS
10
5.5578017322834645
20
-4.4922527952755908
11
5.5560618503937009
21
-4.4915319685039368
0
LINE
8
BLACK
6
CONTINUOUS
10
5.5560618503937009
20
-4.4915319685039368
11
5.5553412992125981
21
-4.4897919685039369
0
LINE
8
BLACK
6
CONTINUOUS
10
5.5553412992125981
20
-4.4897919685039369
11
5.5553623622047246
21
-4.4894709842519687
0
LINE
8
BLACK
6
CONTINUOUS
10
5.5553623622047246
20
-4.4894709842519687
11
5.5560826377952752
21
-4.4840000393700787
0
LINE
8
BLACK
6
CONTINUOUS
10
5.5560826377952752
20
-4.4840000393700787
11
5.5560826377952752
21
-4.4839999212598425
0
LINE
8
BLACK
6
CONTINUOUS
10
5.5560826377952752
20
-4.4839999212598425
11
5.555953070866142
21
-4.4830157480314963
0
LINE
8
BLACK
6
CONTINUOUS
10
5.555953070866142
20
-4.4830157480314963
11
5.5553302362204722
21
-4.4782848425196846
0
LINE
8
BLACK
6
CONTINUOUS
10
5.5553302362204722
20
-4.4782848425196846
11
5.5553301968503934
21
-4.4782847637795271
0
LINE
8
BLACK
6
CONTINUOUS
10
5.5553301968503934
20
-4.4782847637795271
11
5.5553301968503934
21
-4.4782846062992121
0
LINE
8
BLACK
6
CONTINUOUS
10
5.5553301968503934
20
-4.4782846062992121
11
5.553124133858268
21
-4.4729587007874017
0
LINE
8
BLACK
6
CONTINUOUS
10
5.553124133858268
20
-4.4729587007874017
11
5.5496147637795277
21
-4.4683852362204721
0
LINE
8
BLACK
6
CONTINUOUS
10
5.5496147637795277
20
-4.4683852362204721
11
5.5496146850393702
21
-4.4683851574803146
0
LINE
8
BLACK
6
CONTINUOUS
10
5.5496146850393702
20
-4.4683851574803146
11
5.5496146456692914
21
-4.4683851181102359
0
LINE
8
BLACK
6
CONTINUOUS
10
5.5496146456692914
20
-4.4683851181102359
11
5.5469823622047238
21
-4.4663652362204722
0
LINE
8
BLACK
6
CONTINUOUS
10
5.5469823622047238
20
-4.4663652362204722
11
5.5460407480314959
21
-4.4647342519685038
0
LINE
8
BLACK
6
CONTINUOUS
10
5.5460407480314959
20
-4.4647342519685038
11
5.5460196850393704
21
-4.4644131102362206
0
LINE
8
BLACK
6
CONTINUOUS
10
5.5460196850393704
20
-4.4644131102362206
11
5.5460196850393704
21
-4.3175443307086612
0
LINE
8
BLACK
6
CONTINUOUS
10
5.5460196850393704
20
-4.3175443307086612
11
5.5467403937007873
21
-4.3158044094488188
0
LINE
8
BLACK
6
CONTINUOUS
10
5.5467403937007873
20
-4.3158044094488188
11
5.5484803149606297
21
-4.3150837007874019
0
LINE
8
BLACK
6
CONTINUOUS
10
5.5484803149606297
20
-4.3150837007874019
11
5.550220236220472
21
-4.3158044094488188
0
LINE
8
BLACK
6
CONTINUOUS
10
5.550220236220472
20
-4.3158044094488188
11
5.5597596062992123
21
-4.3253437795275591
0
LINE
8
BLACK
6
CONTINUOUS
10
5.5597596062992123
20
-4.3253437795275591
11
5.5604803149606301
21
-4.3270837007874015
0
LINE
8
BLACK
6
CONTINUOUS
10
5.5604803149606301
20
-4.3270837007874015
11
5.5604803149606301
21
-4.3670926771653544
0
LINE
8
BLACK
6
CONTINUOUS
10
5.5604803149606301
20
-4.3670926771653544
11
5.5604803543307089
21
-4.3670928346456694
0
LINE
8
BLACK
6
CONTINUOUS
10
5.5604803543307089
20
-4.3670928346456694
11
5.5608295669291339
21
-4.3688486614173225
0
LINE
8
BLACK
6
CONTINUOUS
10
5.5608295669291339
20
-4.3688486614173225
11
5.5608296062992126
21
-4.36884874015748
0
LINE
8
BLACK
6
CONTINUOUS
10
5.5608296062992126
20
-4.36884874015748
11
5.5621600787401571
21
-4.3708399212598428
0
LINE
8
BLACK
6
CONTINUOUS
10
5.5621600787401571
20
-4.3708399212598428
11
5.5641512598425198
21
-4.3721703937007872
0
LINE
8
BLACK
6
CONTINUOUS
10
5.5641512598425198
20
-4.3721703937007872
11
5.5659072047244091
21
-4.3725196850393697
0
LINE
8
BLACK
6
CONTINUOUS
10
5.5659072047244091
20
-4.3725196850393697
11
5.6305196850393697
21
-4.372519645669291
0
LINE
8
BLACK
6
CONTINUOUS
10
5.6305196850393697
20
-4.372519645669291
11
5.6322596062992121
21
-4.3732403543307088
0
LINE
8
BLACK
6
CONTINUOUS
10
5.6322596062992121
20
-4.3732403543307088
11
5.6329803149606299
21
-4.3749802755905511
0
LINE
8
BLACK
6
CONTINUOUS
10
5.6329803149606299
20
-4.3749802755905511
11
5.6329803149606299
21
-4.3930196850393699
0
LINE
8
BLACK
6
CONTINUOUS
10
5.6329803149606299
20
-4.3930196850393699
11
5.6322596062992121
21
-4.3947596062992123
0
LINE
8
BLACK
6
CONTINUOUS
10
5.6322596062992121
20
-4.3947596062992123
11
5.6305196850393697
21
-4.3954803149606301
0
LINE
8
BLACK
6
CONTINUOUS
10
5.6305196850393697
20
-4.3954803149606301
11
5.5659072834645666
21
-4.3954803149606301
0
LINE
8
BLACK
6
CONTINUOUS
10
5.5659072834645666
20
-4.3954803149606301
11
5.5659071259842516
21
-4.3954803543307088
0
LINE
8
BLACK
6
CONTINUOUS
10
5.5659071259842516
20
-4.3954803543307088
11
5.5641512992125985
21
-4.3958295669291338
0
LINE
8
BLACK
6
CONTINUOUS
10
5.5641512992125985
20
-4.3958295669291338
11
5.5641512598425198
21
-4.3958296062992126
0
LINE
8
BLACK
6
CONTINUOUS
10
5.5641512598425198
20
-4.3958296062992126
11
5.5621600787401571
21
-4.397160078740157
0
LINE
8
BLACK
6
CONTINUOUS
10
5.5621600787401571
20
-4.397160078740157
11
5.5608295669291339
21
-4.3991512598425198
0
LINE
8
BLACK
6
CONTINUOUS
10
5.5608295669291339
20
-4.3991512598425198
11
5.5604803149606301
21
-4.4009072047244091
0
LINE
8
BLACK
6
CONTINUOUS
10
5.5604803149606301
20
-4.4009072047244091
11
5.5604803149606301
21
-4.4670926771653541
0
LINE
8
BLACK
6
CONTINUOUS
10
5.5604803149606301
20
-4.4670926771653541
11
5.5604803543307089
21
-4.4670928346456691
0
LINE
8
BLACK
6
CONTINUOUS
10
5.5604803543307089
20
-4.4670928346456691
11
5.5608295669291339
21
-4.4688486614173231
0
LINE
8
BLACK
6
CONTINUOUS
10
5.5608295669291339
20
-4.4688486614173231
11
5.5608296062992126
21
-4.4688487401574806
0
LINE
8
BLACK
6
CONTINUOUS
10
5.5608296062992126
20
-4.4688487401574806
11
5.5621600787401571
21
-4.4708399212598424
0
LINE
8
BLACK
6
CONTINUOUS
10
5.5621600787401571
20
-4.4708399212598424
11
5.5641512598425198
21
-4.4721703937007877
0
LINE
8
BLACK
6
CONTINUOUS
10
5.5641512598425198
20
-4.4721703937007877
11
5.5659072047244091
21
-4.4725196850393703
0
LINE
8
BLACK
6
CONTINUOUS
10
5.5659072047244091
20
-4.4725196850393703
11
5.6320927559055116
21
-4.4725196456692915
0
LINE
8
BLACK
6
CONTINUOUS
10
5.6320927559055116
20
-4.4725196456692915
11
5.6338487401574806
21
-4.4721703937007877
0
LINE
8
BLACK
6
CONTINUOUS
10
5.6338487401574806
20
-4.4721703937007877
11
5.6358399212598425
21
-4.4708399212598424
0
LINE
8
BLACK
6
CONTINUOUS
10
5.6358399212598425
20
-4.4708399212598424
11
5.6371703937007869
21
-4.4688487401574806
0
LINE
8
BLACK
6
CONTINUOUS
10
5.6371703937007869
20
-4.4688487401574806
11
5.6375196850393703
21
-4.4670927952755903
0
LINE
8
BLACK
6
CONTINUOUS
10
5.6375196850393703
20
-4.4670927952755903
11
5.6375196456692915
21
-4.4345836614173226
0
LINE
8
BLACK
6
CONTINUOUS
10
5.6375196456692915
20
-4.4345836614173226
11
5.6382403543307085
21
-4.432843779527559
0
LINE
8
BLACK
6
CONTINUOUS
10
5.6382403543307085
20
-4.432843779527559
11
5.6439137795275593
21
-4.4271703543307082
0
LINE
8
BLACK
6
CONTINUOUS
10
5.6439137795275593
20
-4.4271703543307082
11
5.6489914566929134
21
-4.4220926771653541
0
LINE
8
BLACK
6
CONTINUOUS
10
5.6489914566929134
20
-4.4220926771653541
11
5.6502372440944884
21
-4.4208468897637792
0
LINE
8
BLACK
6
CONTINUOUS
10
5.6502372440944884
20
-4.4208468897637792
11
5.6505842519685041
21
-4.4205973622047239
0
LINE
8
BLACK
6
CONTINUOUS
10
5.6505842519685041
20
-4.4205973622047239
11
5.6505738976377948
21
-4.4205836220472436
0
LINE
8
BLACK
6
CONTINUOUS
10
5.6505738976377948
20
-4.4205836220472436
11
5.6507557480314956
21
-4.4204462598425192
0
LINE
8
BLACK
6
CONTINUOUS
10
5.6507557480314956
20
-4.4204462598425192
11
5.6507558661417319
21
-4.4204462204724404
0
LINE
8
BLACK
6
CONTINUOUS
10
5.6507558661417319
20
-4.4204462204724404
11
5.6519333464566932
21
-4.4191545275590549
0
LINE
8
BLACK
6
CONTINUOUS
10
5.6519333464566932
20
-4.4191545275590549
11
5.6520118503937002
21
-4.4190723228346451
0
LINE
8
BLACK
6
CONTINUOUS
10
5.6520118503937002
20
-4.4190723228346451
11
5.6525140944881889
21
-4.4185701181102361
0
LINE
8
BLACK
6
CONTINUOUS
10
5.6525140944881889
20
-4.4185701181102361
11
5.652562440944882
21
-4.4184994881889761
0
LINE
8
BLACK
6
CONTINUOUS
10
5.652562440944882
20
-4.4184994881889761
11
5.6527739370078738
21
-4.4182324409448821
0
LINE
8
BLACK
6
CONTINUOUS
10
5.6527739370078738
20
-4.4182324409448821
11
5.6535314173228342
21
-4.4174016141732286
0
LINE
8
BLACK
6
CONTINUOUS
10
5.6535314173228342
20
-4.4174016141732286
11
5.6537106299212594
21
-4.416938937007874
0
LINE
8
BLACK
6
CONTINUOUS
10
5.6537106299212594
20
-4.416938937007874
11
5.6539749212598425
21
-4.4164375196850392
0
LINE
8
BLACK
6
CONTINUOUS
10
5.6539749212598425
20
-4.4164375196850392
11
5.6542553543307088
21
-4.4160281889763775
0
LINE
8
BLACK
6
CONTINUOUS
10
5.6542553543307088
20
-4.4160281889763775
11
5.6545128740157482
21
-4.4149330708661418
0
LINE
8
BLACK
6
CONTINUOUS
10
5.6545128740157482
20
-4.4149330708661418
11
5.6546132283464567
21
-4.4146090157480318
0
LINE
8
BLACK
6
CONTINUOUS
10
5.6546132283464567
20
-4.4146090157480318
11
5.6550196850393704
21
-4.413559921259842
0
LINE
8
BLACK
6
CONTINUOUS
10
5.6550196850393704
20
-4.413559921259842
11
5.6550196850393704
21
-4.4130637007874016
0
LINE
8
BLACK
6
CONTINUOUS
10
5.6550196850393704
20
-4.4130637007874016
11
5.6550850393700784
21
-4.4125003149606297
0
LINE
8
BLACK
6
CONTINUOUS
10
5.6550850393700784
20
-4.4125003149606297
11
5.6551985433070868
21
-4.412017755905512
0
LINE
8
BLACK
6
CONTINUOUS
10
5.6551985433070868
20
-4.412017755905512
11
5.6550432677165352
21
-4.4109045669291334
0
LINE
8
BLACK
6
CONTINUOUS
10
5.6550432677165352
20
-4.4109045669291334
11
5.6550196850393704
21
-4.4105646456692913
0
LINE
8
BLACK
6
CONTINUOUS
10
5.6550196850393704
20
-4.4105646456692913
11
5.6550196850393704
21
-4.2830157480314961
0
LINE
8
BLACK
6
CONTINUOUS
10
5.6550196850393704
20
-4.2830157480314961
11
5.6550196850393704
21
-4.2249803149606295
0
LINE
8
BLACK
6
CONTINUOUS
10
5.6550196850393704
20
-4.2249803149606295
11
5.6557403937007873
21
-4.2232403937007872
0
LINE
8
BLACK
6
CONTINUOUS
10
5.6557403937007873
20
-4.2232403937007872
11
5.6574803149606296
21
-4.2225196850393703
0
LINE
8
BLACK
6
CONTINUOUS
10
5.6574803149606296
20
-4.2225196850393703
11
5.6786458267716533
21
-4.2225196850393703
0
LINE
8
BLACK
6
CONTINUOUS
10
5.6786458267716533
20
-4.2225196850393703
11
5.6803857480314957
21
-4.2232403937007872
0
LINE
8
BLACK
6
CONTINUOUS
10
5.6803857480314957
20
-4.2232403937007872
11
5.6805976377952758
21
-4.2234819685039371
0
LINE
8
BLACK
6
CONTINUOUS
10
5.6805976377952758
20
-4.2234819685039371
11
5.6817474015748033
21
-4.2249803149606295
0
LINE
8
BLACK
6
CONTINUOUS
10
5.6817474015748033
20
-4.2249803149606295
11
5.6833852755905507
21
-4.2271148425196845
0
LINE
8
BLACK
6
CONTINUOUS
10
5.6833852755905507
20
-4.2271148425196845
11
5.6879585433070865
21
-4.2306240551181098
0
LINE
8
BLACK
6
CONTINUOUS
10
5.6879585433070865
20
-4.2306240551181098
11
5.6879586614173228
21
-4.2306241338582673
0
LINE
8
BLACK
6
CONTINUOUS
10
5.6879586614173228
20
-4.2306241338582673
11
5.6932846062992128
21
-4.2328301968503936
0
LINE
8
BLACK
6
CONTINUOUS
10
5.6932846062992128
20
-4.2328301968503936
11
5.6932847637795279
21
-4.2328301968503936
0
LINE
8
BLACK
6
CONTINUOUS
10
5.6932847637795279
20
-4.2328301968503936
11
5.6932848425196845
21
-4.2328302362204724
0
LINE
8
BLACK
6
CONTINUOUS
10
5.6932848425196845
20
-4.2328302362204724
11
5.6989999212598423
21
-4.2335826377952754
0
LINE
8
BLACK
6
CONTINUOUS
10
5.6989999212598423
20
-4.2335826377952754
11
5.6989999999999998
21
-4.2335826377952754
0
LINE
8
BLACK
6
CONTINUOUS
10
5.6989999999999998
20
-4.2335826377952754
11
5.6990000787401573
21
-4.2335826377952754
0
LINE
8
BLACK
6
CONTINUOUS
10
5.6990000787401573
20
-4.2335826377952754
11
5.7047151181102365
21
-4.2328302362204724
0
LINE
8
BLACK
6
CONTINUOUS
10
5.7047151181102365
20
-4.2328302362204724
11
5.7047151181102365
21
-4.2328301968503936
0
LINE
8
BLACK
6
CONTINUOUS
10
5.7047151181102365
20
-4.2328301968503936
11
5.7047153937007868
21
-4.2328301968503936
0
LINE
8
BLACK
6
CONTINUOUS
10
5.7047153937007868
20
-4.2328301968503936
11
5.7100413385826769
21
-4.2306241338582673
0
LINE
8
BLACK
6
CONTINUOUS
10
5.7100413385826769
20
-4.2306241338582673
11
5.7146147637795277
21
-4.2271147637795279
0
LINE
8
BLACK
6
CONTINUOUS
10
5.7146147637795277
20
-4.2271147637795279
11
5.718124133858268
21
-4.2225413385826771
0
LINE
8
BLACK
6
CONTINUOUS
10
5.718124133858268
20
-4.2225413385826771
11
5.7203301968503935
21
-4.217215393700787
0
LINE
8
BLACK
6
CONTINUOUS
10
5.7203301968503935
20
-4.217215393700787
11
5.7210826377952753
21
-4.2115
0
LINE
8
BLACK
6
CONTINUOUS
10
5.7210826377952753
20
-4.2115
11
5.7206798818897635
21
-4.2084406299212596
0
LINE
8
BLACK
6
CONTINUOUS
10
5.7206798818897635
20
-4.2084406299212596
11
5.7211673228346456
21
-4.2066214960629917
0
LINE
8
BLACK
6
CONTINUOUS
10
5.7211673228346456
20
-4.2066214960629917
11
5.7227982677165352
21
-4.2056798818897638
0
LINE
8
BLACK
6
CONTINUOUS
10
5.7227982677165352
20
-4.2056798818897638
11
5.7234406299212601
21
-4.2056798818897638
0
LINE
8
BLACK
6
CONTINUOUS
10
5.7234406299212601
20
-4.2056798818897638
11
5.7264999212598422
21
-4.2060826377952756
0
LINE
8
BLACK
6
CONTINUOUS
10
5.7264999212598422
20
-4.2060826377952756
11
5.7264999999999997
21
-4.2060826377952756
0
LINE
8
BLACK
6
CONTINUOUS
10
5.7264999999999997
20
-4.2060826377952756
11
5.7265000787401572
21
-4.2060826377952756
0
LINE
8
BLACK
6
CONTINUOUS
10
5.7265000787401572
20
-4.2060826377952756
11
5.7322151181102363
21
-4.2053302362204725
0
LINE
8
BLACK
6
CONTINUOUS
10
5.7322151181102363
20
-4.2053302362204725
11
5.7322151181102363
21
-4.2053301968503938
0
LINE
8
BLACK
6
CONTINUOUS
10
5.7322151181102363
20
-4.2053301968503938
11
5.7322153937007876
21
-4.2053301968503938
0
LINE
8
BLACK
6
CONTINUOUS
10
5.7322153937007876
20
-4.2053301968503938
11
5.7375413385826768
21
-4.2031241338582674
0
LINE
8
BLACK
6
CONTINUOUS
10
5.7375413385826768
20
-4.2031241338582674
11
5.7421147637795276
21
-4.1996147637795271
0
LINE
8
BLACK
6
CONTINUOUS
10
5.7421147637795276
20
-4.1996147637795271
11
5.7456241338582679
21
-4.1950413385826772
0
LINE
8
BLACK
6
CONTINUOUS
10
5.7456241338582679
20
-4.1950413385826772
11
5.7478301968503933
21
-4.1897153937007872
0
LINE
8
BLACK
6
CONTINUOUS
10
5.7478301968503933
20
-4.1897153937007872
11
5.7485826377952751
21
-4.1840000000000002
0
LINE
8
BLACK
6
CONTINUOUS
10
5.7485826377952751
20
-4.1840000000000002
11
5.7478301968503933
21
-4.1782846062992123
0
LINE
8
BLACK
6
CONTINUOUS
10
5.7478301968503933
20
-4.1782846062992123
11
5.7456241338582679
21
-4.1729587007874018
0
LINE
8
BLACK
6
CONTINUOUS
10
5.7456241338582679
20
-4.1729587007874018
11
5.7421147637795276
21
-4.1683852362204723
0
LINE
8
BLACK
6
CONTINUOUS
10
5.7421147637795276
20
-4.1683852362204723
11
5.7421146850393701
21
-4.1683851574803148
0
LINE
8
BLACK
6
CONTINUOUS
10
5.7421146850393701
20
-4.1683851574803148
11
5.7421146456692913
21
-4.168385118110236
0
LINE
8
BLACK
6
CONTINUOUS
10
5.7421146456692913
20
-4.168385118110236
11
5.7375414173228343
21
-4.1648759055118107
0
LINE
8
BLACK
6
CONTINUOUS
10
5.7375414173228343
20
-4.1648759055118107
11
5.737541141732283
21
-4.1648757874015745
0
LINE
8
BLACK
6
CONTINUOUS
10
5.737541141732283
20
-4.1648757874015745
11
5.7322153937007876
21
-4.1626698031496066
0
LINE
8
BLACK
6
CONTINUOUS
10
5.7322153937007876
20
-4.1626698031496066
11
5.7322152755905513
21
-4.1626697637795278
0
LINE
8
BLACK
6
CONTINUOUS
10
5.7322152755905513
20
-4.1626697637795278
11
5.7322152362204726
21
-4.1626697637795278
0
LINE
8
BLACK
6
CONTINUOUS
10
5.7322152362204726
20
-4.1626697637795278
11
5.7322151181102363
21
-4.162669724409449
0
LINE
8
BLACK
6
CONTINUOUS
10
5.7322151181102363
20
-4.162669724409449
11
5.7265000787401572
21
-4.1619173622047247
0
LINE
8
BLACK
6
CONTINUOUS
10
5.7265000787401572
20
-4.1619173622047247
11
5.7264999212598422
21
-4.1619173622047247
0
LINE
8
BLACK
6
CONTINUOUS
10
5.7264999212598422
20
-4.1619173622047247
11
5.7207848425196852
21
-4.162669724409449
0
LINE
8
BLACK
6
CONTINUOUS
10
5.7207848425196852
20
-4.162669724409449
11
5.7207844488188977
21
-4.1626698425196853
0
LINE
8
BLACK
6
CONTINUOUS
10
5.7207844488188977
20
-4.1626698425196853
11
5.7154588188976376
21
-4.1648757874015745
0
LINE
8
BLACK
6
CONTINUOUS
10
5.7154588188976376
20
-4.1648757874015745
11
5.7108852362204727
21
-4.1683852362204723
0
LINE
8
BLACK
6
CONTINUOUS
10
5.7108852362204727
20
-4.1683852362204723
11
5.7080979921259845
21
-4.1720176377952756
0
LINE
8
BLACK
6
CONTINUOUS
10
5.7080979921259845
20
-4.1720176377952756
11
5.7064670078740161
21
-4.1729592519685035
0
LINE
8
BLACK
6
CONTINUOUS
10
5.7064670078740161
20
-4.1729592519685035
11
5.7061458267716532
21
-4.1729803149606299
0
LINE
8
BLACK
6
CONTINUOUS
10
5.7061458267716532
20
-4.1729803149606299
11
5.5611989763779528
21
-4.1729803149606299
0
LINE
8
BLACK
6
CONTINUOUS
10
5.5611989763779528
20
-4.1729803149606299
11
5.560776850393701
21
-4.1729114566929129
0
LINE
8
BLACK
6
CONTINUOUS
10
5.560776850393701
20
-4.1729114566929129
11
5.5607744881889767
21
-4.1729284251968499
0
LINE
8
BLACK
6
CONTINUOUS
10
5.5607744881889767
20
-4.1729284251968499
11
5.5605487007874013
21
-4.1728968897637797
0
LINE
8
BLACK
6
CONTINUOUS
10
5.5605487007874013
20
-4.1728968897637797
11
5.5588023228346453
21
-4.1729776771653544
0
LINE
8
BLACK
6
CONTINUOUS
10
5.5588023228346453
20
-4.1729776771653544
11
5.5586886614173228
21
-4.1729803149606299
0
LINE
8
BLACK
6
CONTINUOUS
10
5.5586886614173228
20
-4.1729803149606299
11
5.5579789370078743
21
-4.1729803149606299
0
LINE
8
BLACK
6
CONTINUOUS
10
5.5579789370078743
20
-4.1729803149606299
11
5.5578945275590552
21
-4.1729960629921257
0
LINE
8
BLACK
6
CONTINUOUS
10
5.5578945275590552
20
-4.1729960629921257
11
5.5575566535433065
21
-4.1730352362204721
0
LINE
8
BLACK
6
CONTINUOUS
10
5.5575566535433065
20
-4.1730352362204721
11
5.5564334645669291
21
-4.1730871653543309
0
LINE
8
BLACK
6
CONTINUOUS
10
5.5564334645669291
20
-4.1730871653543309
11
5.5564333858267716
21
-4.1730871653543309
0
LINE
8
BLACK
6
CONTINUOUS
10
5.5564333858267716
20
-4.1730871653543309
11
5.5559793307086611
21
-4.1732876377952755
0
LINE
8
BLACK
6
CONTINUOUS
10
5.5559793307086611
20
-4.1732876377952755
11
5.5554378740157482
21
-4.173455275590551
0
LINE
8
BLACK
6
CONTINUOUS
10
5.5554378740157482
20
-4.173455275590551
11
5.5549504330708661
21
-4.1735463779527562
0
LINE
8
BLACK
6
CONTINUOUS
10
5.5549504330708661
20
-4.1735463779527562
11
5.5549501574803148
21
-4.1735464960629924
0
LINE
8
BLACK
6
CONTINUOUS
10
5.5549501574803148
20
-4.1735464960629924
11
5.5539944881889767
21
-4.1741382283464565
0
LINE
8
BLACK
6
CONTINUOUS
10
5.5539944881889767
20
-4.1741382283464565
11
5.5536932677165352
21
-4.1742970078740154
0
LINE
8
BLACK
6
CONTINUOUS
10
5.5536932677165352
20
-4.1742970078740154
11
5.5532783858267711
21
-4.1744801968503937
0
LINE
8
BLACK
6
CONTINUOUS
10
5.5532783858267711
20
-4.1744801968503937
11
5.5526644488188976
21
-4.1747512992125984
0
LINE
8
BLACK
6
CONTINUOUS
10
5.5526644488188976
20
-4.1747512992125984
11
5.5523133858267713
21
-4.1751023622047247
0
LINE
8
BLACK
6
CONTINUOUS
10
5.5523133858267713
20
-4.1751023622047247
11
5.5518690157480313
21
-4.1754542913385828
0
LINE
8
BLACK
6
CONTINUOUS
10
5.5518690157480313
20
-4.1754542913385828
11
5.5514475590551182
21
-4.1757152362204719
0
LINE
8
BLACK
6
CONTINUOUS
10
5.5514475590551182
20
-4.1757152362204719
11
5.5514474803149607
21
-4.1757153149606294
0
LINE
8
BLACK
6
CONTINUOUS
10
5.5514474803149607
20
-4.1757153149606294
11
5.5507700787401575
21
-4.1766122834645669
0
LINE
8
BLACK
6
CONTINUOUS
10
5.5507700787401575
20
-4.1766122834645669
11
5.550546535433071
21
-4.1768691732283463
0
LINE
8
BLACK
6
CONTINUOUS
10
5.550546535433071
20
-4.1768691732283463
11
5.5502202755905508
21
-4.1771954330708656
0
LINE
8
BLACK
6
CONTINUOUS
10
5.5502202755905508
20
-4.1771954330708656
11
5.5484804724409447
21
-4.1779162204724409
0
LINE
8
BLACK
6
CONTINUOUS
10
5.5484804724409447
20
-4.1779162204724409
11
5.5467404724409448
21
-4.1771956299212594
0
LINE
8
BLACK
6
CONTINUOUS
10
5.5467404724409448
20
-4.1771956299212594
11
5.5460196850393704
21
-4.1754557480314958
0
LINE
8
BLACK
6
CONTINUOUS
10
5.5460196850393704
20
-4.1754557480314958
11
5.5460196850393704
21
-4.0824979133858266
0
LINE
8
BLACK
6
CONTINUOUS
10
5.5460196850393704
20
-4.0824979133858266
11
5.5467403937007873
21
-4.0807579921259842
0
LINE
8
BLACK
6
CONTINUOUS
10
5.5467403937007873
20
-4.0807579921259842
11
5.5807579921259842
21
-4.0467403937007873
0
LINE
8
BLACK
6
CONTINUOUS
10
5.5807579921259842
20
-4.0467403937007873
11
5.5824979133858266
21
-4.0460196850393704
0
LINE
8
BLACK
6
CONTINUOUS
10
5.5824979133858266
20
-4.0460196850393704
11
5.7491378346456692
21
-4.0460196850393704
0
LINE
8
BLACK
6
CONTINUOUS
10
5.7491378346456692
20
-4.0460196850393704
11
5.749582874015748
21
-4.0460922834645672
0
LINE
8
BLACK
6
CONTINUOUS
10
5.749582874015748
20
-4.0460922834645672
11
5.7495847244094485
21
-4.0460791338582673
0
LINE
8
BLACK
6
CONTINUOUS
10
5.7495847244094485
20
-4.0460791338582673
11
5.7498106299212601
21
-4.0461106299212597
0
LINE
8
BLACK
6
CONTINUOUS
10
5.7498106299212601
20
-4.0461106299212597
11
5.7517204724409448
21
-4.0460223228346459
0
LINE
8
BLACK
6
CONTINUOUS
10
5.7517204724409448
20
-4.0460223228346459
11
5.7518341338582673
21
-4.0460196850393704
0
LINE
8
BLACK
6
CONTINUOUS
10
5.7518341338582673
20
-4.0460196850393704
11
5.7526136614173229
21
-4.0460196850393704
0
LINE
8
BLACK
6
CONTINUOUS
10
5.7526136614173229
20
-4.0460196850393704
11
5.7526137401574804
21
-4.0460196850393704
0
LINE
8
BLACK
6
CONTINUOUS
10
5.7526137401574804
20
-4.0460196850393704
11
5.7527205511811026
21
-4.0459996850393702
0
LINE
8
BLACK
6
CONTINUOUS
10
5.7527205511811026
20
-4.0459996850393702
11
5.7530589370078742
21
-4.0459603937007875
0
LINE
8
BLACK
6
CONTINUOUS
10
5.7530589370078742
20
-4.0459603937007875
11
5.7542995669291335
21
-4.0459030708661414
0
LINE
8
BLACK
6
CONTINUOUS
10
5.7542995669291335
20
-4.0459030708661414
11
5.7548180314960629
21
-4.0456741338582676
0
LINE
8
BLACK
6
CONTINUOUS
10
5.7548180314960629
20
-4.0456741338582676
11
5.7553600393700783
21
-4.0455062992125983
0
LINE
8
BLACK
6
CONTINUOUS
10
5.7553600393700783
20
-4.0455062992125983
11
5.7559172047244092
21
-4.0454021653543304
0
LINE
8
BLACK
6
CONTINUOUS
10
5.7559172047244092
20
-4.0454021653543304
11
5.7569731102362205
21
-4.0447482677165354
0
LINE
8
BLACK
6
CONTINUOUS
10
5.7569731102362205
20
-4.0447482677165354
11
5.7572742125984249
21
-4.0445895669291341
0
LINE
8
BLACK
6
CONTINUOUS
10
5.7572742125984249
20
-4.0445895669291341
11
5.7584104330708659
21
-4.0440879527559055
0
LINE
8
BLACK
6
CONTINUOUS
10
5.7584104330708659
20
-4.0440879527559055
11
5.7588112598425196
21
-4.0436870472440942
0
LINE
8
BLACK
6
CONTINUOUS
10
5.7588112598425196
20
-4.0436870472440942
11
5.7592557086614171
21
-4.0433349999999999
0
LINE
8
BLACK
6
CONTINUOUS
10
5.7592557086614171
20
-4.0433349999999999
11
5.7597378740157481
21
-4.0430364960629923
0
LINE
8
BLACK
6
CONTINUOUS
10
5.7597378740157481
20
-4.0430364960629923
11
5.7604862598425193
21
-4.0420453543307087
0
LINE
8
BLACK
6
CONTINUOUS
10
5.7604862598425193
20
-4.0420453543307087
11
5.7607096850393695
21
-4.0417886220472443
0
LINE
8
BLACK
6
CONTINUOUS
10
5.7607096850393695
20
-4.0417886220472443
11
5.7914785039370074
21
-4.0110198031496065
0
LINE
8
BLACK
6
CONTINUOUS
10
5.7914785039370074
20
-4.0110198031496065
11
5.7918444881889766
21
-4.010756535433071
0
LINE
8
BLACK
6
CONTINUOUS
10
5.7918444881889766
20
-4.010756535433071
11
5.7918364960629916
21
-4.0107459055118113
0
LINE
8
BLACK
6
CONTINUOUS
10
5.7918364960629916
20
-4.0107459055118113
11
5.792018228346457
21
-4.0106085826771656
0
LINE
8
BLACK
6
CONTINUOUS
10
5.792018228346457
20
-4.0106085826771656
11
5.7920185433070861
21
-4.0106084645669293
0
LINE
8
BLACK
6
CONTINUOUS
10
5.7920185433070861
20
-4.0106084645669293
11
5.7933074803149607
21
-4.0091944881889763
0
LINE
8
BLACK
6
CONTINUOUS
10
5.7933074803149607
20
-4.0091944881889763
11
5.7933852755905511
21
-4.0091130708661415
0
LINE
8
BLACK
6
CONTINUOUS
10
5.7933852755905511
20
-4.0091130708661415
11
5.793936338582677
21
-4.0085620472440944
0
LINE
8
BLACK
6
CONTINUOUS
10
5.793936338582677
20
-4.0085620472440944
11
5.7939975196850391
21
-4.0084726377952755
0
LINE
8
BLACK
6
CONTINUOUS
10
5.7939975196850391
20
-4.0084726377952755
11
5.7942092125984255
21
-4.008205354330709
0
LINE
8
BLACK
6
CONTINUOUS
10
5.7942092125984255
20
-4.008205354330709
11
5.7950459448818901
21
-4.0072875590551176
0
LINE
8
BLACK
6
CONTINUOUS
10
5.7950459448818901
20
-4.0072875590551176
11
5.7952507874015744
21
-4.0067587401574798
0
LINE
8
BLACK
6
CONTINUOUS
10
5.7952507874015744
20
-4.0067587401574798
11
5.7955152755905512
21
-4.0062570472440946
0
LINE
8
BLACK
6
CONTINUOUS
10
5.7955152755905512
20
-4.0062570472440946
11
5.7958355905511807
21
-4.0057894881889764
0
LINE
8
BLACK
6
CONTINUOUS
10
5.7958355905511807
20
-4.0057894881889764
11
5.7961198425196852
21
-4.0045807086614174
0
LINE
8
BLACK
6
CONTINUOUS
10
5.7961198425196852
20
-4.0045807086614174
11
5.7962205511811025
21
-4.0042553937007872
0
LINE
8
BLACK
6
CONTINUOUS
10
5.7962205511811025
20
-4.0042553937007872
11
5.7966692913385822
21
-4.0030972440944881
0
LINE
8
BLACK
6
CONTINUOUS
10
5.7966692913385822
20
-4.0030972440944881
11
5.7966692913385822
21
-4.0025303543307089
0
LINE
8
BLACK
6
CONTINUOUS
10
5.7966692913385822
20
-4.0025303543307089
11
5.7967346456692912
21
-4.001966968503937
0
LINE
8
BLACK
6
CONTINUOUS
10
5.7967346456692912
20
-4.001966968503937
11
5.7968644488188978
21
-4.001415118110236
0
LINE
8
BLACK
6
CONTINUOUS
10
5.7968644488188978
20
-4.001415118110236
11
5.7966928346456692
21
-4.0001851574803151
0
LINE
8
BLACK
6
CONTINUOUS
10
5.7966928346456692
20
-4.0001851574803151
11
5.7966692913385822
21
-3.9998452362204722
0
LINE
8
BLACK
6
CONTINUOUS
10
5.7966692913385822
20
-3.9998452362204722
11
5.7966692913385822
21
-3.9834162992125983
0
LINE
8
BLACK
6
CONTINUOUS
10
5.7966692913385822
20
-3.9834162992125983
11
5.79739
21
-3.981676377952756
0
LINE
8
BLACK
6
CONTINUOUS
10
5.79739
20
-3.981676377952756
11
5.7984928740157482
21
-3.9810395669291339
0
LINE
8
BLACK
6
CONTINUOUS
10
5.7984928740157482
20
-3.9810395669291339
11
5.8014793700787397
21
-3.9802393700787402
0
LINE
8
BLACK
6
CONTINUOUS
10
5.8014793700787397
20
-3.9802393700787402
11
5.8092530708661414
21
-3.9766144488188977
0
LINE
8
BLACK
6
CONTINUOUS
10
5.8092530708661414
20
-3.9766144488188977
11
5.8162792125984248
21
-3.97169468503937
0
LINE
8
BLACK
6
CONTINUOUS
10
5.8162792125984248
20
-3.97169468503937
11
5.8223442913385828
21
-3.9656296062992125
0
LINE
8
BLACK
6
CONTINUOUS
10
5.8223442913385828
20
-3.9656296062992125
11
5.8272640551181105
21
-3.958603464566929
0
LINE
8
BLACK
6
CONTINUOUS
10
5.8272640551181105
20
-3.958603464566929
11
5.8308889763779526
21
-3.9508297637795273
0
LINE
8
BLACK
6
CONTINUOUS
10
5.8308889763779526
20
-3.9508297637795273
11
5.8331089763779529
21
-3.9425446850393699
0
LINE
8
BLACK
6
CONTINUOUS
10
5.8331089763779529
20
-3.9425446850393699
11
5.8338565354330711
21
-3.9339999999999997
0
LINE
8
BLACK
6
CONTINUOUS
10
5.8338565354330711
20
-3.9339999999999997
11
5.8331089763779529
21
-3.9254553149606299
0
LINE
8
BLACK
6
CONTINUOUS
10
5.8331089763779529
20
-3.9254553149606299
11
5.8329100787401575
21
-3.9247130314960628
0
LINE
8
BLACK
6
CONTINUOUS
10
5.8329100787401575
20
-3.9247130314960628
11
5.8308890944881888
21
-3.9171706299212596
0
LINE
8
BLACK
6
CONTINUOUS
10
5.8308890944881888
20
-3.9171706299212596
11
5.8308890157480313
21
-3.9171705118110234
0
LINE
8
BLACK
6
CONTINUOUS
10
5.8308890157480313
20
-3.9171705118110234
11
5.8308889763779526
21
-3.9171702362204726
0
LINE
8
BLACK
6
CONTINUOUS
10
5.8308889763779526
20
-3.9171702362204726
11
5.8299765354330706
21
-3.9152135433070865
0
LINE
8
BLACK
6
CONTINUOUS
10
5.8299765354330706
20
-3.9152135433070865
11
5.827264133858268
21
-3.9093966535433071
0
LINE
8
BLACK
6
CONTINUOUS
10
5.827264133858268
20
-3.9093966535433071
11
5.8272640551181105
21
-3.9093965748031496
0
LINE
8
BLACK
6
CONTINUOUS
10
5.8272640551181105
20
-3.9093965748031496
11
5.8272640551181105
21
-3.9093965354330709
0
LINE
8
BLACK
6
CONTINUOUS
10
5.8272640551181105
20
-3.9093965354330709
11
5.8223442913385828
21
-3.9023703937007874
0
LINE
8
BLACK
6
CONTINUOUS
10
5.8223442913385828
20
-3.9023703937007874
11
5.822344251968504
21
-3.9023703149606299
0
LINE
8
BLACK
6
CONTINUOUS
10
5.822344251968504
20
-3.9023703149606299
11
5.8162792519685036
21
-3.8963053149606299
0
LINE
8
BLACK
6
CONTINUOUS
10
5.8162792519685036
20
-3.8963053149606299
11
5.8118091732283466
21
-3.8931753543307086
0
LINE
8
BLACK
6
CONTINUOUS
10
5.8118091732283466
20
-3.8931753543307086
11
5.8092530708661414
21
-3.8913855511811022
0
LINE
8
BLACK
6
CONTINUOUS
10
5.8092530708661414
20
-3.8913855511811022
11
5.8092529921259839
21
-3.8913855118110234
0
LINE
8
BLACK
6
CONTINUOUS
10
5.8092529921259839
20
-3.8913855118110234
11
5.8092529133858264
21
-3.8913854330708659
0
LINE
8
BLACK
6
CONTINUOUS
10
5.8092529133858264
20
-3.8913854330708659
11
5.8014795669291335
21
-3.8877607086614172
0
LINE
8
BLACK
6
CONTINUOUS
10
5.8014795669291335
20
-3.8877607086614172
11
5.8014789370078743
21
-3.8877604724409447
0
LINE
8
BLACK
6
CONTINUOUS
10
5.8014789370078743
20
-3.8877604724409447
11
5.7931947637795274
21
-3.8855407086614173
0
LINE
8
BLACK
6
CONTINUOUS
10
5.7931947637795274
20
-3.8855407086614173
11
5.7931941338582673
21
-3.8855405905511811
0
LINE
8
BLACK
6
CONTINUOUS
10
5.7931941338582673
20
-3.8855405905511811
11
5.78464968503937
21
-3.8847930708661416
0
LINE
8
BLACK
6
CONTINUOUS
10
5.78464968503937
20
-3.8847930708661416
11
5.784649527559055
21
-3.8847930708661416
0
LINE
8
BLACK
6
CONTINUOUS
10
5.784649527559055
20
-3.8847930708661416
11
5.776105039370079
21
-3.8855405905511811
0
LINE
8
BLACK
6
CONTINUOUS
10
5.776105039370079
20
-3.8855405905511811
11
5.776104409448819
21
-3.8855407086614173
0
LINE
8
BLACK
6
CONTINUOUS
10
5.776104409448819
20
-3.8855407086614173
11
5.767820236220472
21
-3.8877604724409447
0
LINE
8
BLACK
6
CONTINUOUS
10
5.767820236220472
20
-3.8877604724409447
11
5.7678196062992129
21
-3.8877607086614172
0
LINE
8
BLACK
6
CONTINUOUS
10
5.7678196062992129
20
-3.8877607086614172
11
5.7600462598425199
21
-3.8913854330708659
0
LINE
8
BLACK
6
CONTINUOUS
10
5.7600462598425199
20
-3.8913854330708659
11
5.7600461811023624
21
-3.8913855118110234
0
LINE
8
BLACK
6
CONTINUOUS
10
5.7600461811023624
20
-3.8913855118110234
11
5.7530199212598427
21
-3.8963053149606299
0
LINE
8
BLACK
6
CONTINUOUS
10
5.7530199212598427
20
-3.8963053149606299
11
5.7469549212598423
21
-3.9023703149606299
0
LINE
8
BLACK
6
CONTINUOUS
10
5.7469549212598423
20
-3.9023703149606299
11
5.7420351181102358
21
-3.9093965354330709
0
LINE
8
BLACK
6
CONTINUOUS
10
5.7420351181102358
20
-3.9093965354330709
11
5.7392737007874013
21
-3.9153184251968502
0
LINE
8
BLACK
6
CONTINUOUS
10
5.7392737007874013
20
-3.9153184251968502
11
5.7378851968503932
21
-3.9165907480314961
0
LINE
8
BLACK
6
CONTINUOUS
10
5.7378851968503932
20
-3.9165907480314961
11
5.7360497244094484
21
-3.9165294881889765
0
LINE
8
BLACK
6
CONTINUOUS
10
5.7360497244094484
20
-3.9165294881889765
11
5.7317875984251971
21
-3.9146475590551182
0
LINE
8
BLACK
6
CONTINUOUS
10
5.7317875984251971
20
-3.9146475590551182
11
5.7307869685039368
21
-3.9145314960629922
0
LINE
8
BLACK
6
CONTINUOUS
10
5.7307869685039368
20
-3.9145314960629922
11
5.7024842519685039
21
-3.9145314960629922
0
LINE
8
BLACK
6
CONTINUOUS
10
5.7024842519685039
20
-3.9145314960629922
11
5.7024842519685039
21
-3.9264999999999999
0
LINE
8
BLACK
6
CONTINUOUS
10
5.7024842519685039
20
-3.9264999999999999
11
5.7290000000000001
21
-3.9264999999999999
0
LINE
8
BLACK
6
CONTINUOUS
10
5.7290000000000001
20
-3.9264999999999999
11
5.7290000000000001
21
-3.9914999999999998
0
LINE
8
BLACK
6
CONTINUOUS
10
5.7290000000000001
20
-3.9914999999999998
11
5.7024842519685039
21
-3.9914999999999998
0
LINE
8
BLACK
6
CONTINUOUS
10
5.7024842519685039
20
-3.9914999999999998
11
5.7024842519685039
21
-4.0034684645669287
0
LINE
8
BLACK
6
CONTINUOUS
10
5.7024842519685039
20
-4.0034684645669287
11
5.730786929133858
21
-4.0034684645669287
0
LINE
8
BLACK
6
CONTINUOUS
10
5.730786929133858
20
-4.0034684645669287
11
5.7317876771653546
21
-4.0033523622047245
0
LINE
8
BLACK
6
CONTINUOUS
10
5.7317876771653546
20
-4.0033523622047245
11
5.7317877165354325
21
-4.0033523622047245
0
LINE
8
BLACK
6
CONTINUOUS
10
5.7317877165354325
20
-4.0033523622047245
11
5.7358810236220474
21
-4.0015449606299214
0
LINE
8
BLACK
6
CONTINUOUS
10
5.7358810236220474
20
-4.0015449606299214
11
5.7390449606299212
21
-3.9983810236220472
0
LINE
8
BLACK
6
CONTINUOUS
10
5.7390449606299212
20
-3.9983810236220472
11
5.740852401574803
21
-3.9942875984251969
0
LINE
8
BLACK
6
CONTINUOUS
10
5.740852401574803
20
-3.9942875984251969
11
5.7409684645669294
21
-3.9932869291338582
0
LINE
8
BLACK
6
CONTINUOUS
10
5.7409684645669294
20
-3.9932869291338582
11
5.7409684645669294
21
-3.9648841732283464
0
LINE
8
BLACK
6
CONTINUOUS
10
5.7409684645669294
20
-3.9648841732283464
11
5.7416891732283464
21
-3.9631442519685041
0
LINE
8
BLACK
6
CONTINUOUS
10
5.7416891732283464
20
-3.9631442519685041
11
5.7434290944881887
21
-3.9624235433070867
0
LINE
8
BLACK
6
CONTINUOUS
10
5.7434290944881887
20
-3.9624235433070867
11
5.7451690157480311
21
-3.9631442519685041
0
LINE
8
BLACK
6
CONTINUOUS
10
5.7451690157480311
20
-3.9631442519685041
11
5.7454447244094489
21
-3.9634728346456694
0
LINE
8
BLACK
6
CONTINUOUS
10
5.7454447244094489
20
-3.9634728346456694
11
5.7469549212598423
21
-3.9656296456692912
0
LINE
8
BLACK
6
CONTINUOUS
10
5.7469549212598423
20
-3.9656296456692912
11
5.7530199212598427
21
-3.9716946456692912
0
LINE
8
BLACK
6
CONTINUOUS
10
5.7530199212598427
20
-3.9716946456692912
11
5.7534179133858263
21
-3.9719733070866141
0
LINE
8
BLACK
6
CONTINUOUS
10
5.7534179133858263
20
-3.9719733070866141
11
5.7600461417322837
21
-3.9766144488188977
0
LINE
8
BLACK
6
CONTINUOUS
10
5.7600461417322837
20
-3.9766144488188977
11
5.7600461023622049
21
-3.9766144488188977
0
LINE
8
BLACK
6
CONTINUOUS
10
5.7600461023622049
20
-3.9766144488188977
11
5.7654686614173229
21
-3.979142992125984
0
LINE
8
BLACK
6
CONTINUOUS
10
5.7654686614173229
20
-3.979142992125984
11
5.7678198425196845
21
-3.9802393700787402
0
LINE
8
BLACK
6
CONTINUOUS
10
5.7678198425196845
20
-3.9802393700787402
11
5.7708062598425194
21
-3.9810395669291339
0
LINE
8
BLACK
6
CONTINUOUS
10
5.7708062598425194
20
-3.9810395669291339
11
5.7723002362204721
21
-3.9821859448818895
0
LINE
8
BLACK
6
CONTINUOUS
10
5.7723002362204721
20
-3.9821859448818895
11
5.772629921259842
21
-3.9834162992125983
0
LINE
8
BLACK
6
CONTINUOUS
10
5.772629921259842
20
-3.9834162992125983
11
5.772629921259842
21
-3.9948524803149605
0
LINE
8
BLACK
6
CONTINUOUS
10
5.772629921259842
20
-3.9948524803149605
11
5.771909212598425
21
-3.9965924015748029
0
LINE
8
BLACK
6
CONTINUOUS
10
5.771909212598425
20
-3.9965924015748029
11
5.7472420078740152
21
-4.0212596062992123
0
LINE
8
BLACK
6
CONTINUOUS
10
5.7472420078740152
20
-4.0212596062992123
11
5.7455020866141728
21
-4.0219803149606301
0
LINE
8
BLACK
6
CONTINUOUS
10
5.7455020866141728
20
-4.0219803149606301
11
5.578862047244094
21
-4.0219803149606301
0
LINE
8
BLACK
6
CONTINUOUS
10
5.578862047244094
20
-4.0219803149606301
11
5.5784168503937011
21
-4.0219076771653546
0
LINE
8
BLACK
6
CONTINUOUS
10
5.5784168503937011
20
-4.0219076771653546
11
5.5784150393700784
21
-4.0219208661417323
0
LINE
8
BLACK
6
CONTINUOUS
10
5.5784150393700784
20
-4.0219208661417323
11
5.5781892519685039
21
-4.0218893307086612
0
LINE
8
BLACK
6
CONTINUOUS
10
5.5781892519685039
20
-4.0218893307086612
11
5.5763328346456689
21
-4.0219751574803153
0
LINE
8
BLACK
6
CONTINUOUS
10
5.5763328346456689
20
-4.0219751574803153
11
5.576279133858268
21
-4.0219776771653546
0
LINE
8
BLACK
6
CONTINUOUS
10
5.576279133858268
20
-4.0219776771653546
11
5.5761655511811021
21
-4.0219803149606301
0
LINE
8
BLACK
6
CONTINUOUS
10
5.5761655511811021
20
-4.0219803149606301
11
5.5753862204724411
21
-4.0219803149606301
0
LINE
8
BLACK
6
CONTINUOUS
10
5.5753862204724411
20
-4.0219803149606301
11
5.5752793700787402
21
-4.0220002755905515
0
LINE
8
BLACK
6
CONTINUOUS
10
5.5752793700787402
20
-4.0220002755905515
11
5.5749411417322836
21
-4.0220394881889767
0
LINE
8
BLACK
6
CONTINUOUS
10
5.5749411417322836
20
-4.0220394881889767
11
5.5737005905511809
21
-4.0220968503937007
0
LINE
8
BLACK
6
CONTINUOUS
10
5.5737005905511809
20
-4.0220968503937007
11
5.5737005118110234
21
-4.0220968503937007
0
LINE
8
BLACK
6
CONTINUOUS
10
5.5737005118110234
20
-4.0220968503937007
11
5.5731815354330712
21
-4.0223259842519683
0
LINE
8
BLACK
6
CONTINUOUS
10
5.5731815354330712
20
-4.0223259842519683
11
5.5726400787401573
21
-4.0224936220472438
0
LINE
8
BLACK
6
CONTINUOUS
10
5.5726400787401573
20
-4.0224936220472438
11
5.5720829527559053
21
-4.0225977559055117
0
LINE
8
BLACK
6
CONTINUOUS
10
5.5720829527559053
20
-4.0225977559055117
11
5.5720827559055115
21
-4.0225978346456692
0
LINE
8
BLACK
6
CONTINUOUS
10
5.5720827559055115
20
-4.0225978346456692
11
5.5710270472440939
21
-4.0232514960629917
0
LINE
8
BLACK
6
CONTINUOUS
10
5.5710270472440939
20
-4.0232514960629917
11
5.5707256692913383
21
-4.0234103543307089
0
LINE
8
BLACK
6
CONTINUOUS
10
5.5707256692913383
20
-4.0234103543307089
11
5.5695895669291335
21
-4.0239119685039366
0
LINE
8
BLACK
6
CONTINUOUS
10
5.5695895669291335
20
-4.0239119685039366
11
5.5695895275590548
21
-4.0239120078740154
0
LINE
8
BLACK
6
CONTINUOUS
10
5.5695895275590548
20
-4.0239120078740154
11
5.5691884251968506
21
-4.0243130708661417
0
LINE
8
BLACK
6
CONTINUOUS
10
5.5691884251968506
20
-4.0243130708661417
11
5.5687440944881885
21
-4.0246649999999997
0
LINE
8
BLACK
6
CONTINUOUS
10
5.5687440944881885
20
-4.0246649999999997
11
5.5682622047244097
21
-4.0249633858267719
0
LINE
8
BLACK
6
CONTINUOUS
10
5.5682622047244097
20
-4.0249633858267719
11
5.5682620472440947
21
-4.0249635433070869
0
LINE
8
BLACK
6
CONTINUOUS
10
5.5682620472440947
20
-4.0249635433070869
11
5.5675138188976376
21
-4.0259543307086609
0
LINE
8
BLACK
6
CONTINUOUS
10
5.5675138188976376
20
-4.0259543307086609
11
5.5672901574803149
21
-4.0262113385826774
0
LINE
8
BLACK
6
CONTINUOUS
10
5.5672901574803149
20
-4.0262113385826774
11
5.52717094488189
21
-4.0663305905511811
0
LINE
8
BLACK
6
CONTINUOUS
10
5.52717094488189
20
-4.0663305905511811
11
5.526804921259842
21
-4.0665940551181103
0
LINE
8
BLACK
6
CONTINUOUS
10
5.526804921259842
20
-4.0665940551181103
11
5.526812913385827
21
-4.0666046062992125
0
LINE
8
BLACK
6
CONTINUOUS
10
5.526812913385827
20
-4.0666046062992125
11
5.5266309842519687
21
-4.066741968503937
0
LINE
8
BLACK
6
CONTINUOUS
10
5.5266309842519687
20
-4.066741968503937
11
5.5253424015748029
21
-4.0681553937007875
0
LINE
8
BLACK
6
CONTINUOUS
10
5.5253424015748029
20
-4.0681553937007875
11
5.5252641338582675
21
-4.0682373622047248
0
LINE
8
BLACK
6
CONTINUOUS
10
5.5252641338582675
20
-4.0682373622047248
11
5.5247133464566929
21
-4.0687882283464569
0
LINE
8
BLACK
6
CONTINUOUS
10
5.5247133464566929
20
-4.0687882283464569
11
5.5247130708661416
21
-4.0687885433070869
0
LINE
8
BLACK
6
CONTINUOUS
10
5.5247130708661416
20
-4.0687885433070869
11
5.5246516141732283
21
-4.0688782677165349
0
LINE
8
BLACK
6
CONTINUOUS
10
5.5246516141732283
20
-4.0688782677165349
11
5.5244404330708656
21
-4.0691448425196848
0
LINE
8
BLACK
6
CONTINUOUS
10
5.5244404330708656
20
-4.0691448425196848
11
5.5236036220472435
21
-4.0700628740157478
0
LINE
8
BLACK
6
CONTINUOUS
10
5.5236036220472435
20
-4.0700628740157478
11
5.5233987401574804
21
-4.0705916535433069
0
LINE
8
BLACK
6
CONTINUOUS
10
5.5233987401574804
20
-4.0705916535433069
11
5.5231344488188974
21
-4.0710930314960629
0
LINE
8
BLACK
6
CONTINUOUS
10
5.5231344488188974
20
-4.0710930314960629
11
5.5228140157480317
21
-4.0715608267716537
0
LINE
8
BLACK
6
CONTINUOUS
10
5.5228140157480317
20
-4.0715608267716537
11
5.5225296850393697
21
-4.072769724409449
0
LINE
8
BLACK
6
CONTINUOUS
10
5.5225296850393697
20
-4.072769724409449
11
5.5224288976377949
21
-4.0730951574803145
0
LINE
8
BLACK
6
CONTINUOUS
10
5.5224288976377949
20
-4.0730951574803145
11
5.5219803149606301
21
-4.0742531102362207
0
LINE
8
BLACK
6
CONTINUOUS
10
5.5219803149606301
20
-4.0742531102362207
11
5.5219803149606301
21
-4.0748199999999999
0
LINE
8
BLACK
6
CONTINUOUS
10
5.5219803149606301
20
-4.0748199999999999
11
5.5219149606299212
21
-4.0753833464566931
0
LINE
8
BLACK
6
CONTINUOUS
10
5.5219149606299212
20
-4.0753833464566931
11
5.5217851574803145
21
-4.0759352362204719
0
LINE
8
BLACK
6
CONTINUOUS
10
5.5217851574803145
20
-4.0759352362204719
11
5.5219567322834644
21
-4.0771651574803149
0
LINE
8
BLACK
6
CONTINUOUS
10
5.5219567322834644
20
-4.0771651574803149
11
5.5219803149606301
21
-4.0775051181102357
0
LINE
8
BLACK
6
CONTINUOUS
10
5.5219803149606301
20
-4.0775051181102357
11
5.5219803149606301
21
-4.4644131102362206
0
LINE
8
BLACK
6
CONTINUOUS
10
5.5219803149606301
20
-4.4644131102362206
11
5.5212596062992123
21
-4.4661530314960629
0
LINE
8
BLACK
6
CONTINUOUS
10
5.5212596062992123
20
-4.4661530314960629
11
5.5210176377952758
21
-4.4663652362204722
0
LINE
8
BLACK
6
CONTINUOUS
10
5.5210176377952758
20
-4.4663652362204722
11
5.5183853149606295
21
-4.4683851181102359
0
LINE
8
BLACK
6
CONTINUOUS
10
5.5183853149606295
20
-4.4683851181102359
11
5.5180296062992129
21
-4.4688487007874018
0
LINE
8
BLACK
6
CONTINUOUS
10
5.5180296062992129
20
-4.4688487007874018
11
5.5152127952755903
21
-4.4725196456692915
0
LINE
8
BLACK
6
CONTINUOUS
10
5.5152127952755903
20
-4.4725196456692915
11
5.514875787401575
21
-4.4729588188976379
0
LINE
8
BLACK
6
CONTINUOUS
10
5.514875787401575
20
-4.4729588188976379
11
5.5126698425196849
21
-4.478284448818898
0
LINE
8
BLACK
6
CONTINUOUS
10
5.5126698425196849
20
-4.478284448818898
11
5.5126697244094487
21
-4.4782848425196846
0
LINE
8
BLACK
6
CONTINUOUS
10
5.5126697244094487
20
-4.4782848425196846
11
5.5119173622047244
21
-4.4839999212598425
0
LINE
8
BLACK
6
CONTINUOUS
10
5.5119173622047244
20
-4.4839999212598425
11
5.5119173622047244
21
-4.4840000393700787
0
LINE
8
BLACK
6
CONTINUOUS
10
5.5119173622047244
20
-4.4840000393700787
11
5.5126697244094487
21
-4.4897151181102357
0
LINE
8
BLACK
6
CONTINUOUS
10
6.1099842519685037
20
-4.4565000000000001
11
6.1364999999999998
21
-4.4565000000000001
0
LINE
8
BLACK
6
CONTINUOUS
10
6.1364999999999998
20
-4.4565000000000001
11
6.1364999999999998
21
-4.4830157480314963
0
LINE
8
BLACK
6
CONTINUOUS
10
6.1364999999999998
20
-4.4830157480314963
11
6.1484684645669292
21
-4.4830157480314963
0
LINE
8
BLACK
6
CONTINUOUS
10
6.1484684645669292
20
-4.4830157480314963
11
6.1484684645669292
21
-4.4547130314960626
0
LINE
8
BLACK
6
CONTINUOUS
10
6.1484684645669292
20
-4.4547130314960626
11
6.148352362204724
21
-4.4537122834645668
0
LINE
8
BLACK
6
CONTINUOUS
10
6.148352362204724
20
-4.4537122834645668
11
6.148352362204724
21
-4.4537122440944881
0
LINE
8
BLACK
6
CONTINUOUS
10
6.148352362204724
20
-4.4537122440944881
11
6.146544960629921
21
-4.449618937007874
0
LINE
8
BLACK
6
CONTINUOUS
10
6.146544960629921
20
-4.449618937007874
11
6.1433810236220472
21
-4.4464550000000003
0
LINE
8
BLACK
6
CONTINUOUS
10
6.1433810236220472
20
-4.4464550000000003
11
6.1392875984251969
21
-4.4446475590551184
0
LINE
8
BLACK
6
CONTINUOUS
10
6.1392875984251969
20
-4.4446475590551184
11
6.1382869685039365
21
-4.444531496062992
0
LINE
8
BLACK
6
CONTINUOUS
10
6.1382869685039365
20
-4.444531496062992
11
6.1099842519685037
21
-4.444531496062992
0
LINE
8
BLACK
6
CONTINUOUS
10
6.1099842519685037
20
-4.444531496062992
11
6.1099842519685037
21
-4.4565000000000001
0
LINE
8
BLACK
6
CONTINUOUS
10
6.0099842519685041
20
-4.4565000000000001
11
6.0365000000000002
21
-4.4565000000000001
0
LINE
8
BLACK
6
CONTINUOUS
10
6.0365000000000002
20
-4.4565000000000001
11
6.0365000000000002
21
-4.4830157480314963
0
LINE
8
BLACK
6
CONTINUOUS
10
6.0365000000000002
20
-4.4830157480314963
11
6.0484684645669287
21
-4.4830157480314963
0
LINE
8
BLACK
6
CONTINUOUS
10
6.0484684645669287
20
-4.4830157480314963
11
6.0484684645669287
21
-4.4547130314960626
0
LINE
8
BLACK
6
CONTINUOUS
10
6.0484684645669287
20
-4.4547130314960626
11
6.0483523622047244
21
-4.4537122834645668
0
LINE
8
BLACK
6
CONTINUOUS
10
6.0483523622047244
20
-4.4537122834645668
11
6.0483523622047244
21
-4.4537122440944881
0
LINE
8
BLACK
6
CONTINUOUS
10
6.0483523622047244
20
-4.4537122440944881
11
6.0465449606299213
21
-4.449618937007874
0
LINE
8
BLACK
6
CONTINUOUS
10
6.0465449606299213
20
-4.449618937007874
11
6.0433810236220475
21
-4.4464550000000003
0
LINE
8
BLACK
6
CONTINUOUS
10
6.0433810236220475
20
-4.4464550000000003
11
6.0392875984251964
21
-4.4446475590551184
0
LINE
8
BLACK
6
CONTINUOUS
10
6.0392875984251964
20
-4.4446475590551184
11
6.0382869685039369
21
-4.444531496062992
0
LINE
8
BLACK
6
CONTINUOUS
10
6.0382869685039369
20
-4.444531496062992
11
6.0099842519685041
21
-4.444531496062992
0
LINE
8
BLACK
6
CONTINUOUS
10
6.0099842519685041
20
-4.444531496062992
11
6.0099842519685041
21
-4.4565000000000001
0
LINE
8
BLACK
6
CONTINUOUS
10
5.9687122834645665
20
-4.4446475984251972
11
5.9687122440944878
21
-4.4446475984251972
0
LINE
8
BLACK
6
CONTINUOUS
10
5.9687122440944878
20
-4.4446475984251972
11
5.9646189370078737
21
-4.4464550000000003
0
LINE
8
BLACK
6
CONTINUOUS
10
5.9646189370078737
20
-4.4464550000000003
11
5.9614549999999999
21
-4.449618937007874
0
LINE
8
BLACK
6
CONTINUOUS
10
5.9614549999999999
20
-4.449618937007874
11
5.9596475590551181
21
-4.4537123622047243
0
LINE
8
BLACK
6
CONTINUOUS
10
5.9596475590551181
20
-4.4537123622047243
11
5.9595314960629917
21
-4.4547130314960626
0
LINE
8
BLACK
6
CONTINUOUS
10
5.9595314960629917
20
-4.4547130314960626
11
5.9595314960629917
21
-4.4830157480314963
0
LINE
8
BLACK
6
CONTINUOUS
10
5.9595314960629917
20
-4.4830157480314963
11
5.9714999999999998
21
-4.4830157480314963
0
LINE
8
BLACK
6
CONTINUOUS
10
5.9714999999999998
20
-4.4830157480314963
11
5.9714999999999998
21
-4.4565000000000001
0
LINE
8
BLACK
6
CONTINUOUS
10
5.9714999999999998
20
-4.4565000000000001
11
5.998015748031496
21
-4.4565000000000001
0
LINE
8
BLACK
6
CONTINUOUS
10
5.998015748031496
20
-4.4565000000000001
11
5.998015748031496
21
-4.444531496062992
0
LINE
8
BLACK
6
CONTINUOUS
10
5.998015748031496
20
-4.444531496062992
11
5.9697130314960631
21
-4.444531496062992
0
LINE
8
BLACK
6
CONTINUOUS
10
5.9697130314960631
20
-4.444531496062992
11
5.9687122834645665
21
-4.4446475984251972
0
LINE
8
BLACK
6
CONTINUOUS
10
6.1698058267716531
20
-3.9839657874015746
11
6.169805196850394
21
-3.9839659055118108
0
LINE
8
BLACK
6
CONTINUOUS
10
6.169805196850394
20
-3.9839659055118108
11
6.161521023622047
21
-3.9861856692913387
0
LINE
8
BLACK
6
CONTINUOUS
10
6.161521023622047
20
-3.9861856692913387
11
6.161520393700787
21
-3.9861859055118107
0
LINE
8
BLACK
6
CONTINUOUS
10
6.161520393700787
20
-3.9861859055118107
11
6.153747047244094
21
-3.9898106299212599
0
LINE
8
BLACK
6
CONTINUOUS
10
6.153747047244094
20
-3.9898106299212599
11
6.1537469685039365
21
-3.9898107086614174
0
LINE
8
BLACK
6
CONTINUOUS
10
6.1537469685039365
20
-3.9898107086614174
11
6.1467207086614168
21
-3.9947305118110235
0
LINE
8
BLACK
6
CONTINUOUS
10
6.1467207086614168
20
-3.9947305118110235
11
6.1406557086614173
21
-4.0007955118110239
0
LINE
8
BLACK
6
CONTINUOUS
10
6.1406557086614173
20
-4.0007955118110239
11
6.1357359055118108
21
-4.0078217716535436
0
LINE
8
BLACK
6
CONTINUOUS
10
6.1357359055118108
20
-4.0078217716535436
11
6.1357358267716533
21
-4.0078218503937011
0
LINE
8
BLACK
6
CONTINUOUS
10
6.1357358267716533
20
-4.0078218503937011
11
6.132111102362205
21
-4.015595196850394
0
LINE
8
BLACK
6
CONTINUOUS
10
6.132111102362205
20
-4.015595196850394
11
6.1321108661417325
21
-4.0155958267716532
0
LINE
8
BLACK
6
CONTINUOUS
10
6.1321108661417325
20
-4.0155958267716532
11
6.1298911023622047
21
-4.0238800000000001
0
LINE
8
BLACK
6
CONTINUOUS
10
6.1298911023622047
20
-4.0238800000000001
11
6.1298909842519684
21
-4.0238806299212602
0
LINE
8
BLACK
6
CONTINUOUS
10
6.1298909842519684
20
-4.0238806299212602
11
6.1291434645669289
21
-4.0324250787401574
0
LINE
8
BLACK
6
CONTINUOUS
10
6.1291434645669289
20
-4.0324250787401574
11
6.1291434645669289
21
-4.0324252755905512
0
LINE
8
BLACK
6
CONTINUOUS
10
6.1291434645669289
20
-4.0324252755905512
11
6.1298909842519684
21
-4.0409697244094485
0
LINE
8
BLACK
6
CONTINUOUS
10
6.1298909842519684
20
-4.0409697244094485
11
6.1298911023622047
21
-4.0409703543307085
0
LINE
8
BLACK
6
CONTINUOUS
10
6.1298911023622047
20
-4.0409703543307085
11
6.1321108661417325
21
-4.0492545275590555
0
LINE
8
BLACK
6
CONTINUOUS
10
6.1321108661417325
20
-4.0492545275590555
11
6.132111102362205
21
-4.0492551574803146
0
LINE
8
BLACK
6
CONTINUOUS
10
6.132111102362205
20
-4.0492551574803146
11
6.1357358267716533
21
-4.0570285039370075
0
LINE
8
BLACK
6
CONTINUOUS
10
6.1357358267716533
20
-4.0570285039370075
11
6.1357359055118108
21
-4.057028582677165
0
LINE
8
BLACK
6
CONTINUOUS
10
6.1357359055118108
20
-4.057028582677165
11
6.1406967322834642
21
-4.06411342519685
0
LINE
8
BLACK
6
CONTINUOUS
10
6.1406967322834642
20
-4.06411342519685
11
6.1411417322834643
21
-4.0655247637795275
0
LINE
8
BLACK
6
CONTINUOUS
10
6.1411417322834643
20
-4.0655247637795275
11
6.1411417322834643
21
-4.2421000393700785
0
LINE
8
BLACK
6
CONTINUOUS
10
6.1411417322834643
20
-4.2421000393700785
11
6.1404210236220473
21
-4.2438399606299209
0
LINE
8
BLACK
6
CONTINUOUS
10
6.1404210236220473
20
-4.2438399606299209
11
6.138681102362205
21
-4.2445606692913387
0
LINE
8
BLACK
6
CONTINUOUS
10
6.138681102362205
20
-4.2445606692913387
11
6.1383979527559056
21
-4.2445443307086617
0
LINE
8
BLACK
6
CONTINUOUS
10
6.1383979527559056
20
-4.2445443307086617
11
6.1382871653543303
21
-4.2445314960629918
0
LINE
8
BLACK
6
CONTINUOUS
10
6.1382871653543303
20
-4.2445314960629918
11
6.1099842519685037
21
-4.2445314960629918
0
LINE
8
BLACK
6
CONTINUOUS
10
6.1099842519685037
20
-4.2445314960629918
11
6.1099842519685037
21
-4.2565
0
LINE
8
BLACK
6
CONTINUOUS
10
6.1099842519685037
20
-4.2565
11
6.1364999999999998
21
-4.2565
0
LINE
8
BLACK
6
CONTINUOUS
10
6.1364999999999998
20
-4.2565
11
6.1364999999999998
21
-4.3215000000000003
0
LINE
8
BLACK
6
CONTINUOUS
10
6.1364999999999998
20
-4.3215000000000003
11
6.1099842519685037
21
-4.3215000000000003
0
LINE
8
BLACK
6
CONTINUOUS
10
6.1099842519685037
20
-4.3215000000000003
11
6.1099842519685037
21
-4.3334684645669288
0
LINE
8
BLACK
6
CONTINUOUS
10
6.1099842519685037
20
-4.3334684645669288
11
6.1382869685039365
21
-4.3334684645669288
0
LINE
8
BLACK
6
CONTINUOUS
10
6.1382869685039365
20
-4.3334684645669288
11
6.138397086614173
21
-4.3334556692913386
0
LINE
8
BLACK
6
CONTINUOUS
10
6.138397086614173
20
-4.3334556692913386
11
6.1402085826771655
21
-4.3339707086614174
0
LINE
8
BLACK
6
CONTINUOUS
10
6.1402085826771655
20
-4.3339707086614174
11
6.141125275590551
21
-4.3356158267716536
0
LINE
8
BLACK
6
CONTINUOUS
10
6.141125275590551
20
-4.3356158267716536
11
6.1411417322834643
21
-4.3358998425196846
0
LINE
8
BLACK
6
CONTINUOUS
10
6.1411417322834643
20
-4.3358998425196846
11
6.1411417322834643
21
-4.3482874015748028
0
LINE
8
BLACK
6
CONTINUOUS
10
6.1411417322834643
20
-4.3482874015748028
11
6.1404210236220473
21
-4.350027322834646
0
LINE
8
BLACK
6
CONTINUOUS
10
6.1404210236220473
20
-4.350027322834646
11
6.138681102362205
21
-4.3507480314960629
0
LINE
8
BLACK
6
CONTINUOUS
10
6.138681102362205
20
-4.3507480314960629
11
6.1382010629921258
21
-4.3507007480314961
0
LINE
8
BLACK
6
CONTINUOUS
10
6.1382010629921258
20
-4.3507007480314961
11
6.1370927952755903
21
-4.3504803149606301
0
LINE
8
BLACK
6
CONTINUOUS
10
6.1370927952755903
20
-4.3504803149606301
11
6.0709072834645665
21
-4.3504803149606301
0
LINE
8
BLACK
6
CONTINUOUS
10
6.0709072834645665
20
-4.3504803149606301
11
6.0709071259842515
21
-4.3504803543307089
0
LINE
8
BLACK
6
CONTINUOUS
10
6.0709071259842515
20
-4.3504803543307089
11
6.0691512992125984
21
-4.3508295669291339
0
LINE
8
BLACK
6
CONTINUOUS
10
6.0691512992125984
20
-4.3508295669291339
11
6.0691512598425197
21
-4.3508296062992127
0
LINE
8
BLACK
6
CONTINUOUS
10
6.0691512598425197
20
-4.3508296062992127
11
6.0671600787401569
21
-4.3521600787401571
0
LINE
8
BLACK
6
CONTINUOUS
10
6.0671600787401569
20
-4.3521600787401571
11
6.0658295669291338
21
-4.3541512598425198
0
LINE
8
BLACK
6
CONTINUOUS
10
6.0658295669291338
20
-4.3541512598425198
11
6.06548031496063
21
-4.3559072047244092
0
LINE
8
BLACK
6
CONTINUOUS
10
6.06548031496063
20
-4.3559072047244092
11
6.06548031496063
21
-4.4220926771653541
0
LINE
8
BLACK
6
CONTINUOUS
10
6.06548031496063
20
-4.4220926771653541
11
6.0654803543307088
21
-4.4220928346456692
0
LINE
8
BLACK
6
CONTINUOUS
10
6.0654803543307088
20
-4.4220928346456692
11
6.0658295669291338
21
-4.4238486614173231
0
LINE
8
BLACK
6
CONTINUOUS
10
6.0658295669291338
20
-4.4238486614173231
11
6.0658296062992125
21
-4.4238487401574806
0
LINE
8
BLACK
6
CONTINUOUS
10
6.0658296062992125
20
-4.4238487401574806
11
6.0671600787401569
21
-4.4258399212598425
0
LINE
8
BLACK
6
CONTINUOUS
10
6.0671600787401569
20
-4.4258399212598425
11
6.0691512598425197
21
-4.4271703937007869
0
LINE
8
BLACK
6
CONTINUOUS
10
6.0691512598425197
20
-4.4271703937007869
11
6.070907204724409
21
-4.4275196850393703
0
LINE
8
BLACK
6
CONTINUOUS
10
6.070907204724409
20
-4.4275196850393703
11
6.1370927559055115
21
-4.4275196456692916
0
LINE
8
BLACK
6
CONTINUOUS
10
6.1370927559055115
20
-4.4275196456692916
11
6.1388487401574805
21
-4.4271703937007869
0
LINE
8
BLACK
6
CONTINUOUS
10
6.1388487401574805
20
-4.4271703937007869
11
6.1408399212598423
21
-4.4258399212598425
0
LINE
8
BLACK
6
CONTINUOUS
10
6.1408399212598423
20
-4.4258399212598425
11
6.1421703937007877
21
-4.4238487401574806
0
LINE
8
BLACK
6
CONTINUOUS
10
6.1421703937007877
20
-4.4238487401574806
11
6.1425196850393702
21
-4.4220927952755904
0
LINE
8
BLACK
6
CONTINUOUS
10
6.1425196850393702
20
-4.4220927952755904
11
6.1425196850393702
21
-4.4056157086614176
0
LINE
8
BLACK
6
CONTINUOUS
10
6.1425196850393702
20
-4.4056157086614176
11
6.1432403937007871
21
-4.4038757874015744
0
LINE
8
BLACK
6
CONTINUOUS
10
6.1432403937007871
20
-4.4038757874015744
11
6.1446759448818895
21
-4.4031739763779525
0
LINE
8
BLACK
6
CONTINUOUS
10
6.1446759448818895
20
-4.4031739763779525
11
6.1453268503937011
21
-4.403092834645669
0
LINE
8
BLACK
6
CONTINUOUS
10
6.1453268503937011
20
-4.403092834645669
11
6.1457622834645669
21
-4.4030385826771656
0
LINE
8
BLACK
6
CONTINUOUS
10
6.1457622834645669
20
-4.4030385826771656
11
6.1460666141732281
21
-4.4030196850393697
0
LINE
8
BLACK
6
CONTINUOUS
10
6.1460666141732281
20
-4.4030196850393697
11
6.1462048425196851
21
-4.4030196850393697
0
LINE
8
BLACK
6
CONTINUOUS
10
6.1462048425196851
20
-4.4030196850393697
11
6.1462050393700789
21
-4.4030196850393697
0
LINE
8
BLACK
6
CONTINUOUS
10
6.1462050393700789
20
-4.4030196850393697
11
6.1470161023622047
21
-4.4028842913385828
0
LINE
8
BLACK
6
CONTINUOUS
10
6.1470161023622047
20
-4.4028842913385828
11
6.1471146062992128
21
-4.4028699606299213
0
LINE
8
BLACK
6
CONTINUOUS
10
6.1471146062992128
20
-4.4028699606299213
11
6.1490989370078735
21
-4.4026226377952753
0
LINE
8
BLACK
6
CONTINUOUS
10
6.1490989370078735
20
-4.4026226377952753
11
6.1490990944881885
21
-4.402622519685039
0
LINE
8
BLACK
6
CONTINUOUS
10
6.1490990944881885
20
-4.402622519685039
11
6.1492944094488191
21
-4.4025644094488188
0
LINE
8
BLACK
6
CONTINUOUS
10
6.1492944094488191
20
-4.4025644094488188
11
6.1492957480314958
21
-4.4025689763779523
0
LINE
8
BLACK
6
CONTINUOUS
10
6.1492957480314958
20
-4.4025689763779523
11
6.1494669291338582
21
-4.4025141338582676
0
LINE
8
BLACK
6
CONTINUOUS
10
6.1494669291338582
20
-4.4025141338582676
11
6.1494654330708656
21
-4.4025096850393703
0
LINE
8
BLACK
6
CONTINUOUS
10
6.1494654330708656
20
-4.4025096850393703
11
6.1496582677165357
21
-4.4024434251968501
0
LINE
8
BLACK
6
CONTINUOUS
10
6.1496582677165357
20
-4.4024434251968501
11
6.1496584251968507
21
-4.4024434251968501
0
LINE
8
BLACK
6
CONTINUOUS
10
6.1496584251968507
20
-4.4024434251968501
11
6.1514173228346456
21
-4.4014914960629916
0
LINE
8
BLACK
6
CONTINUOUS
10
6.1514173228346456
20
-4.4014914960629916
11
6.1515064960629919
21
-4.4014455905511811
0
LINE
8
BLACK
6
CONTINUOUS
10
6.1515064960629919
20
-4.4014455905511811
11
6.1533024409448815
21
-4.4005676771653546
0
LINE
8
BLACK
6
CONTINUOUS
10
6.1533024409448815
20
-4.4005676771653546
11
6.1533025196850391
21
-4.4005675590551183
0
LINE
8
BLACK
6
CONTINUOUS
10
6.1533025196850391
20
-4.4005675590551183
11
6.1534683858267716
21
-4.4004491732283464
0
LINE
8
BLACK
6
CONTINUOUS
10
6.1534683858267716
20
-4.4004491732283464
11
6.1534711417322834
21
-4.4004530314960633
0
LINE
8
BLACK
6
CONTINUOUS
10
6.1534711417322834
20
-4.4004530314960633
11
6.1536154330708657
21
-4.400345433070866
0
LINE
8
BLACK
6
CONTINUOUS
10
6.1536154330708657
20
-4.400345433070866
11
6.1536125590551176
21
-4.4003417322834641
0
LINE
8
BLACK
6
CONTINUOUS
10
6.1536125590551176
20
-4.4003417322834641
11
6.1537733858267716
21
-4.4002165354330707
0
LINE
8
BLACK
6
CONTINUOUS
10
6.1537733858267716
20
-4.4002165354330707
11
6.1537733464566928
21
-4.4002165354330707
0
LINE
8
BLACK
6
CONTINUOUS
10
6.1537733464566928
20
-4.4002165354330707
11
6.1537734645669291
21
-4.4002164960629919
0
LINE
8
BLACK
6
CONTINUOUS
10
6.1537734645669291
20
-4.4002164960629919
11
6.1551287007874018
21
-4.3987442125984249
0
LINE
8
BLACK
6
CONTINUOUS
10
6.1551287007874018
20
-4.3987442125984249
11
6.1551973228346455
21
-4.3986727165354331
0
LINE
8
BLACK
6
CONTINUOUS
10
6.1551973228346455
20
-4.3986727165354331
11
6.1638662992125983
21
-4.3900037401574803
0
LINE
8
BLACK
6
CONTINUOUS
10
6.1638662992125983
20
-4.3900037401574803
11
6.1642600393700784
21
-4.3896839763779525
0
LINE
8
BLACK
6
CONTINUOUS
10
6.1642600393700784
20
-4.3896839763779525
11
6.1647879921259845
21
-4.3893391338582672
0
LINE
8
BLACK
6
CONTINUOUS
10
6.1647879921259845
20
-4.3893391338582672
11
6.1655965748031498
21
-4.3883001574803151
0
LINE
8
BLACK
6
CONTINUOUS
10
6.1655965748031498
20
-4.3883001574803151
11
6.1657983858267711
21
-4.3880716929133854
0
LINE
8
BLACK
6
CONTINUOUS
10
6.1657983858267711
20
-4.3880716929133854
11
6.1658962992125979
21
-4.3879738188976374
0
LINE
8
BLACK
6
CONTINUOUS
10
6.1658962992125979
20
-4.3879738188976374
11
6.1663738188976378
21
-4.3873049606299208
0
LINE
8
BLACK
6
CONTINUOUS
10
6.1663738188976378
20
-4.3873049606299208
11
6.1664328346456694
21
-4.3872257480314962
0
LINE
8
BLACK
6
CONTINUOUS
10
6.1664328346456694
20
-4.3872257480314962
11
6.1676618503937011
21
-4.3856467716535432
0
LINE
8
BLACK
6
CONTINUOUS
10
6.1676618503937011
20
-4.3856467716535432
11
6.1676619291338577
21
-4.3856465748031495
0
LINE
8
BLACK
6
CONTINUOUS
10
6.1676619291338577
20
-4.3856465748031495
11
6.1677589763779528
21
-4.3854673228346455
0
LINE
8
BLACK
6
CONTINUOUS
10
6.1677589763779528
20
-4.3854673228346455
11
6.1677631496062988
21
-4.3854695669291335
0
LINE
8
BLACK
6
CONTINUOUS
10
6.1677631496062988
20
-4.3854695669291335
11
6.1678453543307086
21
-4.3853098425196846
0
LINE
8
BLACK
6
CONTINUOUS
10
6.1678453543307086
20
-4.3853098425196846
11
6.1678411417322829
21
-4.3853077952755903
0
LINE
8
BLACK
6
CONTINUOUS
10
6.1678411417322829
20
-4.3853077952755903
11
6.1679307086614168
21
-4.3851245275590554
0
LINE
8
BLACK
6
CONTINUOUS
10
6.1679307086614168
20
-4.3851245275590554
11
6.1679307480314955
21
-4.3851244488188978
0
LINE
8
BLACK
6
CONTINUOUS
10
6.1679307480314955
20
-4.3851244488188978
11
6.1685015748031491
21
-4.3832069291338582
0
LINE
8
BLACK
6
CONTINUOUS
10
6.1685015748031491
20
-4.3832069291338582
11
6.1685315748031497
21
-4.3831132283464562
0
LINE
8
BLACK
6
CONTINUOUS
10
6.1685315748031497
20
-4.3831132283464562
11
6.169181102362205
21
-4.3812213779527562
0
LINE
8
BLACK
6
CONTINUOUS
10
6.169181102362205
20
-4.3812213779527562
11
6.169181102362205
21
-4.38122125984252
0
LINE
8
BLACK
6
CONTINUOUS
10
6.169181102362205
20
-4.38122125984252
11
6.1691811417322837
21
-4.3812211811023625
0
LINE
8
BLACK
6
CONTINUOUS
10
6.1691811417322837
20
-4.3812211811023625
11
6.1692146850393703
21
-4.381020236220472
0
LINE
8
BLACK
6
CONTINUOUS
10
6.1692146850393703
20
-4.381020236220472
11
6.1692192913385826
21
-4.3810209842519683
0
LINE
8
BLACK
6
CONTINUOUS
10
6.1692192913385826
20
-4.3810209842519683
11
6.1692452362204726
21
-4.3808427559055119
0
LINE
8
BLACK
6
CONTINUOUS
10
6.1692452362204726
20
-4.3808427559055119
11
6.1692406299212594
21
-4.3808422047244093
0
LINE
8
BLACK
6
CONTINUOUS
10
6.1692406299212594
20
-4.3808422047244093
11
6.1692658267716531
21
-4.3806401181102359
0
LINE
8
BLACK
6
CONTINUOUS
10
6.1692658267716531
20
-4.3806401181102359
11
6.169183188976378
21
-4.3786422440944879
0
LINE
8
BLACK
6
CONTINUOUS
10
6.169183188976378
20
-4.3786422440944879
11
6.169181102362205
21
-4.3785405511811026
0
LINE
8
BLACK
6
CONTINUOUS
10
6.169181102362205
20
-4.3785405511811026
11
6.169181102362205
21
-4.083515196850394
0
LINE
8
BLACK
6
CONTINUOUS
10
6.169181102362205
20
-4.083515196850394
11
6.1699018110236219
21
-4.0817752755905508
0
LINE
8
BLACK
6
CONTINUOUS
10
6.1699018110236219
20
-4.0817752755905508
11
6.1716417322834642
21
-4.0810545669291338
0
LINE
8
BLACK
6
CONTINUOUS
10
6.1716417322834642
20
-4.0810545669291338
11
6.1718556692913387
21
-4.0810638976377955
0
LINE
8
BLACK
6
CONTINUOUS
10
6.1718556692913387
20
-4.0810638976377955
11
6.1765967322834641
21
-4.0814787007874012
0
LINE
8
BLACK
6
CONTINUOUS
10
6.1765967322834641
20
-4.0814787007874012
11
6.17835031496063
21
-4.0816321259842523
0
LINE
8
BLACK
6
CONTINUOUS
10
6.17835031496063
20
-4.0816321259842523
11
6.1783503937007875
21
-4.0816321259842523
0
LINE
8
BLACK
6
CONTINUOUS
10
6.1783503937007875
20
-4.0816321259842523
11
6.178350472440945
21
-4.0816321259842523
0
LINE
8
BLACK
6
CONTINUOUS
10
6.178350472440945
20
-4.0816321259842523
11
6.1811986220472441
21
-4.081382913385827
0
LINE
8
BLACK
6
CONTINUOUS
10
6.1811986220472441
20
-4.081382913385827
11
6.1868950787401573
21
-4.080884566929134
0
LINE
8
BLACK
6
CONTINUOUS
10
6.1868950787401573
20
-4.080884566929134
11
6.1868954330708661
21
-4.0808844488188978
0
LINE
8
BLACK
6
CONTINUOUS
10
6.1868954330708661
20
-4.0808844488188978
11
6.1868955511811023
21
-4.0808844488188978
0
LINE
8
BLACK
6
CONTINUOUS
10
6.1868955511811023
20
-4.0808844488188978
11
6.1951797244094484
21
-4.07866468503937
0
LINE
8
BLACK
6
CONTINUOUS
10
6.1951797244094484
20
-4.07866468503937
11
6.1951797244094484
21
-4.0786646456692912
0
LINE
8
BLACK
6
CONTINUOUS
10
6.1951797244094484
20
-4.0786646456692912
11
6.1951801574803147
21
-4.0786645669291337
0
LINE
8
BLACK
6
CONTINUOUS
10
6.1951801574803147
20
-4.0786645669291337
11
6.2016494094488186
21
-4.0756479133858265
0
LINE
8
BLACK
6
CONTINUOUS
10
6.2016494094488186
20
-4.0756479133858265
11
6.2029537007874014
21
-4.0750397244094483
0
LINE
8
BLACK
6
CONTINUOUS
10
6.2029537007874014
20
-4.0750397244094483
11
6.2029537007874014
21
-4.0750396850393704
0
LINE
8
BLACK
6
CONTINUOUS
10
6.2029537007874014
20
-4.0750396850393704
11
6.2029538582677164
21
-4.0750396456692917
0
LINE
8
BLACK
6
CONTINUOUS
10
6.2029538582677164
20
-4.0750396456692917
11
6.2099799999999998
21
-4.0701198818897639
0
LINE
8
BLACK
6
CONTINUOUS
10
6.2099799999999998
20
-4.0701198818897639
11
6.2160450787401578
21
-4.064054803149606
0
LINE
8
BLACK
6
CONTINUOUS
10
6.2160450787401578
20
-4.064054803149606
11
6.2209648425196846
21
-4.0570286614173225
0
LINE
8
BLACK
6
CONTINUOUS
10
6.2209648425196846
20
-4.0570286614173225
11
6.2245897637795276
21
-4.0492549606299209
0
LINE
8
BLACK
6
CONTINUOUS
10
6.2245897637795276
20
-4.0492549606299209
11
6.2254566535433069
21
-4.0460196850393704
0
LINE
8
BLACK
6
CONTINUOUS
10
6.2254566535433069
20
-4.0460196850393704
11
6.2268096456692916
21
-4.0409703543307085
0
LINE
8
BLACK
6
CONTINUOUS
10
6.2268096456692916
20
-4.0409703543307085
11
6.2268096456692916
21
-4.0409702362204722
0
LINE
8
BLACK
6
CONTINUOUS
10
6.2268096456692916
20
-4.0409702362204722
11
6.226809763779527
21
-4.0409698818897635
0
LINE
8
BLACK
6
CONTINUOUS
10
6.226809763779527
20
-4.0409698818897635
11
6.2275573228346452
21
-4.0324251968503937
0
LINE
8
BLACK
6
CONTINUOUS
10
6.2275573228346452
20
-4.0324251968503937
11
6.226809763779527
21
-4.0238805118110239
0
LINE
8
BLACK
6
CONTINUOUS
10
6.226809763779527
20
-4.0238805118110239
11
6.2266837795275585
21
-4.0234103543307089
0
LINE
8
BLACK
6
CONTINUOUS
10
6.2266837795275585
20
-4.0234103543307089
11
6.2245898818897638
21
-4.0155958267716532
0
LINE
8
BLACK
6
CONTINUOUS
10
6.2245898818897638
20
-4.0155958267716532
11
6.2245898031496063
21
-4.0155957086614169
0
LINE
8
BLACK
6
CONTINUOUS
10
6.2245898031496063
20
-4.0155957086614169
11
6.2245897637795276
21
-4.0155954330708656
0
LINE
8
BLACK
6
CONTINUOUS
10
6.2245897637795276
20
-4.0155954330708656
11
6.2224561811023618
21
-4.0110199212598427
0
LINE
8
BLACK
6
CONTINUOUS
10
6.2224561811023618
20
-4.0110199212598427
11
6.2209649212598421
21
-4.0078218503937011
0
LINE
8
BLACK
6
CONTINUOUS
10
6.2209649212598421
20
-4.0078218503937011
11
6.2209648425196846
21
-4.0078217716535436
0
LINE
8
BLACK
6
CONTINUOUS
10
6.2209648425196846
20
-4.0078217716535436
11
6.2209648425196846
21
-4.0078217322834648
0
LINE
8
BLACK
6
CONTINUOUS
10
6.2209648425196846
20
-4.0078217322834648
11
6.217259763779527
21
-4.0025303543307089
0
LINE
8
BLACK
6
CONTINUOUS
10
6.217259763779527
20
-4.0025303543307089
11
6.216045039370079
21
-4.0007955118110239
0
LINE
8
BLACK
6
CONTINUOUS
10
6.216045039370079
20
-4.0007955118110239
11
6.2099800393700786
21
-3.9947305118110235
0
LINE
8
BLACK
6
CONTINUOUS
10
6.2099800393700786
20
-3.9947305118110235
11
6.2055099606299216
21
-3.9916005511811021
0
LINE
8
BLACK
6
CONTINUOUS
10
6.2055099606299216
20
-3.9916005511811021
11
6.2029538582677164
21
-3.9898107480314962
0
LINE
8
BLACK
6
CONTINUOUS
10
6.2029538582677164
20
-3.9898107480314962
11
6.2029537795275589
21
-3.9898107086614174
0
LINE
8
BLACK
6
CONTINUOUS
10
6.2029537795275589
20
-3.9898107086614174
11
6.2029537007874014
21
-3.9898106299212599
0
LINE
8
BLACK
6
CONTINUOUS
10
6.2029537007874014
20
-3.9898106299212599
11
6.1951803543307085
21
-3.9861859055118107
0
LINE
8
BLACK
6
CONTINUOUS
10
6.1951803543307085
20
-3.9861859055118107
11
6.1951797244094484
21
-3.9861856692913387
0
LINE
8
BLACK
6
CONTINUOUS
10
6.1951797244094484
20
-3.9861856692913387
11
6.1868955511811023
21
-3.9839659055118108
0
LINE
8
BLACK
6
CONTINUOUS
10
6.1868955511811023
20
-3.9839659055118108
11
6.1868949212598423
21
-3.9839657874015746
0
LINE
8
BLACK
6
CONTINUOUS
10
6.1868949212598423
20
-3.9839657874015746
11
6.178350472440945
21
-3.9832182677165355
0
LINE
8
BLACK
6
CONTINUOUS
10
6.178350472440945
20
-3.9832182677165355
11
6.17835031496063
21
-3.9832182677165355
0
LINE
8
BLACK
6
CONTINUOUS
10
6.17835031496063
20
-3.9832182677165355
11
6.1698058267716531
21
-3.9839657874015746
0
LINE
8
BLACK
6
CONTINUOUS
10
5.9654803543307082
20
-4.4220928346456692
11
5.9658295669291341
21
-4.4238486614173231
0
LINE
8
BLACK
6
CONTINUOUS
10
5.9658295669291341
20
-4.4238486614173231
11
5.9658296062992129
21
-4.4238487401574806
0
LINE
8
BLACK
6
CONTINUOUS
10
5.9658296062992129
20
-4.4238487401574806
11
5.9671600787401573
21
-4.4258399212598425
0
LINE
8
BLACK
6
CONTINUOUS
10
5.9671600787401573
20
-4.4258399212598425
11
5.9691512598425192
21
-4.4271703937007869
0
LINE
8
BLACK
6
CONTINUOUS
10
5.9691512598425192
20
-4.4271703937007869
11
5.9709072047244094
21
-4.4275196850393703
0
LINE
8
BLACK
6
CONTINUOUS
10
5.9709072047244094
20
-4.4275196850393703
11
6.0370927559055119
21
-4.4275196456692916
0
LINE
8
BLACK
6
CONTINUOUS
10
6.0370927559055119
20
-4.4275196456692916
11
6.03884874015748
21
-4.4271703937007869
0
LINE
8
BLACK
6
CONTINUOUS
10
6.03884874015748
20
-4.4271703937007869
11
6.0408399212598427
21
-4.4258399212598425
0
LINE
8
BLACK
6
CONTINUOUS
10
6.0408399212598427
20
-4.4258399212598425
11
6.0421703937007871
21
-4.4238487401574806
0
LINE
8
BLACK
6
CONTINUOUS
10
6.0421703937007871
20
-4.4238487401574806
11
6.0425196850393696
21
-4.4220927952755904
0
LINE
8
BLACK
6
CONTINUOUS
10
6.0425196850393696
20
-4.4220927952755904
11
6.0425196456692909
21
-4.3559072440944879
0
LINE
8
BLACK
6
CONTINUOUS
10
6.0425196456692909
20
-4.3559072440944879
11
6.0421703937007871
21
-4.3541512598425198
0
LINE
8
BLACK
6
CONTINUOUS
10
6.0421703937007871
20
-4.3541512598425198
11
6.0408399212598427
21
-4.3521600787401571
0
LINE
8
BLACK
6
CONTINUOUS
10
6.0408399212598427
20
-4.3521600787401571
11
6.03884874015748
21
-4.3508296062992127
0
LINE
8
BLACK
6
CONTINUOUS
10
6.03884874015748
20
-4.3508296062992127
11
6.0388487007874012
21
-4.3508295669291339
0
LINE
8
BLACK
6
CONTINUOUS
10
6.0388487007874012
20
-4.3508295669291339
11
6.0374420472440944
21
-4.3505497637795276
0
LINE
8
BLACK
6
CONTINUOUS
10
6.0374420472440944
20
-4.3505497637795276
11
6.0370927952755906
21
-4.3504803149606301
0
LINE
8
BLACK
6
CONTINUOUS
10
6.0370927952755906
20
-4.3504803149606301
11
6.0370927559055119
21
-4.3504803149606301
0
LINE
8
BLACK
6
CONTINUOUS
10
6.0370927559055119
20
-4.3504803149606301
11
5.9709072834645669
21
-4.3504803149606301
0
LINE
8
BLACK
6
CONTINUOUS
10
5.9709072834645669
20
-4.3504803149606301
11
5.9709071259842519
21
-4.3504803543307089
0
LINE
8
BLACK
6
CONTINUOUS
10
5.9709071259842519
20
-4.3504803543307089
11
5.9691512992125979
21
-4.3508295669291339
0
LINE
8
BLACK
6
CONTINUOUS
10
5.9691512992125979
20
-4.3508295669291339
11
5.9691512598425192
21
-4.3508296062992127
0
LINE
8
BLACK
6
CONTINUOUS
10
5.9691512598425192
20
-4.3508296062992127
11
5.9671600787401573
21
-4.3521600787401571
0
LINE
8
BLACK
6
CONTINUOUS
10
5.9671600787401573
20
-4.3521600787401571
11
5.9658295669291341
21
-4.3541512598425198
0
LINE
8
BLACK
6
CONTINUOUS
10
5.9658295669291341
20
-4.3541512598425198
11
5.9654803149606295
21
-4.3559072047244092
0
LINE
8
BLACK
6
CONTINUOUS
10
5.9654803149606295
20
-4.3559072047244092
11
5.9654803149606295
21
-4.4220926771653541
0
LINE
8
BLACK
6
CONTINUOUS
10
5.9654803149606295
20
-4.4220926771653541
11
5.9654803543307082
21
-4.4220928346456692
0
LINE
8
BLACK
6
CONTINUOUS
10
5.9595315354330705
20
-4.2949842519685042
11
5.9595315354330705
21
-4.3232869291338583
0
LINE
8
BLACK
6
CONTINUOUS
10
5.9595315354330705
20
-4.3232869291338583
11
5.9596475984251969
21
-4.324287677165354
0
LINE
8
BLACK
6
CONTINUOUS
10
5.9596475984251969
20
-4.324287677165354
11
5.9596475984251969
21
-4.3242877165354328
0
LINE
8
BLACK
6
CONTINUOUS
10
5.9596475984251969
20
-4.3242877165354328
11
5.9614549999999999
21
-4.3283810236220468
0
LINE
8
BLACK
6
CONTINUOUS
10
5.9614549999999999
20
-4.3283810236220468
11
5.9646189370078737
21
-4.3315449606299214
0
LINE
8
BLACK
6
CONTINUOUS
10
5.9646189370078737
20
-4.3315449606299214
11
5.968712362204724
21
-4.3333524015748033
0
LINE
8
BLACK
6
CONTINUOUS
10
5.968712362204724
20
-4.3333524015748033
11
5.9697130314960631
21
-4.3334684645669288
0
LINE
8
BLACK
6
CONTINUOUS
10
5.9697130314960631
20
-4.3334684645669288
11
5.998015748031496
21
-4.3334684645669288
0
LINE
8
BLACK
6
CONTINUOUS
10
5.998015748031496
20
-4.3334684645669288
11
5.998015748031496
21
-4.3215000000000003
0
LINE
8
BLACK
6
CONTINUOUS
10
5.998015748031496
20
-4.3215000000000003
11
5.9714999999999998
21
-4.3215000000000003
0
LINE
8
BLACK
6
CONTINUOUS
10
5.9714999999999998
20
-4.3215000000000003
11
5.9714999999999998
21
-4.2949842519685042
0
LINE
8
BLACK
6
CONTINUOUS
10
5.9714999999999998
20
-4.2949842519685042
11
5.9595315354330705
21
-4.2949842519685042
0
LINE
8
BLACK
6
CONTINUOUS
10
6.0365000000000002
20
-4.3215000000000003
11
6.0099842519685041
21
-4.3215000000000003
0
LINE
8
BLACK
6
CONTINUOUS
10
6.0099842519685041
20
-4.3215000000000003
11
6.0099842519685041
21
-4.3334684645669288
0
LINE
8
BLACK
6
CONTINUOUS
10
6.0099842519685041
20
-4.3334684645669288
11
6.0382869291338581
21
-4.3334684645669288
0
LINE
8
BLACK
6
CONTINUOUS
10
6.0382869291338581
20
-4.3334684645669288
11
6.0392876771653539
21
-4.3333523622047245
0
LINE
8
BLACK
6
CONTINUOUS
10
6.0392876771653539
20
-4.3333523622047245
11
6.0392877165354326
21
-4.3333523622047245
0
LINE
8
BLACK
6
CONTINUOUS
10
6.0392877165354326
20
-4.3333523622047245
11
6.0433810236220475
21
-4.3315449606299214
0
LINE
8
BLACK
6
CONTINUOUS
10
6.0433810236220475
20
-4.3315449606299214
11
6.0465449606299213
21
-4.3283810236220468
0
LINE
8
BLACK
6
CONTINUOUS
10
6.0465449606299213
20
-4.3283810236220468
11
6.0483524015748031
21
-4.3242875984251965
0
LINE
8
BLACK
6
CONTINUOUS
10
6.0483524015748031
20
-4.3242875984251965
11
6.0484685039370074
21
-4.3232869291338583
0
LINE
8
BLACK
6
CONTINUOUS
10
6.0484685039370074
20
-4.3232869291338583
11
6.0484685039370074
21
-4.2949842519685042
0
LINE
8
BLACK
6
CONTINUOUS
10
6.0484685039370074
20
-4.2949842519685042
11
6.0365000000000002
21
-4.2949842519685042
0
LINE
8
BLACK
6
CONTINUOUS
10
6.0365000000000002
20
-4.2949842519685042
11
6.0365000000000002
21
-4.3215000000000003
0
LINE
8
BLACK
6
CONTINUOUS
10
6.059531535433071
20
-4.2949842519685042
11
6.059531535433071
21
-4.3232869291338583
0
LINE
8
BLACK
6
CONTINUOUS
10
6.059531535433071
20
-4.3232869291338583
11
6.0596475984251965
21
-4.324287677165354
0
LINE
8
BLACK
6
CONTINUOUS
10
6.0596475984251965
20
-4.324287677165354
11
6.0596475984251965
21
-4.3242877165354328
0
LINE
8
BLACK
6
CONTINUOUS
10
6.0596475984251965
20
-4.3242877165354328
11
6.0614549999999996
21
-4.3283810236220468
0
LINE
8
BLACK
6
CONTINUOUS
10
6.0614549999999996
20
-4.3283810236220468
11
6.0646189370078742
21
-4.3315449606299214
0
LINE
8
BLACK
6
CONTINUOUS
10
6.0646189370078742
20
-4.3315449606299214
11
6.0687123622047245
21
-4.3333524015748033
0
LINE
8
BLACK
6
CONTINUOUS
10
6.0687123622047245
20
-4.3333524015748033
11
6.0697130314960628
21
-4.3334684645669288
0
LINE
8
BLACK
6
CONTINUOUS
10
6.0697130314960628
20
-4.3334684645669288
11
6.0980157480314956
21
-4.3334684645669288
0
LINE
8
BLACK
6
CONTINUOUS
10
6.0980157480314956
20
-4.3334684645669288
11
6.0980157480314956
21
-4.3215000000000003
0
LINE
8
BLACK
6
CONTINUOUS
10
6.0980157480314956
20
-4.3215000000000003
11
6.0714999999999995
21
-4.3215000000000003
0
LINE
8
BLACK
6
CONTINUOUS
10
6.0714999999999995
20
-4.3215000000000003
11
6.0714999999999995
21
-4.2949842519685042
0
LINE
8
BLACK
6
CONTINUOUS
10
6.0714999999999995
20
-4.2949842519685042
11
6.059531535433071
21
-4.2949842519685042
0
LINE
8
BLACK
6
CONTINUOUS
10
6.0099842519685041
20
-4.2565
11
6.0365000000000002
21
-4.2565
0
LINE
8
BLACK
6
CONTINUOUS
10
6.0365000000000002
20
-4.2565
11
6.0365000000000002
21
-4.2830157480314961
0
LINE
8
BLACK
6
CONTINUOUS
10
6.0365000000000002
20
-4.2830157480314961
11
6.0484684645669287
21
-4.2830157480314961
0
LINE
8
BLACK
6
CONTINUOUS
10
6.0484684645669287
20
-4.2830157480314961
11
6.0484684645669287
21
-4.2547130314960633
0
LINE
8
BLACK
6
CONTINUOUS
10
6.0484684645669287
20
-4.2547130314960633
11
6.0483523622047244
21
-4.2537122834645666
0
LINE
8
BLACK
6
CONTINUOUS
10
6.0483523622047244
20
-4.2537122834645666
11
6.0483523622047244
21
-4.2537122440944879
0
LINE
8
BLACK
6
CONTINUOUS
10
6.0483523622047244
20
-4.2537122440944879
11
6.0465449606299213
21
-4.2496189370078739
0
LINE
8
BLACK
6
CONTINUOUS
10
6.0465449606299213
20
-4.2496189370078739
11
6.0433810236220475
21
-4.2464550000000001
0
LINE
8
BLACK
6
CONTINUOUS
10
6.0433810236220475
20
-4.2464550000000001
11
6.0392875984251964
21
-4.2446475590551183
0
LINE
8
BLACK
6
CONTINUOUS
10
6.0392875984251964
20
-4.2446475590551183
11
6.0382869685039369
21
-4.2445314960629918
0
LINE
8
BLACK
6
CONTINUOUS
10
6.0382869685039369
20
-4.2445314960629918
11
6.0099842519685041
21
-4.2445314960629918
0
LINE
8
BLACK
6
CONTINUOUS
10
6.0099842519685041
20
-4.2445314960629918
11
6.0099842519685041
21
-4.2565
0
LINE
8
BLACK
6
CONTINUOUS
10
5.5520315354330707
20
-3.9649842519685037
11
5.5520315354330707
21
-3.9932869291338582
0
LINE
8
BLACK
6
CONTINUOUS
10
5.5520315354330707
20
-3.9932869291338582
11
5.5521475984251971
21
-3.9942876771653544
0
LINE
8
BLACK
6
CONTINUOUS
10
5.5521475984251971
20
-3.9942876771653544
11
5.5521475984251971
21
-3.9942877165354331
0
LINE
8
BLACK
6
CONTINUOUS
10
5.5521475984251971
20
-3.9942877165354331
11
5.5539550000000002
21
-3.9983810236220472
0
LINE
8
BLACK
6
CONTINUOUS
10
5.5539550000000002
20
-3.9983810236220472
11
5.557118937007874
21
-4.0015449606299214
0
LINE
8
BLACK
6
CONTINUOUS
10
5.557118937007874
20
-4.0015449606299214
11
5.5612123622047243
21
-4.0033524015748032
0
LINE
8
BLACK
6
CONTINUOUS
10
5.5612123622047243
20
-4.0033524015748032
11
5.5622130314960625
21
-4.0034684645669287
0
LINE
8
BLACK
6
CONTINUOUS
10
5.5622130314960625
20
-4.0034684645669287
11
5.5905157480314962
21
-4.0034684645669287
0
LINE
8
BLACK
6
CONTINUOUS
10
5.5905157480314962
20
-4.0034684645669287
11
5.5905157480314962
21
-3.9914999999999998
0
LINE
8
BLACK
6
CONTINUOUS
10
5.5905157480314962
20
-3.9914999999999998
11
5.5640000000000001
21
-3.9914999999999998
0
LINE
8
BLACK
6
CONTINUOUS
10
5.5640000000000001
20
-3.9914999999999998
11
5.5640000000000001
21
-3.9649842519685037
0
LINE
8
BLACK
6
CONTINUOUS
10
5.5640000000000001
20
-3.9649842519685037
11
5.5520315354330707
21
-3.9649842519685037
0
LINE
8
BLACK
6
CONTINUOUS
10
5.6289999999999996
20
-3.9914999999999998
11
5.6024842519685034
21
-3.9914999999999998
0
LINE
8
BLACK
6
CONTINUOUS
10
5.6024842519685034
20
-3.9914999999999998
11
5.6024842519685034
21
-4.0034684645669287
0
LINE
8
BLACK
6
CONTINUOUS
10
5.6024842519685034
20
-4.0034684645669287
11
5.6307869291338584
21
-4.0034684645669287
0
LINE
8
BLACK
6
CONTINUOUS
10
5.6307869291338584
20
-4.0034684645669287
11
5.6317876771653541
21
-4.0033523622047245
0
LINE
8
BLACK
6
CONTINUOUS
10
5.6317876771653541
20
-4.0033523622047245
11
5.6317877165354329
21
-4.0033523622047245
0
LINE
8
BLACK
6
CONTINUOUS
10
5.6317877165354329
20
-4.0033523622047245
11
5.6358810236220469
21
-4.0015449606299214
0
LINE
8
BLACK
6
CONTINUOUS
10
5.6358810236220469
20
-4.0015449606299214
11
5.6390449606299216
21
-3.9983810236220472
0
LINE
8
BLACK
6
CONTINUOUS
10
5.6390449606299216
20
-3.9983810236220472
11
5.6408524015748034
21
-3.9942875984251969
0
LINE
8
BLACK
6
CONTINUOUS
10
5.6408524015748034
20
-3.9942875984251969
11
5.6409685039370077
21
-3.9932869291338582
0
LINE
8
BLACK
6
CONTINUOUS
10
5.6409685039370077
20
-3.9932869291338582
11
5.6409685039370077
21
-3.9649842519685037
0
LINE
8
BLACK
6
CONTINUOUS
10
5.6409685039370077
20
-3.9649842519685037
11
5.6289999999999996
21
-3.9649842519685037
0
LINE
8
BLACK
6
CONTINUOUS
10
5.6289999999999996
20
-3.9649842519685037
11
5.6289999999999996
21
-3.9914999999999998
0
LINE
8
BLACK
6
CONTINUOUS
10
5.6520315354330704
20
-3.9649842519685037
11
5.6520315354330704
21
-3.9932869291338582
0
LINE
8
BLACK
6
CONTINUOUS
10
5.6520315354330704
20
-3.9932869291338582
11
5.6521475984251968
21
-3.9942876771653544
0
LINE
8
BLACK
6
CONTINUOUS
10
5.6521475984251968
20
-3.9942876771653544
11
5.6521475984251968
21
-3.9942877165354331
0
LINE
8
BLACK
6
CONTINUOUS
10
5.6521475984251968
20
-3.9942877165354331
11
5.6539549999999998
21
-3.9983810236220472
0
LINE
8
BLACK
6
CONTINUOUS
10
5.6539549999999998
20
-3.9983810236220472
11
5.6571189370078736
21
-4.0015449606299214
0
LINE
8
BLACK
6
CONTINUOUS
10
5.6571189370078736
20
-4.0015449606299214
11
5.6612123622047239
21
-4.0033524015748032
0
LINE
8
BLACK
6
CONTINUOUS
10
5.6612123622047239
20
-4.0033524015748032
11
5.662213031496063
21
-4.0034684645669287
0
LINE
8
BLACK
6
CONTINUOUS
10
5.662213031496063
20
-4.0034684645669287
11
5.6905157480314958
21
-4.0034684645669287
0
LINE
8
BLACK
6
CONTINUOUS
10
5.6905157480314958
20
-4.0034684645669287
11
5.6905157480314958
21
-3.9914999999999998
0
LINE
8
BLACK
6
CONTINUOUS
10
5.6905157480314958
20
-3.9914999999999998
11
5.6639999999999997
21
-3.9914999999999998
0
LINE
8
BLACK
6
CONTINUOUS
10
5.6639999999999997
20
-3.9914999999999998
11
5.6639999999999997
21
-3.9649842519685037
0
LINE
8
BLACK
6
CONTINUOUS
10
5.6639999999999997
20
-3.9649842519685037
11
5.6520315354330704
21
-3.9649842519685037
0
LINE
8
BLACK
6
CONTINUOUS
10
5.6612122834645664
20
-3.9146475984251969
11
5.6612122440944876
21
-3.9146475984251969
0
LINE
8
BLACK
6
CONTINUOUS
10
5.6612122440944876
20
-3.9146475984251969
11
5.6571189370078736
21
-3.916455
0
LINE
8
BLACK
6
CONTINUOUS
10
5.6571189370078736
20
-3.916455
11
5.6539549999999998
21
-3.9196189370078738
0
LINE
8
BLACK
6
CONTINUOUS
10
5.6539549999999998
20
-3.9196189370078738
11
5.652147559055118
21
-3.9237123622047245
0
LINE
8
BLACK
6
CONTINUOUS
10
5.652147559055118
20
-3.9237123622047245
11
5.6520314960629916
21
-3.9247130314960628
0
LINE
8
BLACK
6
CONTINUOUS
10
5.6520314960629916
20
-3.9247130314960628
11
5.6520314960629916
21
-3.953015748031496
0
LINE
8
BLACK
6
CONTINUOUS
10
5.6520314960629916
20
-3.953015748031496
11
5.6639999999999997
21
-3.953015748031496
0
LINE
8
BLACK
6
CONTINUOUS
10
5.6639999999999997
20
-3.953015748031496
11
5.6639999999999997
21
-3.9264999999999999
0
LINE
8
BLACK
6
CONTINUOUS
10
5.6639999999999997
20
-3.9264999999999999
11
5.6905157480314958
21
-3.9264999999999999
0
LINE
8
BLACK
6
CONTINUOUS
10
5.6905157480314958
20
-3.9264999999999999
11
5.6905157480314958
21
-3.9145314960629922
0
LINE
8
BLACK
6
CONTINUOUS
10
5.6905157480314958
20
-3.9145314960629922
11
5.662213031496063
21
-3.9145314960629922
0
LINE
8
BLACK
6
CONTINUOUS
10
5.662213031496063
20
-3.9145314960629922
11
5.6612122834645664
21
-3.9146475984251969
0
LINE
8
BLACK
6
CONTINUOUS
10
5.6024842519685034
20
-3.9264999999999999
11
5.6289999999999996
21
-3.9264999999999999
0
LINE
8
BLACK
6
CONTINUOUS
10
5.6289999999999996
20
-3.9264999999999999
11
5.6289999999999996
21
-3.953015748031496
0
LINE
8
BLACK
6
CONTINUOUS
10
5.6289999999999996
20
-3.953015748031496
11
5.6409684645669289
21
-3.953015748031496
0
LINE
8
BLACK
6
CONTINUOUS
10
5.6409684645669289
20
-3.953015748031496
11
5.6409684645669289
21
-3.9247130314960628
0
LINE
8
BLACK
6
CONTINUOUS
10
5.6409684645669289
20
-3.9247130314960628
11
5.6408523622047246
21
-3.923712283464567
0
LINE
8
BLACK
6
CONTINUOUS
10
5.6408523622047246
20
-3.923712283464567
11
5.6408523622047246
21
-3.9237122440944883
0
LINE
8
BLACK
6
CONTINUOUS
10
5.6408523622047246
20
-3.9237122440944883
11
5.6390449606299216
21
-3.9196189370078738
0
LINE
8
BLACK
6
CONTINUOUS
10
5.6390449606299216
20
-3.9196189370078738
11
5.6358810236220469
21
-3.916455
0
LINE
8
BLACK
6
CONTINUOUS
10
5.6358810236220469
20
-3.916455
11
5.6317875984251966
21
-3.9146475590551182
0
LINE
8
BLACK
6
CONTINUOUS
10
5.6317875984251966
20
-3.9146475590551182
11
5.6307869685039371
21
-3.9145314960629922
0
LINE
8
BLACK
6
CONTINUOUS
10
5.6307869685039371
20
-3.9145314960629922
11
5.6024842519685034
21
-3.9145314960629922
0
LINE
8
BLACK
6
CONTINUOUS
10
5.6024842519685034
20
-3.9145314960629922
11
5.6024842519685034
21
-3.9264999999999999
0
LINE
8
BLACK
6
CONTINUOUS
10
5.5612122834645668
20
-3.9146475984251969
11
5.561212244094488
21
-3.9146475984251969
0
LINE
8
BLACK
6
CONTINUOUS
10
5.561212244094488
20
-3.9146475984251969
11
5.557118937007874
21
-3.916455
0
LINE
8
BLACK
6
CONTINUOUS
10
5.557118937007874
20
-3.916455
11
5.5539550000000002
21
-3.9196189370078738
0
LINE
8
BLACK
6
CONTINUOUS
10
5.5539550000000002
20
-3.9196189370078738
11
5.5521475590551184
21
-3.9237123622047245
0
LINE
8
BLACK
6
CONTINUOUS
10
5.5521475590551184
20
-3.9237123622047245
11
5.552031496062992
21
-3.9247130314960628
0
LINE
8
BLACK
6
CONTINUOUS
10
5.552031496062992
20
-3.9247130314960628
11
5.552031496062992
21
-3.953015748031496
0
LINE
8
BLACK
6
CONTINUOUS
10
5.552031496062992
20
-3.953015748031496
11
5.5640000000000001
21
-3.953015748031496
0
LINE
8
BLACK
6
CONTINUOUS
10
5.5640000000000001
20
-3.953015748031496
11
5.5640000000000001
21
-3.9264999999999999
0
LINE
8
BLACK
6
CONTINUOUS
10
5.5640000000000001
20
-3.9264999999999999
11
5.5905157480314962
21
-3.9264999999999999
0
LINE
8
BLACK
6
CONTINUOUS
10
5.5905157480314962
20
-3.9264999999999999
11
5.5905157480314962
21
-3.9145314960629922
0
LINE
8
BLACK
6
CONTINUOUS
10
5.5905157480314962
20
-3.9145314960629922
11
5.5622130314960625
21
-3.9145314960629922
0
LINE
8
BLACK
6
CONTINUOUS
10
5.5622130314960625
20
-3.9145314960629922
11
5.5612122834645668
21
-3.9146475984251969
0
LINE
8
BLACK
6
CONTINUOUS
10
5.5579803543307085
20
-3.8920928346456694
11
5.5583295669291335
21
-3.8938486614173229
0
LINE
8
BLACK
6
CONTINUOUS
10
5.5583295669291335
20
-3.8938486614173229
11
5.5583296062992122
21
-3.8938487401574804
0
LINE
8
BLACK
6
CONTINUOUS
10
5.5583296062992122
20
-3.8938487401574804
11
5.5596600787401576
21
-3.8958399212598422
0
LINE
8
BLACK
6
CONTINUOUS
10
5.5596600787401576
20
-3.8958399212598422
11
5.5616512598425194
21
-3.8971703937007871
0
LINE
8
BLACK
6
CONTINUOUS
10
5.5616512598425194
20
-3.8971703937007871
11
5.5634072047244096
21
-3.8975196850393701
0
LINE
8
BLACK
6
CONTINUOUS
10
5.5634072047244096
20
-3.8975196850393701
11
5.6295927559055121
21
-3.8975196456692913
0
LINE
8
BLACK
6
CONTINUOUS
10
5.6295927559055121
20
-3.8975196456692913
11
5.6313487401574802
21
-3.8971703937007871
0
LINE
8
BLACK
6
CONTINUOUS
10
5.6313487401574802
20
-3.8971703937007871
11
5.6333399212598421
21
-3.8958399212598422
0
LINE
8
BLACK
6
CONTINUOUS
10
5.6333399212598421
20
-3.8958399212598422
11
5.6346703937007874
21
-3.8938487401574804
0
LINE
8
BLACK
6
CONTINUOUS
10
5.6346703937007874
20
-3.8938487401574804
11
5.6350196850393699
21
-3.8920927952755906
0
LINE
8
BLACK
6
CONTINUOUS
10
5.6350196850393699
20
-3.8920927952755906
11
5.6350196850393699
21
-3.8920926771653543
0
LINE
8
BLACK
6
CONTINUOUS
10
5.6350196850393699
20
-3.8920926771653543
11
5.6350196456692911
21
-3.8259072440944881
0
LINE
8
BLACK
6
CONTINUOUS
10
5.6350196456692911
20
-3.8259072440944881
11
5.6346703937007874
21
-3.8241512598425196
0
LINE
8
BLACK
6
CONTINUOUS
10
5.6346703937007874
20
-3.8241512598425196
11
5.6333399212598421
21
-3.8221600787401573
0
LINE
8
BLACK
6
CONTINUOUS
10
5.6333399212598421
20
-3.8221600787401573
11
5.6313487401574802
21
-3.8208296062992124
0
LINE
8
BLACK
6
CONTINUOUS
10
5.6313487401574802
20
-3.8208296062992124
11
5.6313487007874015
21
-3.8208295669291337
0
LINE
8
BLACK
6
CONTINUOUS
10
5.6313487007874015
20
-3.8208295669291337
11
5.6299420472440946
21
-3.8205497637795274
0
LINE
8
BLACK
6
CONTINUOUS
10
5.6299420472440946
20
-3.8205497637795274
11
5.6295927952755909
21
-3.8204803149606299
0
LINE
8
BLACK
6
CONTINUOUS
10
5.6295927952755909
20
-3.8204803149606299
11
5.6295927559055121
21
-3.8204803149606299
0
LINE
8
BLACK
6
CONTINUOUS
10
5.6295927559055121
20
-3.8204803149606299
11
5.5634072834645671
21
-3.8204803149606299
0
LINE
8
BLACK
6
CONTINUOUS
10
5.5634072834645671
20
-3.8204803149606299
11
5.5634071259842521
21
-3.8204803543307086
0
LINE
8
BLACK
6
CONTINUOUS
10
5.5634071259842521
20
-3.8204803543307086
11
5.5616512992125982
21
-3.8208295669291337
0
LINE
8
BLACK
6
CONTINUOUS
10
5.5616512992125982
20
-3.8208295669291337
11
5.5616512598425194
21
-3.8208296062992124
0
LINE
8
BLACK
6
CONTINUOUS
10
5.5616512598425194
20
-3.8208296062992124
11
5.5596600787401576
21
-3.8221600787401573
0
LINE
8
BLACK
6
CONTINUOUS
10
5.5596600787401576
20
-3.8221600787401573
11
5.5583295669291335
21
-3.8241512598425196
0
LINE
8
BLACK
6
CONTINUOUS
10
5.5583295669291335
20
-3.8241512598425196
11
5.5579803149606297
21
-3.8259072047244094
0
LINE
8
BLACK
6
CONTINUOUS
10
5.5579803149606297
20
-3.8259072047244094
11
5.5579803149606297
21
-3.8920926771653543
0
LINE
8
BLACK
6
CONTINUOUS
10
5.5579803149606297
20
-3.8920926771653543
11
5.5579803543307085
21
-3.8920928346456694
0
LINE
8
BLACK
6
CONTINUOUS
10
5.6579803543307081
20
-3.8920928346456694
11
5.658329566929134
21
-3.8938486614173229
0
LINE
8
BLACK
6
CONTINUOUS
10
5.658329566929134
20
-3.8938486614173229
11
5.6583296062992128
21
-3.8938487401574804
0
LINE
8
BLACK
6
CONTINUOUS
10
5.6583296062992128
20
-3.8938487401574804
11
5.6596600787401572
21
-3.8958399212598422
0
LINE
8
BLACK
6
CONTINUOUS
10
5.6596600787401572
20
-3.8958399212598422
11
5.6616512598425199
21
-3.8971703937007871
0
LINE
8
BLACK
6
CONTINUOUS
10
5.6616512598425199
20
-3.8971703937007871
11
5.6634072047244093
21
-3.8975196850393701
0
LINE
8
BLACK
6
CONTINUOUS
10
5.6634072047244093
20
-3.8975196850393701
11
5.7295927559055118
21
-3.8975196456692913
0
LINE
8
BLACK
6
CONTINUOUS
10
5.7295927559055118
20
-3.8975196456692913
11
5.7313487401574799
21
-3.8971703937007871
0
LINE
8
BLACK
6
CONTINUOUS
10
5.7313487401574799
20
-3.8971703937007871
11
5.7333399212598426
21
-3.8958399212598422
0
LINE
8
BLACK
6
CONTINUOUS
10
5.7333399212598426
20
-3.8958399212598422
11
5.734670393700787
21
-3.8938487401574804
0
LINE
8
BLACK
6
CONTINUOUS
10
5.734670393700787
20
-3.8938487401574804
11
5.7350196850393695
21
-3.8920927952755906
0
LINE
8
BLACK
6
CONTINUOUS
10
5.7350196850393695
20
-3.8920927952755906
11
5.7350196456692908
21
-3.8355748818897637
0
LINE
8
BLACK
6
CONTINUOUS
10
5.7350196456692908
20
-3.8355748818897637
11
5.7350196456692908
21
-3.8259072440944881
0
LINE
8
BLACK
6
CONTINUOUS
10
5.7350196456692908
20
-3.8259072440944881
11
5.734670393700787
21
-3.8241512598425196
0
LINE
8
BLACK
6
CONTINUOUS
10
5.734670393700787
20
-3.8241512598425196
11
5.7333399212598426
21
-3.8221600787401573
0
LINE
8
BLACK
6
CONTINUOUS
10
5.7333399212598426
20
-3.8221600787401573
11
5.7313487401574799
21
-3.8208296062992124
0
LINE
8
BLACK
6
CONTINUOUS
10
5.7313487401574799
20
-3.8208296062992124
11
5.7313487007874011
21
-3.8208295669291337
0
LINE
8
BLACK
6
CONTINUOUS
10
5.7313487007874011
20
-3.8208295669291337
11
5.7299420472440943
21
-3.8205497637795274
0
LINE
8
BLACK
6
CONTINUOUS
10
5.7299420472440943
20
-3.8205497637795274
11
5.7295927952755905
21
-3.8204803149606299
0
LINE
8
BLACK
6
CONTINUOUS
10
5.7295927952755905
20
-3.8204803149606299
11
5.7295927559055118
21
-3.8204803149606299
0
LINE
8
BLACK
6
CONTINUOUS
10
5.7295927559055118
20
-3.8204803149606299
11
5.6634072834645668
21
-3.8204803149606299
0
LINE
8
BLACK
6
CONTINUOUS
10
5.6634072834645668
20
-3.8204803149606299
11
5.6634071259842518
21
-3.8204803543307086
0
LINE
8
BLACK
6
CONTINUOUS
10
5.6634071259842518
20
-3.8204803543307086
11
5.6616512992125987
21
-3.8208295669291337
0
LINE
8
BLACK
6
CONTINUOUS
10
5.6616512992125987
20
-3.8208295669291337
11
5.6616512598425199
21
-3.8208296062992124
0
LINE
8
BLACK
6
CONTINUOUS
10
5.6616512598425199
20
-3.8208296062992124
11
5.6596600787401572
21
-3.8221600787401573
0
LINE
8
BLACK
6
CONTINUOUS
10
5.6596600787401572
20
-3.8221600787401573
11
5.658329566929134
21
-3.8241512598425196
0
LINE
8
BLACK
6
CONTINUOUS
10
5.658329566929134
20
-3.8241512598425196
11
5.6579803149606294
21
-3.8259072047244094
0
LINE
8
BLACK
6
CONTINUOUS
10
5.6579803149606294
20
-3.8259072047244094
11
5.6579803149606294
21
-3.8920926771653543
0
LINE
8
BLACK
6
CONTINUOUS
10
5.6579803149606294
20
-3.8920926771653543
11
5.6579803543307081
21
-3.8920928346456694
0
LINE
8
BLACK
6
CONTINUOUS
10
6.1298909842519684
20
-3.8441193307086614
11
6.1298911023622047
21
-3.844119960629921
0
LINE
8
BLACK
6
CONTINUOUS
10
6.1298911023622047
20
-3.844119960629921
11
6.1321108661417325
21
-3.8524041338582675
0
LINE
8
BLACK
6
CONTINUOUS
10
6.1321108661417325
20
-3.8524041338582675
11
6.132111102362205
21
-3.8524047637795276
0
LINE
8
BLACK
6
CONTINUOUS
10
6.132111102362205
20
-3.8524047637795276
11
6.1357358267716533
21
-3.8601781102362205
0
LINE
8
BLACK
6
CONTINUOUS
10
6.1357358267716533
20
-3.8601781102362205
11
6.1357359055118108
21
-3.860178188976378
0
LINE
8
BLACK
6
CONTINUOUS
10
6.1357359055118108
20
-3.860178188976378
11
6.1406557086614173
21
-3.8672044488188977
0
LINE
8
BLACK
6
CONTINUOUS
10
6.1406557086614173
20
-3.8672044488188977
11
6.1467207086614168
21
-3.8732694488188977
0
LINE
8
BLACK
6
CONTINUOUS
10
6.1467207086614168
20
-3.8732694488188977
11
6.1492768897637795
21
-3.8750592913385824
0
LINE
8
BLACK
6
CONTINUOUS
10
6.1492768897637795
20
-3.8750592913385824
11
6.1537469291338578
21
-3.8781892519685037
0
LINE
8
BLACK
6
CONTINUOUS
10
6.1537469291338578
20
-3.8781892519685037
11
6.1537469685039365
21
-3.8781892519685037
0
LINE
8
BLACK
6
CONTINUOUS
10
6.1537469685039365
20
-3.8781892519685037
11
6.153747047244094
21
-3.8781893307086612
0
LINE
8
BLACK
6
CONTINUOUS
10
6.153747047244094
20
-3.8781893307086612
11
6.1595639370078743
21
-3.8809017322834647
0
LINE
8
BLACK
6
CONTINUOUS
10
6.1595639370078743
20
-3.8809017322834647
11
6.1615206299212595
21
-3.8818141732283462
0
LINE
8
BLACK
6
CONTINUOUS
10
6.1615206299212595
20
-3.8818141732283462
11
6.1615209055118108
21
-3.881814212598425
0
LINE
8
BLACK
6
CONTINUOUS
10
6.1615209055118108
20
-3.881814212598425
11
6.161521023622047
21
-3.8818142913385825
0
LINE
8
BLACK
6
CONTINUOUS
10
6.161521023622047
20
-3.8818142913385825
11
6.169805196850394
21
-3.8840340551181103
0
LINE
8
BLACK
6
CONTINUOUS
10
6.169805196850394
20
-3.8840340551181103
11
6.1698054330708656
21
-3.884034094488189
0
LINE
8
BLACK
6
CONTINUOUS
10
6.1698054330708656
20
-3.884034094488189
11
6.1698057086614169
21
-3.8840341732283465
0
LINE
8
BLACK
6
CONTINUOUS
10
6.1698057086614169
20
-3.8840341732283465
11
6.1749325196850391
21
-3.8844826771653542
0
LINE
8
BLACK
6
CONTINUOUS
10
6.1749325196850391
20
-3.8844826771653542
11
6.17835031496063
21
-3.8847817322834644
0
LINE
8
BLACK
6
CONTINUOUS
10
6.17835031496063
20
-3.8847817322834644
11
6.1783503937007875
21
-3.8847817322834644
0
LINE
8
BLACK
6
CONTINUOUS
10
6.1783503937007875
20
-3.8847817322834644
11
6.178350472440945
21
-3.8847817322834644
0
LINE
8
BLACK
6
CONTINUOUS
10
6.178350472440945
20
-3.8847817322834644
11
6.1811986220472441
21
-3.8845325196850391
0
LINE
8
BLACK
6
CONTINUOUS
10
6.1811986220472441
20
-3.8845325196850391
11
6.1868950787401573
21
-3.8840341732283465
0
LINE
8
BLACK
6
CONTINUOUS
10
6.1868950787401573
20
-3.8840341732283465
11
6.1868954330708661
21
-3.8840340551181103
0
LINE
8
BLACK
6
CONTINUOUS
10
6.1868954330708661
20
-3.8840340551181103
11
6.1868955511811023
21
-3.8840340551181103
0
LINE
8
BLACK
6
CONTINUOUS
10
6.1868955511811023
20
-3.8840340551181103
11
6.1951797244094484
21
-3.8818142913385825
0
LINE
8
BLACK
6
CONTINUOUS
10
6.1951797244094484
20
-3.8818142913385825
11
6.1951797244094484
21
-3.8818142519685037
0
LINE
8
BLACK
6
CONTINUOUS
10
6.1951797244094484
20
-3.8818142519685037
11
6.1951801574803147
21
-3.8818141732283462
0
LINE
8
BLACK
6
CONTINUOUS
10
6.1951801574803147
20
-3.8818141732283462
11
6.2029538582677164
21
-3.8781892519685037
0
LINE
8
BLACK
6
CONTINUOUS
10
6.2029538582677164
20
-3.8781892519685037
11
6.2099799999999998
21
-3.8732694881889764
0
LINE
8
BLACK
6
CONTINUOUS
10
6.2099799999999998
20
-3.8732694881889764
11
6.2160450787401578
21
-3.8672044094488189
0
LINE
8
BLACK
6
CONTINUOUS
10
6.2160450787401578
20
-3.8672044094488189
11
6.2209648425196846
21
-3.8601782677165355
0
LINE
8
BLACK
6
CONTINUOUS
10
6.2209648425196846
20
-3.8601782677165355
11
6.2245897637795276
21
-3.8524045669291338
0
LINE
8
BLACK
6
CONTINUOUS
10
6.2245897637795276
20
-3.8524045669291338
11
6.226809763779527
21
-3.8441194881889764
0
LINE
8
BLACK
6
CONTINUOUS
10
6.226809763779527
20
-3.8441194881889764
11
6.2275573228346452
21
-3.8355748031496062
0
LINE
8
BLACK
6
CONTINUOUS
10
6.2275573228346452
20
-3.8355748031496062
11
6.226809763779527
21
-3.827030118110236
0
LINE
8
BLACK
6
CONTINUOUS
10
6.226809763779527
20
-3.827030118110236
11
6.2265088582677164
21
-3.8259072047244094
0
LINE
8
BLACK
6
CONTINUOUS
10
6.2265088582677164
20
-3.8259072047244094
11
6.2245898818897638
21
-3.8187454330708661
0
LINE
8
BLACK
6
CONTINUOUS
10
6.2245898818897638
20
-3.8187454330708661
11
6.2245898031496063
21
-3.8187453149606299
0
LINE
8
BLACK
6
CONTINUOUS
10
6.2245898031496063
20
-3.8187453149606299
11
6.2245897637795276
21
-3.8187450393700786
0
LINE
8
BLACK
6
CONTINUOUS
10
6.2245897637795276
20
-3.8187450393700786
11
6.2236773228346456
21
-3.816788346456693
0
LINE
8
BLACK
6
CONTINUOUS
10
6.2236773228346456
20
-3.816788346456693
11
6.2209649212598421
21
-3.8109714566929132
0
LINE
8
BLACK
6
CONTINUOUS
10
6.2209649212598421
20
-3.8109714566929132
11
6.2209648425196846
21
-3.8109713779527556
0
LINE
8
BLACK
6
CONTINUOUS
10
6.2209648425196846
20
-3.8109713779527556
11
6.2209648425196846
21
-3.8109713385826769
0
LINE
8
BLACK
6
CONTINUOUS
10
6.2209648425196846
20
-3.8109713385826769
11
6.2160450787401578
21
-3.8039451968503935
0
LINE
8
BLACK
6
CONTINUOUS
10
6.2160450787401578
20
-3.8039451968503935
11
6.216045039370079
21
-3.8039451181102359
0
LINE
8
BLACK
6
CONTINUOUS
10
6.216045039370079
20
-3.8039451181102359
11
6.2099800393700786
21
-3.797880118110236
0
LINE
8
BLACK
6
CONTINUOUS
10
6.2099800393700786
20
-3.797880118110236
11
6.2048495275590554
21
-3.794287716535433
0
LINE
8
BLACK
6
CONTINUOUS
10
6.2048495275590554
20
-3.794287716535433
11
6.2029538582677164
21
-3.7929603543307087
0
LINE
8
BLACK
6
CONTINUOUS
10
6.2029538582677164
20
-3.7929603543307087
11
6.2029537795275589
21
-3.7929603149606299
0
LINE
8
BLACK
6
CONTINUOUS
10
6.2029537795275589
20
-3.7929603149606299
11
6.2029537007874014
21
-3.7929602362204724
0
LINE
8
BLACK
6
CONTINUOUS
10
6.2029537007874014
20
-3.7929602362204724
11
6.1951803543307085
21
-3.7893355118110237
0
LINE
8
BLACK
6
CONTINUOUS
10
6.1951803543307085
20
-3.7893355118110237
11
6.1951797244094484
21
-3.7893352755905512
0
LINE
8
BLACK
6
CONTINUOUS
10
6.1951797244094484
20
-3.7893352755905512
11
6.1868955511811023
21
-3.7871155118110233
0
LINE
8
BLACK
6
CONTINUOUS
10
6.1868955511811023
20
-3.7871155118110233
11
6.1868949212598423
21
-3.7871153937007875
0
LINE
8
BLACK
6
CONTINUOUS
10
6.1868949212598423
20
-3.7871153937007875
11
6.178350472440945
21
-3.786367874015748
0
LINE
8
BLACK
6
CONTINUOUS
10
6.178350472440945
20
-3.786367874015748
11
6.17835031496063
21
-3.786367874015748
0
LINE
8
BLACK
6
CONTINUOUS
10
6.17835031496063
20
-3.786367874015748
11
6.1698058267716531
21
-3.7871153937007875
0
LINE
8
BLACK
6
CONTINUOUS
10
6.1698058267716531
20
-3.7871153937007875
11
6.169805196850394
21
-3.7871155118110233
0
LINE
8
BLACK
6
CONTINUOUS
10
6.169805196850394
20
-3.7871155118110233
11
6.161521023622047
21
-3.7893352755905512
0
LINE
8
BLACK
6
CONTINUOUS
10
6.161521023622047
20
-3.7893352755905512
11
6.161520393700787
21
-3.7893355118110237
0
LINE
8
BLACK
6
CONTINUOUS
10
6.161520393700787
20
-3.7893355118110237
11
6.153747047244094
21
-3.7929602362204724
0
LINE
8
BLACK
6
CONTINUOUS
10
6.153747047244094
20
-3.7929602362204724
11
6.1537469685039365
21
-3.7929603149606299
0
LINE
8
BLACK
6
CONTINUOUS
10
6.1537469685039365
20
-3.7929603149606299
11
6.1467207086614168
21
-3.797880118110236
0
LINE
8
BLACK
6
CONTINUOUS
10
6.1467207086614168
20
-3.797880118110236
11
6.1406557086614173
21
-3.8039451181102359
0
LINE
8
BLACK
6
CONTINUOUS
10
6.1406557086614173
20
-3.8039451181102359
11
6.1357359055118108
21
-3.8109713779527556
0
LINE
8
BLACK
6
CONTINUOUS
10
6.1357359055118108
20
-3.8109713779527556
11
6.1357358267716533
21
-3.8109714566929132
0
LINE
8
BLACK
6
CONTINUOUS
10
6.1357358267716533
20
-3.8109714566929132
11
6.132111102362205
21
-3.8187448031496061
0
LINE
8
BLACK
6
CONTINUOUS
10
6.132111102362205
20
-3.8187448031496061
11
6.1321108661417325
21
-3.8187454330708661
0
LINE
8
BLACK
6
CONTINUOUS
10
6.1321108661417325
20
-3.8187454330708661
11
6.1298911023622047
21
-3.8270296062992126
0
LINE
8
BLACK
6
CONTINUOUS
10
6.1298911023622047
20
-3.8270296062992126
11
6.1298909842519684
21
-3.8270302362204722
0
LINE
8
BLACK
6
CONTINUOUS
10
6.1298909842519684
20
-3.8270302362204722
11
6.1291434645669289
21
-3.8355746850393699
0
LINE
8
BLACK
6
CONTINUOUS
10
6.1291434645669289
20
-3.8355746850393699
11
6.1291434645669289
21
-3.8355748818897637
0
LINE
8
BLACK
6
CONTINUOUS
10
6.1291434645669289
20
-3.8355748818897637
11
6.1298909842519684
21
-3.8441193307086614
0
LINE
8
BLACK
6
CONTINUOUS
10
5.5520315354330707
20
-3.7649842519685039
11
5.5520315354330707
21
-3.793286929133858
0
LINE
8
BLACK
6
CONTINUOUS
10
5.5520315354330707
20
-3.793286929133858
11
5.5521475984251971
21
-3.7942876771653542
0
LINE
8
BLACK
6
CONTINUOUS
10
5.5521475984251971
20
-3.7942876771653542
11
5.5521475984251971
21
-3.794287716535433
0
LINE
8
BLACK
6
CONTINUOUS
10
5.5521475984251971
20
-3.794287716535433
11
5.5539550000000002
21
-3.798381023622047
0
LINE
8
BLACK
6
CONTINUOUS
10
5.5539550000000002
20
-3.798381023622047
11
5.557118937007874
21
-3.8015449606299212
0
LINE
8
BLACK
6
CONTINUOUS
10
5.557118937007874
20
-3.8015449606299212
11
5.5612123622047243
21
-3.803352401574803
0
LINE
8
BLACK
6
CONTINUOUS
10
5.5612123622047243
20
-3.803352401574803
11
5.5622130314960625
21
-3.803468464566929
0
LINE
8
BLACK
6
CONTINUOUS
10
5.5622130314960625
20
-3.803468464566929
11
5.5905157480314962
21
-3.803468464566929
0
LINE
8
BLACK
6
CONTINUOUS
10
5.5905157480314962
20
-3.803468464566929
11
5.5905157480314962
21
-3.7915000000000001
0
LINE
8
BLACK
6
CONTINUOUS
10
5.5905157480314962
20
-3.7915000000000001
11
5.5640000000000001
21
-3.7915000000000001
0
LINE
8
BLACK
6
CONTINUOUS
10
5.5640000000000001
20
-3.7915000000000001
11
5.5640000000000001
21
-3.7649842519685039
0
LINE
8
BLACK
6
CONTINUOUS
10
5.5640000000000001
20
-3.7649842519685039
11
5.5520315354330707
21
-3.7649842519685039
0
LINE
8
BLACK
6
CONTINUOUS
10
5.6289999999999996
20
-3.7915000000000001
11
5.6024842519685034
21
-3.7915000000000001
0
LINE
8
BLACK
6
CONTINUOUS
10
5.6024842519685034
20
-3.7915000000000001
11
5.6024842519685034
21
-3.803468464566929
0
LINE
8
BLACK
6
CONTINUOUS
10
5.6024842519685034
20
-3.803468464566929
11
5.6307869291338584
21
-3.803468464566929
0
LINE
8
BLACK
6
CONTINUOUS
10
5.6307869291338584
20
-3.803468464566929
11
5.6317876771653541
21
-3.8033523622047243
0
LINE
8
BLACK
6
CONTINUOUS
10
5.6317876771653541
20
-3.8033523622047243
11
5.6317877165354329
21
-3.8033523622047243
0
LINE
8
BLACK
6
CONTINUOUS
10
5.6317877165354329
20
-3.8033523622047243
11
5.6358810236220469
21
-3.8015449606299212
0
LINE
8
BLACK
6
CONTINUOUS
10
5.6358810236220469
20
-3.8015449606299212
11
5.6390449606299216
21
-3.798381023622047
0
LINE
8
BLACK
6
CONTINUOUS
10
5.6390449606299216
20
-3.798381023622047
11
5.6408524015748034
21
-3.7942875984251967
0
LINE
8
BLACK
6
CONTINUOUS
10
5.6408524015748034
20
-3.7942875984251967
11
5.6409685039370077
21
-3.793286929133858
0
LINE
8
BLACK
6
CONTINUOUS
10
5.6409685039370077
20
-3.793286929133858
11
5.6409685039370077
21
-3.7649842519685039
0
LINE
8
BLACK
6
CONTINUOUS
10
5.6409685039370077
20
-3.7649842519685039
11
5.6289999999999996
21
-3.7649842519685039
0
LINE
8
BLACK
6
CONTINUOUS
10
5.6289999999999996
20
-3.7649842519685039
11
5.6289999999999996
21
-3.7915000000000001
0
LINE
8
BLACK
6
CONTINUOUS
10
5.6520315354330704
20
-3.7649842519685039
11
5.6520315354330704
21
-3.793286929133858
0
LINE
8
BLACK
6
CONTINUOUS
10
5.6520315354330704
20
-3.793286929133858
11
5.6521475984251968
21
-3.7942876771653542
0
LINE
8
BLACK
6
CONTINUOUS
10
5.6521475984251968
20
-3.7942876771653542
11
5.6521475984251968
21
-3.794287716535433
0
LINE
8
BLACK
6
CONTINUOUS
10
5.6521475984251968
20
-3.794287716535433
11
5.6539549999999998
21
-3.798381023622047
0
LINE
8
BLACK
6
CONTINUOUS
10
5.6539549999999998
20
-3.798381023622047
11
5.6571189370078736
21
-3.8015449606299212
0
LINE
8
BLACK
6
CONTINUOUS
10
5.6571189370078736
20
-3.8015449606299212
11
5.6612123622047239
21
-3.803352401574803
0
LINE
8
BLACK
6
CONTINUOUS
10
5.6612123622047239
20
-3.803352401574803
11
5.662213031496063
21
-3.803468464566929
0
LINE
8
BLACK
6
CONTINUOUS
10
5.662213031496063
20
-3.803468464566929
11
5.6905157480314958
21
-3.803468464566929
0
LINE
8
BLACK
6
CONTINUOUS
10
5.6905157480314958
20
-3.803468464566929
11
5.6905157480314958
21
-3.7915000000000001
0
LINE
8
BLACK
6
CONTINUOUS
10
5.6905157480314958
20
-3.7915000000000001
11
5.6639999999999997
21
-3.7915000000000001
0
LINE
8
BLACK
6
CONTINUOUS
10
5.6639999999999997
20
-3.7915000000000001
11
5.6639999999999997
21
-3.7649842519685039
0
LINE
8
BLACK
6
CONTINUOUS
10
5.6639999999999997
20
-3.7649842519685039
11
5.6520315354330704
21
-3.7649842519685039
0
LINE
8
BLACK
6
CONTINUOUS
10
5.7290000000000001
20
-3.7915000000000001
11
5.7024842519685039
21
-3.7915000000000001
0
LINE
8
BLACK
6
CONTINUOUS
10
5.7024842519685039
20
-3.7915000000000001
11
5.7024842519685039
21
-3.803468464566929
0
LINE
8
BLACK
6
CONTINUOUS
10
5.7024842519685039
20
-3.803468464566929
11
5.730786929133858
21
-3.803468464566929
0
LINE
8
BLACK
6
CONTINUOUS
10
5.730786929133858
20
-3.803468464566929
11
5.7317876771653546
21
-3.8033523622047243
0
LINE
8
BLACK
6
CONTINUOUS
10
5.7317876771653546
20
-3.8033523622047243
11
5.7317877165354325
21
-3.8033523622047243
0
LINE
8
BLACK
6
CONTINUOUS
10
5.7317877165354325
20
-3.8033523622047243
11
5.7358810236220474
21
-3.8015449606299212
0
LINE
8
BLACK
6
CONTINUOUS
10
5.7358810236220474
20
-3.8015449606299212
11
5.7390449606299212
21
-3.798381023622047
0
LINE
8
BLACK
6
CONTINUOUS
10
5.7390449606299212
20
-3.798381023622047
11
5.740852401574803
21
-3.7942875984251967
0
LINE
8
BLACK
6
CONTINUOUS
10
5.740852401574803
20
-3.7942875984251967
11
5.7409685039370073
21
-3.793286929133858
0
LINE
8
BLACK
6
CONTINUOUS
10
5.7409685039370073
20
-3.793286929133858
11
5.7409685039370073
21
-3.7649842519685039
0
LINE
8
BLACK
6
CONTINUOUS
10
5.7409685039370073
20
-3.7649842519685039
11
5.7290000000000001
21
-3.7649842519685039
0
LINE
8
BLACK
6
CONTINUOUS
10
5.7290000000000001
20
-3.7649842519685039
11
5.7290000000000001
21
-3.7915000000000001
0
LINE
8
BLACK
6
CONTINUOUS
10
5.7024842519685039
20
-3.7264999999999997
11
5.7290000000000001
21
-3.7264999999999997
0
LINE
8
BLACK
6
CONTINUOUS
10
5.7290000000000001
20
-3.7264999999999997
11
5.7290000000000001
21
-3.7530157480314958
0
LINE
8
BLACK
6
CONTINUOUS
10
5.7290000000000001
20
-3.7530157480314958
11
5.7409684645669294
21
-3.7530157480314958
0
LINE
8
BLACK
6
CONTINUOUS
10
5.7409684645669294
20
-3.7530157480314958
11
5.7409684645669294
21
-3.724713031496063
0
LINE
8
BLACK
6
CONTINUOUS
10
5.7409684645669294
20
-3.724713031496063
11
5.7408523622047243
21
-3.7237122834645668
0
LINE
8
BLACK
6
CONTINUOUS
10
5.7408523622047243
20
-3.7237122834645668
11
5.7408523622047243
21
-3.7237122440944881
0
LINE
8
BLACK
6
CONTINUOUS
10
5.7408523622047243
20
-3.7237122440944881
11
5.7390449606299212
21
-3.719618937007874
0
LINE
8
BLACK
6
CONTINUOUS
10
5.7390449606299212
20
-3.719618937007874
11
5.7358810236220474
21
-3.7164549999999998
0
LINE
8
BLACK
6
CONTINUOUS
10
5.7358810236220474
20
-3.7164549999999998
11
5.7317875984251971
21
-3.714647559055118
0
LINE
8
BLACK
6
CONTINUOUS
10
5.7317875984251971
20
-3.714647559055118
11
5.7307869685039368
21
-3.714531496062992
0
LINE
8
BLACK
6
CONTINUOUS
10
5.7307869685039368
20
-3.714531496062992
11
5.7024842519685039
21
-3.714531496062992
0
LINE
8
BLACK
6
CONTINUOUS
10
5.7024842519685039
20
-3.714531496062992
11
5.7024842519685039
21
-3.7264999999999997
0
LINE
8
BLACK
6
CONTINUOUS
10
5.6024842519685034
20
-3.7264999999999997
11
5.6289999999999996
21
-3.7264999999999997
0
LINE
8
BLACK
6
CONTINUOUS
10
5.6289999999999996
20
-3.7264999999999997
11
5.6289999999999996
21
-3.7530157480314958
0
LINE
8
BLACK
6
CONTINUOUS
10
5.6289999999999996
20
-3.7530157480314958
11
5.6409684645669289
21
-3.7530157480314958
0
LINE
8
BLACK
6
CONTINUOUS
10
5.6409684645669289
20
-3.7530157480314958
11
5.6409684645669289
21
-3.724713031496063
0
LINE
8
BLACK
6
CONTINUOUS
10
5.6409684645669289
20
-3.724713031496063
11
5.6408523622047246
21
-3.7237122834645668
0
LINE
8
BLACK
6
CONTINUOUS
10
5.6408523622047246
20
-3.7237122834645668
11
5.6408523622047246
21
-3.7237122440944881
0
LINE
8
BLACK
6
CONTINUOUS
10
5.6408523622047246
20
-3.7237122440944881
11
5.6390449606299216
21
-3.719618937007874
0
LINE
8
BLACK
6
CONTINUOUS
10
5.6390449606299216
20
-3.719618937007874
11
5.6358810236220469
21
-3.7164549999999998
0
LINE
8
BLACK
6
CONTINUOUS
10
5.6358810236220469
20
-3.7164549999999998
11
5.6317875984251966
21
-3.714647559055118
0
LINE
8
BLACK
6
CONTINUOUS
10
5.6317875984251966
20
-3.714647559055118
11
5.6307869685039371
21
-3.714531496062992
0
LINE
8
BLACK
6
CONTINUOUS
10
5.6307869685039371
20
-3.714531496062992
11
5.6024842519685034
21
-3.714531496062992
0
LINE
8
BLACK
6
CONTINUOUS
10
5.6024842519685034
20
-3.714531496062992
11
5.6024842519685034
21
-3.7264999999999997
0
LINE
8
BLACK
6
CONTINUOUS
10
5.5612122834645668
20
-3.7146475984251968
11
5.561212244094488
21
-3.7146475984251968
0
LINE
8
BLACK
6
CONTINUOUS
10
5.561212244094488
20
-3.7146475984251968
11
5.557118937007874
21
-3.7164549999999998
0
LINE
8
BLACK
6
CONTINUOUS
10
5.557118937007874
20
-3.7164549999999998
11
5.5539550000000002
21
-3.719618937007874
0
LINE
8
BLACK
6
CONTINUOUS
10
5.5539550000000002
20
-3.719618937007874
11
5.5521475590551184
21
-3.7237123622047243
0
LINE
8
BLACK
6
CONTINUOUS
10
5.5521475590551184
20
-3.7237123622047243
11
5.552031496062992
21
-3.724713031496063
0
LINE
8
BLACK
6
CONTINUOUS
10
5.552031496062992
20
-3.724713031496063
11
5.552031496062992
21
-3.7530157480314958
0
LINE
8
BLACK
6
CONTINUOUS
10
5.552031496062992
20
-3.7530157480314958
11
5.5640000000000001
21
-3.7530157480314958
0
LINE
8
BLACK
6
CONTINUOUS
10
5.5640000000000001
20
-3.7530157480314958
11
5.5640000000000001
21
-3.7264999999999997
0
LINE
8
BLACK
6
CONTINUOUS
10
5.5640000000000001
20
-3.7264999999999997
11
5.5905157480314962
21
-3.7264999999999997
0
LINE
8
BLACK
6
CONTINUOUS
10
5.5905157480314962
20
-3.7264999999999997
11
5.5905157480314962
21
-3.714531496062992
0
LINE
8
BLACK
6
CONTINUOUS
10
5.5905157480314962
20
-3.714531496062992
11
5.5622130314960625
21
-3.714531496062992
0
LINE
8
BLACK
6
CONTINUOUS
10
5.5622130314960625
20
-3.714531496062992
11
5.5612122834645668
21
-3.7146475984251968
0
LINE
8
BLACK
6
CONTINUOUS
10
5.7731639370078742
20
-3.5399842519685039
11
5.7727014566929133
21
-3.5482194881889764
0
LINE
8
BLACK
6
CONTINUOUS
10
5.7727014566929133
20
-3.5482194881889764
11
5.770315826771653
21
-3.5622601574803148
0
LINE
8
BLACK
6
CONTINUOUS
10
5.770315826771653
20
-3.5622601574803148
11
5.7663731889763774
21
-3.5759454330708662
0
LINE
8
BLACK
6
CONTINUOUS
10
5.7663731889763774
20
-3.5759454330708662
11
5.7609230314960627
21
-3.5891032283464566
0
LINE
8
BLACK
6
CONTINUOUS
10
5.7609230314960627
20
-3.5891032283464566
11
5.7540339763779524
21
-3.6015680708661417
0
LINE
8
BLACK
6
CONTINUOUS
10
5.7540339763779524
20
-3.6015680708661417
11
5.7457925984251963
21
-3.6131831889763779
0
LINE
8
BLACK
6
CONTINUOUS
10
5.7457925984251963
20
-3.6131831889763779
11
5.736302559055118
21
-3.6238025590551182
0
LINE
8
BLACK
6
CONTINUOUS
10
5.736302559055118
20
-3.6238025590551182
11
5.7256831889763777
21
-3.6332925984251969
0
LINE
8
BLACK
6
CONTINUOUS
10
5.7256831889763777
20
-3.6332925984251969
11
5.7140680708661415
21
-3.6415339763779526
0
LINE
8
BLACK
6
CONTINUOUS
10
5.7140680708661415
20
-3.6415339763779526
11
5.7016032283464568
21
-3.6484230314960628
0
LINE
8
BLACK
6
CONTINUOUS
10
5.7016032283464568
20
-3.6484230314960628
11
5.688445433070866
21
-3.653873188976378
0
LINE
8
BLACK
6
CONTINUOUS
10
5.688445433070866
20
-3.653873188976378
11
5.674760157480315
21
-3.6578158267716536
0
LINE
8
BLACK
6
CONTINUOUS
10
5.674760157480315
20
-3.6578158267716536
11
5.6607194881889766
21
-3.6602014566929135
0
LINE
8
BLACK
6
CONTINUOUS
10
5.6607194881889766
20
-3.6602014566929135
11
5.6524842519685041
21
-3.6606638976377952
0
LINE
8
BLACK
6
CONTINUOUS
10
5.6524842519685041
20
-3.6606638976377952
11
5.6524842519685041
21
-3.672845590551181
0
LINE
8
BLACK
6
CONTINUOUS
10
5.6524842519685041
20
-3.672845590551181
11
5.6610458661417322
21
-3.6723968897637795
0
LINE
8
BLACK
6
CONTINUOUS
10
5.6610458661417322
20
-3.6723968897637795
11
5.6754327952755901
21
-3.6701182677165352
0
LINE
8
BLACK
6
CONTINUOUS
10
5.6754327952755901
20
-3.6701182677165352
11
5.6754330314960626
21
-3.6701181889763776
0
LINE
8
BLACK
6
CONTINUOUS
10
5.6754330314960626
20
-3.6701181889763776
11
5.689502047244094
21
-3.6663483858267716
0
LINE
8
BLACK
6
CONTINUOUS
10
5.689502047244094
20
-3.6663483858267716
11
5.6895022440944878
21
-3.6663483464566928
0
LINE
8
BLACK
6
CONTINUOUS
10
5.6895022440944878
20
-3.6663483464566928
11
5.703101299212598
21
-3.6611281496062991
0
LINE
8
BLACK
6
CONTINUOUS
10
5.703101299212598
20
-3.6611281496062991
11
5.7160792913385823
21
-3.6545155511811025
0
LINE
8
BLACK
6
CONTINUOUS
10
5.7160792913385823
20
-3.6545155511811025
11
5.7282959842519681
21
-3.6465820078740157
0
LINE
8
BLACK
6
CONTINUOUS
10
5.7282959842519681
20
-3.6465820078740157
11
5.739615275590551
21
-3.6374157480314961
0
LINE
8
BLACK
6
CONTINUOUS
10
5.739615275590551
20
-3.6374157480314961
11
5.739615905511811
21
-3.6374151574803149
0
LINE
8
BLACK
6
CONTINUOUS
10
5.739615905511811
20
-3.6374151574803149
11
5.7499151574803147
21
-3.6271159055118107
0
LINE
8
BLACK
6
CONTINUOUS
10
5.7499151574803147
20
-3.6271159055118107
11
5.749915748031496
21
-3.6271152755905511
0
LINE
8
BLACK
6
CONTINUOUS
10
5.749915748031496
20
-3.6271152755905511
11
5.7590820078740155
21
-3.6157959842519682
0
LINE
8
BLACK
6
CONTINUOUS
10
5.7590820078740155
20
-3.6157959842519682
11
5.7670155511811023
21
-3.6035792913385825
0
LINE
8
BLACK
6
CONTINUOUS
10
5.7670155511811023
20
-3.6035792913385825
11
5.7736281496062993
21
-3.5906012992125982
0
LINE
8
BLACK
6
CONTINUOUS
10
5.7736281496062993
20
-3.5906012992125982
11
5.7788483464566927
21
-3.577002244094488
0
LINE
8
BLACK
6
CONTINUOUS
10
5.7788483464566927
20
-3.577002244094488
11
5.7788483858267714
21
-3.5770020472440942
0
LINE
8
BLACK
6
CONTINUOUS
10
5.7788483858267714
20
-3.5770020472440942
11
5.7826181889763779
21
-3.5629330314960628
0
LINE
8
BLACK
6
CONTINUOUS
10
5.7826181889763779
20
-3.5629330314960628
11
5.7826182677165354
21
-3.5629327952755903
0
LINE
8
BLACK
6
CONTINUOUS
10
5.7826182677165354
20
-3.5629327952755903
11
5.7848968897637798
21
-3.5485458661417324
0
LINE
8
BLACK
6
CONTINUOUS
10
5.7848968897637798
20
-3.5485458661417324
11
5.7853455905511808
21
-3.5399842519685039
0
LINE
8
BLACK
6
CONTINUOUS
10
5.7853455905511808
20
-3.5399842519685039
11
5.7731639370078742
21
-3.5399842519685039
0
LINE
8
BLACK
6
CONTINUOUS
10
6.1727014566929128
20
-3.5482194881889764
11
6.1703158267716534
21
-3.5622601574803148
0
LINE
8
BLACK
6
CONTINUOUS
10
6.1703158267716534
20
-3.5622601574803148
11
6.1663731889763778
21
-3.5759454330708662
0
LINE
8
BLACK
6
CONTINUOUS
10
6.1663731889763778
20
-3.5759454330708662
11
6.160923031496063
21
-3.5891032283464566
0
LINE
8
BLACK
6
CONTINUOUS
10
6.160923031496063
20
-3.5891032283464566
11
6.1540339763779528
21
-3.6015680708661417
0
LINE
8
BLACK
6
CONTINUOUS
10
6.1540339763779528
20
-3.6015680708661417
11
6.1457925984251967
21
-3.6131831889763779
0
LINE
8
BLACK
6
CONTINUOUS
10
6.1457925984251967
20
-3.6131831889763779
11
6.1363025590551183
21
-3.6238025590551182
0
LINE
8
BLACK
6
CONTINUOUS
10
6.1363025590551183
20
-3.6238025590551182
11
6.1256831889763781
21
-3.6332925984251969
0
LINE
8
BLACK
6
CONTINUOUS
10
6.1256831889763781
20
-3.6332925984251969
11
6.1140680708661419
21
-3.6415339763779526
0
LINE
8
BLACK
6
CONTINUOUS
10
6.1140680708661419
20
-3.6415339763779526
11
6.1016032283464563
21
-3.6484230314960628
0
LINE
8
BLACK
6
CONTINUOUS
10
6.1016032283464563
20
-3.6484230314960628
11
6.0884454330708664
21
-3.653873188976378
0
LINE
8
BLACK
6
CONTINUOUS
10
6.0884454330708664
20
-3.653873188976378
11
6.0747601574803145
21
-3.6578158267716536
0
LINE
8
BLACK
6
CONTINUOUS
10
6.0747601574803145
20
-3.6578158267716536
11
6.0607194881889761
21
-3.6602014566929135
0
LINE
8
BLACK
6
CONTINUOUS
10
6.0607194881889761
20
-3.6602014566929135
11
6.0524842519685036
21
-3.6606638976377952
0
LINE
8
BLACK
6
CONTINUOUS
10
6.0524842519685036
20
-3.6606638976377952
11
6.0524842519685036
21
-3.672845590551181
0
LINE
8
BLACK
6
CONTINUOUS
10
6.0524842519685036
20
-3.672845590551181
11
6.0610458661417326
21
-3.6723968897637795
0
LINE
8
BLACK
6
CONTINUOUS
10
6.0610458661417326
20
-3.6723968897637795
11
6.0754327952755904
21
-3.6701182677165352
0
LINE
8
BLACK
6
CONTINUOUS
10
6.0754327952755904
20
-3.6701182677165352
11
6.075433031496063
21
-3.6701181889763776
0
LINE
8
BLACK
6
CONTINUOUS
10
6.075433031496063
20
-3.6701181889763776
11
6.0895020472440944
21
-3.6663483858267716
0
LINE
8
BLACK
6
CONTINUOUS
10
6.0895020472440944
20
-3.6663483858267716
11
6.0895022440944881
21
-3.6663483464566928
0
LINE
8
BLACK
6
CONTINUOUS
10
6.0895022440944881
20
-3.6663483464566928
11
6.1031012992125984
21
-3.6611281496062991
0
LINE
8
BLACK
6
CONTINUOUS
10
6.1031012992125984
20
-3.6611281496062991
11
6.1160792913385826
21
-3.6545155511811025
0
LINE
8
BLACK
6
CONTINUOUS
10
6.1160792913385826
20
-3.6545155511811025
11
6.1282959842519684
21
-3.6465820078740157
0
LINE
8
BLACK
6
CONTINUOUS
10
6.1282959842519684
20
-3.6465820078740157
11
6.1396152755905513
21
-3.6374157480314961
0
LINE
8
BLACK
6
CONTINUOUS
10
6.1396152755905513
20
-3.6374157480314961
11
6.1396159055118105
21
-3.6374151574803149
0
LINE
8
BLACK
6
CONTINUOUS
10
6.1396159055118105
20
-3.6374151574803149
11
6.149915157480315
21
-3.6271159055118107
0
LINE
8
BLACK
6
CONTINUOUS
10
6.149915157480315
20
-3.6271159055118107
11
6.1499157480314963
21
-3.6271152755905511
0
LINE
8
BLACK
6
CONTINUOUS
10
6.1499157480314963
20
-3.6271152755905511
11
6.1590820078740158
21
-3.6157959842519682
0
LINE
8
BLACK
6
CONTINUOUS
10
6.1590820078740158
20
-3.6157959842519682
11
6.1670155511811018
21
-3.6035792913385825
0
LINE
8
BLACK
6
CONTINUOUS
10
6.1670155511811018
20
-3.6035792913385825
11
6.1736281496062988
21
-3.5906012992125982
0
LINE
8
BLACK
6
CONTINUOUS
10
6.1736281496062988
20
-3.5906012992125982
11
6.178848346456693
21
-3.577002244094488
0
LINE
8
BLACK
6
CONTINUOUS
10
6.178848346456693
20
-3.577002244094488
11
6.1788483858267718
21
-3.5770020472440942
0
LINE
8
BLACK
6
CONTINUOUS
10
6.1788483858267718
20
-3.5770020472440942
11
6.1804203543307086
21
-3.5711352362204725
0
LINE
8
BLACK
6
CONTINUOUS
10
6.1804203543307086
20
-3.5711352362204725
11
6.1800354330708656
21
-3.5687047244094487
0
LINE
8
BLACK
6
CONTINUOUS
10
6.1800354330708656
20
-3.5687047244094487
11
6.1808123622047244
21
-3.56379937007874
0
LINE
8
BLACK
6
CONTINUOUS
10
6.1808123622047244
20
-3.56379937007874
11
6.183067086614173
21
-3.5593742125984251
0
LINE
8
BLACK
6
CONTINUOUS
10
6.183067086614173
20
-3.5593742125984251
11
6.1832034645669287
21
-3.5592377952755903
0
LINE
8
BLACK
6
CONTINUOUS
10
6.1832034645669287
20
-3.5592377952755903
11
6.1848968897637793
21
-3.5485458661417324
0
LINE
8
BLACK
6
CONTINUOUS
10
6.1848968897637793
20
-3.5485458661417324
11
6.1853455905511812
21
-3.5399842519685039
0
LINE
8
BLACK
6
CONTINUOUS
10
6.1853455905511812
20
-3.5399842519685039
11
6.1731639370078737
21
-3.5399842519685039
0
LINE
8
BLACK
6
CONTINUOUS
10
6.1731639370078737
20
-3.5399842519685039
11
6.1727014566929128
21
-3.5482194881889764
0
LINE
8
BLACK
6
CONTINUOUS
10
6.0574632283464567
20
-3.3964447244094487
11
6.055208503937008
21
-3.4008698818897636
0
LINE
8
BLACK
6
CONTINUOUS
10
6.055208503937008
20
-3.4008698818897636
11
6.0524842519685036
21
-3.4035941338582676
0
LINE
8
BLACK
6
CONTINUOUS
10
6.0524842519685036
20
-3.4035941338582676
11
6.0524842519685036
21
-3.4073360629921261
0
LINE
8
BLACK
6
CONTINUOUS
10
6.0524842519685036
20
-3.4073360629921261
11
6.0607194881889761
21
-3.4077985433070865
0
LINE
8
BLACK
6
CONTINUOUS
10
6.0607194881889761
20
-3.4077985433070865
11
6.0747601574803145
21
-3.4101841732283464
0
LINE
8
BLACK
6
CONTINUOUS
10
6.0747601574803145
20
-3.4101841732283464
11
6.0884454330708664
21
-3.414126811023622
0
LINE
8
BLACK
6
CONTINUOUS
10
6.0884454330708664
20
-3.414126811023622
11
6.1016032283464563
21
-3.4195769685039368
0
LINE
8
BLACK
6
CONTINUOUS
10
6.1016032283464563
20
-3.4195769685039368
11
6.1140680708661419
21
-3.426466023622047
0
LINE
8
BLACK
6
CONTINUOUS
10
6.1140680708661419
20
-3.426466023622047
11
6.1256831889763781
21
-3.4347074015748031
0
LINE
8
BLACK
6
CONTINUOUS
10
6.1256831889763781
20
-3.4347074015748031
11
6.1363025590551183
21
-3.4441974409448819
0
LINE
8
BLACK
6
CONTINUOUS
10
6.1363025590551183
20
-3.4441974409448819
11
6.1457925984251967
21
-3.4548168110236221
0
LINE
8
BLACK
6
CONTINUOUS
10
6.1457925984251967
20
-3.4548168110236221
11
6.1540339763779528
21
-3.4664319291338583
0
LINE
8
BLACK
6
CONTINUOUS
10
6.1540339763779528
20
-3.4664319291338583
11
6.160923031496063
21
-3.4788967716535431
0
LINE
8
BLACK
6
CONTINUOUS
10
6.160923031496063
20
-3.4788967716535431
11
6.1663731889763778
21
-3.4920545669291339
0
LINE
8
BLACK
6
CONTINUOUS
10
6.1663731889763778
20
-3.4920545669291339
11
6.1703158267716534
21
-3.5057398425196848
0
LINE
8
BLACK
6
CONTINUOUS
10
6.1703158267716534
20
-3.5057398425196848
11
6.1727014566929128
21
-3.5197805118110237
0
LINE
8
BLACK
6
CONTINUOUS
10
6.1727014566929128
20
-3.5197805118110237
11
6.1731639370078737
21
-3.5280157480314962
0
LINE
8
BLACK
6
CONTINUOUS
10
6.1731639370078737
20
-3.5280157480314962
11
6.181652952755905
21
-3.5280157480314962
0
LINE
8
BLACK
6
CONTINUOUS
10
6.181652952755905
20
-3.5280157480314962
11
6.1808123622047244
21
-3.5263659842519686
0
LINE
8
BLACK
6
CONTINUOUS
10
6.1808123622047244
20
-3.5263659842519686
11
6.1800354330708656
21
-3.5214606299212599
0
LINE
8
BLACK
6
CONTINUOUS
10
6.1800354330708656
20
-3.5214606299212599
11
6.1808123622047244
21
-3.5165552755905511
0
LINE
8
BLACK
6
CONTINUOUS
10
6.1808123622047244
20
-3.5165552755905511
11
6.183067086614173
21
-3.5121301181102362
0
LINE
8
BLACK
6
CONTINUOUS
10
6.183067086614173
20
-3.5121301181102362
11
6.1836453149606294
21
-3.5115518503937007
0
LINE
8
BLACK
6
CONTINUOUS
10
6.1836453149606294
20
-3.5115518503937007
11
6.1826182677165349
21
-3.5050671653543306
0
LINE
8
BLACK
6
CONTINUOUS
10
6.1826182677165349
20
-3.5050671653543306
11
6.1826181889763774
21
-3.5050669291338581
0
LINE
8
BLACK
6
CONTINUOUS
10
6.1826181889763774
20
-3.5050669291338581
11
6.1788483858267718
21
-3.4909979133858267
0
LINE
8
BLACK
6
CONTINUOUS
10
6.1788483858267718
20
-3.4909979133858267
11
6.178848346456693
21
-3.4909977165354329
0
LINE
8
BLACK
6
CONTINUOUS
10
6.178848346456693
20
-3.4909977165354329
11
6.1736281496062988
21
-3.4773986614173227
0
LINE
8
BLACK
6
CONTINUOUS
10
6.1736281496062988
20
-3.4773986614173227
11
6.1670155511811018
21
-3.4644206692913384
0
LINE
8
BLACK
6
CONTINUOUS
10
6.1670155511811018
20
-3.4644206692913384
11
6.1590820078740158
21
-3.4522039763779526
0
LINE
8
BLACK
6
CONTINUOUS
10
6.1590820078740158
20
-3.4522039763779526
11
6.1499157480314963
21
-3.4408846850393702
0
LINE
8
BLACK
6
CONTINUOUS
10
6.1499157480314963
20
-3.4408846850393702
11
6.149915157480315
21
-3.4408840551181101
0
LINE
8
BLACK
6
CONTINUOUS
10
6.149915157480315
20
-3.4408840551181101
11
6.1396159055118105
21
-3.430584803149606
0
LINE
8
BLACK
6
CONTINUOUS
10
6.1396159055118105
20
-3.430584803149606
11
6.1396152755905513
21
-3.4305842125984252
0
LINE
8
BLACK
6
CONTINUOUS
10
6.1396152755905513
20
-3.4305842125984252
11
6.1282959448818897
21
-3.4214179527559057
0
LINE
8
BLACK
6
CONTINUOUS
10
6.1282959448818897
20
-3.4214179527559057
11
6.1282959842519684
21
-3.4214179527559057
0
LINE
8
BLACK
6
CONTINUOUS
10
6.1282959842519684
20
-3.4214179527559057
11
6.1160792913385826
21
-3.4134844094488188
0
LINE
8
BLACK
6
CONTINUOUS
10
6.1160792913385826
20
-3.4134844094488188
11
6.1031012992125984
21
-3.4068718110236218
0
LINE
8
BLACK
6
CONTINUOUS
10
6.1031012992125984
20
-3.4068718110236218
11
6.0979411811023621
21
-3.4048910236220471
0
LINE
8
BLACK
6
CONTINUOUS
10
6.0979411811023621
20
-3.4048910236220471
11
6.0945155905511808
21
-3.4066364566929135
0
LINE
8
BLACK
6
CONTINUOUS
10
6.0945155905511808
20
-3.4066364566929135
11
6.089610236220472
21
-3.4074133858267714
0
LINE
8
BLACK
6
CONTINUOUS
10
6.089610236220472
20
-3.4074133858267714
11
6.0847048818897633
21
-3.4066364566929135
0
LINE
8
BLACK
6
CONTINUOUS
10
6.0847048818897633
20
-3.4066364566929135
11
6.0802797244094489
21
-3.4043817322834644
0
LINE
8
BLACK
6
CONTINUOUS
10
6.0802797244094489
20
-3.4043817322834644
11
6.076767874015748
21
-3.4008698818897636
0
LINE
8
BLACK
6
CONTINUOUS
10
6.076767874015748
20
-3.4008698818897636
11
6.0752288582677165
21
-3.39784937007874
0
LINE
8
BLACK
6
CONTINUOUS
10
6.0752288582677165
20
-3.39784937007874
11
6.0610459448818892
21
-3.3956030708661418
0
LINE
8
BLACK
6
CONTINUOUS
10
6.0610459448818892
20
-3.3956030708661418
11
6.0610457480314963
21
-3.395603031496063
0
LINE
8
BLACK
6
CONTINUOUS
10
6.0610457480314963
20
-3.395603031496063
11
6.0576249212598423
21
-3.3954237401574803
0
LINE
8
BLACK
6
CONTINUOUS
10
6.0576249212598423
20
-3.3954237401574803
11
6.0574632283464567
21
-3.3964447244094487
0
LINE
8
BLACK
6
CONTINUOUS
10
6.0175671653543308
20
-3.3978816929133857
11
6.0175669291338583
21
-3.3978817716535432
0
LINE
8
BLACK
6
CONTINUOUS
10
6.0175669291338583
20
-3.3978817716535432
11
6.0082093307086613
21
-3.4003891338582677
0
LINE
8
BLACK
6
CONTINUOUS
10
6.0082093307086613
20
-3.4003891338582677
11
6.0079644094488192
21
-3.4008698818897636
0
LINE
8
BLACK
6
CONTINUOUS
10
6.0079644094488192
20
-3.4008698818897636
11
6.0044525590551183
21
-3.4043817322834644
0
LINE
8
BLACK
6
CONTINUOUS
10
6.0044525590551183
20
-3.4043817322834644
11
6.000027401574803
21
-3.4066364566929135
0
LINE
8
BLACK
6
CONTINUOUS
10
6.000027401574803
20
-3.4066364566929135
11
5.9951220472440943
21
-3.4074133858267714
0
LINE
8
BLACK
6
CONTINUOUS
10
5.9951220472440943
20
-3.4074133858267714
11
5.9904255511811026
21
-3.4066695275590551
0
LINE
8
BLACK
6
CONTINUOUS
10
5.9904255511811026
20
-3.4066695275590551
11
5.9898986614173229
21
-3.4068718110236218
0
LINE
8
BLACK
6
CONTINUOUS
10
5.9898986614173229
20
-3.4068718110236218
11
5.9769206692913386
21
-3.4134844094488188
0
LINE
8
BLACK
6
CONTINUOUS
10
5.9769206692913386
20
-3.4134844094488188
11
5.9647039763779528
21
-3.4214179527559057
0
LINE
8
BLACK
6
CONTINUOUS
10
5.9647039763779528
20
-3.4214179527559057
11
5.9533846850393699
21
-3.4305842125984252
0
LINE
8
BLACK
6
CONTINUOUS
10
5.9533846850393699
20
-3.4305842125984252
11
5.9533840551181099
21
-3.430584803149606
0
LINE
8
BLACK
6
CONTINUOUS
10
5.9533840551181099
20
-3.430584803149606
11
5.9430848031496062
21
-3.4408840551181101
0
LINE
8
BLACK
6
CONTINUOUS
10
5.9430848031496062
20
-3.4408840551181101
11
5.9430842125984249
21
-3.4408846850393702
0
LINE
8
BLACK
6
CONTINUOUS
10
5.9430842125984249
20
-3.4408846850393702
11
5.9339179527559054
21
-3.4522039763779526
0
LINE
8
BLACK
6
CONTINUOUS
10
5.9339179527559054
20
-3.4522039763779526
11
5.9259844094488185
21
-3.4644206692913384
0
LINE
8
BLACK
6
CONTINUOUS
10
5.9259844094488185
20
-3.4644206692913384
11
5.9193718110236215
21
-3.4773986614173227
0
LINE
8
BLACK
6
CONTINUOUS
10
5.9193718110236215
20
-3.4773986614173227
11
5.9141516141732282
21
-3.4909977165354329
0
LINE
8
BLACK
6
CONTINUOUS
10
5.9141516141732282
20
-3.4909977165354329
11
5.9141515748031495
21
-3.4909979133858267
0
LINE
8
BLACK
6
CONTINUOUS
10
5.9141515748031495
20
-3.4909979133858267
11
5.9103817716535429
21
-3.5050669291338581
0
LINE
8
BLACK
6
CONTINUOUS
10
5.9103817716535429
20
-3.5050669291338581
11
5.9103816929133854
21
-3.5050671653543306
0
LINE
8
BLACK
6
CONTINUOUS
10
5.9103816929133854
20
-3.5050671653543306
11
5.9081030708661419
21
-3.5194540944881889
0
LINE
8
BLACK
6
CONTINUOUS
10
5.9081030708661419
20
-3.5194540944881889
11
5.9076543700787401
21
-3.5280157086614174
0
LINE
8
BLACK
6
CONTINUOUS
10
5.9076543700787401
20
-3.5280157086614174
11
5.9076544094488188
21
-3.5280157480314962
0
LINE
8
BLACK
6
CONTINUOUS
10
5.9076544094488188
20
-3.5280157480314962
11
5.9198360629921263
21
-3.5280157480314962
0
LINE
8
BLACK
6
CONTINUOUS
10
5.9198360629921263
20
-3.5280157480314962
11
5.9202985433070863
21
-3.5197805118110237
0
LINE
8
BLACK
6
CONTINUOUS
10
5.9202985433070863
20
-3.5197805118110237
11
5.9226841732283466
21
-3.5057398425196848
0
LINE
8
BLACK
6
CONTINUOUS
10
5.9226841732283466
20
-3.5057398425196848
11
5.9266268110236222
21
-3.4920545669291339
0
LINE
8
BLACK
6
CONTINUOUS
10
5.9266268110236222
20
-3.4920545669291339
11
5.932076968503937
21
-3.4788967716535431
0
LINE
8
BLACK
6
CONTINUOUS
10
5.932076968503937
20
-3.4788967716535431
11
5.9389660236220472
21
-3.4664319291338583
0
LINE
8
BLACK
6
CONTINUOUS
10
5.9389660236220472
20
-3.4664319291338583
11
5.9472074015748033
21
-3.4548168110236221
0
LINE
8
BLACK
6
CONTINUOUS
10
5.9472074015748033
20
-3.4548168110236221
11
5.9566974409448816
21
-3.4441974409448819
0
LINE
8
BLACK
6
CONTINUOUS
10
5.9566974409448816
20
-3.4441974409448819
11
5.9673168110236219
21
-3.4347074015748031
0
LINE
8
BLACK
6
CONTINUOUS
10
5.9673168110236219
20
-3.4347074015748031
11
5.9789319291338581
21
-3.426466023622047
0
LINE
8
BLACK
6
CONTINUOUS
10
5.9789319291338581
20
-3.426466023622047
11
5.9913967716535428
21
-3.4195769685039368
0
LINE
8
BLACK
6
CONTINUOUS
10
5.9913967716535428
20
-3.4195769685039368
11
6.0045545669291336
21
-3.414126811023622
0
LINE
8
BLACK
6
CONTINUOUS
10
6.0045545669291336
20
-3.414126811023622
11
6.0182398425196846
21
-3.4101841732283464
0
LINE
8
BLACK
6
CONTINUOUS
10
6.0182398425196846
20
-3.4101841732283464
11
6.0322805118110239
21
-3.4077985433070865
0
LINE
8
BLACK
6
CONTINUOUS
10
6.0322805118110239
20
-3.4077985433070865
11
6.0405157480314955
21
-3.4073360629921261
0
LINE
8
BLACK
6
CONTINUOUS
10
6.0405157480314955
20
-3.4073360629921261
11
6.0405157480314955
21
-3.4071202755905512
0
LINE
8
BLACK
6
CONTINUOUS
10
6.0405157480314955
20
-3.4071202755905512
11
6.0374607874015744
21
-3.4066364566929135
0
LINE
8
BLACK
6
CONTINUOUS
10
6.0374607874015744
20
-3.4066364566929135
11
6.03303562992126
21
-3.4043817322834644
0
LINE
8
BLACK
6
CONTINUOUS
10
6.03303562992126
20
-3.4043817322834644
11
6.0295237795275591
21
-3.4008698818897636
0
LINE
8
BLACK
6
CONTINUOUS
10
6.0295237795275591
20
-3.4008698818897636
11
6.0272690551181105
21
-3.3964447244094487
0
LINE
8
BLACK
6
CONTINUOUS
10
6.0272690551181105
20
-3.3964447244094487
11
6.0272536220472439
21
-3.3963475196850395
0
LINE
8
BLACK
6
CONTINUOUS
10
6.0272536220472439
20
-3.3963475196850395
11
6.0175671653543308
21
-3.3978816929133857
0
LINE
8
BLACK
6
CONTINUOUS
10
5.677255748031496
20
-3.4008698818897636
11
5.6737438976377952
21
-3.4043817322834644
0
LINE
8
BLACK
6
CONTINUOUS
10
5.6737438976377952
20
-3.4043817322834644
11
5.6693187401574798
21
-3.4066364566929135
0
LINE
8
BLACK
6
CONTINUOUS
10
5.6693187401574798
20
-3.4066364566929135
11
5.6644133858267711
21
-3.4074133858267714
0
LINE
8
BLACK
6
CONTINUOUS
10
5.6644133858267711
20
-3.4074133858267714
11
5.6595080314960633
21
-3.4066364566929135
0
LINE
8
BLACK
6
CONTINUOUS
10
5.6595080314960633
20
-3.4066364566929135
11
5.6550828740157479
21
-3.4043817322834644
0
LINE
8
BLACK
6
CONTINUOUS
10
5.6550828740157479
20
-3.4043817322834644
11
5.6524842519685041
21
-3.4017831102362206
0
LINE
8
BLACK
6
CONTINUOUS
10
5.6524842519685041
20
-3.4017831102362206
11
5.6524842519685041
21
-3.4073360629921261
0
LINE
8
BLACK
6
CONTINUOUS
10
5.6524842519685041
20
-3.4073360629921261
11
5.6607194881889766
21
-3.4077985433070865
0
LINE
8
BLACK
6
CONTINUOUS
10
5.6607194881889766
20
-3.4077985433070865
11
5.674760157480315
21
-3.4101841732283464
0
LINE
8
BLACK
6
CONTINUOUS
10
5.674760157480315
20
-3.4101841732283464
11
5.688445433070866
21
-3.414126811023622
0
LINE
8
BLACK
6
CONTINUOUS
10
5.688445433070866
20
-3.414126811023622
11
5.7016032283464568
21
-3.4195769685039368
0
LINE
8
BLACK
6
CONTINUOUS
10
5.7016032283464568
20
-3.4195769685039368
11
5.7140680708661415
21
-3.426466023622047
0
LINE
8
BLACK
6
CONTINUOUS
10
5.7140680708661415
20
-3.426466023622047
11
5.7256831889763777
21
-3.4347074015748031
0
LINE
8
BLACK
6
CONTINUOUS
10
5.7256831889763777
20
-3.4347074015748031
11
5.736302559055118
21
-3.4441974409448819
0
LINE
8
BLACK
6
CONTINUOUS
10
5.736302559055118
20
-3.4441974409448819
11
5.7457925984251963
21
-3.4548168110236221
0
LINE
8
BLACK
6
CONTINUOUS
10
5.7457925984251963
20
-3.4548168110236221
11
5.7540339763779524
21
-3.4664319291338583
0
LINE
8
BLACK
6
CONTINUOUS
10
5.7540339763779524
20
-3.4664319291338583
11
5.7609230314960627
21
-3.4788967716535431
0
LINE
8
BLACK
6
CONTINUOUS
10
5.7609230314960627
20
-3.4788967716535431
11
5.7663731889763774
21
-3.4920545669291339
0
LINE
8
BLACK
6
CONTINUOUS
10
5.7663731889763774
20
-3.4920545669291339
11
5.770315826771653
21
-3.5057398425196848
0
LINE
8
BLACK
6
CONTINUOUS
10
5.770315826771653
20
-3.5057398425196848
11
5.7727014566929133
21
-3.5197805118110237
0
LINE
8
BLACK
6
CONTINUOUS
10
5.7727014566929133
20
-3.5197805118110237
11
5.7731639370078742
21
-3.5280157480314962
0
LINE
8
BLACK
6
CONTINUOUS
10
5.7731639370078742
20
-3.5280157480314962
11
5.7853455905511808
21
-3.5280157480314962
0
LINE
8
BLACK
6
CONTINUOUS
10
5.7853455905511808
20
-3.5280157480314962
11
5.7853455905511808
21
-3.5280157086614174
0
LINE
8
BLACK
6
CONTINUOUS
10
5.7853455905511808
20
-3.5280157086614174
11
5.7848968897637798
21
-3.5194540944881889
0
LINE
8
BLACK
6
CONTINUOUS
10
5.7848968897637798
20
-3.5194540944881889
11
5.7826182677165354
21
-3.5050671653543306
0
LINE
8
BLACK
6
CONTINUOUS
10
5.7826182677165354
20
-3.5050671653543306
11
5.7826181889763779
21
-3.5050669291338581
0
LINE
8
BLACK
6
CONTINUOUS
10
5.7826181889763779
20
-3.5050669291338581
11
5.7788483858267714
21
-3.4909979133858267
0
LINE
8
BLACK
6
CONTINUOUS
10
5.7788483858267714
20
-3.4909979133858267
11
5.7788483464566927
21
-3.4909977165354329
0
LINE
8
BLACK
6
CONTINUOUS
10
5.7788483464566927
20
-3.4909977165354329
11
5.7736281496062993
21
-3.4773986614173227
0
LINE
8
BLACK
6
CONTINUOUS
10
5.7736281496062993
20
-3.4773986614173227
11
5.7670155511811023
21
-3.4644206692913384
0
LINE
8
BLACK
6
CONTINUOUS
10
5.7670155511811023
20
-3.4644206692913384
11
5.7590820078740155
21
-3.4522039763779526
0
LINE
8
BLACK
6
CONTINUOUS
10
5.7590820078740155
20
-3.4522039763779526
11
5.749915748031496
21
-3.4408846850393702
0
LINE
8
BLACK
6
CONTINUOUS
10
5.749915748031496
20
-3.4408846850393702
11
5.7499151574803147
21
-3.4408840551181101
0
LINE
8
BLACK
6
CONTINUOUS
10
5.7499151574803147
20
-3.4408840551181101
11
5.739615905511811
21
-3.430584803149606
0
LINE
8
BLACK
6
CONTINUOUS
10
5.739615905511811
20
-3.430584803149606
11
5.739615275590551
21
-3.4305842125984252
0
LINE
8
BLACK
6
CONTINUOUS
10
5.739615275590551
20
-3.4305842125984252
11
5.7282959448818893
21
-3.4214179527559057
0
LINE
8
BLACK
6
CONTINUOUS
10
5.7282959448818893
20
-3.4214179527559057
11
5.7282959842519681
21
-3.4214179527559057
0
LINE
8
BLACK
6
CONTINUOUS
10
5.7282959842519681
20
-3.4214179527559057
11
5.7160792913385823
21
-3.4134844094488188
0
LINE
8
BLACK
6
CONTINUOUS
10
5.7160792913385823
20
-3.4134844094488188
11
5.703101299212598
21
-3.4068718110236218
0
LINE
8
BLACK
6
CONTINUOUS
10
5.703101299212598
20
-3.4068718110236218
11
5.6895022440944878
21
-3.4016516141732285
0
LINE
8
BLACK
6
CONTINUOUS
10
5.6895022440944878
20
-3.4016516141732285
11
5.689502047244094
21
-3.4016515748031497
0
LINE
8
BLACK
6
CONTINUOUS
10
5.689502047244094
20
-3.4016515748031497
11
5.6783763779527554
21
-3.3986704330708659
0
LINE
8
BLACK
6
CONTINUOUS
10
5.6783763779527554
20
-3.3986704330708659
11
5.677255748031496
21
-3.4008698818897636
0
LINE
8
BLACK
6
CONTINUOUS
10
5.6324033858267715
20
-3.3955794881889765
11
5.6322663779527558
21
-3.3964447244094487
0
LINE
8
BLACK
6
CONTINUOUS
10
5.6322663779527558
20
-3.3964447244094487
11
5.6300116535433071
21
-3.4008698818897636
0
LINE
8
BLACK
6
CONTINUOUS
10
5.6300116535433071
20
-3.4008698818897636
11
5.6264998031496063
21
-3.4043817322834644
0
LINE
8
BLACK
6
CONTINUOUS
10
5.6264998031496063
20
-3.4043817322834644
11
5.6220746456692909
21
-3.4066364566929135
0
LINE
8
BLACK
6
CONTINUOUS
10
5.6220746456692909
20
-3.4066364566929135
11
5.6171692913385822
21
-3.4074133858267714
0
LINE
8
BLACK
6
CONTINUOUS
10
5.6171692913385822
20
-3.4074133858267714
11
5.6122639370078735
21
-3.4066364566929135
0
LINE
8
BLACK
6
CONTINUOUS
10
5.6122639370078735
20
-3.4066364566929135
11
5.607838779527559
21
-3.4043817322834644
0
LINE
8
BLACK
6
CONTINUOUS
10
5.607838779527559
20
-3.4043817322834644
11
5.6047682283464564
21
-3.4013111811023622
0
LINE
8
BLACK
6
CONTINUOUS
10
5.6047682283464564
20
-3.4013111811023622
11
5.6034979133858265
21
-3.4016515748031497
0
LINE
8
BLACK
6
CONTINUOUS
10
5.6034979133858265
20
-3.4016515748031497
11
5.6034977165354327
21
-3.4016516141732285
0
LINE
8
BLACK
6
CONTINUOUS
10
5.6034977165354327
20
-3.4016516141732285
11
5.5898986614173225
21
-3.4068718110236218
0
LINE
8
BLACK
6
CONTINUOUS
10
5.5898986614173225
20
-3.4068718110236218
11
5.5769206692913382
21
-3.4134844094488188
0
LINE
8
BLACK
6
CONTINUOUS
10
5.5769206692913382
20
-3.4134844094488188
11
5.5647039763779524
21
-3.4214179527559057
0
LINE
8
BLACK
6
CONTINUOUS
10
5.5647039763779524
20
-3.4214179527559057
11
5.5533846850393696
21
-3.4305842125984252
0
LINE
8
BLACK
6
CONTINUOUS
10
5.5533846850393696
20
-3.4305842125984252
11
5.5533840551181104
21
-3.430584803149606
0
LINE
8
BLACK
6
CONTINUOUS
10
5.5533840551181104
20
-3.430584803149606
11
5.5430848031496058
21
-3.4408840551181101
0
LINE
8
BLACK
6
CONTINUOUS
10
5.5430848031496058
20
-3.4408840551181101
11
5.5430842125984254
21
-3.4408846850393702
0
LINE
8
BLACK
6
CONTINUOUS
10
5.5430842125984254
20
-3.4408846850393702
11
5.533917952755905
21
-3.4522039763779526
0
LINE
8
BLACK
6
CONTINUOUS
10
5.533917952755905
20
-3.4522039763779526
11
5.5259844094488191
21
-3.4644206692913384
0
LINE
8
BLACK
6
CONTINUOUS
10
5.5259844094488191
20
-3.4644206692913384
11
5.5193718110236221
21
-3.4773986614173227
0
LINE
8
BLACK
6
CONTINUOUS
10
5.5193718110236221
20
-3.4773986614173227
11
5.5141516141732279
21
-3.4909977165354329
0
LINE
8
BLACK
6
CONTINUOUS
10
5.5141516141732279
20
-3.4909977165354329
11
5.5141515748031491
21
-3.4909979133858267
0
LINE
8
BLACK
6
CONTINUOUS
10
5.5141515748031491
20
-3.4909979133858267
11
5.5103817716535435
21
-3.5050669291338581
0
LINE
8
BLACK
6
CONTINUOUS
10
5.5103817716535435
20
-3.5050669291338581
11
5.510381692913386
21
-3.5050671653543306
0
LINE
8
BLACK
6
CONTINUOUS
10
5.510381692913386
20
-3.5050671653543306
11
5.5096237795275593
21
-3.5098524803149607
0
LINE
8
BLACK
6
CONTINUOUS
10
5.5096237795275593
20
-3.5098524803149607
11
5.5119014173228349
21
-3.5121301181102362
0
LINE
8
BLACK
6
CONTINUOUS
10
5.5119014173228349
20
-3.5121301181102362
11
5.5141561417322835
21
-3.5165552755905511
0
LINE
8
BLACK
6
CONTINUOUS
10
5.5141561417322835
20
-3.5165552755905511
11
5.5149330708661415
21
-3.5214606299212599
0
LINE
8
BLACK
6
CONTINUOUS
10
5.5149330708661415
20
-3.5214606299212599
11
5.5141561417322835
21
-3.5263659842519686
0
LINE
8
BLACK
6
CONTINUOUS
10
5.5141561417322835
20
-3.5263659842519686
11
5.5133155511811021
21
-3.5280157480314962
0
LINE
8
BLACK
6
CONTINUOUS
10
5.5133155511811021
20
-3.5280157480314962
11
5.5198360629921259
21
-3.5280157480314962
0
LINE
8
BLACK
6
CONTINUOUS
10
5.5198360629921259
20
-3.5280157480314962
11
5.5202985433070868
21
-3.5197805118110237
0
LINE
8
BLACK
6
CONTINUOUS
10
5.5202985433070868
20
-3.5197805118110237
11
5.5226841732283463
21
-3.5057398425196848
0
LINE
8
BLACK
6
CONTINUOUS
10
5.5226841732283463
20
-3.5057398425196848
11
5.5266268110236219
21
-3.4920545669291339
0
LINE
8
BLACK
6
CONTINUOUS
10
5.5266268110236219
20
-3.4920545669291339
11
5.5320769685039366
21
-3.4788967716535431
0
LINE
8
BLACK
6
CONTINUOUS
10
5.5320769685039366
20
-3.4788967716535431
11
5.5389660236220468
21
-3.4664319291338583
0
LINE
8
BLACK
6
CONTINUOUS
10
5.5389660236220468
20
-3.4664319291338583
11
5.547207401574803
21
-3.4548168110236221
0
LINE
8
BLACK
6
CONTINUOUS
10
5.547207401574803
20
-3.4548168110236221
11
5.5566974409448822
21
-3.4441974409448819
0
LINE
8
BLACK
6
CONTINUOUS
10
5.5566974409448822
20
-3.4441974409448819
11
5.5673168110236215
21
-3.4347074015748031
0
LINE
8
BLACK
6
CONTINUOUS
10
5.5673168110236215
20
-3.4347074015748031
11
5.5789319291338577
21
-3.426466023622047
0
LINE
8
BLACK
6
CONTINUOUS
10
5.5789319291338577
20
-3.426466023622047
11
5.5913967716535433
21
-3.4195769685039368
0
LINE
8
BLACK
6
CONTINUOUS
10
5.5913967716535433
20
-3.4195769685039368
11
5.6045545669291341
21
-3.414126811023622
0
LINE
8
BLACK
6
CONTINUOUS
10
5.6045545669291341
20
-3.414126811023622
11
5.6182398425196851
21
-3.4101841732283464
0
LINE
8
BLACK
6
CONTINUOUS
10
5.6182398425196851
20
-3.4101841732283464
11
5.6322805118110235
21
-3.4077985433070865
0
LINE
8
BLACK
6
CONTINUOUS
10
5.6322805118110235
20
-3.4077985433070865
11
5.640515748031496
21
-3.4073360629921261
0
LINE
8
BLACK
6
CONTINUOUS
10
5.640515748031496
20
-3.4073360629921261
11
5.640515748031496
21
-3.3951543700787399
0
LINE
8
BLACK
6
CONTINUOUS
10
5.640515748031496
20
-3.3951543700787399
11
5.6405157086614173
21
-3.3951543307086611
0
LINE
8
BLACK
6
CONTINUOUS
10
5.6405157086614173
20
-3.3951543307086611
11
5.6324033858267715
21
-3.3955794881889765
0
LINE
8
BLACK
6
CONTINUOUS
10
5.9081030708661419
20
-4.7485458661417326
11
5.9103816929133854
21
-4.7629327952755904
0
LINE
8
BLACK
6
CONTINUOUS
10
5.9103816929133854
20
-4.7629327952755904
11
5.9103817716535429
21
-4.762933031496063
0
LINE
8
BLACK
6
CONTINUOUS
10
5.9103817716535429
20
-4.762933031496063
11
5.9141515748031495
21
-4.7770020472440944
0
LINE
8
BLACK
6
CONTINUOUS
10
5.9141515748031495
20
-4.7770020472440944
11
5.9141516141732282
21
-4.7770022440944881
0
LINE
8
BLACK
6
CONTINUOUS
10
5.9141516141732282
20
-4.7770022440944881
11
5.9193718110236215
21
-4.7906012992125984
0
LINE
8
BLACK
6
CONTINUOUS
10
5.9193718110236215
20
-4.7906012992125984
11
5.9259844094488185
21
-4.8035792913385826
0
LINE
8
BLACK
6
CONTINUOUS
10
5.9259844094488185
20
-4.8035792913385826
11
5.9339179527559054
21
-4.8157959842519684
0
LINE
8
BLACK
6
CONTINUOUS
10
5.9339179527559054
20
-4.8157959842519684
11
5.9430842125984249
21
-4.8271152755905513
0
LINE
8
BLACK
6
CONTINUOUS
10
5.9430842125984249
20
-4.8271152755905513
11
5.9430848031496062
21
-4.8271159055118114
0
LINE
8
BLACK
6
CONTINUOUS
10
5.9430848031496062
20
-4.8271159055118114
11
5.9533840551181099
21
-4.837415157480315
0
LINE
8
BLACK
6
CONTINUOUS
10
5.9533840551181099
20
-4.837415157480315
11
5.9533846850393699
21
-4.8374157480314963
0
LINE
8
BLACK
6
CONTINUOUS
10
5.9533846850393699
20
-4.8374157480314963
11
5.9647040157480316
21
-4.8465820078740158
0
LINE
8
BLACK
6
CONTINUOUS
10
5.9647040157480316
20
-4.8465820078740158
11
5.9647039763779528
21
-4.8465820078740158
0
LINE
8
BLACK
6
CONTINUOUS
10
5.9647039763779528
20
-4.8465820078740158
11
5.9736342125984248
21
-4.8523812992125981
0
LINE
8
BLACK
6
CONTINUOUS
10
5.9736342125984248
20
-4.8523812992125981
11
5.9764053543307085
21
-4.852820236220472
0
LINE
8
BLACK
6
CONTINUOUS
10
5.9764053543307085
20
-4.852820236220472
11
5.9808305118110239
21
-4.8550749606299215
0
LINE
8
BLACK
6
CONTINUOUS
10
5.9808305118110239
20
-4.8550749606299215
11
5.9837516141732285
21
-4.8579960629921262
0
LINE
8
BLACK
6
CONTINUOUS
10
5.9837516141732285
20
-4.8579960629921262
11
5.9898986614173229
21
-4.8611281496062988
0
LINE
8
BLACK
6
CONTINUOUS
10
5.9898986614173229
20
-4.8611281496062988
11
6.0034977165354331
21
-4.866348346456693
0
LINE
8
BLACK
6
CONTINUOUS
10
6.0034977165354331
20
-4.866348346456693
11
6.0034979133858268
21
-4.8663483858267718
0
LINE
8
BLACK
6
CONTINUOUS
10
6.0034979133858268
20
-4.8663483858267718
11
6.0175669291338583
21
-4.8701181889763783
0
LINE
8
BLACK
6
CONTINUOUS
10
6.0175669291338583
20
-4.8701181889763783
11
6.0175671653543308
21
-4.8701182677165349
0
LINE
8
BLACK
6
CONTINUOUS
10
6.0175671653543308
20
-4.8701182677165349
11
6.0319540944881886
21
-4.8723968897637793
0
LINE
8
BLACK
6
CONTINUOUS
10
6.0319540944881886
20
-4.8723968897637793
11
6.0405157086614176
21
-4.8728455905511812
0
LINE
8
BLACK
6
CONTINUOUS
10
6.0405157086614176
20
-4.8728455905511812
11
6.0405157480314955
21
-4.8728455905511812
0
LINE
8
BLACK
6
CONTINUOUS
10
6.0405157480314955
20
-4.8728455905511812
11
6.0405157480314955
21
-4.8606638976377949
0
LINE
8
BLACK
6
CONTINUOUS
10
6.0405157480314955
20
-4.8606638976377949
11
6.0322805118110239
21
-4.8602014566929137
0
LINE
8
BLACK
6
CONTINUOUS
10
6.0322805118110239
20
-4.8602014566929137
11
6.0182398425196846
21
-4.8578158267716534
0
LINE
8
BLACK
6
CONTINUOUS
10
6.0182398425196846
20
-4.8578158267716534
11
6.0045545669291336
21
-4.8538731889763778
0
LINE
8
BLACK
6
CONTINUOUS
10
6.0045545669291336
20
-4.8538731889763778
11
5.9913967716535428
21
-4.848423031496063
0
LINE
8
BLACK
6
CONTINUOUS
10
5.9913967716535428
20
-4.848423031496063
11
5.9789319291338581
21
-4.8415339763779528
0
LINE
8
BLACK
6
CONTINUOUS
10
5.9789319291338581
20
-4.8415339763779528
11
5.9673168110236219
21
-4.8332925984251967
0
LINE
8
BLACK
6
CONTINUOUS
10
5.9673168110236219
20
-4.8332925984251967
11
5.9566974409448816
21
-4.8238025590551183
0
LINE
8
BLACK
6
CONTINUOUS
10
5.9566974409448816
20
-4.8238025590551183
11
5.9472074015748033
21
-4.8131831889763781
0
LINE
8
BLACK
6
CONTINUOUS
10
5.9472074015748033
20
-4.8131831889763781
11
5.9389660236220472
21
-4.8015680708661419
0
LINE
8
BLACK
6
CONTINUOUS
10
5.9389660236220472
20
-4.8015680708661419
11
5.932076968503937
21
-4.7891032283464563
0
LINE
8
BLACK
6
CONTINUOUS
10
5.932076968503937
20
-4.7891032283464563
11
5.9266268110236222
21
-4.7759454330708664
0
LINE
8
BLACK
6
CONTINUOUS
10
5.9266268110236222
20
-4.7759454330708664
11
5.9226841732283466
21
-4.7622601574803145
0
LINE
8
BLACK
6
CONTINUOUS
10
5.9226841732283466
20
-4.7622601574803145
11
5.9202985433070863
21
-4.7482194881889761
0
LINE
8
BLACK
6
CONTINUOUS
10
5.9202985433070863
20
-4.7482194881889761
11
5.9198360629921263
21
-4.7399842519685036
0
LINE
8
BLACK
6
CONTINUOUS
10
5.9198360629921263
20
-4.7399842519685036
11
5.9076543700787401
21
-4.7399842519685036
0
LINE
8
BLACK
6
CONTINUOUS
10
5.9076543700787401
20
-4.7399842519685036
11
5.9081030708661419
21
-4.7485458661417326
0
LINE
8
BLACK
6
CONTINUOUS
10
6.0714999999999995
20
-4.4830157480314963
11
6.0714999999999995
21
-4.4565000000000001
0
LINE
8
BLACK
6
CONTINUOUS
10
6.0714999999999995
20
-4.4565000000000001
11
6.0980157480314956
21
-4.4565000000000001
0
LINE
8
BLACK
6
CONTINUOUS
10
6.0980157480314956
20
-4.4565000000000001
11
6.0980157480314956
21
-4.444531496062992
0
LINE
8
BLACK
6
CONTINUOUS
10
6.0980157480314956
20
-4.444531496062992
11
6.0697130314960628
21
-4.444531496062992
0
LINE
8
BLACK
6
CONTINUOUS
10
6.0697130314960628
20
-4.444531496062992
11
6.068712283464567
21
-4.4446475984251972
0
LINE
8
BLACK
6
CONTINUOUS
10
6.068712283464567
20
-4.4446475984251972
11
6.0687122440944883
21
-4.4446475984251972
0
LINE
8
BLACK
6
CONTINUOUS
10
6.0687122440944883
20
-4.4446475984251972
11
6.0646189370078742
21
-4.4464550000000003
0
LINE
8
BLACK
6
CONTINUOUS
10
6.0646189370078742
20
-4.4464550000000003
11
6.0614549999999996
21
-4.449618937007874
0
LINE
8
BLACK
6
CONTINUOUS
10
6.0614549999999996
20
-4.449618937007874
11
6.0596475590551178
21
-4.4537123622047243
0
LINE
8
BLACK
6
CONTINUOUS
10
6.0596475590551178
20
-4.4537123622047243
11
6.0595314960629922
21
-4.4547130314960626
0
LINE
8
BLACK
6
CONTINUOUS
10
6.0595314960629922
20
-4.4547130314960626
11
6.0595314960629922
21
-4.4830157480314963
0
LINE
8
BLACK
6
CONTINUOUS
10
6.0595314960629922
20
-4.4830157480314963
11
6.0714999999999995
21
-4.4830157480314963
0
LINE
8
BLACK
6
CONTINUOUS
10
5.9714999999999998
20
-4.2830157480314961
11
5.9714999999999998
21
-4.2565
0
LINE
8
BLACK
6
CONTINUOUS
10
5.9714999999999998
20
-4.2565
11
5.998015748031496
21
-4.2565
0
LINE
8
BLACK
6
CONTINUOUS
10
5.998015748031496
20
-4.2565
11
5.998015748031496
21
-4.2445314960629918
0
LINE
8
BLACK
6
CONTINUOUS
10
5.998015748031496
20
-4.2445314960629918
11
5.9697130314960631
21
-4.2445314960629918
0
LINE
8
BLACK
6
CONTINUOUS
10
5.9697130314960631
20
-4.2445314960629918
11
5.9687122834645665
21
-4.244647598425197
0
LINE
8
BLACK
6
CONTINUOUS
10
5.9687122834645665
20
-4.244647598425197
11
5.9687122440944878
21
-4.244647598425197
0
LINE
8
BLACK
6
CONTINUOUS
10
5.9687122440944878
20
-4.244647598425197
11
5.9646189370078737
21
-4.2464550000000001
0
LINE
8
BLACK
6
CONTINUOUS
10
5.9646189370078737
20
-4.2464550000000001
11
5.9614549999999999
21
-4.2496189370078739
0
LINE
8
BLACK
6
CONTINUOUS
10
5.9614549999999999
20
-4.2496189370078739
11
5.9596475590551181
21
-4.2537123622047242
0
LINE
8
BLACK
6
CONTINUOUS
10
5.9596475590551181
20
-4.2537123622047242
11
5.9595314960629917
21
-4.2547130314960633
0
LINE
8
BLACK
6
CONTINUOUS
10
5.9595314960629917
20
-4.2547130314960633
11
5.9595314960629917
21
-4.2830157480314961
0
LINE
8
BLACK
6
CONTINUOUS
10
5.9595314960629917
20
-4.2830157480314961
11
5.9714999999999998
21
-4.2830157480314961
0
LINE
8
BLACK
6
CONTINUOUS
10
6.0714999999999995
20
-4.2830157480314961
11
6.0714999999999995
21
-4.2565
0
LINE
8
BLACK
6
CONTINUOUS
10
6.0714999999999995
20
-4.2565
11
6.0980157480314956
21
-4.2565
0
LINE
8
BLACK
6
CONTINUOUS
10
6.0980157480314956
20
-4.2565
11
6.0980157480314956
21
-4.2445314960629918
0
LINE
8
BLACK
6
CONTINUOUS
10
6.0980157480314956
20
-4.2445314960629918
11
6.0697130314960628
21
-4.2445314960629918
0
LINE
8
BLACK
6
CONTINUOUS
10
6.0697130314960628
20
-4.2445314960629918
11
6.068712283464567
21
-4.244647598425197
0
LINE
8
BLACK
6
CONTINUOUS
10
6.068712283464567
20
-4.244647598425197
11
6.0687122440944883
21
-4.244647598425197
0
LINE
8
BLACK
6
CONTINUOUS
10
6.0687122440944883
20
-4.244647598425197
11
6.0646189370078742
21
-4.2464550000000001
0
LINE
8
BLACK
6
CONTINUOUS
10
6.0646189370078742
20
-4.2464550000000001
11
6.0614549999999996
21
-4.2496189370078739
0
LINE
8
BLACK
6
CONTINUOUS
10
6.0614549999999996
20
-4.2496189370078739
11
6.0596475590551178
21
-4.2537123622047242
0
LINE
8
BLACK
6
CONTINUOUS
10
6.0596475590551178
20
-4.2537123622047242
11
6.0595314960629922
21
-4.2547130314960633
0
LINE
8
BLACK
6
CONTINUOUS
10
6.0595314960629922
20
-4.2547130314960633
11
6.0595314960629922
21
-4.2830157480314961
0
LINE
8
BLACK
6
CONTINUOUS
10
6.0595314960629922
20
-4.2830157480314961
11
6.0714999999999995
21
-4.2830157480314961
0
LINE
8
BLACK
6
CONTINUOUS
10
5.6639999999999997
20
-3.7530157480314958
11
5.6639999999999997
21
-3.7264999999999997
0
LINE
8
BLACK
6
CONTINUOUS
10
5.6639999999999997
20
-3.7264999999999997
11
5.6905157480314958
21
-3.7264999999999997
0
LINE
8
BLACK
6
CONTINUOUS
10
5.6905157480314958
20
-3.7264999999999997
11
5.6905157480314958
21
-3.714531496062992
0
LINE
8
BLACK
6
CONTINUOUS
10
5.6905157480314958
20
-3.714531496062992
11
5.662213031496063
21
-3.714531496062992
0
LINE
8
BLACK
6
CONTINUOUS
10
5.662213031496063
20
-3.714531496062992
11
5.6612122834645664
21
-3.7146475984251968
0
LINE
8
BLACK
6
CONTINUOUS
10
5.6612122834645664
20
-3.7146475984251968
11
5.6612122440944876
21
-3.7146475984251968
0
LINE
8
BLACK
6
CONTINUOUS
10
5.6612122440944876
20
-3.7146475984251968
11
5.6571189370078736
21
-3.7164549999999998
0
LINE
8
BLACK
6
CONTINUOUS
10
5.6571189370078736
20
-3.7164549999999998
11
5.6539549999999998
21
-3.719618937007874
0
LINE
8
BLACK
6
CONTINUOUS
10
5.6539549999999998
20
-3.719618937007874
11
5.652147559055118
21
-3.7237123622047243
0
LINE
8
BLACK
6
CONTINUOUS
10
5.652147559055118
20
-3.7237123622047243
11
5.6520314960629916
21
-3.724713031496063
0
LINE
8
BLACK
6
CONTINUOUS
10
5.6520314960629916
20
-3.724713031496063
11
5.6520314960629916
21
-3.7530157480314958
0
LINE
8
BLACK
6
CONTINUOUS
10
5.6520314960629916
20
-3.7530157480314958
11
5.6639999999999997
21
-3.7530157480314958
0
LINE
8
BLACK
6
CONTINUOUS
10
5.5081030708661416
20
-3.5485458661417324
11
5.5094259842519682
21
-3.5568987795275588
0
LINE
8
BLACK
6
CONTINUOUS
10
5.5094259842519682
20
-3.5568987795275588
11
5.5119014173228349
21
-3.5593742125984251
0
LINE
8
BLACK
6
CONTINUOUS
10
5.5119014173228349
20
-3.5593742125984251
11
5.5141561417322835
21
-3.56379937007874
0
LINE
8
BLACK
6
CONTINUOUS
10
5.5141561417322835
20
-3.56379937007874
11
5.5149330708661415
21
-3.5687047244094487
0
LINE
8
BLACK
6
CONTINUOUS
10
5.5149330708661415
20
-3.5687047244094487
11
5.5141561417322835
21
-3.5736100787401575
0
LINE
8
BLACK
6
CONTINUOUS
10
5.5141561417322835
20
-3.5736100787401575
11
5.5135574803149607
21
-3.5747849606299211
0
LINE
8
BLACK
6
CONTINUOUS
10
5.5135574803149607
20
-3.5747849606299211
11
5.5141515748031491
21
-3.5770020472440942
0
LINE
8
BLACK
6
CONTINUOUS
10
5.5141515748031491
20
-3.5770020472440942
11
5.5141516141732279
21
-3.577002244094488
0
LINE
8
BLACK
6
CONTINUOUS
10
5.5141516141732279
20
-3.577002244094488
11
5.5193718110236221
21
-3.5906012992125982
0
LINE
8
BLACK
6
CONTINUOUS
10
5.5193718110236221
20
-3.5906012992125982
11
5.5259844094488191
21
-3.6035792913385825
0
LINE
8
BLACK
6
CONTINUOUS
10
5.5259844094488191
20
-3.6035792913385825
11
5.533917952755905
21
-3.6157959842519682
0
LINE
8
BLACK
6
CONTINUOUS
10
5.533917952755905
20
-3.6157959842519682
11
5.5430842125984254
21
-3.6271152755905511
0
LINE
8
BLACK
6
CONTINUOUS
10
5.5430842125984254
20
-3.6271152755905511
11
5.5430848031496058
21
-3.6271159055118107
0
LINE
8
BLACK
6
CONTINUOUS
10
5.5430848031496058
20
-3.6271159055118107
11
5.5533840551181104
21
-3.6374151574803149
0
LINE
8
BLACK
6
CONTINUOUS
10
5.5533840551181104
20
-3.6374151574803149
11
5.5533846850393696
21
-3.6374157480314961
0
LINE
8
BLACK
6
CONTINUOUS
10
5.5533846850393696
20
-3.6374157480314961
11
5.5647040157480312
21
-3.6465820078740157
0
LINE
8
BLACK
6
CONTINUOUS
10
5.5647040157480312
20
-3.6465820078740157
11
5.5647039763779524
21
-3.6465820078740157
0
LINE
8
BLACK
6
CONTINUOUS
10
5.5647039763779524
20
-3.6465820078740157
11
5.5769206692913382
21
-3.6545155511811025
0
LINE
8
BLACK
6
CONTINUOUS
10
5.5769206692913382
20
-3.6545155511811025
11
5.5898986614173225
21
-3.6611281496062991
0
LINE
8
BLACK
6
CONTINUOUS
10
5.5898986614173225
20
-3.6611281496062991
11
5.6034977165354327
21
-3.6663483464566928
0
LINE
8
BLACK
6
CONTINUOUS
10
5.6034977165354327
20
-3.6663483464566928
11
5.6034979133858265
21
-3.6663483858267716
0
LINE
8
BLACK
6
CONTINUOUS
10
5.6034979133858265
20
-3.6663483858267716
11
5.6175669291338579
21
-3.6701181889763776
0
LINE
8
BLACK
6
CONTINUOUS
10
5.6175669291338579
20
-3.6701181889763776
11
5.6175671653543304
21
-3.6701182677165352
0
LINE
8
BLACK
6
CONTINUOUS
10
5.6175671653543304
20
-3.6701182677165352
11
5.6319540944881892
21
-3.6723968897637795
0
LINE
8
BLACK
6
CONTINUOUS
10
5.6319540944881892
20
-3.6723968897637795
11
5.6405157086614173
21
-3.672845590551181
0
LINE
8
BLACK
6
CONTINUOUS
10
5.6405157086614173
20
-3.672845590551181
11
5.640515748031496
21
-3.672845590551181
0
LINE
8
BLACK
6
CONTINUOUS
10
5.640515748031496
20
-3.672845590551181
11
5.640515748031496
21
-3.6606638976377952
0
LINE
8
BLACK
6
CONTINUOUS
10
5.640515748031496
20
-3.6606638976377952
11
5.6322805118110235
21
-3.6602014566929135
0
LINE
8
BLACK
6
CONTINUOUS
10
5.6322805118110235
20
-3.6602014566929135
11
5.6182398425196851
21
-3.6578158267716536
0
LINE
8
BLACK
6
CONTINUOUS
10
5.6182398425196851
20
-3.6578158267716536
11
5.6045545669291341
21
-3.653873188976378
0
LINE
8
BLACK
6
CONTINUOUS
10
5.6045545669291341
20
-3.653873188976378
11
5.5913967716535433
21
-3.6484230314960628
0
LINE
8
BLACK
6
CONTINUOUS
10
5.5913967716535433
20
-3.6484230314960628
11
5.5789319291338577
21
-3.6415339763779526
0
LINE
8
BLACK
6
CONTINUOUS
10
5.5789319291338577
20
-3.6415339763779526
11
5.5673168110236215
21
-3.6332925984251969
0
LINE
8
BLACK
6
CONTINUOUS
10
5.5673168110236215
20
-3.6332925984251969
11
5.5566974409448822
21
-3.6238025590551182
0
LINE
8
BLACK
6
CONTINUOUS
10
5.5566974409448822
20
-3.6238025590551182
11
5.547207401574803
21
-3.6131831889763779
0
LINE
8
BLACK
6
CONTINUOUS
10
5.547207401574803
20
-3.6131831889763779
11
5.5389660236220468
21
-3.6015680708661417
0
LINE
8
BLACK
6
CONTINUOUS
10
5.5389660236220468
20
-3.6015680708661417
11
5.5320769685039366
21
-3.5891032283464566
0
LINE
8
BLACK
6
CONTINUOUS
10
5.5320769685039366
20
-3.5891032283464566
11
5.5266268110236219
21
-3.5759454330708662
0
LINE
8
BLACK
6
CONTINUOUS
10
5.5266268110236219
20
-3.5759454330708662
11
5.5226841732283463
21
-3.5622601574803148
0
LINE
8
BLACK
6
CONTINUOUS
10
5.5226841732283463
20
-3.5622601574803148
11
5.5202985433070868
21
-3.5482194881889764
0
LINE
8
BLACK
6
CONTINUOUS
10
5.5202985433070868
20
-3.5482194881889764
11
5.5198360629921259
21
-3.5399842519685039
0
LINE
8
BLACK
6
CONTINUOUS
10
5.5198360629921259
20
-3.5399842519685039
11
5.5076543700787397
21
-3.5399842519685039
0
LINE
8
BLACK
6
CONTINUOUS
10
5.5076543700787397
20
-3.5399842519685039
11
5.5081030708661416
21
-3.5485458661417324
0
LINE
8
BLACK
6
CONTINUOUS
10
5.9081030708661419
20
-3.5485458661417324
11
5.9103816929133854
21
-3.5629327952755903
0
LINE
8
BLACK
6
CONTINUOUS
10
5.9103816929133854
20
-3.5629327952755903
11
5.9103817716535429
21
-3.5629330314960628
0
LINE
8
BLACK
6
CONTINUOUS
10
5.9103817716535429
20
-3.5629330314960628
11
5.9141515748031495
21
-3.5770020472440942
0
LINE
8
BLACK
6
CONTINUOUS
10
5.9141515748031495
20
-3.5770020472440942
11
5.9141516141732282
21
-3.577002244094488
0
LINE
8
BLACK
6
CONTINUOUS
10
5.9141516141732282
20
-3.577002244094488
11
5.9193718110236215
21
-3.5906012992125982
0
LINE
8
BLACK
6
CONTINUOUS
10
5.9193718110236215
20
-3.5906012992125982
11
5.9259844094488185
21
-3.6035792913385825
0
LINE
8
BLACK
6
CONTINUOUS
10
5.9259844094488185
20
-3.6035792913385825
11
5.9339179527559054
21
-3.6157959842519682
0
LINE
8
BLACK
6
CONTINUOUS
10
5.9339179527559054
20
-3.6157959842519682
11
5.9430842125984249
21
-3.6271152755905511
0
LINE
8
BLACK
6
CONTINUOUS
10
5.9430842125984249
20
-3.6271152755905511
11
5.9430848031496062
21
-3.6271159055118107
0
LINE
8
BLACK
6
CONTINUOUS
10
5.9430848031496062
20
-3.6271159055118107
11
5.9533840551181099
21
-3.6374151574803149
0
LINE
8
BLACK
6
CONTINUOUS
10
5.9533840551181099
20
-3.6374151574803149
11
5.9533846850393699
21
-3.6374157480314961
0
LINE
8
BLACK
6
CONTINUOUS
10
5.9533846850393699
20
-3.6374157480314961
11
5.9647040157480316
21
-3.6465820078740157
0
LINE
8
BLACK
6
CONTINUOUS
10
5.9647040157480316
20
-3.6465820078740157
11
5.9647039763779528
21
-3.6465820078740157
0
LINE
8
BLACK
6
CONTINUOUS
10
5.9647039763779528
20
-3.6465820078740157
11
5.9769206692913386
21
-3.6545155511811025
0
LINE
8
BLACK
6
CONTINUOUS
10
5.9769206692913386
20
-3.6545155511811025
11
5.9898986614173229
21
-3.6611281496062991
0
LINE
8
BLACK
6
CONTINUOUS
10
5.9898986614173229
20
-3.6611281496062991
11
6.0034977165354331
21
-3.6663483464566928
0
LINE
8
BLACK
6
CONTINUOUS
10
6.0034977165354331
20
-3.6663483464566928
11
6.0034979133858268
21
-3.6663483858267716
0
LINE
8
BLACK
6
CONTINUOUS
10
6.0034979133858268
20
-3.6663483858267716
11
6.0175669291338583
21
-3.6701181889763776
0
LINE
8
BLACK
6
CONTINUOUS
10
6.0175669291338583
20
-3.6701181889763776
11
6.0175671653543308
21
-3.6701182677165352
0
LINE
8
BLACK
6
CONTINUOUS
10
6.0175671653543308
20
-3.6701182677165352
11
6.0319540944881886
21
-3.6723968897637795
0
LINE
8
BLACK
6
CONTINUOUS
10
6.0319540944881886
20
-3.6723968897637795
11
6.0405157086614176
21
-3.672845590551181
0
LINE
8
BLACK
6
CONTINUOUS
10
6.0405157086614176
20
-3.672845590551181
11
6.0405157480314955
21
-3.672845590551181
0
LINE
8
BLACK
6
CONTINUOUS
10
6.0405157480314955
20
-3.672845590551181
11
6.0405157480314955
21
-3.6606638976377952
0
LINE
8
BLACK
6
CONTINUOUS
10
6.0405157480314955
20
-3.6606638976377952
11
6.0322805118110239
21
-3.6602014566929135
0
LINE
8
BLACK
6
CONTINUOUS
10
6.0322805118110239
20
-3.6602014566929135
11
6.0182398425196846
21
-3.6578158267716536
0
LINE
8
BLACK
6
CONTINUOUS
10
6.0182398425196846
20
-3.6578158267716536
11
6.0045545669291336
21
-3.653873188976378
0
LINE
8
BLACK
6
CONTINUOUS
10
6.0045545669291336
20
-3.653873188976378
11
5.9913967716535428
21
-3.6484230314960628
0
LINE
8
BLACK
6
CONTINUOUS
10
5.9913967716535428
20
-3.6484230314960628
11
5.9789319291338581
21
-3.6415339763779526
0
LINE
8
BLACK
6
CONTINUOUS
10
5.9789319291338581
20
-3.6415339763779526
11
5.9673168110236219
21
-3.6332925984251969
0
LINE
8
BLACK
6
CONTINUOUS
10
5.9673168110236219
20
-3.6332925984251969
11
5.9566974409448816
21
-3.6238025590551182
0
LINE
8
BLACK
6
CONTINUOUS
10
5.9566974409448816
20
-3.6238025590551182
11
5.9472074015748033
21
-3.6131831889763779
0
LINE
8
BLACK
6
CONTINUOUS
10
5.9472074015748033
20
-3.6131831889763779
11
5.9389660236220472
21
-3.6015680708661417
0
LINE
8
BLACK
6
CONTINUOUS
10
5.9389660236220472
20
-3.6015680708661417
11
5.932076968503937
21
-3.5891032283464566
0
LINE
8
BLACK
6
CONTINUOUS
10
5.932076968503937
20
-3.5891032283464566
11
5.9266268110236222
21
-3.5759454330708662
0
LINE
8
BLACK
6
CONTINUOUS
10
5.9266268110236222
20
-3.5759454330708662
11
5.9226841732283466
21
-3.5622601574803148
0
LINE
8
BLACK
6
CONTINUOUS
10
5.9226841732283466
20
-3.5622601574803148
11
5.9202985433070863
21
-3.5482194881889764
0
LINE
8
BLACK
6
CONTINUOUS
10
5.9202985433070863
20
-3.5482194881889764
11
5.9198360629921263
21
-3.5399842519685039
0
LINE
8
BLACK
6
CONTINUOUS
10
5.9198360629921263
20
-3.5399842519685039
11
5.9076543700787401
21
-3.5399842519685039
0
LINE
8
BLACK
6
CONTINUOUS
10
5.9076543700787401
20
-3.5399842519685039
11
5.9081030708661419
21
-3.5485458661417324
0
CIRCLE
8
BLACK
10
5.6964999999999995
20
-3.9590000000000001
40
0.0068897637795276
0
CIRCLE
8
BLACK
10
5.5964999999999998
20
-3.9590000000000001
40
0.0068897637795276
0
CIRCLE
8
BLACK
10
5.6964999999999995
20
-3.859
40
0.0068897637795276
0
CIRCLE
8
BLACK
10
5.5964999999999998
20
-3.859
40
0.0068897637795276
0
CIRCLE
8
BLACK
10
5.6964999999999995
20
-3.7589999999999999
40
0.0068897637795276
0
CIRCLE
8
BLACK
10
5.5964999999999998
20
-3.7589999999999999
40
0.0068897637795276
0
CIRCLE
8
BLACK
10
5.5990000000000002
20
-4.4340000000000002
40
0.0068897637795276
0
CIRCLE
8
BLACK
10
5.5990000000000002
20
-4.5339999999999998
40
0.0068897637795276
0
CIRCLE
8
BLACK
10
5.6464999999999996
20
-4.734
40
0.0068897637795276
0
CIRCLE
8
BLACK
10
5.5990000000000002
20
-4.234
40
0.0068897637795276
0
CIRCLE
8
BLACK
10
5.5990000000000002
20
-4.3339999999999996
40
0.0068897637795276
0
CIRCLE
8
BLACK
10
5.6464999999999996
20
-3.5339999999999998
40
0.0068897637795276
0
CIRCLE
8
BLACK
10
6.1783503937007875
20
-4.0324251968503937
40
0.0068897637795276
0
CIRCLE
8
BLACK
10
5.7846496062992125
20
-3.9339999999999997
40
0.0068897637795276
0
CIRCLE
8
BLACK
10
6.1783503937007875
20
-3.8355748031496062
40
0.0068897637795276
0
CIRCLE
8
BLACK
10
6.0465
20
-3.5339999999999998
40
0.0068897637795276
0
CIRCLE
8
BLACK
10
6.1040000000000001
20
-4.4889999999999999
40
0.0068897637795276
0
CIRCLE
8
BLACK
10
6.0039999999999996
20
-4.4889999999999999
40
0.0068897637795276
0
CIRCLE
8
BLACK
10
6.1040000000000001
20
-4.3890000000000002
40
0.0068897637795276
0
CIRCLE
8
BLACK
10
6.0039999999999996
20
-4.3890000000000002
40
0.0068897637795276
0
CIRCLE
8
BLACK
10
6.1040000000000001
20
-4.2889999999999997
40
0.0068897637795276
0
CIRCLE
8
BLACK
10
6.0039999999999996
20
-4.2889999999999997
40
0.0068897637795276
0
CIRCLE
8
BLACK
10
6.0465
20
-4.734
40
0.0068897637795276
0
CIRCLE
8
BLACK
10
6.1959094488188979
20
-3.6631929133858265
40
0.0078740157480315
0
CIRCLE
8
BLACK
10
5.9714999999999998
20
-4.8679173228346455
40
0.0078740157480315
0
CIRCLE
8
BLACK
10
5.6739999999999995
20
-4.2415000000000003
40
0.0078740157480315
0
CIRCLE
8
BLACK
10
6.1959094488188979
20
-4.253744094488189
40
0.0078740157480315
0
CIRCLE
8
BLACK
10
5.49905905511811
20
-4.4309094488188974
40
0.0078740157480315
0
CIRCLE
8
BLACK
10
5.5817362204724406
20
-4.8679173228346455
40
0.0078740157480315
0
CIRCLE
8
BLACK
10
6.1959094488188979
20
-4.3954763779527557
40
0.0078740157480315
0
CIRCLE
8
BLACK
10
5.49905905511811
20
-4.0529566929133853
40
0.0078740157480315
0
CIRCLE
8
BLACK
10
6.1959094488188979
20
-4.4899645669291335
40
0.0078740157480315
0
CIRCLE
8
BLACK
10
6.0777992125984248
20
-4.0529566929133853
40
0.0078740157480315
0
CIRCLE
8
BLACK
10
5.8533897637795276
20
-3.39153937007874
40
0.0078740157480315
0
CIRCLE
8
BLACK
10
5.49905905511811
20
-4.1946889763779529
40
0.0078740157480315
0
CIRCLE
8
BLACK
10
6.1486653543307082
20
-4.8679173228346455
40
0.0078740157480315
0
CIRCLE
8
BLACK
10
5.6171692913385822
20
-3.39153937007874
40
0.0078740157480315
0
CIRCLE
8
BLACK
10
5.5344921259842517
20
-4.8679173228346455
40
0.0078740157480315
0
CIRCLE
8
BLACK
10
6.1959094488188979
20
-4.8206732283464566
40
0.0078740157480315
0
CIRCLE
8
BLACK
10
6.0423661417322831
20
-3.39153937007874
40
0.0078740157480315
0
CIRCLE
8
BLACK
10
6.1959094488188979
20
-4.1120118110236223
40
0.0078740157480315
0
CIRCLE
8
BLACK
10
5.7139999999999995
20
-4.2489999999999997
40
0.0078740157480315
0
CIRCLE
8
BLACK
10
5.8179566929133859
20
-4.0175236220472437
40
0.0078740157480315
0
CIRCLE
8
BLACK
10
5.9360669291338581
20
-4.5017755905511807
40
0.0078740157480315
0
CIRCLE
8
BLACK
10
6.1959094488188979
20
-4.3009881889763779
40
0.0078740157480315
0
CIRCLE
8
BLACK
10
6.1959094488188979
20
-4.3482322834645668
40
0.0078740157480315
0
CIRCLE
8
BLACK
10
5.49905905511811
20
-3.6159488188976376
40
0.0078740157480315
0
CIRCLE
8
BLACK
10
5.8415787401574804
20
-3.9820905511811024
40
0.0078740157480315
0
CIRCLE
8
BLACK
10
5.49905905511811
20
-3.5214606299212599
40
0.0078740157480315
0
CIRCLE
8
BLACK
10
5.5226811023622044
20
-3.39153937007874
40
0.0078740157480315
0
CIRCLE
8
BLACK
10
6.0777992125984248
20
-4.0883897637795279
40
0.0078740157480315
0
CIRCLE
8
BLACK
10
5.49905905511811
20
-3.9112244094488187
40
0.0078740157480315
0
CIRCLE
8
BLACK
10
5.49905905511811
20
-4.1002007874015751
40
0.0078740157480315
0
CIRCLE
8
BLACK
10
5.7234685039370081
20
-4.8679173228346455
40
0.0078740157480315
0
CIRCLE
8
BLACK
10
5.7943346456692915
20
-4.4899645669291335
40
0.0078740157480315
0
CIRCLE
8
BLACK
10
6.1959094488188979
20
-4.2065000000000001
40
0.0078740157480315
0
CIRCLE
8
BLACK
10
5.7164999999999999
20
-4.0765000000000002
40
0.0078740157480315
0
CIRCLE
8
BLACK
10
6.1368543307086609
20
-3.39153937007874
40
0.0078740157480315
0
CIRCLE
8
BLACK
10
5.49905905511811
20
-4.8206732283464566
40
0.0078740157480315
0
CIRCLE
8
BLACK
10
5.9124448818897637
20
-4.147444881889764
40
0.0078740157480315
0
CIRCLE
8
BLACK
10
6.1959094488188979
20
-4.4427204724409446
40
0.0078740157480315
0
CIRCLE
8
BLACK
10
6.1959094488188979
20
-4.1592559055118112
40
0.0078740157480315
0
CIRCLE
8
BLACK
10
5.770712598425197
20
-4.8679173228346455
40
0.0078740157480315
0
CIRCLE
8
BLACK
10
5.6644133858267711
20
-3.39153937007874
40
0.0078740157480315
0
CIRCLE
8
BLACK
10
6.089610236220472
20
-3.39153937007874
40
0.0078740157480315
0
CIRCLE
8
BLACK
10
5.49905905511811
20
-4.8679173228346455
40
0.0078740157480315
0
CIRCLE
8
BLACK
10
6.1959094488188979
20
-3.4269724409448816
40
0.0078740157480315
0
CIRCLE
8
BLACK
10
6.0777992125984248
20
-4.1238228346456696
40
0.0078740157480315
0
CIRCLE
8
BLACK
10
5.49905905511811
20
-4.147444881889764
40
0.0078740157480315
0
CIRCLE
8
BLACK
10
6.1959094488188979
20
-4.631696850393701
40
0.0078740157480315
0
CIRCLE
8
BLACK
10
6.1959094488188979
20
-3.5214606299212599
40
0.0078740157480315
0
CIRCLE
8
BLACK
10
5.49905905511811
20
-3.7576811023622048
40
0.0078740157480315
0
CIRCLE
8
BLACK
10
5.9242559055118109
20
-4.8679173228346455
40
0.0078740157480315
0
CIRCLE
8
BLACK
10
5.9478779527559054
20
-3.39153937007874
40
0.0078740157480315
0
CIRCLE
8
BLACK
10
5.49905905511811
20
-4.5844527559055113
40
0.0078740157480315
0
CIRCLE
8
BLACK
10
6.1959094488188979
20
-4.6789409448818899
40
0.0078740157480315
0
CIRCLE
8
BLACK
10
6.1959094488188979
20
-4.8679173228346455
40
0.0078740157480315
0
CIRCLE
8
BLACK
10
5.49905905511811
20
-3.5687047244094487
40
0.0078740157480315
0
CIRCLE
8
BLACK
10
5.49905905511811
20
-3.8049251968503937
40
0.0078740157480315
0
CIRCLE
8
BLACK
10
5.49905905511811
20
-3.958468503937008
40
0.0078740157480315
0
CIRCLE
8
BLACK
10
6.1840984251968498
20
-3.39153937007874
40
0.0078740157480315
0
CIRCLE
8
BLACK
10
5.49905905511811
20
-3.6631929133858265
40
0.0078740157480315
0
CIRCLE
8
BLACK
10
5.49905905511811
20
-4.2419330708661418
40
0.0078740157480315
0
CIRCLE
8
BLACK
10
6.1959094488188979
20
-4.5372086614173224
40
0.0078740157480315
0
CIRCLE
8
BLACK
10
5.8061456692913387
20
-3.39153937007874
40
0.0078740157480315
0
CIRCLE
8
BLACK
10
5.49905905511811
20
-4.7261850393700788
40
0.0078740157480315
0
CIRCLE
8
BLACK
10
6.0659881889763776
20
-4.2065000000000001
40
0.0078740157480315
0
CIRCLE
8
BLACK
10
6.0187440944881887
20
-4.2065000000000001
40
0.0078740157480315
0
CIRCLE
8
BLACK
10
6.1959094488188979
20
-4.5844527559055113
40
0.0078740157480315
0
CIRCLE
8
BLACK
10
5.49905905511811
20
-4.3836653543307085
40
0.0078740157480315
0
CIRCLE
8
BLACK
10
5.8297677165354331
20
-4.4899645669291335
40
0.0078740157480315
0
CIRCLE
8
BLACK
10
5.49905905511811
20
-4.3364212598425196
40
0.0078740157480315
0
CIRCLE
8
BLACK
10
5.7589015748031498
20
-3.39153937007874
40
0.0078740157480315
0
CIRCLE
8
BLACK
10
6.1959094488188979
20
-3.5687047244094487
40
0.0078740157480315
0
CIRCLE
8
BLACK
10
6.1959094488188979
20
-4.7261850393700788
40
0.0078740157480315
0
CIRCLE
8
BLACK
10
6.1959094488188979
20
-3.474216535433071
40
0.0078740157480315
0
CIRCLE
8
BLACK
10
5.49905905511811
20
-3.4269724409448816
40
0.0078740157480315
0
CIRCLE
8
BLACK
10
5.9006338582677165
20
-4.5017755905511807
40
0.0078740157480315
0
CIRCLE
8
BLACK
10
5.9951220472440943
20
-3.39153937007874
40
0.0078740157480315
0
CIRCLE
8
BLACK
10
6.1959094488188979
20
-3.7104370078740159
40
0.0078740157480315
0
CIRCLE
8
BLACK
10
5.9478779527559054
20
-4.147444881889764
40
0.0078740157480315
0
CIRCLE
8
BLACK
10
5.8652007874015748
20
-4.4899645669291335
40
0.0078740157480315
0
CIRCLE
8
BLACK
10
5.49905905511811
20
-4.6789409448818899
40
0.0078740157480315
0
CIRCLE
8
BLACK
10
6.0777992125984248
20
-4.1592559055118112
40
0.0078740157480315
0
CIRCLE
8
BLACK
10
5.6840000000000002
20
-4.0765000000000002
40
0.0078740157480315
0
CIRCLE
8
BLACK
10
5.49905905511811
20
-4.631696850393701
40
0.0078740157480315
0
CIRCLE
8
BLACK
10
5.49905905511811
20
-4.5372086614173224
40
0.0078740157480315
0
CIRCLE
8
BLACK
10
5.49905905511811
20
-3.7104370078740159
40
0.0078740157480315
0
CIRCLE
8
BLACK
10
5.49905905511811
20
-4.0057125984251964
40
0.0078740157480315
0
CIRCLE
8
BLACK
10
5.49905905511811
20
-4.7734291338582677
40
0.0078740157480315
0
CIRCLE
8
BLACK
10
5.7515000000000001
20
-4.0765000000000002
40
0.0078740157480315
0
CIRCLE
8
BLACK
10
5.877011811023622
20
-4.8679173228346455
40
0.0078740157480315
0
CIRCLE
8
BLACK
10
6.1959094488188979
20
-3.6159488188976376
40
0.0078740157480315
0
CIRCLE
8
BLACK
10
5.49905905511811
20
-4.2891771653543307
40
0.0078740157480315
0
CIRCLE
8
BLACK
10
5.9006338582677165
20
-3.39153937007874
40
0.0078740157480315
0
CIRCLE
8
BLACK
10
5.7116574803149609
20
-3.39153937007874
40
0.0078740157480315
0
CIRCLE
8
BLACK
10
5.49905905511811
20
-3.474216535433071
40
0.0078740157480315
0
CIRCLE
8
BLACK
10
6.1959094488188979
20
-4.7734291338582677
40
0.0078740157480315
0
CIRCLE
8
BLACK
10
5.9714999999999998
20
-4.2065000000000001
40
0.0078740157480315
0
CIRCLE
8
BLACK
10
5.5699251968503933
20
-3.39153937007874
40
0.0078740157480315
0
CIRCLE
8
BLACK
10
5.5339999999999998
20
-4.484
40
0.0078740157480315
0
CIRCLE
8
BLACK
10
5.6989999999999998
20
-4.2115
40
0.0078740157480315
0
CIRCLE
8
BLACK
10
5.7264999999999997
20
-4.1840000000000002
40
0.0078740157480315
  0
ENDSEC
  0
EOF
